Date of Filing,Last Renewal Date,Date of Expiration,Business Name,Type of Business,Business Address,City,State,Zipcode
8/5/13 0:00,5/12/25 11:53,5/12/29 11:52,7-ELEVEN STORE 32442 B,RETAIL/CONVENIENCE STORE,722 Huntington AV,Mission Hill,MA,02120
4/1/14 0:00,3/26/18 14:30,3/26/22 14:28,A & G LANDSCAPING,LANDSCAPING,64 Calumet ST,Mission Hill,MA,02120
5/21/24 16:13,,5/21/28 16:11,A to Z Property Management,Office Property Management,41 Cunard ST,Mission Hill,MA,02120
9/10/21 13:53,,9/10/25 13:49,AANNI TRANSPORT,Towing/Hauling,26 Hammond ST,Mission Hill,MA,02120
12/10/21 12:10,1/9/26 14:28,1/9/30 14:25,AB Cleaning Qu33ns,CoreCleaning and Laundry Services,51 Ruggles ST,Mission Hill,MA,02120
5/28/14 0:00,5/24/18 14:48,5/24/22 14:46,ABRAHAM TRANSPORTATION,LIVERY,241 Heath ST,Mission Hill,MA,02120
4/14/16 0:00,8/24/21 12:19,8/24/25 12:18,ACME-FINANCIAL,EQUIPMENT RENTALS,15 Hammond ST,Mission Hill,MA,02120
2/1/16 0:00,3/21/24 13:01,3/21/28 11:24,AGC PARTNERS,FINANCIAL SEWICES,22 Hammond ST,Mission Hill,MA,02120
5/19/15 0:00,4/24/19 15:44,4/24/23 15:41,AKOBEN COMMUNICATIONS,PUBLIC RELATIONS,1536 Tremont ST,Mission Hill,MA,02120
10/6/15 0:00,10/18/23 12:30,10/18/27 12:28,AK'S PIZZA AND ROAST BEEF,TAKEOUT,1427 Tremont ST,Mission Hill,MA,02120
6/12/25 12:50,,6/12/29 12:48,AL MALIK STONE .CO,Property Maintenance,73 Heath ST,Mission Hill,MA,02120
5/2/14 0:00,1/23/24 13:26,1/23/28 13:26,ALI'S RESTAURANT & MEAT MARKET,RESTAURANT,1035 Tremont ST,Mission Hill,MA,02120
9/2/15 0:00,1/24/24 13:48,1/24/28 13:43,ALMANY'S MARKET,SUPERMARKET,1053 Tremont ST,Mission Hill,MA,02120
11/7/19 10:35,,11/7/23 10:34,Alvarez Home Improvement & Painting Services,Home Improvement,86 Annunciation RD,Mission Hill,MA,02120
7/15/24 13:36,,7/15/28 13:34,Amal's Boutique,Retail,1027 Tremont ST,Mission Hill,MA,02120
4/26/18 13:32,5/24/22 13:25,5/24/26 13:22,Amazing Grace Tabernacle/Trans,Non Profit,15 Whittier ST,Mission Hill,MA,02120
4/10/17 14:05,11/26/25 10:55,11/26/29 10:52,Anshur Restaurant,Restaurant,291 Roxbury ST,Roxbury,MA,02120
8/11/25 10:54,,8/11/29 10:53,Anytime Anywhere,Trucking,23A Pauline Bennett WY,Mission Hill,MA,02120
3/11/21 15:11,5/22/25 16:28,5/22/29 13:00,APPS ALL AROUND,Restaurant,1626 Tremont ST,Mission Hill,MA,02120
4/28/25 16:27,,4/28/29 16:26,Asma Gift Shop,Gift Shop,1417 Tremont ST,Mission Hill,MA,02120
6/2/25 13:26,,6/2/29 13:25,Auto Auto,Consulting and Management Services,117 Dewitt DR,Mission Hill,MA,02120
3/28/23 15:55,,3/28/27 12:57,Ava Balloons & Decor,"Event Planner, Event Decoratorr",183 Heath ST,Mission Hill,MA,02120
9/23/21 12:58,,9/23/25 12:56,Aya Logistics Transportation,Uber /Transportation,20A Mcgreevey WY,Mission Hill,MA,02120
5/20/24 9:35,,5/20/28 8:58,A-Z Properties,Property Management,41 Cunard ST,Mission Hill,MA,02120
9/27/21 10:34,,9/27/25 10:32,Bag Ladies Tea,Tea Bag Wholesaler / Retail,49 Ellingwood ST,Mission Hill,MA,02120
5/10/23 15:49,,5/10/27 15:48,Bakalao Kitchenette,Restaurant,1002 Tremont ST,Mission Hill,MA,02120
10/8/21 13:14,9/19/25 16:11,9/19/29 15:57,BASIL DRIVE,TAXI,10 Hammond ST,Mission Hill,MA,02120
2/18/15 0:00,,2/18/19 0:00,BENJAMIN'S MULTI-SERVICES,MULTI-SERVICE,1564 Tremont ST,Mission Hill,MA,02120
7/10/15 0:00,,7/10/19 0:00,BENJAMIN'S MULTI-SERVICES,WITHDRAWAL (2/18/15),1564 Tremont ST,Mission Hill,MA,02120
12/6/22 11:43,,12/6/26 11:43,Bilys Transportation,Transportation,600 Melnea Cass BL,Mission Hill,MA,02120
4/11/23 13:10,,4/11/27 13:08,Black Unicorn Marathoners,MA Non Profit/Celebrate & Connections,78 Fisher AV,Mission Hill,MA,02120
1/2/19 12:42,,1/2/23 12:41,Boba ME,Boba Shop/Coffee Shop,1520 Tremont ST,Mission Hill,MA,02120
8/7/20 14:43,,8/7/24 14:43,BOBOX,ONLINE RETAIL CLOTHING,166 Terrace ST,Mission Hill,MA,02120
2/26/18 14:30,,2/26/22 14:28,Boston Art Review,Publication,34 Cherokee ST,Mission Hill,MA,02120
8/15/22 14:58,,8/15/26 14:57,Boston Automotive Repair Service,Vehicle Inspection Station,30 Terrace ST,Mission Hill,MA,02120
7/30/19 10:16,9/12/23 12:29,9/12/27 12:28,Boston Bazaar,Convenience store,100 Hammond ST,Mission Hill,MA,02120
2/20/24 12:03,,2/20/28 11:11,Boston Bone & Joint Institue,Medical Practice,125 Parker Hill AVE,Mission Hill,MA,02120
9/29/22 15:14,,9/29/26 15:13,Boston Budega,Recreational Dispensary,1441 Tremont ST,Mission Hill,MA,02120
3/19/25 12:44,,3/19/29 12:42,Boston Building Resource - Reuse Center,Non-Profit Resale,86 Terrace ST,Mission Hill,MA,02120
11/12/13 0:00,10/15/25 10:43,10/15/29 10:41,BOSTON BUILDING RESOURCES,RETAIL-BUILDING PRODUCTS,100 Terrace ST,Mission Hill,MA,02120
12/21/21 11:56,12/18/25 14:28,12/18/29 14:27,BOSTON CLEANING SOLUTIONS,Janitorial & Maintenance services,1059 Tremont ST,Mission Hill,MA,02120
9/20/24 15:35,,9/20/28 15:32,Boston Detail Cleaning & Painting Services,Cleaning and Painting Services,109 Dewitt DR,Mission Hill,MA,02120
1/30/25 16:32,,1/30/29 16:17,Boston Driving School,Driving Education,75 Malcolm X BL,Mission Hill,MA,02120
6/24/19 14:29,11/24/23 11:49,11/24/27 11:49,Boston ITS,"IT Consulting, software resales",54 Pontiac ST,Mission Hill,MA,02120
4/29/22 11:19,,4/29/26 10:53,BOSTON STARTENDERS,MOBILE BARTENDING,21 Pauline Bennett WY,Mission Hill,MA,02120
2/4/22 13:44,,2/4/26 13:41,BREAD 'N BUTTER INTERNATIONAL MARKET,Retail Convenience,1562 Tremont ST,Mission Hill,MA,02120
5/21/15 0:00,,5/21/19 0:00,BREATH OF FRESH AIR CLEANING SERVICE,WITHDRAWAL (3/9/15),109 Dewitt DR,Mission Hill,MA,02120
3/9/15 0:00,,3/9/19 0:00,BREATH OF FRESH AIR DETAIL CLEANING SERVICE,CLEANING SERVICE,109 Dewitt DR,Mission Hill,MA,02120
1/31/22 11:57,,1/31/26 11:55,Brigham Circle Chinese Food,Restaurant,728 Huntington AV,Mission Hill,MA,02120
7/11/24 14:39,,7/11/28 14:39,Brigham Liquors,Liquor Store,732 Huntington AV,Mission Hill,MA,02120
12/12/23 13:44,,12/12/27 13:43,Butterfly Flafel,Kitchen,1420 Tremont ST,Mission Hill,MA,02120
11/2/15 0:00,12/28/23 12:53,12/28/27 11:56,CAFE CROSSING,CAFE,1175 Tremont ST,Boston,MA,02120
4/28/23 14:37,,4/28/27 14:35,Caitlyn Chwatek Art,Online Retail,39 Darling ST,Mission Hill,MA,02120
8/2/23 11:28,,8/2/27 11:12,Carbon Health,Human Medical Practice,578 Huntington AV,Mission Hill,MA,02120
1/6/16 0:00,2/1/24 13:24,2/1/28 13:22,CARL KURZ - HANDYMAN SERVICES,HANDYMAN,53 Lawn ST,Mission Hill,MA,02120
6/1/22 14:02,,6/1/26 13:17,Carman's Beauty Salon,Hair Salon,2 Wait ST,Mission Hill,MA,02120
3/29/19 9:48,3/13/23 13:18,3/13/27 13:06,Chabad Of The Longwood Medical Area,Religious Organization,1617 Tremont ST,Mission Hill,MA,02120
6/13/19 10:48,8/28/23 11:18,8/28/27 11:16,Chacho's Pizza,Restaurant,1502 Tremont ST,Mission Hill,MA,02120
11/8/23 14:45,,11/8/27 14:44,Charged Glassworks,Glass Blowing Lessons,123 Terrace ST,Mission Hill,MA,02120
6/20/18 16:13,,6/20/22 16:12,Charity Tees Boston,Online Retail,180 Hillside ST,Mission Hill,MA,02120
7/31/20 13:24,,7/31/24 13:21,Charm Elite Beauty,online beauty retail,100 Cabot ST,Mission Hill,MA,02120
2/25/22 15:03,,2/25/26 15:01,Chi Sees Custom,Online Retail,62 Huntington AV,Mission Hill,MA,02120
5/29/18 16:22,,5/29/22 16:21,Chilacates,Restuart,1480 Tremont ST,Mission Hill,MA,02120
4/8/24 16:43,,4/8/28 15:02,Chosen Growth Plants,House Plants Online Sales,63 Pontiac ST,Mission Hill,MA,02120
8/18/25 13:03,,8/18/29 12:59,City Side Market,Convenience Store,1481 Tremont ST,Mission Hill,MA,02120
7/15/21 11:28,,7/15/25 11:26,Cleaning Services by Marlene,Cleaning Services,281 Roxbury ST,Roxbury,MA,02120
7/2/18 14:37,,7/2/22 14:36,Clearwater Branding,Web Design,163 Hillside ST,Mission Hill,MA,02120
7/18/22 14:20,,7/18/26 14:12,CLIMATEC,BUILDING AUTOMATION AND CONTROLS,744 Columbus AV,Mission Hill,MA,02120
3/17/22 10:14,,3/17/26 10:13,Clinton Car Services,Cosmetics,34 Fisher AV,Mission Hill,MA,02120
6/14/24 16:06,,6/14/28 12:44,Cody Putre,STR(Short Term Rental),42 Warwick ST,Mission Hill,MA,02120
1/26/21 13:10,,1/26/25 12:26,Coin Cloud,virtual currency kiosk operator,82 Hillside ST,Mission Hill,MA,02120
12/23/16 9:55,,,Comfy Home,Rentals,56 Calumet ST,Mission Hill,MA,02120
5/13/15 0:00,7/6/23 9:48,7/6/27 9:47,CONGRESS DENTAL GROUP,DENTIST,1 Stockwell ST,Boston,MA,02120
1/15/21 13:22,5/22/25 16:27,5/22/29 13:08,Conviction Chicken,restaurant,1626 Tremont ST,Mission Hill,MA,02120
8/31/21 14:54,8/19/25 15:30,8/19/29 15:25,Creative Hands VBW,Event Planning,17 Delle AV,Mission Hill,MA,02120
9/15/21 12:37,,9/15/25 12:36,Crispy Dough Pizzeria,Restaurant,1514 Tremont ST,Mission Hill,MA,02120
2/24/26 16:42,,2/24/30 16:41,Cristina Cleaning Services,Cleaning,76 Annunciation RD,Mission Hill,MA,02120
7/23/24 15:20,,7/23/28 15:14,CRL Auto Repair,Auto Repair,22 Terrace ST,Mission Hill,MA,02120
9/28/21 10:13,,9/28/25 10:12,D & D TAXI,TAXI,10 Hammond ST,Mission Hill,MA,02120
7/12/18 13:41,3/2/23 13:18,3/2/27 13:16,D & M Autobody,Auto Body,118 Terrace ST,Mission Hill,MA,02120
2/6/25 11:11,,2/6/29 11:10,Dependable Rental Management,Property Management Services,1570 Tremont ST,Mission Hill,MA,02120
9/14/18 14:34,,9/14/22 14:32,Desert of Massachusetts,Fraternity,20 Warwick ST,Mission Hill,MA,02120
9/17/19 15:58,,9/17/23 15:57,Dj Lady Ly,Entertainment,34 Fisher AV,Mission Hill,MA,02120
7/17/23 16:01,,7/17/27 16:00,D'Massi Cleaning Services,Cleaning,225 Heath ST,Mission Hill,MA,02120
11/14/23 12:55,,11/14/27 12:49,D'Tata Multi Service,Retail Shop,1049 Tremont ST,Mission Hill,MA,02120
7/22/15 0:00,8/7/23 10:40,8/4/27 14:04,DUNKIN DONUTS,COFFEE & DONUTS,1131 Tremont ST,Boston,MA,02120
11/2/15 0:00,10/15/19 13:58,10/15/23 11:31,DYMAN HOME SERVICES,HOME IMPROVEMENT,39 Ellingwood ST,Mission Hill,MA,02120
5/16/13 0:00,,5/16/17 0:00,DYNAMIC TOWING,WITHDRAWAL(04/08/2011),107 Terrace ST,Mission Hill,MA,02120
7/19/18 11:33,,7/19/22 11:18,Eastern Bank,Financial Banking,1427 Tremont ST,Mission Hill,MA,02120
2/26/19 12:33,,2/26/23 12:32,Ed Balloon,Musician,34 Hammond ST,Mission Hill,MA,02120
3/7/22 15:41,,3/7/26 15:34,Edgar P. Benjamin Healthcare Center,Skilled Nursing Facility,120 Fisher AV,Mission Hill,MA,02120
6/12/17 11:42,4/25/22 12:44,4/25/26 12:42,Elizabeth Family Day Care,Day Care,38 Annunciation RD,Mission Hill,MA,02120
2/11/19 11:33,1/13/23 14:38,1/13/27 14:36,EZSCIENCE,Consulting,10 Wait ST,Mission Hill,MA,02120
9/8/23 14:48,,9/8/27 14:44,FAMILY INTERVENTION TEAM FIT,Office Management,1534 Tremont ST,Mission Hill,MA,02120
9/16/21 15:35,,9/16/25 15:34,FARAH CAR SERVICE,Transportation,166 Terrace ST,Mission Hill,MA,02120
6/4/15 0:00,7/12/19 15:16,7/12/23 15:10,FASHION SHOPPERS FOR YOU,PERSONAL SHOPPING,37 Calumet ST,Mission Hill,MA,02120
12/5/25 13:04,,12/5/29 13:03,FineME Collection,Online Retail,25 Whittier ST,Mission Hill,MA,02120
6/7/24 14:27,,6/7/28 14:25,Flames Restaurant II,Restaurant,746 Huntington AV,Mission Hill,MA,02120
10/26/15 0:00,1/8/20 13:25,1/8/24 12:16,FLANN O'BRIEN'S,PUB,1619 Tremont ST,Mission Hill,MA,02120
8/19/25 15:30,,8/19/29 15:28,Florist Creations,Florist,17 Delle AV,Mission Hill,MA,02120
9/21/12 0:00,,9/21/16 0:00,FOX CLEANERS,WITHDRAWAL (8/15/12),225 Heath ST,Mission Hill,MA,02120
10/2/24 12:57,,10/2/28 12:56,Fuel America,"Coffee, Sandwiches, Pastries",805 Columbus AV,Boston,MA,02120
10/18/17 10:26,9/17/25 12:28,9/17/29 12:25,Fuentes Market & Liquors,RETAIL Grocery Liquor,680 Parker ST,Mission Hill,MA,02120
12/17/21 12:58,12/17/25 13:52,12/17/29 13:52,Fuertes Photography,Photography,5 Kerr PL,Mission Hill,MA,02120
5/2/25 14:32,,5/2/29 14:30,Gigi Maintenance and Construction,Home Improvement,260 Ruggles ST,Mission Hill,MA,02120
1/4/19 12:14,3/10/23 12:28,3/10/27 10:35,Ginger Exchange,Restaurant,1625 Tremont ST,Roxbury,MA,02120
9/25/12 0:00,,9/25/16 0:00,GINGER EXCHANGE THE,WITHDRAWAL (9/19/11),1625 Tremont ST,Roxbury,MA,02120
9/24/25 13:43,,9/24/29 13:41,GLO. Strategies,Consulting Services,1 Bickford AV,Mission Hill,MA,02120
3/12/24 12:57,,3/12/28 12:55,Global Language Experts,Language Services,1 Gurney ST,Mission Hill,MA,02120
1/22/25 14:23,,1/22/29 14:21,GlowBellaNailSpa&Tan,"Nail, Spa & Tan Owner",1605 Tremont ST,Mission Hill,MA,02120
5/14/18 16:21,6/14/22 15:59,6/14/26 15:47,Goddessobsessionhairboutiques.com,Health/ Beauty,17 Hammond ST,Mission Hill,MA,02120
3/1/18 15:00,,3/1/22 14:59,Gordon Tree & Landscaping,Tree & Landscaping Services,77 Iroquois ST,Mission Hill,MA,02120
5/1/19 11:41,,5/1/23 11:41,Guaranteed Clean,Cleaning Services,120 Madison Park CT,Mission Hill,MA,02120
7/25/22 13:55,,7/25/26 13:54,H 2022 Investments,Real Estate Investing,8 Sunset ST,Mission Hill,MA,02120
9/23/21 12:40,,9/23/25 12:38,HABIB MOHAMUD,UBER,100 Cabot ST,Mission Hill,MA,02120
10/21/25 12:10,,10/21/29 12:09,Haitian Production,Production Company,55 Warwick ST,Mission Hill,MA,02120
6/10/22 10:04,,6/10/26 10:00,HALLIDAY TRANSPORTATION,TAXI,10 Hammond ST,Mission Hill,MA,02120
3/16/21 11:34,3/25/25 11:32,3/25/29 9:10,Handy Clean Services,Cleaning service,21 Brook Marshall RD,Mission Hill,MA,02120
11/23/18 16:09,2/20/24 13:16,2/20/28 13:15,Heavenly Cosmetic Care,Online Cosmetic Retail,30A Saint Alphonsus ST,Mission Hill,MA,02120
11/12/19 15:18,,11/12/23 14:18,Hissho Sushi,Wholesale Sushi Vendor,600 Huntington AV,Mission Hill,MA,02120
9/30/19 11:26,11/20/23 12:59,11/20/27 12:23,Hissho Sushi,Wholesale Sushi Vendor,1620 Tremont ST,Mission Hill,MA,02120
12/27/16 10:14,11/21/25 11:24,11/21/29 11:23,HNG Limo Services,Limo Service,105 Hammond ST,Mission Hill,MA,02120
4/1/15 0:00,,4/1/19 0:00,HOLLYWOOD DRY CLEANERS,WITHDRAWAL (7/28/11),742 Huntington AV,Mission Hill,MA,02120
9/18/25 13:27,,9/18/29 13:25,Home Run Record,Music Record,7 Wensley ST,Mission Hill,MA,02120
10/9/24 12:51,,10/9/28 12:50,Hooked On The Look,Online Retail/Vendor,25 Whittier ST,Mission Hill,MA,02120
1/14/19 14:17,,1/14/23 14:15,Hosh's Company,Management,71 Calumet ST,Mission Hill,MA,02120
6/25/19 13:15,,6/25/23 13:14,Huios Painting and Historical Restoration,Interior Painting,1 Lawn ST,Mission Hill,MA,02120
9/17/21 10:32,,9/17/25 10:30,IDIRIS NUR,UBER/LYFT,25 Hammond ST,Mission Hill,MA,02120
11/30/21 12:09,,11/30/25 12:07,IGOHOHON TRANSPORTATION,TRANSPORTATION,53 Windsor ST,Mission Hill,MA,02120
10/19/21 11:53,12/22/25 10:04,12/22/29 10:02,IGUEHI ENTERPRISE,TAXI,34 Hammond ST,Mission Hill,MA,02120
4/4/17 12:50,12/23/25 14:11,12/23/29 14:11,Ilmondo Pizza,Pizza Shop,738 Huntington AV,Mission Hill,MA,02120
11/8/19 12:15,10/30/23 12:00,10/30/27 11:58,In Detail Event Planning,Event Planning,5 Kerr PL,Mission Hill,MA,02120
7/22/19 12:25,7/26/23 14:25,7/26/27 14:23,In The Cut Boston Barbershop,Barbershop,1435 Tremont ST,Mission Hill,MA,02120
1/12/15 0:00,,1/12/19 0:00,INFINITITY,CLOTHING LINE,30 Annunciation RD,Mission Hill,MA,02120
9/4/15 0:00,,9/4/19 0:00,INFINITITY,WITHDRAWAL (1/12/15),30 Annunciation RD,Mission Hill,MA,02120
4/25/24 13:53,,4/25/28 13:44,Ink Source,Tattoo Shop,1029 Tremont ST,Mission Hill,MA,02120
3/17/15 0:00,12/21/23 13:31,12/21/27 13:29,INTERNATIONAL HALAL MARKET,GROCERY STORE,1431 Tremont ST,Mission Hill,MA,02120
2/13/25 15:24,,2/13/29 15:03,Iridescent Memory Labs,Online Retail,3 Sewall ST,Mission Hill,MA,02120
3/26/18 14:28,,3/26/22 14:26,Ivan's Jewelry,Online Retail Jewelry,782 Huntington AV,Boston,MA,02120
10/25/23 9:40,,10/25/27 9:38,J & S Mobile Child Care,Mobile Babysitting,1 Estey ST,Mission Hill,MA,02120
7/28/14 0:00,6/9/22 15:42,6/9/26 15:05,J. P. LICKS,ICE CREAM/YOGURT CAFE,1618 Tremont ST,Mission Hill,MA,02120
5/8/23 13:30,,5/8/27 13:29,J.Lara Painting and Services,Indoor Painting Only and Cleaning Services,40 Annunciation RD,Mission Hill,MA,02120
1/30/20 15:07,,1/30/24 13:32,Jamaica Plain Saxophone Quartet,Musical group,29 Hayden ST,Mission Hill,MA,02120
1/22/25 11:34,,1/22/29 11:32,Jaycutz Barbershop,Barbershop,990 Tremont ST,Mission Hill,MA,02120
9/1/21 12:44,10/28/25 9:06,8/29/29 9:06,JC BARBERSHOP,Barbershop,1008 Tremont ST,Mission Hill,MA,02120
11/19/24 13:39,,11/19/28 13:38,JD Windows Restoration And Repairs,Window Restoration & Repairs,706 Huntington AV,Mission Hill,MA,02120
4/19/22 10:02,,4/19/26 10:01,JDS Low Moisture Carpet Cleaning,Floor Finishing,5 Greenwich ST,Mission Hill,MA,02120
1/31/19 10:16,1/20/23 12:22,1/20/27 0:00,JL + CoRE,Real Estate,5 Greenwich ST,Mission Hill,MA,02120
5/7/18 11:51,6/15/22 9:07,6/15/26 9:05,JLI Import & Export Agricultural,Import & Export,26 Hammond ST,Mission Hill,MA,02120
3/26/14 0:00,4/7/22 12:49,4/7/26 12:34,JOSE MARTINEZ PAINTING,INTERIOR PAINTING,1050 Tremont ST,Mission Hill,MA,02120
2/10/20 9:55,,2/10/24 9:52,Joshua's Photography Business,Photographer,8 Coventry ST,Mission Hill,MA,02120
2/27/26 15:09,,2/27/30 15:07,JP TECH,retail/consumer electronics,41 Ellingwood ST,Mission Hill,MA,02120
11/27/19 14:20,,11/27/23 14:19,JVM Services,Tax Services,37 Warwick ST,Mission Hill,MA,02120
7/13/20 14:48,7/5/24 13:22,7/5/28 13:15,Keith Cerone Glass,On-Line Glass Art Sales,42 Wait ST,Mission Hill,MA,02120
11/6/20 11:59,12/16/24 16:42,12/16/28 13:59,Kinetic Remedy,private fitness facility,1470 Tremont ST,Mission Hill,MA,02120
3/3/22 9:39,,3/3/26 9:37,King Chief Smoke Shop,Smoke Shop,1027 Tremont ST,Mission Hill,MA,02120
4/1/21 10:14,,4/1/25 10:13,Kittiwake Card Company,stationery,60 Wait ST,Mission Hill,MA,02120
12/14/21 11:09,,12/14/25 11:08,KRISVON TRANSPORT SERVICES,UBER,1 Greenwich ST,Mission Hill,MA,02120
6/29/22 14:58,,6/29/26 11:57,Kumi,Virtual Delivery Service,1626 Tremont ST,Mission Hill,MA,02120
10/21/25 13:28,,10/21/29 11:20,Largo Boston,"Engage in the design, development, manufacturing and sell of indoor furniture or household goods",52 Fisher AV,Mission Hill,MA,02120
8/24/23 10:45,,8/24/27 10:41,Learn and Play Day Care Center,Day Care,1073 Tremont ST,Mission Hill,MA,02120
6/22/16 0:00,2/17/23 11:38,2/17/27 11:37,LEASH,DOG WALKING,5 Wensley ST,Mission Hill,MA,02120
10/3/22 13:33,,10/3/26 12:44,Legacy Real Estate,Real Estate,810 Parker ST,Mission Hill,MA,02120
5/7/15 0:00,,5/7/19 0:00,LEXISNEXIS,INFORMATION PROVIDER,22 Hammond ST,Mission Hill,MA,02120
9/16/15 0:00,,9/16/19 0:00,LEXISNEXIS,WITHDRAWAL (5/7/15),22 Hammond ST,Mission Hill,MA,02120
2/11/16 0:00,3/26/24 14:28,3/26/28 14:27,LILLY'S GOURMET PASTA EXPRESS,RESTAURANT,1528 Tremont ST,Mission Hill,MA,02120
3/1/21 14:27,3/6/25 13:08,3/6/29 12:09,LIZ'S HAIR CARE,HAIR SALON,1605 Tremont ST,Mission Hill,MA,02120
8/4/20 13:35,9/16/24 10:07,9/17/28 10:01,Los Memisos Especias y Productos,spice retail,5 Greenwich ST,Mission Hill,MA,02120
6/25/18 13:01,7/27/22 10:31,7/27/26 10:30,Lotus Designs,Retail Flower Store,977 Tremont ST,Mission Hill,MA,02120
12/1/23 12:35,,12/1/27 10:38,Luke Adams,Short Term Rental,2 Gore ST,Mission Hill,MA,02120
10/7/24 12:07,,10/7/28 11:55,LYC Cleaning Services,Cleaning Services,9 Greenwich ST,Mission Hill,MA,02120
1/28/19 13:44,1/20/23 14:09,1/20/27 13:36,Machy Productions,Music/ Disc Jockey,30 Iroquois ST,Mission Hill,MA,02120
4/4/13 0:00,,4/4/17 0:00,MAMA'S PLACE,WITHDRAWAL (7/18/2011),764A Huntington AV,Mission Hill,MA,02120
3/15/17 11:51,12/12/25 14:28,12/12/29 14:25,MAMA'S PLACE,RESTUARANT,764A Huntington AV,Mission Hill,MA,02120
2/18/15 0:00,,2/18/19 0:00,MARTIN'S BEEPER REPAIR SHOP,WITHDRAWAL (5/27/14),1564 Tremont ST,Mission Hill,MA,02120
5/27/14 0:00,,5/27/18 0:00,MARTIN'S BEEPER REPAIR SHOP,TELECOMMUNICATIONS,1564 Tremont ST,Mission Hill,MA,02120
5/21/24 12:11,,5/21/28 12:11,Mass 4 Seasons Realty,Real Estate Brokerage Agency,72 Fisher AV,Mission Hill,MA,02120
7/18/16 12:30,8/20/21 11:21,8/20/25 11:20,Mass Movement,Entertainment,1050 Tremont ST,Mission Hill,MA,02120
3/13/15 0:00,,3/13/19 0:00,MAY'S CAFE,WITHDRAWAL (4/16/14),1 Stockwell ST,Boston,MA,02120
12/1/21 13:50,,12/1/25 13:49,"MENNAB, The Gift Shop at ISBCC",General Merchandise,100 Malcolm X BL,Roxbury,MA,02120
2/8/24 15:42,,2/8/28 15:40,Merengue Express,Restaurant,1415 Tremont ST,Mission Hill,MA,02120
7/11/17 14:52,7/2/25 0:00,7/2/29 0:00,Metro Housing Boston,Afforable Housing,1423 Tremont ST,Mission Hill,MA,02120
3/11/14 0:00,2/13/26 16:04,2/13/30 16:01,MIKES DONUT SHOP,DONUT SHOP,1524A Tremont ST,Mission Hill,MA,02120
2/23/18 12:31,3/16/26 12:46,3/16/30 12:44,Miledy Day Care,Day Care,92A Ward ST,Mission Hill,MA,02120
6/22/22 11:49,,6/22/26 11:47,Milestone Capital,General Business Consulting,1 Torpie ST,Mission Hill,MA,02120
7/31/17 12:31,5/29/25 12:02,5/29/29 12:02,Milkweed,Restaurant,1508 Tremont ST,Mission Hill,MA,02120
7/29/14 0:00,10/7/22 13:14,10/7/26 13:13,MISSION BAR & GRILL,RESTAURANT,724 Huntington AV,Mission Hill,MA,02120
5/15/17 14:37,3/16/22 10:54,3/16/26 10:52,MISSION HILL LIQUORS,LIQUOR STORE,1623 Tremont ST,Mission Hill,MA,02120
10/26/15 0:00,9/15/23 12:29,9/15/27 11:35,MURPH&MOOSE,ONLINE RETAIL,26 Pontiac ST,Mission Hill,MA,02120
2/2/23 9:57,,2/2/27 9:56,Murray Transport,Transport Of Goods,32A Mcgreevey WY,Mission Hill,MA,02120
9/14/20 13:44,9/5/24 15:19,9/5/28 12:01,NEDC,Residential Remodeling,103 Terrace ST,Mission Hill,MA,02120
7/15/20 15:18,11/7/24 16:46,11/7/28 11:40,New England Baptist Clinical Care Collabortive,healthcare integration,125 Parker Hill AVE,Mission Hill,MA,02120
10/27/16 14:12,11/15/21 9:02,11/15/25 9:00,New England Brake & Auto Repair,Auto Repair,22 Terrace ST,Mission Hill,MA,02120
10/27/16 14:12,,,New England Brake Center,Auto Repair,22 Terrace ST,Mission Hill,MA,02120
11/13/14 0:00,10/31/22 13:53,10/31/26 11:38,"NEW ENGLAND DESIGN & CONSTRUCTION ,",RESIDENTIAL REMODELING,103 Terrace ST,Mission Hill,MA,02120
9/14/20 13:46,9/5/24 15:20,9/5/28 11:58,New Era Design and Construction,Residential Remodeling,103 Terrace ST,Mission Hill,MA,02120
3/14/24 9:39,,3/14/28 9:38,Nicole N Burke,Book keeping,1050 Tremont ST,Mission Hill,MA,02120
6/4/15 0:00,7/12/19 15:17,7/12/23 15:09,NIGHT SERVICE BOOKKEEPING,BOOKKEEPING,37 Calumet ST,Mission Hill,MA,02120
11/30/18 14:39,,11/30/22 14:37,Nirvana Luxury Hair,Online Retail Beauty Products,100 Madison Park CT,Mission Hill,MA,02120
8/29/18 13:21,,8/29/22 13:19,NOTEN Life Consulting,Consulting,112A Ward ST,Mission Hill,MA,02120
6/27/23 14:41,,6/27/27 14:40,Nubian Archery Club,Archery Club,291 Roxbury ST,Roxbury,MA,02120
6/27/23 14:27,,6/27/27 14:22,Nubian Square Farmers Market,Marketplace,291 Roxbury ST,Roxbury,MA,02120
6/27/23 14:26,,6/27/27 14:19,Nubian Square Florist,Agriculture,291 Roxbury ST,Roxbury,MA,02120
6/27/23 14:26,,6/27/27 14:20,Nubian Square Main Streets,Business Consultation and Development,291 Roxbury ST,Roxbury,MA,02120
1/20/22 10:45,,1/20/26 10:43,Off The Wall,TV Mounting Service,100 Cabot ST,Mission Hill,MA,02120
4/18/23 15:49,,4/18/27 15:48,One Caddy Lux Ride,Livery Services,1050 Tremont ST,Mission Hill,MA,02120
6/5/23 9:29,,6/5/27 9:27,One Task At A Time Landscaping,Landscaping,17 Hammond ST,Mission Hill,MA,02120
1/9/17 15:49,,,P J Repairs,,637 Parker ST,Mission Hill,MA,02120
3/14/22 9:56,,3/14/26 9:55,P.A. LANDSCAPING & HOME IMPROVEMENT,landscaping/home improvement,34 Fisher AV,Mission Hill,MA,02120
11/7/24 8:50,,11/7/28 8:48,Painting Solution,Home Improvement Contractor,5 Kerr PL,Mission Hill,MA,02120
12/28/22 9:55,,12/28/26 9:53,Parker Realty,Property Management,1605 Tremont ST,Mission Hill,MA,02120
6/6/13 0:00,,6/6/17 0:00,PENA'S MARKET,GROCERY,1053 Tremont ST,Mission Hill,MA,02120
9/2/15 0:00,,9/2/19 0:00,PENA'S MARKET,WITHDRAWAL (6/6/13),1053 Tremont ST,Mission Hill,MA,02120
2/26/18 15:59,,2/26/22 15:38,Planet Fitness,Health Club,1199 Tremont ST,Mission Hill,MA,02120
1/19/16 0:00,2/21/24 14:28,2/21/28 14:28,PREMIER BOSTON REALTY,REAL ESTATE,144 Smith ST,Mission Hill,MA,02120
7/22/22 16:21,,7/22/26 16:19,PRODUCT OF A SINGLE MOTHER,ONLINE RETAIL,15 Delle AV,Mission Hill,MA,02120
3/16/22 10:05,,3/16/26 10:03,PROFESSIONALLY AFFORDABLE CAR RENTALS,CAR SHARE,34 Fisher AV,Mission Hill,MA,02120
12/8/21 11:33,1/12/26 13:23,1/12/30 13:00,Q Nails & Spa,Nail Salon & Spa,712 Huntington AV,Mission Hill,MA,02120
12/12/23 12:10,,12/12/27 12:08,Quest Films and Real Estate,Management,88 Hammond ST,Mission Hill,MA,02120
12/12/23 12:17,,12/12/27 12:11,Quest Publishing,Publishing,88 Hammond ST,Mission Hill,MA,02120
11/5/19 11:35,,11/5/23 11:34,Quick Pick Convenience,Convenience Store,971A Tremont ST,Mission Hill,MA,02120
3/18/15 0:00,3/16/23 14:53,3/16/27 14:51,QUICKPICK CONVENIENCE,CONVENIENCE STORE,973 Tremont ST,Mission Hill,MA,02120
7/15/22 11:25,,7/15/26 11:20,R&R's Finest Auto Glass,Auto Glass Shop,110 Terrace ST,Mission Hill,MA,02120
9/30/24 13:45,,9/30/28 13:44,R.D.C,Cleaning Services,10 Hammond ST,Mission Hill,MA,02120
10/15/15 0:00,10/23/19 15:16,10/23/23 15:14,RAINBOW DAY CARE,DAY CARE,75 Saint Alphonsus ST,Mission Hill,MA,02120
2/3/17 11:32,9/5/25 16:07,9/5/29 16:02,Realty Holdings,Property Management and Trading,1 Sussex ST,Mission Hill,MA,02120
4/9/25 10:52,,4/9/29 10:50,RecruitSeq,Recruitment Consulting Services,9 Burney ST,Mission Hill,MA,02120
9/16/15 0:00,,9/16/19 0:00,REED EXHIBITIONS,WITHDRAWAL (6/22/15),22 Hammond ST,Mission Hill,MA,02120
1/31/18 15:00,4/19/22 15:36,4/19/26 12:30,Refugee and Immigrant Assistance Center Community Counseling,Mental Health Clinic,253 Roxbury ST,Roxbury,MA,02120
11/17/20 10:11,12/13/24 16:05,12/13/28 16:03,Reginald L. Jackson Photography,Photography,71 Windsor ST,Mission Hill,MA,02120
9/15/25 16:32,,9/15/29 11:47,Revel Routes and Roots Travel,Travel/Leisure Travel,41 Hammond ST,Mission Hill,MA,02120
4/7/17 14:52,5/8/23 15:00,5/8/27 14:58,Robin Auto Body,Auto Body Shop,110 Terrace ST,Mission Hill,MA,02120
10/12/12 0:00,,10/12/16 0:00,ROBIN AUTO BODY,WITHDRAWAL (6/14/11),110 Terrace ST,Mission Hill,MA,02120
11/4/22 14:36,,11/4/26 14:33,Robyn Renae Photography,Photography,36 Delle AV,Mission Hill,MA,02120
3/31/23 11:25,,3/31/27 11:22,Rodriguez Pro Paint,Painting Services,65 Dewitt DR,Mission Hill,MA,02120
8/11/14 0:00,8/3/18 12:39,8/3/22 12:35,ROSIE'S BEAUTY SALON,HAIR SALON,80 Hammond ST,Mission Hill,MA,02120
6/26/19 9:35,,6/26/23 9:35,Royalty Management,property management,13 Brook Marshall RD,Mission Hill,MA,02120
8/27/20 12:04,,8/27/24 12:03,Ruggles Pizza and Cafe,pizza and cafe,249 Ruggles ST,Boston,MA,02120
1/17/19 15:26,,1/17/23 15:25,S Jewels,Online Boutique,19 Sojourner Truth CT,Mission Hill,MA,02120
11/14/23 9:33,,11/14/27 9:17,S. Anderson Notary & Services,Notary & Services,1050 Tremont ST,Mission Hill,MA,02120
1/22/13 0:00,,1/22/17 0:00,SAFETY AUTO SCHOOL,AUTO SCHOOL - CH BUS LOC 12/22/14,1 Stockwell ST,Boston,MA,02120
1/8/16 0:00,,1/8/20 0:00,SAFETY AUTO SCHOOL,WITHDRAWAL (1/22/13),1 Stockwell ST,Boston,MA,02120
2/11/21 14:22,,2/11/25 11:26,"SAMUEL ZARZOUR, ATTORNEY AT LAW",LAW OFFICE,1570 Tremont ST,Mission Hill,MA,02120
1/9/26 12:31,,1/9/30 12:28,SeiyoTalent,Employment Placement/Recruiting,774 Parker ST,Mission Hill,MA,02120
9/23/21 12:50,,9/23/25 12:40,Shill Transportation,Uber,31 Mcgreevey WY,Mission Hill,MA,02120
6/23/22 12:32,,6/23/26 12:31,Sid's Adventures,Support Mentor For Children,735 Shawmut AV,Mission Hill,MA,02120
6/28/19 12:30,6/8/23 14:02,6/8/27 14:00,Siena Lee,Short Term Rental,88 Alleghany ST,Mission Hill,MA,02120
2/22/18 10:07,7/22/22 16:21,7/22/26 16:15,Simply Tafari,Online Retail,15 Delle AV,Mission Hill,MA,02120
12/10/25 12:29,,12/10/29 12:26,SIP CITY LIQUORS,LIQUOR STORE,1623 Tremont ST,Roxbury,MA,02120
9/18/19 14:02,,9/18/23 13:58,SNM Limo Service,Limo Service,21 Greenwich ST,Mission Hill,MA,02120
9/27/13 0:00,9/29/25 16:32,9/29/29 8:40,Sodexo @New England Baptist Hospital,FACILITIES MGT,125 Parker Hill AVE,Mission Hill,MA,02120
10/27/25 13:50,,10/27/29 11:46,Sodexo at New England Baptist Transport,Food Service Management,125 Parker Hill AVE,Mission Hill,MA,02120
1/2/18 13:03,12/15/25 11:32,12/15/29 11:28,Solid Ground Cafe,Cafe,742 Huntington AV,Mission Hill,MA,02120
1/29/26 11:08,,1/29/30 11:07,Solomon Clarke Music,Music and Entertainment Services,7 Estey ST,Mission Hill,MA,02120
10/6/20 10:43,,10/6/24 10:42,Sons Against Violence,non profit,26 Wensley ST,Mission Hill,MA,02120
9/20/13 0:00,,9/20/17 0:00,STATION 10 CAFE,CAFETERIA,1199 Tremont ST,Mission Hill,MA,02120
11/5/15 0:00,,11/5/19 0:00,STATION 10 CAFE,WITHDRAWAL (9/20/13),1199 Tremont ST,Mission Hill,MA,02120
6/1/23 14:11,,6/1/27 12:00,Steve & Kate's Camp-Fenway,Summer Day Camp For Kids,94 Saint Alphonsus ST,Mission Hill,MA,02120
6/29/22 15:42,,6/29/26 11:54,Stonie Bowls,Virtual Delivery Service,1626 Tremont ST,Mission Hill,MA,02120
2/19/14 0:00,3/17/26 16:11,3/17/30 15:49,STOP & SHOP #412,SUPERMARKET,1620 Tremont ST,Mission Hill,MA,02120
11/2/21 12:36,,11/2/25 12:35,SUBWAY,Restaurant,1578 Tremont ST,Mission Hill,MA,02120
2/5/24 14:15,,2/5/28 14:14,Sully's Barbershop Boston,Barbershop,1596 Tremont ST,Mission Hill,MA,02120
12/17/25 11:38,,12/17/29 11:36,Sunny Laundromat,Laundromat,1458 Tremont ST,Mission Hill,MA,02120
5/23/22 11:02,,5/23/26 11:00,Sunset Street Cottage,Short-Term Rental,17 Sunset ST,Mission Hill,MA,02120
5/14/18 10:35,3/24/26 11:09,3/24/30 11:08,Sushi Today,Asian Restaurant,1562 Tremont ST,Mission Hill,MA,02120
3/25/15 0:00,3/8/19 13:06,3/8/23 13:04,T & J NAIL DESIGN OF CALIFORNIA,NAIL SALON,1045 Tremont ST,Mission Hill,MA,02120
2/23/23 14:04,,2/23/27 14:03,T&J Nail Design of California,Nail Salon,1045 Tremont ST,Mission Hill,MA,02120
8/19/24 15:59,,8/19/28 14:54,Talbots 1305,retailer Women's Clothing,100 Huntington AV,Mission Hill,MA,02120
2/5/25 10:54,,2/5/29 10:53,Tata Mini Market,Convenience Store,1055 Tremont ST,Mission Hill,MA,02120
10/31/18 9:24,11/28/22 13:23,11/28/26 13:22,TAVERN OF TALES,BOARD GAME CAFE,1478 Tremont ST,Mission Hill,MA,02120
4/27/18 9:26,,4/27/22 9:24,Teach 1 Basketball,Nonprofit Youth Basketball,156 Dewitt DR,Mission Hill,MA,02120
2/17/16 0:00,2/2/24 13:30,2/2/28 13:28,TENNIS AVENUE,RECREATIONAL / SPORTS,116A Ward ST,Mission Hill,MA,02120
3/6/25 15:50,,3/6/29 15:39,TGI Fridays,Full Service Restaurant,1626 Tremont ST,Mission Hill,MA,02120
4/28/23 13:22,,4/28/27 11:41,TGI Fridays,Full Service Restaurant/Bar,1626 Tremont ST,Mission Hill,MA,02120
4/12/21 14:17,4/9/25 12:41,4/9/29 11:33,The Baker Center For Children and Families,mental health,53 Parker Hill AV,Mission Hill,MA,02120
6/28/19 10:21,,6/28/23 10:19,The Blended Box Boutique,Online Retail,32A Mcgreevey WY,Mission Hill,MA,02120
7/14/21 15:20,,7/14/25 15:19,The Curvy Mami,Online Store,735 Shawmut AV,Mission Hill,MA,02120
11/14/23 11:57,,11/14/27 11:56,THE GREEN HAUS,Cafe,1520 Tremont ST,Mission Hill,MA,02120
6/3/19 14:47,,6/3/23 13:13,The Longwood Apartments,Apartment Building,1575 Tremont ST,ROXBURY,MA,02120
3/11/19 14:14,,3/11/23 14:13,The Original MAD Hat,Retail Online,38 Hillside ST,Mission Hill,MA,02120
3/13/15 0:00,4/21/23 14:59,4/21/27 14:57,THE PUDDINGSTONE,RESTAURANT / BAR,1592 Tremont ST,Mission Hill,MA,02120
4/23/24 14:45,,4/23/28 14:43,THE TOUCH OF PERFECTION BEAUTY ACADEMY,Trade School Education,122 Dewitt DR,Mission Hill,MA,02120
8/26/19 15:39,,8/26/23 11:44,The Tremont,Apartment Building,1480 Tremont ST,Mission Hill,MA,02120
10/25/21 12:37,,10/25/25 12:35,Them Go Tire,Taxi,10 Hammond ST,Mission Hill,MA,02120
7/25/25 15:23,,7/25/29 15:22,Theroux Client Defense Co.,Legal Services,75 Saint Alphonsus ST,Mission Hill,MA,02120
7/31/20 13:01,,7/31/24 12:59,Thorough Quality Cleaning Services,Cleaning,109 Dewitt DR,Mission Hill,MA,02120
5/6/22 15:53,,5/6/26 15:41,TIDY PLACE CLEANING SERVICES,Cleaning Services,7 Horadan WY,Mission Hill,MA,02120
2/27/17 11:51,,2/27/21 11:33,Tiffany & Co,Retail Store,100 Huntington AV,Mission Hill,MA,02120
10/22/24 14:17,,10/22/28 14:15,TIPSY'S MARKET,Convenience Store/ Beer & Wine,739 Parker ST,Mission Hill,MA,02120
1/23/23 15:37,,1/23/27 14:32,Trell Legacy Real Estate,Real Estate,810 Parker ST,Mission Hill,MA,02120
11/13/15 0:00,2/21/24 15:26,2/21/28 15:21,Tremont House of Pizza,ONLINE PIZZA MENU,1590 Tremont ST,Mission Hill,MA,02120
10/2/19 9:51,,10/2/23 9:47,Tutelaye Realty Trust,Short-Term Rental,1 Torpie ST,Mission Hill,MA,02120
10/30/19 11:05,,10/30/23 11:03,Tutelaye Realty Trust,Short Term Rental,1 Torpie ST,Mission Hill,MA,02120
10/19/23 16:06,,10/19/27 16:02,TUTELAYE REALTY TRUST,Short Term Rental,1 Torpie ST,Mission Hill,MA,02120
9/18/19 10:04,,9/18/23 10:03,Tyler Calumet Management,Educational Production Management,36 Calumet ST,Mission Hill,MA,02120
7/19/18 14:15,7/1/22 12:22,7/1/26 10:57,U-BE-U4-U EMPROVEMENT SERVICES OF BOSTON,TRAINING & LIFE COACHING,41 Hammond ST,Mission Hill,MA,02120
2/25/25 13:00,,2/25/29 12:56,Universal Painting,Painting,25 Whittier ST,Mission Hill,MA,02120
4/11/19 12:18,,4/11/23 12:15,Uplifting Little Divas,Pagent Organization,18 Raynor CI,Mission Hill,MA,02120
8/16/18 11:36,9/8/22 10:04,9/8/26 10:03,Vanity Loft Hair Salon,Hair Salon,1472 Tremont ST,Mission Hill,MA,02120
2/28/20 13:07,4/16/25 9:29,4/16/29 9:26,Wai Chan Chan Short Term Rental,Short Term Rental,263 Roxbury ST,Roxbury,MA,02120
3/12/15 0:00,3/11/19 12:45,3/11/23 12:25,WALGREENS #07189,RETAIL DRUG STORE,1622 Tremont ST,Mission Hill,MA,02120
6/13/22 11:09,,6/13/26 11:06,WATERMAN TRANS,TAXI,10 Hammond ST,Mission Hill,MA,02120
1/5/16 0:00,11/29/23 12:55,11/29/27 11:36,WHITTIER STREET HEALTH CENTER,NON PROFIT CORPORATION,1290 Tremont ST,Mission Hill,MA,02120
11/6/14 0:00,9/12/22 14:35,9/12/26 11:48,WINNRESIDENTIAL - MISSION MAIN,PROPERTY MANAGEMENT,43 Smith ST,Mission Hill,MA,02120
10/6/15 0:00,8/30/23 10:58,8/30/27 10:17,WINNRESIDENTIAL - OLIVER LOFTS,PROPERTY MANAGEMENT,166 Terrace ST,Mission Hill,MA,02120
2/26/18 16:01,2/12/26 16:57,2/12/30 12:39,WinnResidential- Oliver Lofts II,Property management,166 Terrace ST,Mission Hill,MA,02120
9/30/13 0:00,5/30/25 14:18,5/30/29 11:14,WINNRESIDENTIAL-MADISON PARK III,REAL ESTATE MANAGEMENT,122 Dewitt DR,Mission Hill,MA,02120
9/30/13 0:00,5/30/25 14:21,5/30/29 11:16,WINNRESIDENTIAL-MADISON PARK IV,REAL ESTATE MANAGEMENT,40 Raynor CI,Mission Hill,MA,02120
5/30/25 14:38,,5/30/29 13:17,WinnResidential-Smith House,Property Management,757 Shawmut AV,Mission Hill,MA,02120
6/16/22 15:08,,6/16/26 11:12,WOW BAO,VIRTUAL DELIVERY SERVICE,1626 Tremont ST,Mission Hill,MA,02120
9/9/21 14:53,,9/9/25 14:51,XAGALLE LIMO SERVICE,UBER/LYFT,39A Mcgreevey WY,Mission Hill,MA,02120
4/26/18 10:40,6/22/22 12:20,6/22/26 12:14,Xilef Arts,Online Retail,166 Terrace ST,Mission Hill,MA,02120
12/16/24 12:20,,12/16/28 12:16,Xtreme Plowing & Services,Plowing,118 Terrace ST,Mission Hill,MA,02120
10/28/22 16:08,,10/28/26 16:07,Yellow Door Taqueria,Restaurant,1619 Tremont ST,Mission Hill,MA,02120
6/27/23 14:26,,6/27/27 14:18,Yorkshire Farm's Ltd.,Agriculture,291 Roxbury ST,Roxbury,MA,02120
12/1/22 15:39,,12/1/26 15:39,1 Heat Pump,Marketing,110 Stuart ST,Boston,MA,02116
2/12/26 11:00,,2/12/30 10:59,120 FELTON STREET PROPERTIES WALTHAM,Rental,11 Cazenove ST,Boston,MA,02116
4/24/24 14:54,,4/24/28 10:34,137 W CANTON ST RENTAL,SHORT TERM RENTAL,137 Canton ST,Roxbury,MA,02116
8/15/19 14:11,10/13/23 15:22,10/13/27 12:39,14 WINCHESTER ST,SHORT TERM RENTAL,14 Winchester ST,Boston,MA,02116
12/11/19 9:21,,12/11/23 9:20,167 Beacon PH,Short Term Rental,167 Beacon ST,Boston,MA,02116
10/31/22 11:53,,10/31/26 11:49,17 GRAY ST AIRBNB,Short Term Rental,17 Gray ST,Boston,MA,02116
4/22/24 16:00,,4/22/28 11:13,19 Gray Air BnB,Air Bnb,19 Gray ST,Boston,MA,02116
4/2/19 11:52,,4/2/23 11:49,2024 NewBury St,Retail Watches,20 Newbury ST,Boston,MA,02116
10/28/19 15:57,10/24/23 11:19,10/24/27 11:15,27 Fayette Street STR,Short-Term Rental,27 Fayette ST,Boston,MA,02116
2/25/21 14:33,4/11/25 15:00,4/11/29 14:31,31 Winchester Street,short term rental,31 Winchester ST,Boston,MA,02116
6/20/19 13:44,6/9/23 11:44,6/9/27 10:57,49 Lawrence Street #2,Short Term Rental,49 Lawrence ST,Boston,MA,02116
11/22/22 15:31,,11/22/26 11:35,51 Church Street,Hospitality,51 Church ST,Boston,MA,02116
1/15/20 11:57,12/27/23 14:53,12/27/27 11:33,54 Chandler St Rental,Short Term Rental,54 Chandler ST,Boston,MA,02116
5/1/23 15:40,,5/1/27 11:44,79 Montgomery St Apt3 Short Term Rental,STR,79 Montgomery ST,Boston,MA,02116
3/20/24 14:35,,3/20/28 13:24,7-Eleven 32466C,Convenience Store,261 Dartmouth ST,Boston,MA,02116
10/22/21 13:41,11/3/25 10:41,11/3/29 10:37,7-ELEVEN 32480C,CONVENIENCE STORE,8 Park PZ,Boston,MA,02116
10/13/22 15:18,,10/13/26 13:04,9 Cazenove Inn,STR,9 Cazenove ST,Boston,MA,02116
7/17/25 16:45,,7/17/29 16:41,A Great Massage,Massage Therapy,262 Beacon ST,Boston,MA,02116
11/10/20 10:52,,11/10/24 10:16,A Ray of Sunshine,Independent Beauty Consultant,405 Columbus AV,Boston,MA,02116
11/12/24 15:30,,11/12/28 12:09,a&be x anna be,retail bridal shop,437 Boylston ST,Boston,MA,02116
4/21/22 12:05,,4/21/26 11:55,A. Lange & Sohne,Retailer of Luxury Watches,10 Newbury ST,Boston,MA,02116
8/21/20 10:33,,8/21/24 10:29,AAPT Boston,Occupational School,561 Boylston ST,Boston,MA,02116
5/9/25 12:35,,5/9/29 12:33,Abby's Mart,Convenience Store,75 Arlington ST,Boston,MA,02116
2/6/15 0:00,2/9/23 13:58,2/9/27 11:42,ABE & LOUIE'S,RESTAURANT,793 Boylston ST,Boston,MA,02116
4/25/19 12:11,,4/25/23 12:09,Aceituna Grill,Restaurant,811-813 Boylston ST,Boston,MA,02116
4/7/23 15:49,,4/7/27 15:45,ACEITUNA GRILL,Restaurants,267 Newbury ST,Boston,MA,02116
8/12/21 14:23,7/17/25 15:26,7/17/29 13:38,ACHELOUS SALON,SALON,266 Newbury ST,Boston,MA,02116
9/8/23 15:29,,9/8/27 15:23,AD BEAUTY SALON,Hair Salon,231 Newbury ST,Boston,MA,02116
3/13/23 16:05,,3/13/27 16:03,Adam Kaplan Music,Film and Media,231 Beacon ST,Boston,MA,02116
1/30/23 12:24,,1/30/27 12:22,Adler Grier Jewelry,Online jewelry sales,274 Beacon ST,Boston,MA,02116
5/21/15 0:00,6/9/23 11:47,6/9/27 11:14,ADVANCED COMMUNICATIONS,PROPERTY MANAGEMENT,110 Newbury ST,Boston,MA,02116
1/18/24 14:55,,1/18/28 14:54,AER on Newbury,Personal Training/Fitness/ Rehab,14 Newbury ST,Boston,MA,02116
10/18/23 12:54,,10/18/27 12:51,AFC URGENT CARE BACK BAY,Urgent care clinic,575 Boylston ST,Boston,MA,02116
10/26/21 14:50,,10/26/25 14:47,AIGO,Footwear and Clothing Retail,119 Newbury ST,Boston,MA,02116
3/7/22 14:53,,3/7/26 14:52,AJ Williams Events,Event Planning/PR,75 Newbury ST,Boston,MA,02116
7/20/15 0:00,7/25/23 8:53,7/24/27 12:55,ALAN BILZERIAN,RETAIL CLOTHING STORE,34 Newbury ST,Boston,MA,02116
4/27/15 0:00,,4/27/19 0:00,ALAN ROULEAU / COUTURE,WITHDRAWAL (9/19/14),85 Newbury ST,Boston,MA,02116
4/27/15 0:00,5/7/24 13:47,5/7/28 13:44,ALAN ROULEAU / COUTURE,TAILORING,125 Newbury ST,Boston,MA,02116
9/19/14 0:00,,9/19/18 0:00,ALAN ROULEAU/COUTURE,TAILORING,85 Newbury ST,Boston,MA,02116
2/3/22 13:47,3/4/26 9:46,2/4/30 9:46,Alexander SAFAR SALON,Hair Salon,164 Newbury ST,Boston,MA,02116
5/8/19 11:54,8/10/23 10:28,8/10/27 10:15,Algorand,Software,399 Boylston ST,Boston,MA,02116
2/4/19 14:40,,2/4/23 14:37,Align,"Physical Theraphy, Integrative",551 Boylston ST,Boston,MA,02116
10/15/15 0:00,11/2/23 12:50,11/2/27 12:49,ALL FIT TAILORING,TAILORING,138 Newbury ST,Boston,MA,02116
7/7/14 0:00,,7/7/18 0:00,ALL FIT TAILORING,WITHDRAWAL (3/28/12),2 Clarendon ST,Boston,MA,02116
7/7/14 0:00,,7/7/18 0:00,ALL FIT TAILORING,TAILORING,2 Clarendon ST,Boston,MA,02116
10/15/15 0:00,,10/15/19 0:00,ALL FIT TAILORING,WITHDRAWAL (7/7/14),2 Clarendon ST,Boston,MA,02116
3/2/22 15:52,,3/2/26 11:55,All Halloween Costumes,e-commerce,665 Washington ST,Boston,MA,02116
10/20/25 16:36,,10/20/29 16:04,All Sorted,Professional Home Organizing Services,330 Beacon ST,Boston,MA,02116
2/6/26 14:10,,2/6/30 12:21,ALL'ANTICO VINAIO,SANDWICH SHOP,565 Boylston ST,Boston,MA,02116
11/19/18 14:25,12/9/22 15:13,12/9/26 12:36,ALLBIRDS,RETAIL,205 Newbury ST,Boston,MA,02116
8/14/14 0:00,8/10/22 14:02,8/10/26 14:01,ALLEGRO DRY CLEANERS,DRY CLEAN,76 Berkeley ST,Boston,MA,02116
3/15/16 0:00,6/26/24 16:36,6/26/28 12:26,ALLEN EDMONDS #39111,RETAIL STORE,141A Newbury ST,Boston,MA,02116
8/11/14 0:00,7/1/22 12:14,7/1/26 11:36,ALLEY424 COMMUNICATIONS,WRITER/MKTG CONSULTANT,186 Commonwealth AV,Boston,MA,02116
12/20/23 9:37,,12/20/27 9:32,Alo Yoga,Retail Store,149 Newbury ST,Boston,MA,02116
7/14/20 10:57,7/2/24 11:35,7/2/28 11:34,Alpine Equity Advisors,Investments,41 Commonwealth AV,Boston,MA,02116
12/27/22 16:01,,12/27/26 15:59,Alterra,Physical Therapy,64 Arlington ST,Boston,MA,02116
12/27/22 16:01,,12/27/26 15:58,Alterra Physical Therapy,Physical Therapy,64 Arlington ST,Boston,MA,02116
7/25/16 15:23,,7/25/20 15:22,Alton Lane,Mens Clothing,91 Newbury ST,Boston,MA,02116
6/21/16 10:46,6/17/24 16:17,6/17/28 11:54,Aluna Salon Spa,Hair Salon,222 Newbury ST,Boston,MA,02116
3/20/26 10:03,,3/20/30 10:02,Am3 Global,"Multi Media, Consulting",15 Yarmouth ST,Boston,MA,02116
9/19/23 12:35,,9/19/27 12:27,AMAR,RESTAURANT,40 Trinity PL,Boston,MA,02116
3/14/18 15:33,,3/14/22 15:30,Ambit Press,Print,1 Commonwealth AV,Boston,MA,02116
8/21/20 10:33,10/16/24 16:15,10/16/28 16:13,American Academy of Personal Training,occupational school,561 Boylston ST,Boston,MA,02116
1/2/15 0:00,1/23/23 15:50,1/23/27 13:39,AMERICAN ANCESTORS,"FAMILY HISTORY, LIBRARY, ARCHIVES",99 Newbury ST,Boston,MA,02116
8/9/13 0:00,,8/9/17 0:00,AMERICAN COLLEGE OF CORRECTIVE EXERCISE AND PERSONAL TRAININ,WITHDRAWAL (1/28/13),607 Boylston ST,Boston,MA,02116
1/28/13 0:00,,1/28/17 0:00,AMERICAN COLLEGE OF CORRECTIVE EXERCISE AND PERSONAL TRAINING,PROPRIETARY SCHOOL,607 Boylston ST,Boston,MA,02116
6/20/14 0:00,6/22/18 12:23,6/22/22 11:57,AMERICAN EAGLE OUTFITTERS #2275,RETAIL SALES OF MEN'S AND WOMEN'S CLOTHING,100 Huntington AV,Boston,MA,02116
1/12/23 15:38,,1/12/27 15:37,Amo Realty,Real Estate Brokerage,581 Boylston ST,Boston,MA,02116
9/22/21 10:18,9/15/25 16:35,9/15/29 12:00,Amorino,Food Business Restaurant,249 Newbury ST,Boston,MA,02116
9/19/13 0:00,3/15/22 13:02,3/15/26 12:59,ANCHOVIES,RESTAURANT/BAR,433 Columbus AV,Boston,MA,02116
9/17/21 13:46,,9/17/25 10:25,Anderson Business Advisors,Business Legal & Tax Services,867 Boylston ST,Boston,MA,02116
9/23/16 15:43,11/15/24 14:56,11/15/28 14:54,Andrea Sacco Skin and Body,Aesthetics,224 Clarendon ST,Boston,MA,02116
6/18/18 15:50,6/6/22 14:48,6/6/26 12:07,ANDREW J PARASKOS INTERIORS,INTERIOR DESIGN,292 Beacon ST,Boston,MA,02116
4/2/19 11:47,,4/2/23 11:44,AndrewLight,hair salon (renting a chair),118 Newbury ST,Boston,MA,02116
2/16/24 9:28,,2/16/28 9:25,ANEW CLEANING CREW,Cleaning Services,135 CLARENDON ST,BOSTON,MA,02116
8/15/24 14:16,,8/15/28 11:51,ANN TAYLOR #2560,RETAIL,100 Huntington AV,Boston,MA,02116
4/1/15 0:00,3/27/19 14:04,3/27/23 14:02,ANNA SCIRE MASSAGE THERAPY,MASSAGE THERAPY,581 Boylston ST,Boston,MA,02116
1/14/19 14:27,1/9/23 11:40,1/9/27 11:39,Annie Ludwig Massage Therapy,Massage Therapy,665 Boylston ST,Boston,MA,02116
10/5/23 9:56,,10/5/27 9:34,Anthropologie # 414,Clothing Retail,82 Newbury ST,Boston,MA,02116
9/22/25 12:06,,9/22/29 12:03,Anti Goon Activism,Nonprofit,261 Commonwealth AV,Boston,MA,02116
12/21/18 13:31,12/20/22 12:53,12/20/26 12:25,Anti-Racism Collaborative,Educational,30 Newbury ST,Boston,MA,02116
4/7/25 14:15,,4/7/29 14:14,Antoine Rubini,Retail,10 Huntington AV,Boston,MA,02116
11/1/19 13:39,,11/1/23 13:32,Apex Builders of Boston,Construction,867 Boylston ST,Boston,MA,02116
11/14/16 12:27,7/31/25 11:39,7/31/29 11:24,APPLE,COMPUTER SALES,815 Boylston ST,Boston,MA,02116
2/6/26 15:39,,2/6/30 15:37,AprÃÂ¨s Sea Pilates,Retail/Pilates Studio,169 Newbury ST,Boston,MA,02116
9/2/15 0:00,7/5/23 10:56,7/5/27 10:10,AQUENT,TEMPORARY STAFFING,501 Boylston ST,Boston,MA,02116
2/21/19 14:04,,2/21/23 14:03,Area 207 Salon Studios,Own & Operate a Salon Space,207 Newbury ST,Boston,MA,02116
4/3/23 14:06,,4/3/27 14:04,Armi Stella Styles,Hair Salon,129 Newbury ST,Boston,MA,02116
3/13/23 12:30,,3/13/27 12:28,Around Town Real Estate,Real Estate,69 Montgomery ST,Boston,MA,02116
2/5/26 15:53,,2/5/30 15:52,Art by Annalisa,Online Retail,75 Clarendon ST,Boston,MA,02116
1/5/26 11:46,,1/5/30 11:43,Ash On Newbury,Hair Salon,134 Newbury ST,Boston,MA,02116
3/4/24 13:21,,3/4/28 13:20,Ash Studio,Hair Salon,207 Newbury ST,Boston,MA,02116
12/13/22 15:38,,12/13/26 15:37,AshFit,Mobile Personal Training Services,745 Boylston ST,Boston,MA,02116
12/16/24 16:01,,12/16/28 15:59,Astra English,Online Educational Services,121 Beacon ST,Boston,MA,02116
4/10/17 13:44,3/26/25 2:01,3/25/29 10:36,AT & T MOBILITY,RETAIL SALES OF COMM. EQ,699 Boylston ST,Boston,MA,02116
2/3/23 14:08,,2/3/27 14:07,ATC FBA,Online Retail,867 Boylston ST,Boston,MA,02116
1/16/14 0:00,,1/16/18 0:00,ATHENA SALON & SPA,WITHDRAWAL (5/11/10),425 Boylston ST,Boston,MA,02116
5/16/17 11:31,5/16/25 16:26,5/16/29 16:16,ATHLETA #4876,RETAIL,100 Newbury ST,Boston,MA,02116
2/6/15 0:00,2/9/23 14:02,2/9/27 11:50,ATLANTIC FISH COMPANY,RESTAURANT,761 Boylston ST,Boston,MA,02116
10/16/15 0:00,10/24/19 16:04,10/24/23 16:01,ATLAS PROPERTIES,REAL ESTATE,37 Fairfield ST,Boston,MA,02116
5/8/17 13:09,,5/8/21 13:12,AU BON PAIN,Food Service,100 Huntington AV,Boston,MA,02116
2/4/21 13:20,,2/4/25 13:17,Aura Gems Inspired Jewelry,online retail,198 Tremont ST,Boston,MA,02116
8/25/15 0:00,,8/25/19 0:00,AUTOMOTIVE FINANCE SOLUTIONS,WITHDRAWAL (8/1/12),274 Tremont ST,Boston,MA,02116
3/27/17 12:39,2/6/25 15:59,2/6/29 13:26,Avanti Salon,Full Service Hair Salon,20 Newbury ST,Boston,MA,02116
11/18/14 0:00,1/6/23 13:19,1/6/27 11:57,AVIS RENT A CAR SYSTEM,SHORT TERM AUTO RENTALS,100 Clarendon ST,Boston,MA,02116
10/25/23 10:06,,10/25/27 9:53,Away,Luggage,179 Newbury ST,Boston,MA,02116
3/11/22 10:13,,3/11/26 10:06,Ayr,Cannabis Retail,827 Boylston ST,Boston,MA,02116
5/3/19 13:48,,5/3/23 13:32,Azimuth Psychological,Healthcare,264 Beacon ST,Boston,MA,02116
10/6/14 0:00,10/10/18 12:26,10/10/22 11:41,BABYCOTTONS,RETAIL,35 Newbury ST,Boston,MA,02116
5/13/14 0:00,3/5/26 10:48,3/5/30 10:46,BACCO'S FINE FOODS,RETAIL FOOD WITH TAKEOUT,31 Saint James AV,Boston,MA,02116
5/13/14 0:00,3/5/26 10:50,3/5/30 10:49,BACCO'S WINE AND CHEESE,RETAIL WINE & CHEESE,31 Saint James AV,Boston,MA,02116
6/13/16 0:00,5/31/24 15:18,5/31/28 13:36,BACK BAY ACUPUNCTURE,ACUPUNCTURE,376 Boylston ST,Boston,MA,02116
10/30/19 15:41,12/28/23 13:13,12/28/27 13:05,Back Bay Dental Associates,Dental Office,745 Boylston ST,Boston,MA,02116
1/9/23 14:27,,1/9/27 11:58,Back Bay Eye Care,Optometry Practice,31 Saint James AV,Boston,MA,02116
11/20/18 11:49,11/2/22 12:29,11/2/26 12:28,Back Bay Health & Performance,Physical and Lifestyle Medicine,665 Boylston ST,Boston,MA,02116
8/15/22 14:23,,8/15/26 11:53,Back Bay Life Coaching,Counseling + Coaching,143 Newbury ST,Boston,MA,02116
4/27/16 0:00,5/16/24 12:44,5/16/28 12:42,BACK BAY RESIDENTIAL,REAL ESTATE,231 Commonwealth AV,Boston,MA,02116
3/8/18 15:06,3/5/26 11:02,3/5/30 10:46,Back Bay Social Club,Restaurant/Bar,867 Boylston ST,Boston,MA,02116
9/14/23 10:57,,9/14/27 10:50,Back Bay Staffing Group,Staffing,224 Clarendon ST,Boston,MA,02116
8/14/15 0:00,9/14/23 12:47,9/14/27 11:37,BACK BAY SUITES,REAL ESTATE LEASING,269 Commonwealth AV,Boston,MA,02116
2/21/17 14:39,3/12/25 12:06,3/12/29 11:49,BACK BAY TAILORS,TAILORING,160 Commonwealth AV,Boston,MA,02116
1/25/17 13:22,5/11/23 15:27,5/11/27 15:27,Back Bay Wine & Spirits,Retail Store,185 Dartmouth ST,Boston,MA,02116
11/29/21 13:11,,11/29/25 11:40,BackBay Dental Design,Dental,811-813 Boylston ST,Boston,MA,02116
9/2/25 14:41,,9/2/29 14:39,Baguette Cafe,Cafe,224 Newbury ST,Boston,MA,02116
7/28/15 0:00,9/28/23 13:29,9/28/27 12:30,BALANS ORGANIC SPA,MASSAGE THERAPY/AESTHETICS SPA,216 Newbury ST,Boston,MA,02116
2/16/22 11:48,3/26/26 13:34,3/26/30 9:09,Balenciaga America,Retail,100 Huntington AV,Boston,MA,02116
12/27/17 16:17,1/22/26 8:40,1/16/30 0:00,Banana Republic #8138,Retail,100 Huntington AV,Boston,MA,02116
6/14/19 12:55,,6/14/23 11:28,Bang & Olufsen,retail electronics,141 Newbury ST,Boston,MA,02116
5/28/15 0:00,6/1/23 11:29,6/1/27 11:22,BANYAN BAR AND REFUGE,BAR AND RESTAURANT,553 Tremont ST,Boston,MA,02116
10/27/15 0:00,11/27/23 14:09,11/27/27 14:00,BAR 10,RESTAURANT,10 Huntington AV,Boston,MA,02116
4/19/19 13:13,4/12/23 15:33,4/12/27 15:30,Barbershop Deluxe,barber shop,288 Columbus AV,Boston,MA,02116
4/19/16 0:00,4/18/24 15:56,4/18/28 12:26,BARBERSHOP LOUNGE,SALONLBARBERSHOP,245 Newbury ST,Boston,MA,02116
12/15/14 0:00,3/9/23 9:42,3/9/27 9:37,BARCELONA,RESTAURANT,525 Tremont ST,Boston,MA,02116
11/18/16 11:18,,,Barlola,Restaurant,160 Commonwealth AV,Boston,MA,02116
4/30/18 14:05,4/27/22 14:47,4/27/26 11:05,Barry's Bootcamp,Fitness,10 Huntington AV,Boston,MA,02116
12/19/19 15:23,3/22/24 15:37,3/22/28 15:37,Basile - Fine Italian Kitchen,Restaurant,162 Columbus AV,Boston,MA,02116
9/21/23 12:19,,9/21/27 12:17,Bassick | Forbes Global Properties,Real Estate Brokerage,501 Boylston ST,Boston,MA,02116
8/3/18 13:37,,8/3/22 12:23,Bassil & Budreau,Law Firm,20 Park PZ,Boston,MA,02116
12/17/19 10:10,1/29/24 14:24,1/29/28 14:23,Bauer Wine & Spirits,Liquor store,255 Newbury ST,Boston,MA,02116
6/26/18 16:20,9/2/22 15:29,9/2/26 14:20,Bay State Physical Therapy,Physical Therapy,318 Tremont ST,Boston,MA,02116
12/3/25 9:17,,12/3/29 9:10,Bay State Telemed Virtual Urgent Care 24/7,Virtual Medical Services,3 Arlington ST,Boston,MA,02116
9/7/16 11:55,11/5/24 15:17,11/5/28 15:16,Bay Village Cleaners,Dry Cleaners,350 Tremont ST,Boston,MA,02116
6/5/23 15:37,,6/5/27 12:00,Bay Village Rental,Hospitality STR,7 Melrose ST,Boston,MA,02116
7/11/16 9:02,,,Baystate Financial,Insurance & Financail,20 Park PZ,Boston,MA,02116
7/11/16 9:05,,,Baystate Financial,Insurance & Financial,200 Clarendon ST,Boston,MA,02116
12/5/22 13:12,,12/5/26 13:10,BBQ Chicken,Restaurant,62 Boylston ST,Boston,MA,02116
10/24/18 13:49,,10/24/22 13:28,BBTS,Psychotherapy,29 Commonwealth AV,Boston,MA,02116
7/23/20 15:06,,7/23/24 15:05,BCP Real Estate Group,real estate brokers,581 Boylston ST,Boston,MA,02116
4/6/20 11:29,3/28/24 16:02,3/28/28 11:21,BE WELL BOSTON,Massage therapist,437 Boylston ST,Boston,MA,02116
1/18/19 16:09,2/28/23 12:13,2/28/27 12:04,Beacon Hill Skate,Retail,135 Charles ST,Boston,MA,02116
11/7/25 14:03,,11/7/29 14:02,Beamshyft.com,Kitchen Cabinets sales,261 Commonwealth AV,Boston,MA,02116
4/20/23 15:30,,4/20/27 15:27,Beaucage Salon & Spa,Salon,71 Newbury ST,Boston,MA,02116
3/10/16 0:00,7/3/25 12:26,7/3/29 12:19,BEDFORD/ST. MARTIN'S,PUBLISHING,75 Arlington ST,Boston,MA,02116
5/29/20 12:25,,5/29/24 12:15,BEEP BEEP DELIVERY,DELIVERY SERVICES,398 Columbus AV,Boston,MA,02116
11/30/18 13:22,4/4/23 15:56,4/4/27 15:55,BELL CHIROPRACTIC BOSTON,CHIROPRACTIC OFFICE,137 Newbury ST,Boston,MA,02116
8/18/20 15:29,,8/18/24 15:25,BellÃ¢ÂÂs Creation,Online Retail,376 Columbus AV,Boston,MA,02116
11/6/15 0:00,1/13/20 14:00,1/13/24 11:37,BELLA SANTE DAY SPA MED SPA,DAY SPA/MED SPA,38 Newbury ST,Boston,MA,02116
3/13/23 16:05,,3/14/27 16:03,Ben Kaplan Music,file and Media,231 Beacon ST,Boston,MA,02116
8/21/18 12:55,,8/21/22 12:15,Bensen,Software,165 Beacon ST,Boston,MA,02116
12/27/18 16:16,,12/27/22 16:15,Bepoke Beauty,Esthetics,164 Newbury ST,Boston,MA,02116
11/26/19 10:56,,11/26/23 10:52,Berkeley Bistro,Coffee Shop and Market,200 Berkeley ST,Boston,MA,02116
3/13/15 0:00,2/14/23 10:27,2/14/27 10:25,BERKELEY PERK CAFE,6174267375,69 Berkeley ST,Boston,MA,02116
11/21/22 15:32,,11/21/26 15:23,Berkshire Hathaway Homeservices Robert Paul Properties,Real Estate,140 Newbury ST,Boston,MA,02116
4/29/15 0:00,4/21/23 14:29,4/21/27 14:26,BERKSHIRE HATHAWAY HOMESERVICES WARREN RESIDENTIAL,REAL ESTATE BROKERAGE,535 Boylston ST,Boston,MA,02116
6/25/21 11:13,11/19/25 15:29,11/19/29 15:28,Best Fit Tailoring,Tailoring and Alterations,268 Newbury ST,Boston,MA,02116
2/25/16 0:00,1/8/24 15:44,1/8/28 11:15,BETGOON MARIA WONG INSURANCE AGENCY,INSURANCE AGENCY,318 Tremont ST,Boston,MA,02116
6/10/19 13:11,7/7/23 12:31,7/7/27 11:29,Beth Miga Photography,Photography,37 Fairfield ST,Boston,MA,02116
9/17/12 0:00,,9/17/16 0:00,BETTIE PAGE,RETAIL STORE,32 Newbury ST,Boston,MA,02116
6/9/14 0:00,,6/9/18 0:00,BETTIE PAGE,WITHDRAWAL (9/17/12),32 Newbury ST,Boston,MA,02116
9/8/23 13:51,,9/8/27 13:48,BFA Family Offices,family office-Wealth Management,118 Newbury ST,Boston,MA,02116
11/8/16 14:30,,,BFX STUDIO,HEALTH AND FITNESS CLUB,699 Boylston ST,Boston,MA,02116
9/1/23 9:09,,9/1/27 9:07,Bickford Hill Properties,STR,43 Braddock PK,Boston,MA,02116
6/25/14 0:00,,6/25/18 0:00,BIJOU,RETAIL,100 Huntington AV,Boston,MA,02116
10/23/14 0:00,,10/23/18 0:00,BIJOU,WITHDRAWAL (6/25/2014),100 Huntington AV,Boston,MA,02116
4/29/15 0:00,7/5/19 15:12,7/5/23 14:46,BILLY'S SUB SHOP,SUB SHOP,57 Berkeley ST,Boston,MA,02116
1/31/24 9:41,,1/31/28 9:37,Biologique Recherche,Retail and Spa,186 Newbury ST,Boston,MA,02116
12/3/24 16:24,,12/3/28 16:21,Birkenstock,Apparel - Footwear and Clothing,205 Newbury ST,Boston,MA,02116
7/31/19 12:26,7/18/23 11:50,7/18/27 11:41,Bisexual Resource Center,Resource Center,398 Columbus AV,Boston,MA,02116
9/8/15 0:00,9/18/23 9:48,9/18/27 9:46,BITES OF BOSTON FOOD TOURS,WALKING TOURS,198 Tremont ST,Boston,MA,02116
12/10/18 15:19,12/8/22 12:56,12/8/26 11:20,Blackroom Salon,Hair Salon,61 Berkeley ST,Boston,MA,02116
7/3/25 14:06,,7/3/29 14:04,BLDUP Advisors,Real Estate Advisors,399 Boylston ST,Boston,MA,02116
2/21/23 15:31,,2/21/27 15:29,Blink,Optometry Practice/Retail of Eyewear,252 Newbury ST,Boston,MA,02116
12/10/15 0:00,,12/10/19 0:00,BLO,WITHDRAWAL (7/26/12),437 Columbus AV,Boston,MA,02116
1/28/20 13:12,,1/28/24 13:11,Block Builders,Construction,545 Boylston ST,Boston,MA,02116
6/21/18 12:25,5/25/22 11:34,5/25/26 11:34,Blockbuster Strategy Group,Consulting,113 Commonwealth AV,Boston,MA,02116
7/17/24 10:24,,7/17/28 10:22,BLONDE AND BRONDE SALON,Salon,207 Newbury ST,Boston,MA,02116
11/4/25 16:39,,11/4/29 16:22,Bloome Fruit Tea,Restaurant,215 Newbury ST,Boston,MA,02116
9/21/22 15:03,,9/21/26 14:40,Blue Bottle Coffee,Coffeeshop,163 Newbury ST,Boston,MA,02116
5/15/23 14:39,,5/15/27 14:36,Blue Energy and Spa,Spa,75 Newbury ST,Boston,MA,02116
12/11/19 12:21,1/26/24 15:21,1/26/28 11:19,Blue Moon Smoke Shop,Smoke Shop,263 Newbury ST,Boston,MA,02116
3/26/18 15:31,9/2/22 14:10,9/2/26 11:06,BLUEMERCURY,RETAIL,160 Newbury ST,Boston,MA,02116
10/31/16 10:33,10/15/24 15:44,10/15/28 15:41,Boch Center,Theatre,270 Tremont ST,Boston,MA,02116
6/10/19 9:47,2/16/24 16:29,2/16/28 16:27,BOCONCEPT,Retail,275 Newbury ST,Boston,MA,02116
12/9/25 9:25,,12/9/29 9:21,BODYSPEC,Diagnostic Imaging,125 Newbury ST,Boston,MA,02116
11/19/20 13:13,11/13/24 12:38,11/13/28 12:37,Bodywork by Stephanie,Massage therapy,262 Beacon ST,Boston,MA,02116
3/7/23 11:58,,3/7/27 11:56,Bogosplit,Retail Store,100 Huntington AV,Boston,MA,02116
2/23/18 14:42,,2/23/22 11:34,Bohana,Food Producer,75 Clarendon ST,Boston,MA,02116
8/16/21 15:20,,8/16/25 15:18,BoldLashesBabe,Aesthetic Services,222 Newbury ST,Boston,MA,02116
8/23/23 15:31,,8/23/27 15:12,Bon Appetit Management Co.,Contracted Food Service,150 Boylston ST,Boston,MA,02116
8/23/23 15:33,,8/23/27 15:17,Bon Appetit Management Co.,Food Service Contractor,2 Boylston PL,Boston,MA,02116
5/6/22 10:54,,5/6/26 10:47,Bond Vet,Veterinary Clinic,171 Newbury ST,Boston,MA,02116
6/26/25 11:49,,6/26/29 11:48,Bootleg Special,Restaurant,400 TREMONT ST,BOSTON,MA,02116
2/24/25 14:12,,2/24/29 14:11,Bos Shop,Gift Shop,623 Tremont ST,Roxbury,MA,02116
6/9/17 12:48,6/2/25 11:16,6/2/29 11:13,Boston Acupuncture Oasis,Acupuncture Practice,667 Boylston ST,Boston,MA,02116
4/27/21 15:34,4/18/25 14:41,4/18/29 11:23,BOSTON BARKERY,PET BOUTIQUE & BAKERY,3 Copley PL,Boston,MA,02116
12/13/23 12:47,,12/13/27 12:36,BOSTON CENTER FOR FACIAL REJUVENATION,Cosmetic Services and Plastic Surgery,69 Newbury ST,Boston,MA,02116
12/13/23 12:47,,12/13/27 12:40,BOSTON CENTER FOR PLASTIC SURGERY,Cosmetic Services and Plastic Surgery,69 Newbury ST,Boston,MA,02116
6/22/15 0:00,9/13/19 13:42,9/13/23 11:00,BOSTON CITY GARDENS,LANDSCAPE DESIGN,38 Holyoke ST,Boston,MA,02116
6/5/15 0:00,8/5/19 15:28,8/5/23 15:26,BOSTON CITY PROPERTIES,REAL ESTATE BROKERAGE,581 Boylston ST,Boston,MA,02116
5/18/23 16:03,,5/18/27 16:02,Boston City Properties,Real Estate Brokerage,581 Boylston ST,Boston,MA,02116
1/31/17 9:40,2/9/26 14:33,2/9/30 12:18,Boston Diamond Company,Jewelry,36 Newbury ST,Boston,MA,02116
2/16/18 9:47,10/24/22 15:44,10/24/26 14:01,Boston Direct Health,Medical,4 Clarendon ST,Boston,MA,02116
1/8/14 0:00,3/25/26 7:11,1/21/30 0:00,BOSTON DUCK,TOURS,4 Copley PL,Boston,MA,02116
11/1/13 0:00,10/29/25 16:06,10/29/29 11:07,BOSTON DUCK TOURS,TOURS,4 Copley PL,Boston,MA,02116
7/16/21 12:58,8/25/25 16:53,8/25/29 15:54,Boston Gay Men's Chorus,Performing Arts,539 Tremont ST,Boston,MA,02116
10/26/16 12:22,,10/26/20 12:21,Boston Health and Performance,Physical and Lifestyle Medicine,551 Boylston ST,Boston,MA,02116
5/12/23 15:47,,5/12/27 15:46,BOSTON HOLISTIC HEALTH CENTER,Medical Office,376 Boylston ST,Boston,MA,02116
6/18/19 16:00,6/7/23 12:23,6/7/27 11:18,BOSTON HOME AWAY,SHORT TERM RENTAL,12 Lawrence ST,Boston,MA,02116
8/14/14 0:00,,8/14/18 0:00,BOSTON LUCKY FEET,WITHDRAWAL 2/7/2014,569 Boylston ST,Boston,MA,02116
12/16/14 0:00,12/9/22 15:11,12/9/26 12:09,BOSTON MARRIOTT COPLEY PLACE,LODGING,110 Huntington AV,Boston,MA,02116
9/4/14 0:00,9/9/22 12:52,9/9/26 11:37,BOSTON MASSAGE ASSOCIATES,MASSAGE THERAPY,437 Boylston ST,Boston,MA,02116
9/16/21 11:35,,9/16/25 11:31,Boston Massage Studio,Massage Therapy,651 Boylston ST,Boston,MA,02116
6/27/18 15:40,10/6/22 13:43,10/6/26 13:40,Boston Medical,Medical Work,130 Dartmouth ST,Boston,MA,02116
3/21/25 13:51,,3/21/29 13:50,Boston Mobile Notary & Apostille Service,Notary and Translation Services,501 Boylston ST,Boston,MA,02116
11/30/15 0:00,11/9/23 14:16,11/9/27 14:13,BOSTON NATURAL PRODUCTS,HEALTH AND WELLNESS,9 Knox ST,Boston,MA,02116
10/6/14 0:00,1/17/23 11:34,1/17/27 11:26,BOSTON NIKETOWN,RETAIL,200 Newbury ST,Boston,MA,02116
5/30/14 0:00,5/14/18 14:40,5/14/22 12:17,BOSTON OLIVE OIL COMPANY,RETAIL,262 Newbury ST,Boston,MA,02116
8/12/13 0:00,,8/12/17 0:00,BOSTON PARK PLAZA HOTEL & TOWERS,WITHDRAWAL (12/30/2011),50 Park PZ,Boston,MA,02116
4/29/15 0:00,5/1/23 15:07,5/1/27 15:06,BOSTON PET SITTERS,DOG WALKER/ PET CARE,144 Commonwealth AV,Boston,MA,02116
2/12/20 13:30,,2/12/24 13:29,Boston Photo Imaging,Digital Imaging,355 Boylston ST,Boston,MA,02116
11/17/15 0:00,9/15/23 15:52,9/15/27 15:42,BOSTON PROPER REAL ESTATE,REAL ESTATE,49 Gloucester ST,Boston,MA,02116
10/24/16 11:23,,9/7/26 11:39,BOSTON PROPERTY RENTALS,PROPERTY MANAGEMENT,607 Boylston ST,Boston,MA,02116
5/26/15 0:00,5/23/23 14:51,5/23/27 11:08,BOSTON REALTY ADVISORS,REAL ESTATE,136 Newbury ST,Boston,MA,02116
12/11/24 15:30,,12/11/28 15:28,Boston Sign Experts,Sign Company,399 Boylston ST,Boston,MA,02116
6/24/21 15:13,6/27/25 16:56,6/27/29 15:05,BOSTON SPORTS CLUB,HEALTH & FITNESS CLUB,505 Boylston ST,Boston,MA,02116
9/8/20 14:27,12/31/24 10:32,12/31/28 10:29,Boston Technology Group,Technology Consulting,867 Boylston ST,Boston,MA,02116
4/21/21 13:39,,4/20/25 13:27,Boston Terriers of Boston,Online Retail,9 Harcourt ST,Boston,MA,02116
5/31/22 11:08,,5/31/26 11:07,Boston Towne,Small Collectible Appraisal,199 Marlborough ST,Boston,MA,02116
9/27/23 11:16,,9/27/27 11:16,Boston Towne Coin,Small Collectibles Appraisal,199 Marlborough ST,Boston,MA,02116
1/2/26 10:11,,1/2/30 10:09,Boston Veterinary Clinic,Veterinary Service,363 Tremont ST,Boston,MA,02116
7/26/13 0:00,7/22/25 12:22,7/22/29 12:15,Boston W Hotel and Residences,HOTEL,100 Stuart ST,Boston,MA,02116
9/7/17 10:17,7/16/25 10:47,7/16/29 10:43,Boston Wellness Massage & Skin Care,"Massage, Reflexology & Skin Care",224 Clarendon ST,Boston,MA,02116
8/1/25 14:19,,8/1/29 14:16,Boston's Nail Lounge,Nail Salon,667 Boylston ST,Boston,MA,02116
6/30/15 0:00,6/9/23 11:46,6/9/27 10:45,BOSTON'S NAILS & SPA,"HAIR, NAIL & SKIN CARE, WAX",665 Boylston ST,Boston,MA,02116
4/23/19 9:07,,4/23/23 9:05,BostonXFT,Sales and Marketing,8 Garrison ST,Boston,MA,02116
1/15/21 13:21,1/6/25 16:08,1/6/29 12:20,Bradley & Diegel Salon,hair salon,77 Newbury ST,Boston,MA,02116
4/2/20 13:29,,4/2/24 13:26,BRAHM,PRIVATE EQUITY AND INTERNATIONAL TRADE,665 Washington ST,Boston,MA,02116
5/26/23 14:15,,5/26/27 13:07,Breitling,Retail Watches & Accessories,30 Newbury ST,Boston,MA,02116
3/19/18 15:56,2/16/22 11:46,2/16/26 11:43,BRIGHTR HORIZONS AT DARTMOUTH STREET,CHILD CARE CENTER,185 Dartmouth ST,Boston,MA,02116
1/4/16 0:00,2/12/24 16:30,2/12/28 16:23,BRILLIANT EARTH,JEWELRY SALES,38 Newbury ST,Boston,MA,02116
8/6/18 15:20,,8/6/22 15:02,BRODEUR PARTNERS,PUBLIC RELATIONS,535 Boylston ST,Boston,MA,02116
12/22/14 0:00,11/21/22 9:08,11/21/26 9:07,BRODNEY,RETAIL,176 Newbury ST,Boston,MA,02116
11/8/24 13:53,,11/8/28 13:52,Broncato Barber CO,Barber Shop,242 Newbury ST,Boston,MA,02116
10/30/24 15:45,,10/30/28 15:31,Brooks Brothers #6186,Retail - Apparel,109 Newbury ST,Boston,MA,02116
8/13/20 12:20,8/7/24 11:22,8/7/28 10:39,Brookside Capital,investment,200 Clarendon ST,Boston,MA,02116
8/7/24 11:21,,8/7/28 11:10,Brookside Capital,Invesstments,200 Clarendon ST,Boston,MA,02116
4/14/22 13:11,,4/14/26 11:58,Brownstone,Restuarant,111 Dartmouth ST,Boston,MA,02116
10/9/19 14:25,,10/9/23 12:29,Brunello Cucinelli,Reatail Sale of Apparel,11 Newbury ST,Boston,MA,02116
8/28/24 14:37,,8/28/28 14:27,BSMNT,NightClub,100 Stuart ST,Boston,MA,02116
11/18/15 0:00,7/22/24 15:33,7/22/28 15:26,BTONE FITNESS,FITNESS STUDIO,30 Newbury ST,Boston,MA,02116
11/4/22 15:54,,11/4/26 14:22,Bucherer 1888,Sales of Luxury watches and Jewlery,100 Huntington AV,Boston,MA,02116
11/18/14 0:00,1/6/23 13:22,1/6/27 12:15,BUDGET RENT A CAR SYSTEM,SHORT TERM VEHICLE RENTAL,100 Clarendon ST,Boston,MA,02116
10/23/17 12:10,11/24/25 14:34,11/24/29 12:11,Bulgari,Retail Store,14 Newbury ST,Boston,MA,02116
1/2/24 11:46,,1/2/28 11:41,Bumbershoot Capital Management,Property Management,128 Marlborough ST,Boston,MA,02116
1/2/24 11:46,,1/2/28 11:42,Bumbershoot Maintenance,Property Management,128 Marlborough ST,Boston,MA,02116
10/3/14 0:00,8/30/18 11:36,8/30/22 9:42,BURBERRY,RETAIL,2 Newbury ST,Boston,MA,02116
10/3/14 0:00,8/30/18 11:35,8/30/22 9:47,BURBERRY,CH BUS LOC (9/17/14),100 Huntington AV,Boston,MA,02116
12/3/20 12:00,4/7/25 16:48,4/7/29 16:45,Butterknife,Video Marketing and Advertising,112 Newbury ST,Boston,MA,02116
4/10/14 0:00,,4/10/18 0:00,C PIZZANO & SONS,,286 Columbus AV,Boston,MA,02116
8/13/13 0:00,8/22/25 13:25,8/22/29 13:24,"C.SPA - BOSTON, SKIN & MASSAGE STUDIO",BEAUTY/SPA/WELLNESS,715 Boylston ST,Boston,MA,02116
6/25/19 16:26,,6/25/23 16:24,Cable Stayed Studios,Video Game Development,120 Saint James AV,Boston,MA,02116
11/16/15 0:00,10/31/23 11:46,10/31/27 11:43,CABOT & COMPANY,REAL ESTATE,213 Newbury ST,Boston,MA,02116
11/5/25 10:24,,11/4/29 14:16,Cactus Club Cafe,Restaurant,500 Boylston ST,Boston,MA,02116
2/16/22 15:51,,2/16/26 15:49,Cafe Landwer,Restaurant/Cafe,655 Boylston ST,Boston,MA,02116
9/19/23 12:35,,9/19/27 12:31,CAFE PASTEL,RESTAURANT,40 Trinity PL,Boston,MA,02116
5/3/23 13:14,,5/3/27 13:13,Caffe Nero,Coffee Shop,103 Newbury ST,Boston,MA,02116
12/19/24 15:19,,12/19/28 15:07,CAFFE NERO,COFFEE SHOP,100 Huntington AV,Boston,MA,02116
12/19/24 15:30,,12/19/28 15:27,CAFFE NERO,Coffee Shop,443 Boylston ST,Boston,MA,02116
11/8/13 0:00,,11/8/17 0:00,CALIFORNIA PIZZA KITCHEN,RESTAURANT - CH 227 SEC 5A,137 Stuart ST,Boston,MA,02116
6/18/15 0:00,,6/18/19 0:00,CALIFORNIA PIZZA KITCHEN,WITHDRAWAL (11/8/13),137 Stuart ST,Boston,MA,02116
4/2/25 14:59,,4/2/29 14:58,Campeon Soccer,Online Soccer Store,399 Boylston ST,Boston,MA,02116
6/25/14 0:00,5/26/22 13:26,5/26/26 13:23,CANDIBAR,NIGHTCLUB,71 Warrenton ST,Boston,MA,02116
7/15/24 9:00,,7/15/28 8:57,CANDLEFISH,Retail-specialty candles,110 Newbury ST,Boston,MA,02116
6/27/24 14:15,,6/27/28 14:13,CandleLux,Candle Making Services and Sales,176 Newbury ST,Boston,MA,02116
10/28/15 0:00,12/19/23 13:56,12/19/27 10:40,CAPITAL ONE 360 CAFE,FINANCIAL INSTITUTION,711 Boylston ST,Boston,MA,02116
2/25/20 12:20,3/29/24 15:20,3/29/28 15:15,Capsule Pharmacy Boston,Retail Pharmacy,414 Boylston ST,Boston,MA,02116
8/16/24 14:16,,8/16/28 11:28,Carbon Health,Human Medical Services,399 Boylston ST,Boston,MA,02116
8/5/22 15:07,,8/5/26 11:53,Card Shark,"E-Commerce, online Cards Retail",867 Boylston ST,Boston,MA,02116
4/12/23 12:43,,4/12/27 12:37,Careforth,Caregiving Services And Support,399 Boylston ST,Boston,MA,02116
8/15/25 13:32,,8/15/29 13:28,Careforth,Caregiving Service and Support,399 Boylston ST,Boston,MA,02116
10/21/22 13:51,,10/21/26 13:48,Cargo Rental Club,Consulting,867 Boylston ST,Boston,MA,02116
11/1/19 10:20,10/23/23 15:04,10/23/27 13:49,Carter & Company,Interior Design,36 Newbury ST,Boston,MA,02116
10/6/16 12:59,11/4/25 11:34,11/4/29 11:29,CARTIER NORTH AMERICA,JEWERLY,28 Newbury ST,Boston,MA,02116
2/1/16 0:00,1/4/24 12:54,1/4/28 12:26,CASTANET,CONSIGNMENT - RETAIL,175 Newbury ST,Boston,MA,02116
10/20/21 14:14,10/17/25 13:11,10/17/29 13:02,CastleGate Forwarding,Logistics,4 Copley PL,Boston,MA,02116
11/21/23 13:03,,11/21/27 12:48,Catbird,Retail,156 Newbury ST,Boston,MA,02116
9/16/15 0:00,10/15/19 10:09,10/15/23 10:07,CATCHPOINT PARTNERS,STRATEGIC MARKETING CONSULTANCY,121 Beacon ST,Boston,MA,02116
11/7/18 13:55,10/19/22 13:31,10/19/26 11:21,CBD AMERICAN SHAMAN,RETAIL,227 Newbury ST,Boston,MA,02116
7/23/20 12:22,11/26/24 7:45,11/15/28 0:00,CBfit,Personal training,561 Boylston ST,Boston,MA,02116
4/2/21 14:03,,4/2/25 9:57,CBIZ Alliance,insurance services,500 Boylston ST,Boston,MA,02116
12/13/24 14:19,,12/13/28 14:17,CBIZ Individual Insurance Solutions,Insurance Agent/Broker,500 Boylston ST,Boston,MA,02116
5/5/14 0:00,4/17/18 13:39,4/17/22 12:34,CBIZ RETIREMENT PLAN ADVISORY SERVICES,CH 227 SEC 5A,500 Boylston ST,Boston,MA,02116
12/11/15 0:00,3/4/24 17:33,3/4/28 17:19,CBIZ RETIREMENT PLAN SERVICES,CORPORATION,500 Boylston ST,Boston,MA,02116
12/11/15 0:00,5/17/24 12:36,5/17/28 11:17,CBIZ RETIREMENT PLAN SERVICES,CORPORATION,500 Boylston ST,Boston,MA,02116
8/2/18 14:10,9/12/22 14:51,9/12/26 13:01,"CBIZ TAX, ACCOUTING & ADVISORY OF NEW ENLANG",ACCOUNTING FIRM,500 Boylston ST,Boston,MA,02116
10/29/18 12:39,1/3/23 17:02,12/29/26 9:53,CBIZ Vacation Rental Insurance,Insurance Services,500 Boylston ST,Boston,MA,02116
11/6/20 15:26,1/2/25 14:13,1/2/29 12:45,CDF Therapeutic Bodywork,massage therapy,437 Boylston ST,Boston,MA,02116
9/15/23 14:04,,9/15/27 12:51,Celine-Boston Copley,Retail Clothing,100 Huntington AV,Boston,MA,02116
8/4/21 12:03,,8/4/25 12:02,CellfloRegenMed,Health Care,20 Park PZ,Boston,MA,02116
1/25/19 13:09,,1/25/23 13:07,Celso Enrique Hair Studio,Hair Studio,118 Newbury ST,Boston,MA,02116
3/30/15 0:00,7/7/23 12:36,7/7/27 11:00,CENTERFOLDS,NIGHTCLUB,12 Lagrange ST,Boston,MA,02116
11/21/23 9:29,,11/21/27 8:10,Central Perk,Cafe,205 Newbury ST,Boston,MA,02116
12/19/23 9:31,,12/19/27 9:29,Century 21 Cityside,Real Estate,232 Clarendon ST,Boston,MA,02116
1/6/26 9:36,,1/6/30 9:34,CGK on Newbury,Restaurant,267 Newbury ST,Boston,MA,02116
1/14/15 0:00,12/5/22 11:41,12/5/26 11:38,CH CAROLINA HERRERA,RETAIL CLOTHING SALES,100 Huntington AV,Boston,MA,02116
3/10/17 12:06,7/21/25 11:41,7/21/29 10:03,CH2M Hill,Engineering Services,120 Saint James AV,Boston,MA,02116
3/23/15 0:00,3/29/19 13:07,3/29/23 11:00,CH2M HILL,CONSTRUCTION MANAGEMENT,120 Saint James AV,Boston,MA,02116
2/13/17 13:21,7/21/25 11:40,7/21/29 9:52,CH2M Hill Engineers,Engineering Services,10 ST JAMES AV,BOSTON,MA,02116
1/23/17 11:25,7/22/25 15:15,7/22/29 15:13,CHABA BY A AND M,FLOWER SHOP,71 Stuart ST,Boston,MA,02116
9/10/14 0:00,9/13/18 14:26,9/13/22 13:37,CHAMPIONSCOTT PARTNERS,EXECUTIVE RECRUITING,321 Columbus AV,Boston,MA,02116
7/2/24 16:05,,7/2/28 15:28,Chanel,"Retail of clothing, frangrance & cosmetics.",6 Newbury ST,Boston,MA,02116
10/6/21 11:08,10/6/25 8:47,10/6/29 8:41,Charles Street Dental,Dentist's Office,121 Charles ST,Boston,MA,02116
7/21/17 13:30,5/21/25 13:49,5/21/29 13:46,Charlies Sandwich Shoppe,Restaurant,429 Columbus AV,Boston,MA,02116
10/12/22 13:19,,10/12/26 13:16,Charme Jewelry and Accessories,Jewelry and Accessories retail,244 Newbury ST,Boston,MA,02116
9/10/21 11:28,11/24/25 15:49,11/24/29 11:17,Cheryl Richards,Photography,20 Park PZ,Boston,MA,02116
9/28/17 11:56,8/26/25 13:14,8/26/29 13:12,Chi Harmony Acupuncture,Acupuncture,10 Park PZ,Boston,MA,02116
8/18/21 12:50,7/22/25 10:45,7/22/29 10:40,Chick-Fil-A Copley Square Inline,ChicFil-A Franchise Restaurant,569 Boylston ST,Boston,MA,02116
8/9/21 11:42,,8/9/25 11:39,Childs Gallery,retail art gallery,168 Newbury ST,Boston,MA,02116
12/3/25 9:17,,12/3/29 9:12,Chisolm Demertine General Practice Clinic,Virtual Medical Services,3 Arlington ST,Boston,MA,02116
7/22/25 11:08,,7/22/29 11:08,Christine Fuchs Advisors,Coaching Services,184 Marlborough ST,Boston,MA,02116
3/2/22 15:52,,3/2/26 11:58,Christmas Trees USA,Online Retail,665 Washington ST,Boston,MA,02116
2/28/18 10:13,,2/28/22 10:12,Churros & Cravings,Street Food (fried pastry),233 Newbury ST,Boston,MA,02116
10/4/18 14:07,8/3/22 12:04,8/3/26 12:03,City Smoke,Smoke Shop,167 Newbury ST,Boston,MA,02116
12/17/21 13:44,11/24/25 11:41,11/24/29 11:39,CJF Consulting,Freelance Consulting,52 Appleton ST,Boston,MA,02116
11/6/13 0:00,9/16/25 9:27,9/16/29 9:25,CLARENDON BARBERS,BARBER SHOP,59 Clarendon ST,Boston,MA,02116
7/21/14 0:00,6/9/22 10:36,6/9/26 10:35,CLEARPOINT STRATEGY,SOFTWARE,75 Arlington ST,Boston,MA,02116
4/14/22 13:08,3/25/26 16:24,3/25/30 16:01,Clerys,Restaurant,113 Dartmouth ST,Boston,MA,02116
6/27/25 11:33,,6/27/29 11:30,Click Insurance,Property and Casualty Insurance,131 Dartmouth ST,Boston,MA,02116
3/18/21 13:51,3/13/25 16:36,3/13/29 15:27,CLIENTEL3,FITNESS,364 Boylston ST,Boston,MA,02116
10/27/25 15:31,,10/27/29 15:30,Clover Roe Events,Event Planner,14 Fayette ST,Boston,MA,02116
6/27/23 11:31,,6/27/27 11:30,"CMD Dermatology, Laser & Aesthetics",Medical Practice,745 Boylston ST,Boston,MA,02116
4/10/23 15:52,,4/10/27 15:31,CMG Home Loans,Mortgage Office,264 Beacon ST,Boston,MA,02116
2/2/22 16:09,,2/2/26 16:06,COAST 2 COAST VENTURES,AMAZON SALES/E-COMMERCE,867 Boylston ST,Boston,MA,02116
5/6/19 13:15,4/10/23 14:15,4/10/27 13:08,Cognition Financial,Private Student Loans,200 Clarendon ST,Boston,MA,02116
8/22/23 15:58,,8/22/27 15:57,Colby Davis of Boston,Jewelry / Gift Store,33 Newbury ST,Boston,MA,02116
8/23/18 12:26,,8/23/22 12:22,Coldwell Banker Commercial NRT,Commercial Real estate brokerage,399 Boylston ST,Boston,MA,02116
2/11/20 13:33,4/1/25 13:07,4/1/29 12:53,Coldwell Banker Commercial Realty,Real Estate Brokerage,399 Boylston ST,Boston,MA,02116
1/8/20 15:02,,1/8/24 14:04,Coldwell Banker NRT,real estate brokerage,10 Berkeley ST,Boston,MA,02116
1/8/20 15:02,,1/8/24 13:47,Coldwell Banker NRT,real estate brokerage,399 Boylston ST,Boston,MA,02116
1/8/20 15:02,4/16/24 11:08,4/16/28 11:04,Coldwell Banker Realty,real estate brokerage,519 Tremont ST,Boston,MA,02116
1/8/20 15:02,4/1/25 13:07,4/1/29 12:53,Coldwell Banker Realty,real estate brokerage,399 Boylston ST,Boston,MA,02116
8/23/18 12:26,,8/23/22 12:22,Coldwell Banker Residential Brokerage,Commercial Real estate brokerage,399 Boylston ST,Boston,MA,02116
2/21/23 15:31,,2/21/27 15:29,Colour Jade Studio,Hair Stylist,119 Newbury ST,Boston,MA,02116
9/15/23 14:15,,9/15/27 14:13,Colt Energy Audits,Energy Auditor,110 Stuart ST,Boston,MA,02116
6/9/14 0:00,5/31/22 14:16,5/31/26 13:15,COLUMBUS DRY CLEANERS,DRY CLEANING DROP STORE,465 Columbus AV,Boston,MA,02116
2/18/26 16:05,,2/18/30 15:57,Columbus Hospitality Group,Management,74 Clarendon ST,Boston,MA,02116
5/31/24 12:47,,5/31/28 12:45,Commonwealth Breathwork,Wellness,154 Newbury ST,Boston,MA,02116
11/3/23 13:03,,11/3/27 13:00,Commonwealth Real Estate Advisors,Real Estate,75 Arlington ST,Boston,MA,02116
10/28/21 13:02,,10/28/25 12:59,Compass Development Marketing Group,Real Estate,126 Newbury ST,Boston,MA,02116
8/15/23 10:00,,8/15/27 9:38,Compass One,Contracted Food Prep & Sales,711 Boylston ST,Boston,MA,02116
3/26/18 14:07,4/14/22 13:04,4/14/26 12:41,Compass Wellness,Behavioral Health,75 Arlington ST,Boston,MA,02116
1/29/25 15:06,,1/29/29 15:05,Competitive Edge Essay Tutoring,Educational Services,191 Commonwealth AV,Boston,MA,02116
5/11/20 13:59,,5/11/24 13:02,Computer Geeks,Technology,607 Boylston ST,Boston,MA,02116
2/5/16 0:00,10/15/24 12:52,10/15/28 12:49,CONCIERGE SERVICES FOR PATIENTS,CONCIERCE SERVICES,17 Arlington ST,Boston,MA,02116
11/28/18 13:06,,11/28/22 13:05,Condo Intel,Real Estate,77 Newbury ST,Boston,MA,02116
12/21/18 12:08,12/2/24 16:36,12/2/28 16:35,Connect to Success,All Legal Purposes,303 Columbus AV,Boston,MA,02116
3/20/15 0:00,6/6/23 11:40,6/6/27 11:35,COPLEY HOUSE,REAL ESTATE,239 Newton ST,Boston,MA,02116
2/7/14 0:00,12/22/25 10:57,12/22/29 10:53,COPLEY INVESTMENTS COMPANIES,Property Management,77 Newbury ST,Boston,MA,02116
10/1/12 0:00,,10/1/16 0:00,COPLEY PLAZA HOTEL,WITHDRAWAL (4/14/10),138 Saint James AV,Boston,MA,02116
4/22/19 14:52,,4/22/23 14:39,Copley Real Estate Group,Real Estate,399 Boylston ST,Boston,MA,02116
2/15/24 11:41,,2/15/28 11:40,Corcoran Property Advisors,Residential Real Estate,14 Newbury ST,Boston,MA,02116
7/16/20 15:13,,7/16/24 14:31,Core Investments,Property Management,699 Boylston ST,Boston,MA,02116
3/11/22 13:01,,3/11/26 12:37,CorePower Yoga,Yoga Instruction Retail,399 Boylston ST,Boston,MA,02116
6/8/21 10:05,,6/8/25 10:03,CoreView,Online clothing and mask,130 Dartmouth ST,Boston,MA,02116
8/22/14 0:00,9/1/22 13:54,9/1/26 13:06,CORNERSTONE RESEARCH,CONSULTING FIRM,699 Boylston ST,Boston,MA,02116
12/21/23 11:54,,12/21/27 11:49,COS,RETAIL CLOTHING STORE,138 Newbury ST,Boston,MA,02116
12/10/19 12:51,,12/10/23 12:50,Cosmica,Restaurant,40 Berkeley ST,Boston,MA,02116
6/17/24 9:45,,6/17/28 9:36,Cotopaxi,Retail,201 Newbury ST,Boston,MA,02116
2/10/23 12:32,,2/10/27 12:31,Courtney Scharneck Wellness,Message Therapy,437 Boylston ST,Boston,MA,02116
6/2/25 9:38,,6/2/29 9:36,Courtyard Boston Copley Square,Hotel,88 Exeter ST,Boston,MA,02116
10/5/15 0:00,1/12/24 9:54,1/12/28 9:53,COURTYARD BOSTON DOWNTOWN,HOTEL,275 Tremont ST,Boston,MA,02116
7/2/13 0:00,,7/2/17 0:00,COURTYARD BOSTON DOWNTOWN/TREMONT,WITHDRAWAL (8/17/12),275 Tremont ST,Boston,MA,02116
12/24/14 0:00,,12/24/18 0:00,COX DIGITAL SOLUTIONS,WITHDRAWAL (1/4/11),399 Boylston ST,Boston,MA,02116
7/21/25 13:08,,7/21/29 12:57,CP IX LUKA,Real Estate & Property Management,45 Stuart ST,Boston,MA,02116
3/2/22 15:52,,3/2/26 12:13,Created Futures,Career and Life Coaching,665 Washington ST,Boston,MA,02116
9/8/17 10:00,9/15/25 9:24,9/15/29 9:06,CREDO,RETAIL,177 Newbury ST,Boston,MA,02116
3/21/14 0:00,,3/21/18 0:00,CREPERIE ON NEWBURY,WITHDRAWAL (6/21/13),259 Newbury ST,Boston,MA,02116
6/21/13 0:00,,6/21/17 0:00,CREPERIE ON NEWBURY STREET,RESTAURANT,259 Newbury ST,Boston,MA,02116
3/22/22 13:14,2/26/26 15:25,2/26/30 11:05,CrossCountry Mortgage,Mortgage Company,399 Boylston ST,Boston,MA,02116
5/2/16 0:00,,5/2/20 0:00,CRYOHEALTHBOSTON,MEDICAL SPA,252 Newbury ST,Boston,MA,02116
5/2/16 0:00,,5/2/20 0:00,CRYOHEALTHBOSTON,,252 Newbury ST,Boston,MA,02116
5/7/18 11:07,,5/7/22 11:07,CTKelley Consulting,Consulting,274 Marlborough ST,Boston,MA,02116
2/12/13 0:00,,2/12/17 0:00,CUFFS BAR,WITHDRAWAL (10/21/11),350 Stuart ST,Boston,MA,02116
12/17/13 0:00,6/8/22 16:04,6/8/26 15:51,CURRENCY EXCHANGE INTERNATIONAL,RETAIL/FINANCIAL CURRENCY EXCH,100 Huntington AV,Boston,MA,02116
4/17/24 16:43,,4/17/28 16:40,CURVES BRASILEIRA,Aesthetician,115 Newbury ST,Boston,MA,02116
10/23/19 16:19,11/15/23 11:36,11/15/27 11:28,Cuyana,Ladies Luxury Retailer,112 Newbury ST,Boston,MA,02116
1/18/22 15:03,12/12/25 16:02,12/12/29 14:19,CVS /Pharmacy #8972,Retail/Pharmacy,285 Columbus AV,Boston,MA,02116
8/8/13 0:00,8/15/25 9:34,8/15/29 8:02,CVS/PHARMACY # 12 0 6,RETAIL PHARMACY,240 Newbury ST,Boston,MA,02116
8/8/13 0:00,8/15/25 9:35,8/15/29 8:03,CVS/PHARMACY #1217,RETAIL PHARMACY,587 Boylston ST,Boston,MA,02116
2/12/26 16:59,,2/12/30 12:50,D.M. Therese Byrne,STR,116 Commonwealth AV,Boston,MA,02116
8/12/19 9:50,,8/12/23 9:48,Dani DeWitt,Software Consulting,10 Fayette ST,Boston,MA,02116
4/22/14 0:00,,4/22/18 0:00,DANIELA WINSTON MEDSPA,MEDICAL SPA,135 Newbury ST,Boston,MA,02116
4/22/14 0:00,,4/22/18 0:00,DANIELA WINSTON MEDSPA,,135 Newbury ST,Boston,MA,02116
6/26/14 0:00,6/13/22 15:10,6/13/26 15:09,DASH LIVERY,LIVERY SERVICE,308 Columbus AV,Boston,MA,02116
7/18/24 15:32,,7/18/28 11:03,DAVE'S HOT CHICKEN,TAKE-OUT RESTAURANT,123 Stuart ST,Boston,MA,02116
6/2/20 10:23,5/16/24 12:57,5/16/28 11:59,David Cobb Massage Therapy,Massage therapy,45 Newbury ST,Boston,MA,02116
12/12/17 11:55,7/31/23 11:49,7/31/27 11:45,David Yurman,Limited Liability Company,100 Huntington AV,Boston,MA,02116
3/16/20 15:56,,3/16/24 15:53,DayToDay Health,Technology,120 Saint James AV,Boston,MA,02116
1/23/19 12:32,,1/23/23 10:11,DC Advisory,Advisory Services,200 Clarendon ST,Boston,MA,02116
7/8/22 12:48,,7/8/26 12:47,de Gale's Furnishing,Online Furniture Store,867 Boylston ST,Boston,MA,02116
3/26/15 0:00,4/2/19 15:37,4/2/23 15:36,DEAN MELLEN PRODUCTIONS,HAIR SALON,91 Newbury ST,Boston,MA,02116
8/5/16 11:20,5/30/24 13:48,5/30/28 10:48,Defi Japan,Hair Salon,132 Newbury ST,Boston,MA,02116
10/22/14 0:00,,10/22/18 0:00,DEFI JAPAN,WITHDRAWAL (11/13/12,2 Clarendon ST,Boston,MA,02116
11/13/12 0:00,,11/13/16 0:00,DEFI JAPAN,HAIR SALON,207 Newbury ST,Boston,MA,02116
9/23/14 0:00,,9/23/18 0:00,DELIGHTFULLY DELICIOUS FILMS,FILM PRODUCTION COMPANY,120 Boylston ST,Boston,MA,02116
1/15/15 0:00,,1/15/19 0:00,DELIGHTFULLY DELICIOUS FILMS,WITHDRAWAL (9/23/14),120 Boylston ST,Boston,MA,02116
2/26/18 14:17,5/2/22 13:58,5/2/26 10:15,DELLARIA SALON,HAIR SALON,221 Newbury ST,Boston,MA,02116
10/14/20 11:23,10/14/20 11:23,10/14/24 10:20,Deloitte,Mgmt Services,200 Berkeley ST,Boston,MA,02116
10/14/20 11:23,10/14/20 11:23,10/14/24 10:24,Deloitte & Touche,Accounting Services,200 Berkeley ST,Boston,MA,02116
10/14/20 11:22,3/13/25 16:01,3/13/29 15:49,Deloitte Consulting,Consulting Services,200 Berkeley ST,Boston,MA,02116
10/14/20 11:25,3/13/25 16:01,3/13/29 15:42,Deloitte Financial Advisory Services,Advisory Services,200 Berkeley ST,Boston,MA,02116
10/14/20 11:24,3/13/25 16:01,3/13/29 15:45,Deloitte Services,Admin Services,200 Berkeley ST,Boston,MA,02116
10/16/20 11:29,3/13/25 16:01,3/13/29 15:46,Deloitte Tax,Tax Services,200 Berkeley ST,Boston,MA,02116
10/14/20 12:38,3/13/25 16:01,3/13/29 15:44,Deloitte Transactions and Business Analytics,Accounting Services,200 Berkeley ST,Boston,MA,02116
2/25/22 16:07,2/24/26 10:08,2/24/30 10:05,DeLuca's Market,Retail Grocery & Wine Cellar,239 Newbury ST,Boston,MA,02116
1/16/20 14:35,,1/16/24 9:47,DENIM LAB,RETAIL,156 Newbury ST,Boston,MA,02116
7/6/15 0:00,7/19/23 9:31,7/19/27 12:22,DEPENDABLE CLEANERS,RETAIL DRY CLEANERS,110 Newbury ST,Boston,MA,02116
8/23/21 11:41,8/12/25 11:19,8/12/29 10:58,DeRosa Center,Medical Office,91 Newbury ST,Boston,MA,02116
10/12/23 13:41,,10/12/27 13:34,Dig.,Restaurant,557 Boylston ST,Boston,MA,02116
8/2/22 11:48,,8/2/26 11:47,Dilly Dally Records,Record Label,217 Newton ST,Boston,MA,02116
11/20/24 12:03,,11/20/28 11:59,Diptyque,Retail Fragrances,123 Newbury ST,Boston,MA,02116
9/23/13 0:00,2/6/25 11:32,2/6/29 11:25,Dirty Water Dough Company,Restaurant,222 Newbury ST,Boston,MA,02116
10/29/24 9:44,,10/29/28 9:41,Distinct Recruitment,Recruitment Services,501 Boylston ST,Boston,MA,02116
5/10/19 12:11,,5/10/23 11:47,DoctorDoctor,Health Clinic,262 Beacon ST,Boston,MA,02116
9/16/21 12:26,8/25/25 15:01,8/25/29 14:59,Dog Eat Cake Pet Bakery,Dog Treats,298 Columbus AV,Boston,MA,02116
5/23/13 0:00,,5/23/17 0:00,DOLLAR RENT A CAR,WITHDRAWAL(8/27/10),110 Huntington AV,Boston,MA,02116
11/18/21 14:10,10/27/25 13:29,10/27/29 11:09,DONNELLY AND COMPANY,RESIDENTIAL REAL ESTATE,129 Newbury ST,Boston,MA,02116
9/16/13 0:00,3/10/26 11:41,3/10/30 11:39,DOUBLETREE HOTEL - DOWNTOWN,HOTEL,821 Washington ST,Boston,MA,02116
2/17/23 11:09,,2/17/27 11:06,DOUGHBOYNATAN,Online Retail,399 Boylston ST,Boston,MA,02116
11/20/17 14:23,11/21/25 14:22,11/21/29 14:20,Douglas Elliman Real Estate,Real Estate Brokerage,20 Park PZ,Boston,MA,02116
6/26/17 13:09,8/3/22 11:46,8/3/26 11:40,Douzo Japanese Restaurant,Restaurant,131 Dartmouth ST,Boston,MA,02116
1/5/22 9:58,3/23/26 16:43,3/23/30 16:10,Dowling PEO,PEO,131 Dartmouth ST,Boston,MA,02116
12/2/22 12:08,,12/2/26 11:58,DOWN UNDER YOGA SCHOOL OF YOGA,YOGA STUDIO,505 Tremont ST,Boston,MA,02116
9/6/19 16:15,,9/6/23 16:14,Downtown Smoke Inc.,Smoke Shop,40 Boylston ST,Boston,MA,02116
11/25/20 13:56,10/28/24 16:33,10/28/28 13:26,Dr. George Stevens,Dentist office,26 Marlborough ST,Boston,MA,02116
7/17/25 10:07,,7/17/29 10:06,Dragana Hair Designer,Hair Salon,207 Newbury ST,Boston,MA,02116
12/11/18 11:20,1/17/23 11:56,1/17/27 11:33,DRB Facility Services,Building Maintenance,4 Copley PL,Boston,MA,02116
2/1/19 10:33,,2/1/23 10:32,Drumi,On-line Mattress Sales,31 Saint James AV,Boston,MA,02116
8/2/22 13:00,,8/2/26 12:14,Drybar,Hair Salon,234 Clarendon ST,Boston,MA,02116
7/13/16 14:31,2/25/21 15:00,2/25/25 12:38,Drybar,Hair Salon,234 Clarendon ST,Boston,MA,02116
12/24/24 15:21,,12/24/28 15:18,Drybar Back Bay,Hair Salon,234 Clarendon ST,Boston,MA,02116
7/10/19 14:06,7/14/23 9:26,7/11/27 0:00,DSJ GLOBAL,Staffing Group,200 Clarendon ST,Boston,MA,02116
8/6/14 0:00,11/14/23 15:28,11/14/27 11:39,DTR MODERN GALLERIES,ART GALLERY,167 Newbury ST,Boston,MA,02116
5/11/15 0:00,5/10/23 15:57,5/10/27 12:18,DUCK TOURS,LAND AND WATER TOURS ON AMPHIBIOUS VEHICLES,4 Copley PL,Boston,MA,02116
1/20/23 16:03,,1/20/27 15:07,Dunkin Donuts,Quick Service Retail,8 Park PZ,Boston,MA,02116
6/30/14 0:00,6/27/18 14:54,6/27/22 12:14,DUNKIN DONUTS,QUICK SERVICE RETAIL,8 Park PZ,Boston,MA,02116
6/30/14 0:00,6/27/18 14:54,6/27/22 13:37,DUNKIN DONUTS,QUICK SERVICE RETAIL,430 Stuart ST,Boston,MA,02116
8/1/25 12:27,,8/1/29 11:34,DW Ventures,Medical Stay-Short Term Rental,189 Warren AV,Boston,MA,02116
2/22/22 15:28,,2/22/26 15:27,E MARKET,Convenience Store,4 Park PZ,Boston,MA,02116
5/17/21 15:10,4/24/25 16:38,4/24/29 12:00,East Coast Ivy,Women's Clothing & Accessories boutique,121 Charles ST,Boston,MA,02116
11/6/23 12:00,,11/6/27 11:58,East West Art,Art & Jewelry Sales,150 Newbury ST,Boston,MA,02116
7/21/14 0:00,7/19/18 11:37,7/19/22 10:57,EASTERN BANK,BANKING/FINANCIAL SERVICES,155 Dartmouth ST,Boston,MA,02116
3/16/20 14:54,,3/16/24 14:51,Easy Access Pro,Retail,398 Columbus AV,Boston,MA,02116
6/30/16 12:23,7/31/24 15:43,7/31/28 15:40,Eating Disorder Center of Boston,Eating Desorder Treatment Center,419 Boylston ST,Boston,MA,02116
11/25/14 0:00,12/15/23 14:06,12/15/27 14:05,ECCO BEAUTY HAIR SALON,HAIR SALON,2 Boylston ST,Boston,MA,02116
7/9/18 12:16,,7/9/22 12:13,Ecco6D,Hair Extensions,2 Boylston ST,Boston,MA,02116
5/25/21 13:22,,5/25/25 13:19,ECHO FENCING,FITNESS/FENCING STUDIO,883 Boylston ST,Boston,MA,02116
1/25/17 15:51,3/31/21 12:28,3/31/25 11:28,ECO-BUILDERS Worldwide,Carpentry,2 Park PZ,Boston,MA,02116
8/22/22 12:54,,8/22/26 12:53,EDEN PARK PARIS,FASHION RETAIL,100 Huntington AV,Boston,MA,02116
5/25/22 15:43,,5/25/26 13:33,Edge Software,Software Development,867 Boylston ST,Boston,MA,02116
11/22/21 15:59,,11/22/25 14:57,Edited Pieces,Online Fashion Retailer,11B Appleton ST,Boston,MA,02116
11/16/22 15:42,,11/16/26 15:31,Edward Jones,Financial Services,419 Boylston ST,Boston,MA,02116
2/27/20 11:15,7/28/25 9:21,7/28/29 9:20,Edward Voccola & Co,Loan Consulting,75 Arlington ST,Boston,MA,02116
3/7/23 13:44,,3/7/27 13:33,El Jefe's Taqueria Of Boston Common,Restaurant,80 Boylston ST,Boston,MA,02116
12/27/23 11:13,,12/27/27 11:10,El Planeta Media,Spanish Newspaper,399 Boylston ST,Boston,MA,02116
8/8/19 14:00,7/25/23 8:53,7/24/27 12:50,Elara Caring,Home health care agency,359 Boylston ST,Boston,MA,02116
3/29/24 13:34,,3/29/28 13:33,Elemental Aesthetics,Med Spa,251 Newbury ST,Boston,MA,02116
7/12/22 14:05,,7/12/26 12:00,Elevate Boutique Business Solutions,Business Consulting,867 Boylston ST,Boston,MA,02116
1/30/24 15:04,,1/30/28 15:02,Elevate Fitness,Personal trainer,755 Boylston ST,Boston,MA,02116
7/14/22 12:59,,7/14/26 12:54,Elevated Hydrogen,Energy Development Consulting,232 Canton ST,Boston,MA,02116
4/6/18 10:29,,4/6/22 10:27,Elevation Theory Newbury,Men's Grooming,250 Newbury ST,Boston,MA,02116
10/9/18 13:52,,10/9/22 13:49,ELFTRICK,ONLINE RETAIL,16 Harcourt ST,Boston,MA,02116
3/22/18 9:14,10/14/22 13:15,10/14/26 13:13,Elite Lash Studio,Esthetics,224 Clarendon ST,Boston,MA,02116
7/25/13 0:00,,7/25/17 0:00,ELLIOT TAILOR,TAILORING,245 Newbury ST,Boston,MA,02116
9/18/14 0:00,,9/18/18 0:00,ELLIOT TAILOR,WITHDRAWAL 7/25/2013,245 Newbury ST,Boston,MA,02116
1/15/26 12:46,,1/15/30 10:02,Ellis Early Learning,Child Care,58 Berkeley ST,Boston,MA,02116
1/14/26 14:48,,1/14/30 14:47,Ellis Early Learning,Child Care,66 Berkeley ST,Boston,MA,02116
10/23/19 11:44,,10/23/23 11:42,EMC3 Global,Event planning,501 Boylston ST,Boston,MA,02116
8/13/18 13:31,,8/13/22 12:03,"EMILY JOHNSTON LICAC, MAC, MS",ACUPUNTURE CLINIC,376 Boylston ST,Boston,MA,02116
6/27/18 15:40,10/6/22 13:43,10/6/26 13:39,Emma Li Boston,Retail,130 Dartmouth ST,Boston,MA,02116
3/17/25 14:41,,3/17/29 13:41,Encore,Audio Visual Rental and Services,40 Trinity PL,Boston,MA,02116
6/8/22 16:57,,6/8/26 14:34,Encore,Rental Of Audio And Visual Equip,120 Huntington AV,Boston,MA,02116
10/31/16 13:02,7/28/25 17:25,7/28/29 15:18,Encore,Audio/Visual Equipment,110 Huntington AV,Boston,MA,02116
6/8/22 16:57,,6/8/26 16:40,ENCORE,Rental Of Audio And Visual Equip,200 Boylston ST,Boston,MA,02116
7/27/22 10:45,,7/27/26 10:16,ENCORE,RENTAL OF AUDIO AND VISUAL EQUIP,100 Stuart ST,Boston,MA,02116
10/13/23 15:14,,10/13/27 13:33,Encore,Audio Visual Equipment Rental,154 Berkeley ST,Boston,MA,02116
11/28/18 12:14,1/20/23 11:13,1/20/27 11:10,Endeavor Psychology,Therapy Practice,10 Newbury ST,Boston,MA,02116
11/17/14 0:00,,11/17/18 0:00,ENGEL & VOLKERS BOSTON,REAL ESTATE BROKERAGE,2 Clarendon ST,Boston,MA,02116
1/8/16 0:00,,1/8/20 0:00,ENGEL & VOLKERS BOSTON,WITHDRAWAL (11/17/14),2 Clarendon ST,Boston,MA,02116
5/1/23 12:19,,5/1/27 12:16,Enlighten Beauty Studios,Salon,207 Newbury ST,Boston,MA,02116
1/9/18 15:00,1/8/26 12:06,1/8/30 12:00,Enterprise Rent-A-Car,Car Rental,200 Stuart ST,Boston,MA,02116
1/21/16 0:00,2/16/24 13:58,2/16/28 11:55,ENZO & CO. SALON,HAIR SALON,161 Newbury ST,Boston,MA,02116
6/12/24 13:36,,6/12/28 12:44,EPM Scientific,Staffing Group,200 Clarendon ST,Boston,MA,02116
1/7/26 13:06,,1/7/30 13:05,Epsilon Laboratories,"Research, Development, and Marketing",867 Boylston ST,Boston,MA,02116
2/12/15 0:00,2/27/23 13:48,2/27/27 12:49,EQUINOX FITNESS CLUB,HEALTH & FITNESS CENTER,131 Dartmouth ST,Boston,MA,02116
11/9/17 8:49,10/27/25 11:39,10/27/29 11:38,Eric P Lefevre,Counseling,82 Marlborough ST,Boston,MA,02116
8/4/21 9:09,,8/4/25 9:06,Esperanza Herbals,Aesthetics Salon,224 Clarendon ST,Boston,MA,02116
12/26/24 16:22,,12/26/28 16:13,Esther by Hadassah,Online Retail Clothing,867 Boylston ST,Boston,MA,02116
8/18/15 0:00,7/22/19 10:53,7/22/23 10:52,ETHIOCLEANING,GENERAL CLEANING,222 Stuart ST,Boston,MA,02116
12/7/15 0:00,11/21/23 10:09,11/21/27 10:06,EUROPEAN WATCH CO,WATCH SALES AND REPAIR,137 Newbury ST,Boston,MA,02116
2/26/15 0:00,,2/26/19 0:00,EUROPEAN WAX CENTER,WAXING CENTER,216 Newbury ST,Boston,MA,02116
2/23/18 10:59,2/7/22 14:23,2/7/26 14:07,European Wax Center,Waxing and Hair Removal,216 Newbury ST,Boston,MA,02116
4/23/15 0:00,,4/23/19 0:00,EUROPEAN WAX CENTER,WITHDRAWAL (2/26/15),216 Newbury ST,Boston,MA,02116
8/29/18 16:18,,8/29/22 16:17,Eva Michelle Studios,Hair Salon,118 Newbury ST,Boston,MA,02116
7/21/25 16:48,,7/21/29 16:02,Event Network #5003,Retail Gift Shop,64 Arlington ST,Boston,MA,02116
7/21/25 16:43,,7/21/29 16:13,Event Network #5020,Retail Gift Shop,110 Huntington AV,Boston,MA,02116
7/21/25 16:47,,7/21/29 16:07,Event Network #5024,Retail Gift Shop,10 Huntington AV,Boston,MA,02116
8/11/16 11:41,,,EVERBARE,AESTHEICIAN OFFICE,137 Newbury ST,Boston,MA,02116
7/21/22 14:47,,7/21/26 14:44,Everbeard,Hair Care Products Retail,867 Boylston ST,Boston,MA,02116
10/13/15 0:00,11/30/23 11:04,11/30/27 11:01,EVERETT AUTO CO,INVESTMENT,2 Clarendon ST,Boston,MA,02116
10/13/15 0:00,11/30/23 11:04,11/30/27 11:00,"EVERETT AUTO PARTS, CO.",INVESTMENT,266 Beacon ST,Boston,MA,02116
2/19/21 15:27,,,Evolve Bootcamp,Outdoor Fitness bootcamp,139 Charles ST,Boston,MA,02116
12/30/25 15:11,,12/30/29 15:11,Exos,Health And Fitness,200 Clarendon ST,Boston,MA,02116
11/8/21 13:53,10/17/25 9:53,10/17/29 9:51,Expert Dental Advisory,Dental Consulting,1 Charles ST,Boston,MA,02116
6/1/23 14:07,,6/1/27 13:49,Express Edit #2911,Retail Clothing Store,109 Newbury ST,Boston,MA,02116
6/9/25 12:47,,6/9/29 12:45,Extension Arts,Salon,115 Newbury ST,Boston,MA,02116
6/18/24 13:10,,6/18/28 13:10,Extra Space Storage (#6506),Self Storage Facility,235 Beacon ST,Boston,MA,02116
9/24/15 0:00,,9/24/19 0:00,EYESTARR,WITHDRAWAL (12/2/11),170 Commonwealth AV,Boston,MA,02116
2/9/22 16:00,,2/9/26 15:53,EZ Tech Repair,e-commerce,133 Clarendon ST,Boston,MA,02116
2/24/22 16:28,,2/24/26 10:36,Ezinne Real Estate,Real Estate,867 Boylston ST,Boston,MA,02116
8/22/24 14:23,,8/22/28 14:22,F.A.M. Fitness,Personal Training,560 Boylston ST,Boston,MA,02116
10/27/22 11:17,,10/27/26 11:15,Faccia a Faccia,Restaurant,276 Newbury ST,Boston,MA,02116
11/30/18 11:40,6/1/23 12:31,6/1/27 12:27,Fairmont Copley Plaza,Hotel,138 Saint James AV,Boston,MA,02116
12/10/25 11:07,,12/10/29 11:05,Fat Orange Cat Studio,Illustration & Design,66 Chandler ST,Boston,MA,02116
5/10/18 14:31,3/23/26 9:41,3/23/30 9:39,FCLT GLOBAL,NON-PROFIT,31 Saint James AV,Boston,MA,02116
11/3/14 0:00,1/2/24 15:46,1/2/28 15:39,FEDEX OFFICE & PRINT SERVICES #5123,FedEx Services,187 Dartmouth ST,Boston,MA,02116
12/10/19 16:28,12/6/23 11:48,12/6/27 11:32,FedPoint,Insurance Administrative and support services,200 Berkeley ST,Boston,MA,02116
9/15/23 15:04,,9/15/27 10:16,FENDI,Retail Sale,100 Huntington AV,Boston,MA,02116
1/15/20 12:22,,1/15/24 12:16,ffconsulting,Research & Consulting,198 Tremont ST,Boston,MA,02116
1/15/20 12:22,,1/15/24 12:17,ffdeals,Research & Trading,198 Tremont ST,Boston,MA,02116
1/15/20 12:22,,1/15/24 12:18,ffinvest,Research & Investing,198 Tremont ST,Boston,MA,02116
1/15/20 12:22,,1/15/24 12:19,fftechno,Research & Technology,198 Tremont ST,Boston,MA,02116
4/26/22 12:58,,4/26/26 9:50,Finagle A Bagel,food service,535 Boylston ST,Boston,MA,02116
10/9/20 14:26,1/23/26 14:26,2/20/29 0:00,Find Your Calm / Laura Stevens LICSW,Healthcare,266 Beacon ST,Boston,MA,02116
10/21/13 0:00,8/15/25 13:00,8/15/29 12:58,FIRAS YOUSIF ORIGINALS,FASHION INTERIOR DESIGN,35 Newbury ST,Boston,MA,02116
1/9/19 10:53,,1/9/23 10:52,Fire & Ice,Restaurant,205 Berkeley ST,Boston,MA,02116
1/20/15 0:00,2/22/23 11:49,2/22/27 11:25,FIRESTONE AND PARSON,ESTATE JEWELRY AND ANTIQUE SILVER,30 Newbury ST,Boston,MA,02116
8/20/14 0:00,7/28/22 9:43,7/28/26 9:42,FIRST RATE SERVICES,BUSINESS SUPPORT,198 Tremont ST,Boston,MA,02116
9/30/25 16:14,,9/30/29 16:11,First Watch,Restaurant,777 Boylston ST,Boston,MA,02116
9/19/14 0:00,4/10/23 15:41,4/10/27 15:40,FISH AND BONE,RETAIL,217 Newbury ST,Boston,MA,02116
7/5/19 14:35,6/28/23 11:03,6/28/27 10:42,Flats Boston,Real Estate,715 Boylston ST,Boston,MA,02116
10/11/22 14:57,,10/11/26 12:56,Flik International,Contracted Food Prep & Sales,200 Clarendon ST,Boston,MA,02116
10/11/22 14:46,,10/11/26 13:54,Flik International,Contracted Food Prep & Sales,500 Boylston ST,Boston,MA,02116
6/1/23 12:52,,6/1/27 10:44,Flik International,Contracted Food Prep & Sales @ Summit Partners,222 Berkeley ST,Boston,MA,02116
1/8/26 12:54,,1/6/30 12:53,Flour Bakery & Cafe,Restaurant / Cafe,131 Clarendon ST,Boston,MA,02116
1/6/26 15:23,,1/6/30 15:10,FLOUR BAKERY + CAFE,Restaurant/Cafe,1B Charles ST,Boston,MA,02116
5/27/21 14:31,5/7/25 15:57,5/7/29 15:53,Flourish Physical Therapy,physical therapy,262 Beacon ST,Boston,MA,02116
3/14/25 15:44,,3/14/29 15:42,Forever Young,Spa,262 Beacon ST,Boston,MA,02116
7/15/19 12:49,,7/15/23 12:47,Form,Fitness,20 Piedmont ST,Boston,MA,02116
5/12/22 14:36,,5/12/26 14:34,Forma the Salon,Hair Salon,135 Newbury ST,Boston,MA,02116
4/27/22 11:39,,4/27/26 11:37,Fossiel,Retail,20 Park PZ,Boston,MA,02116
8/10/22 9:36,,8/10/26 9:31,Foundations Pelvic Health,Physical Therapy,23 Warren AV,Boston,MA,02116
1/8/26 10:36,,1/8/30 10:35,Foundations Pelvic Health 23A,Physical Therapy Services,23 Warren AV,Boston,MA,02116
4/16/14 0:00,3/5/26 12:11,3/5/30 12:08,FOUR SEASONS HOTEL BOSTON,HOTEL,200 Boylston ST,Boston,MA,02116
9/30/24 11:07,,9/30/28 11:02,Foxhole,Restaurant,267 Newbury ST,Boston,MA,02116
1/21/20 13:59,3/27/24 13:32,3/27/28 11:51,Frame,Retail Sale of Apparel,156 Newbury ST,Boston,MA,02116
3/9/22 14:10,3/2/26 15:49,3/2/30 15:09,Frank's Financial Advising,Financial Advising,20 Park PZ,Boston,MA,02116
6/23/22 15:52,,6/23/26 15:45,Freebird Stores,Retail,201 Newbury ST,Boston,MA,02116
9/24/14 0:00,10/17/22 13:57,10/17/26 12:07,FROG POND BOSTON,ICE SKATING/RECREATION,38 Beacon ST,Boston,MA,02116
12/28/15 0:00,2/2/24 12:29,2/2/28 11:33,FRUGAL BOOKSTORE,RETAIL BOOK STORE,57 Warren AV,Boston,MA,02116
3/12/18 12:27,,3/12/22 12:26,FS Limosine,Transportation Services,119 Marlborough ST,Boston,MA,02116
5/9/14 0:00,3/10/26 16:30,3/10/30 11:43,FUNERAL CONSUMERS ALLIANCE OF EASTERN MASSACHUSETTS,CONSUMER EDUCATION,66 Marlborough ST,Boston,MA,02116
5/19/25 11:06,,5/19/29 11:05,FurAwayCo,Online Retail,375 Columbus AV,Boston,MA,02116
5/14/25 10:44,,5/14/29 10:44,Fussy Bookkeeping,Accounting Services,399 Boylston ST,Boston,MA,02116
3/5/24 14:55,,3/5/28 14:52,G & LR Books,Periodical,45 Lawrence ST,Boston,MA,02116
10/8/14 0:00,7/25/23 13:00,7/25/27 12:32,G2O SPA AND SALON,DAY SPA/SALON,278 Newbury ST,Boston,MA,02116
7/17/15 0:00,7/14/23 10:52,7/14/27 10:50,GALLERY NAGA,ART GALLERY,67 Newbury ST,Boston,MA,02116
3/26/26 13:14,,3/26/30 13:13,Gamblers Station,Convenience Store,135 Charles ST,Boston,MA,02116
5/2/24 15:04,,5/2/28 15:02,Gameday Men's Health Back Bay,Medical Clinic,575 Boylston ST,Boston,MA,02116
3/1/21 14:29,2/5/25 14:17,2/5/29 12:11,GARFINKLE DESIGN,GRAPHIC DESIGN,7 Holyoke ST,Boston,MA,02116
8/6/14 0:00,10/28/24 10:00,10/28/28 9:56,GARRISON SQUARE,MULTILFAMILY APARTMENTS OWNER & MANAGER,7 Harcourt ST,Boston,MA,02116
6/12/25 12:23,,6/12/29 12:20,Gaslight Studios,Branding/Marketing,399 Boylston ST,Boston,MA,02116
9/30/19 15:38,1/4/24 12:55,1/4/28 12:35,Gearoid Griffin,Short Term Rental Accomidation,65 Appleton ST,Boston,MA,02116
12/26/24 16:22,,12/26/28 16:18,Genesis The Blueprint,Online Business Coaching,867 Boylston ST,Boston,MA,02116
3/17/25 13:24,,3/17/29 13:22,Gentlemans Classic Tuxedo,Retail Store,253 Newbury ST,Boston,MA,02116
3/1/18 14:17,,3/1/22 13:45,GEORGE LAKKIS OD,OPTOMETRY,607 Boylston ST,Boston,MA,02116
2/4/26 15:06,,2/4/30 15:03,Getsey Hannon,Marketing Services,193 Marlborough ST,Boston,MA,02116
3/13/26 16:29,,3/13/30 16:27,Ghosts and Gravestones,Historic Tours,3 Park PZ,Boston,MA,02116
4/17/18 13:24,,4/17/22 11:57,GIACOMO'S RESTAURANT,RESTAURANT,431 Columbus AV,Boston,MA,02116
11/27/19 12:41,11/16/23 10:32,11/16/27 10:28,Gibson Sotheby's International Realty,Real Estate Brokerage,276 Newbury ST,Boston,MA,02116
6/18/19 14:35,6/21/23 16:39,6/21/27 14:41,Gifted,Retail Gift Shop,2 Dartmouth PL,Boston,MA,02116
3/20/23 16:12,,3/20/27 16:09,Gigi,Restaurant,431 Columbus AV,Boston,MA,02116
6/28/23 11:40,,6/28/27 9:46,Giorgio Armani,Retail apparel & accessories,22 Newbury ST,Boston,MA,02116
1/24/23 10:40,,1/24/27 10:39,GLDN The Studio,Hair Salon,207 Newbury ST,Boston,MA,02116
5/24/16 0:00,6/12/24 13:32,6/12/28 11:30,GLOCOMMS,STAFFING GROUP,200 Clarendon ST,Boston,MA,02116
8/21/24 17:05,,8/21/28 17:00,GLOWBAR,Facial Spa,177 Newbury ST,Boston,MA,02116
8/6/15 0:00,,8/6/19 0:00,GMI ARCHITECTS,WITHDRAWAL (1/5/12),45 Newbury ST,Boston,MA,02116
10/3/14 0:00,11/16/22 12:09,11/16/26 12:07,GOETHE INSTITUTE BOSTON,Language and Cultural Programs,170 Beacon ST,Boston,MA,02116
3/13/24 16:03,,3/13/28 15:30,Golden Goose,Shoes and Apparel,100 Huntington AV,Boston,MA,02116
9/10/18 14:58,8/22/22 12:56,8/22/26 12:55,Golden Plum Properties,Property Investing,198 Tremont ST,Boston,MA,02116
10/5/18 13:22,,10/5/22 13:10,GoodPup,Dof Training Application,31 Saint James AV,Boston,MA,02116
10/29/25 14:16,,10/29/29 14:14,GoodYou Marketing,Marketing Agency,399 Boylston ST,Boston,MA,02116
3/28/24 11:02,,3/28/28 10:57,GOOGLE,Electronic hardware and repair services,153 Newbury ST,Boston,MA,02116
7/28/23 11:07,,7/28/27 11:00,gorjana,Retail Jewelry Sales,209 Newbury ST,Boston,MA,02116
8/1/25 12:36,,8/1/29 12:35,Graham Edge,Consulting,665 Washington ST,Boston,MA,02116
6/24/21 11:05,,6/24/25 11:04,Gratinsta,online retail store,84 Berkeley ST,Boston,MA,02116
12/16/20 15:38,1/6/25 16:07,1/6/29 12:23,Grazy,Grazing Boxes/Gifts,285 Columbus AV,Boston,MA,02116
9/26/25 15:46,,9/26/29 15:43,Greco,Restaurant,225 Newbury ST,Boston,MA,02116
11/14/25 15:05,,11/14/29 15:03,Greenly Pro,Cleaning Services,399 Boylston ST,Boston,MA,02116
10/6/25 15:06,,10/6/29 14:01,Gregory Agency,Public Relations,745 Boylston ST,Boston,MA,02116
2/1/23 13:55,,2/1/27 13:51,Greystone Management Solutions,Property Management,20 Park PZ,Boston,MA,02116
8/6/24 12:56,,8/6/28 12:55,Greystone Real Estate Advisory Group,Property Management,20 Park PZ,Boston,MA,02116
3/6/18 14:54,,3/6/22 14:54,Ground Floor Games,Online Retail,274 Beacon ST,Boston,MA,02116
6/23/22 16:00,,6/23/26 15:43,GROUP M WORLDWIDE,MEDIA BUYING AGENCY,501 Boylston ST,Boston,MA,02116
10/24/24 10:34,,10/24/28 10:33,Grouper,Aggregator of social fitness activites,501 Boylston ST,Boston,MA,02116
3/30/26 11:41,,3/30/30 11:37,GSIR Institute,Real Estate School,277 Dartmouth ST,Boston,MA,02116
6/8/23 12:23,,6/8/27 12:20,GT Realty,Real Estate,20 Park PZ,Boston,MA,02116
2/13/15 0:00,1/9/23 14:57,1/9/27 12:46,GW&K INVESTMENT MANAGEMENT,INVESTMENT MANAGEMENT,222 Berkeley ST,Boston,MA,02116
12/24/15 0:00,5/13/24 15:58,5/13/28 12:46,GYROTONIC BOSTON CENTRAL,EXERCISE,364 Boylston ST,Boston,MA,02116
10/1/24 13:11,,10/1/28 11:18,H&M,Retail Sales,100 Newbury ST,Boston,MA,02116
8/30/18 9:31,,8/30/22 9:29,Haberdashery of New England,Retail Clothing Store,114 Newbury ST,Boston,MA,02116
10/12/16 15:14,,,Hainan Airlines,Airline Carrier,31 Saint James AV,Boston,MA,02116
9/7/21 15:13,8/19/25 16:24,8/19/29 16:22,Hair Adventure Salon,Hair Salon,32 Boylston ST,Boston,MA,02116
7/8/20 13:50,6/20/24 16:27,6/20/28 12:31,Hair Bella,hair salon,164 Newbury ST,Boston,MA,02116
6/8/23 13:37,,6/8/27 13:36,Halo + Salt Salon,Salon,207 Newbury ST,Boston,MA,02116
4/22/19 12:21,,4/22/23 12:20,Halo + Salt Salon,Salon,207 Newbury ST,Boston,MA,02116
3/24/25 15:48,,3/24/29 15:46,Hamilton Interiors,Interior Design,266 Beacon ST,Boston,MA,02116
7/5/13 0:00,,7/5/17 0:00,HAMMOND RESIDENTIAL,WITHDRAWAL (6/27/11),29 Commonwealth AV,Boston,MA,02116
12/10/24 15:51,,12/10/28 15:50,Hands Of Life Massage,Massage Therapy,264 Beacon ST,Boston,MA,02116
8/2/24 11:45,,8/2/28 11:41,Happy Commutes,website/affiliate marketer,263 Commonwealth AV,Boston,MA,02116
5/16/18 9:42,6/27/22 9:20,6/27/26 9:18,Happy Lamb Hot Pot,Restaurant,693 Washington ST,Boston,MA,02116
5/16/13 0:00,,5/16/17 0:00,HARRY'S FOOD & DRINK,RESTAURANT,142 Berkeley ST,Boston,MA,02116
7/30/13 0:00,,7/30/17 0:00,HARRY'S FOOD & DRINK,,142 Berkeley ST,Boston,MA,02116
5/4/15 0:00,5/3/19 15:20,5/3/23 11:44,HARVARD VANGUARD MEDICAL ASSOCIATES,MULTI-SPECIALTY MEDICAL GROUP,165 Dartmouth ST,Boston,MA,02116
10/13/15 0:00,8/22/24 15:55,8/22/28 12:13,HASTENS,RETAIL BEDDING,221 Newbury ST,Boston,MA,02116
1/22/20 13:26,1/26/24 11:07,1/26/28 11:01,HAVA Lounge,Night Club,246 Tremont ST,Boston,MA,02116
11/4/21 10:22,,11/4/25 10:21,Healing Fire,Candles Sales,607 Boylston ST,Boston,MA,02116
11/8/24 12:28,,11/8/28 12:18,Healthworks Fitness,GYM,441 Stuart ST,Boston,MA,02116
8/10/23 15:20,,8/10/27 15:19,Healthy Soles,Physical Therapy,581 Boylston ST,Boston,MA,02116
1/8/18 15:19,12/23/25 11:00,12/23/29 10:57,Heath Properties,Property Management,74 Clarendon ST,Boston,MA,02116
1/8/18 15:19,12/23/25 11:02,12/23/29 10:55,Heath Properties FL,Property Management,74 Clarendon ST,Boston,MA,02116
9/29/21 10:46,10/3/25 10:25,10/3/29 10:20,HELLO BEAUTIFUL,Online Retail,90 Commonwealth AV,Boston,MA,02116
7/9/18 15:50,7/6/22 12:32,7/6/26 12:31,Hello Photo Booth,Photo Booth,283 Tremont ST,Boston,MA,02116
5/15/15 0:00,8/11/23 10:15,8/11/27 10:12,HERMES,RETAIL OF LUXURY GOODS,320 Boylston ST,Boston,MA,02116
9/12/24 16:08,,9/12/28 13:26,Hermes Academic Consulting,Online Consulting,867 Boylston ST,Boston,MA,02116
6/29/15 0:00,8/17/23 16:02,8/17/27 16:00,HERTZ RENTAL CAR,RENTAL OF VEHICLES,145 Dartmouth ST,Boston,MA,02116
6/29/15 0:00,8/17/23 15:58,8/17/27 15:49,HERTZ RENTAL CAR,RENTAL OF VEHICLES,30 Park PZ,Boston,MA,02116
5/30/25 10:24,,5/30/29 10:22,HEYTEA Newbury,Tea Shop,223 Newbury ST,Boston,MA,02116
3/15/17 13:30,2/19/25 15:01,2/19/29 10:45,HI Boston,Youth Hostel Operation,19 Stuart ST,Boston,MA,02116
1/19/24 12:20,,1/19/28 12:17,Hilton Boston Park Plaza,Full Service Hotel,50 Park PZ,Boston,MA,02116
11/20/18 9:53,11/18/22 13:34,11/18/26 11:24,Hoffman Transcription,Transcription Service,607 Boylston ST,Boston,MA,02116
12/30/16 9:02,,,Holistic Health & Nutrition Center (HH&NC),Nutrition & Health,29 Commonwealth AV,Boston,MA,02116
9/30/13 0:00,,9/30/17 0:00,HOLLYWOOD NAIL AND SKIN SALON,WITHDRAWAL (3/31/2011),255 Newbury ST,Boston,MA,02116
5/15/14 0:00,4/28/22 10:30,4/28/26 10:29,HOPE,GIFT SHOP,272 Newbury ST,Boston,MA,02116
2/13/23 15:24,,2/13/27 15:20,Hot Oven Cookies,Cookie Catering,867 Boylston ST,Boston,MA,02116
7/15/22 14:41,,7/15/26 14:38,Hotel AKA Back Bay,Hospitality,154 Berkeley ST,Boston,MA,02116
9/2/22 10:11,,9/2/26 10:09,HOUSE OF JAX,Retail of Skincare Products,59 Dartmouth ST,Boston,MA,02116
4/14/14 0:00,4/19/22 15:58,4/19/26 12:03,HOW AND WHY,DESIGN & INNOVATION CONSULTING,42 Melrose ST,Boston,MA,02116
11/16/21 13:49,11/13/25 14:07,11/13/29 14:05,HP Escrow,Real Estate,74 Clarendon ST,Boston,MA,02116
1/6/22 14:04,12/19/25 9:18,12/19/29 9:16,HP Tenant Escrow,Property Management,74 Clarendon ST,Boston,MA,02116
11/18/13 0:00,2/28/22 12:54,2/28/26 12:23,HUA HONG FIBER USA,INTERNATIONAL TRADE,581 Boylston ST,Boston,MA,02116
8/21/23 14:01,,8/21/27 13:52,HUBLOT,RETAIL LUXURY TIMEPIECES,30 Newbury ST,Boston,MA,02116
10/4/22 15:51,,10/4/26 15:49,HuE,Restaurant,90 Exeter ST,Boston,MA,02116
6/5/20 15:23,5/29/24 15:21,5/29/28 15:03,Hughes Marino,Commercial real estate/brokerage firm,200 Clarendon ST,Boston,MA,02116
7/8/15 0:00,7/27/23 11:35,7/27/27 11:33,I DO WEDDING DRESSES AND PHOTOGRAPHY,RETAIL STORE,285 Tremont ST,Boston,MA,02116
11/8/23 8:55,,11/8/27 8:53,IAMRO,Non-Profit Professional Association,2 Park PZ,Boston,MA,02116
5/6/19 11:36,,5/6/23 11:32,IdeaGen,Tech Services,15 Newbury ST,Boston,MA,02116
11/29/18 15:10,11/21/22 14:17,11/21/26 14:03,IDEAS WITH MERRITT,ART ONLINE CLASS,539 Tremont ST,Boston,MA,02116
8/31/16 11:59,11/22/22 15:30,11/22/26 11:11,Il Decor,Furniture Retail,10 ST JAMES AV,BOSTON,MA,02116
2/14/19 9:19,,2/14/23 9:17,IMBUE,Hair Salon,207 Newbury ST,Boston,MA,02116
2/28/20 11:31,,2/28/24 11:30,IMG,Touring exhibition,130 Columbus AV,Boston,MA,02116
7/21/15 0:00,9/16/19 9:58,8/26/23 0:00,INDOCHINO,RETAIL,85 Newbury ST,Boston,MA,02116
6/9/14 0:00,6/15/18 9:52,6/15/22 9:48,INFINITY INFOTECH,IT CONSULTING,30 Newbury ST,Boston,MA,02116
11/22/16 13:25,2/20/25 12:52,2/20/29 12:48,INN @ ST. BOTOLPH,Hotel,99 Saint Botolph ST,Boston,MA,02116
10/28/22 15:53,,10/28/26 10:27,Insomnia Cookies,Bakery,220 Clarendon ST,Boston,MA,02116
9/8/14 0:00,8/23/18 12:13,8/23/22 12:11,INTERMIX #2345,RETAIL,186 Newbury ST,Boston,MA,02116
10/20/21 13:16,10/16/25 13:29,10/16/29 13:26,Invictus Boston,Gym,31 Saint James AV,Boston,MA,02116
1/12/26 10:19,,1/12/30 10:16,I-Payout,Global Payment and Commission Management Solutions,867 Boylston ST,Boston,MA,02116
11/16/23 12:01,,11/16/27 11:59,IPTS,Information Technology Consulting,312 Beacon ST,Boston,MA,02116
4/22/15 0:00,4/14/23 8:25,4/14/27 8:23,IQ2 THE INTELLIGENT CHOICE,CONSULTING / PERFORMANCE ENHANCEMENT,250 Commonwealth AV,Boston,MA,02116
9/19/12 0:00,,9/19/16 0:00,ISOCI SALON,WITHDRAWAL (9/26/08),8 Newbury ST,Boston,MA,02116
10/6/14 0:00,12/29/22 13:58,12/29/26 11:07,IVY HALL SENIOR LIVING,CONSULTING,20 Park PZ,Boston,MA,02116
1/5/24 15:12,,1/5/28 11:51,IWC Schaffhausen,Retailer of Luxury Watches,2 Newbury ST,Boston,MA,02116
7/20/23 13:34,,7/20/27 11:52,J CREW,RETAIL,100 Huntington AV,Boston,MA,02116
7/7/25 17:32,,7/7/29 14:29,J Crew,Retail,46 Newbury ST,Boston,MA,02116
2/19/19 13:58,,2/19/23 13:52,J L M Images,Artist/Photographer,87 Marlborough ST,Boston,MA,02116
10/25/19 13:17,,10/25/23 11:45,J. Crew,Retail Apparel Sales,2 Copley PL,Boston,MA,02116
7/5/19 15:15,,7/5/23 14:03,J.Crew,Retail Sales of Women Apparrel,100 Huntington AV,Boston,MA,02116
4/16/15 0:00,,4/16/19 0:00,"JACOB HOWE, M.D.",PSYCHOTHERAPY,45 Newbury ST,Boston,MA,02116
4/30/15 0:00,,4/30/19 0:00,"JACOB HOWE, M.D.",WITHDRAWAL (4/16/15),45 Newbury ST,Boston,MA,02116
4/7/16 0:00,4/18/24 16:02,4/18/28 12:35,JACOB REALTY,REAL ESTATE,279 Newbury ST,Boston,MA,02116
11/25/22 13:49,,11/25/26 13:48,JACOB WIRTH,Restaurant,31 Stuart ST,Boston,MA,02116
4/9/24 10:40,,4/9/28 10:38,JADER BATISTA MASSAGE THERAPY,MASSAGE THERAPY,264 Beacon ST,Boston,MA,02116
12/31/18 15:56,,12/31/22 15:53,Jaho Coffee Roaster & Wine Bar,Coffee Roaster & Wine Bar,116 Huntington AV,Boston,MA,02116
5/15/18 13:11,5/3/22 15:52,5/3/26 10:35,James Joseph Salon,Hair Salon,100 Stuart ST,Boston,MA,02116
5/3/22 15:58,,5/3/26 11:53,James Joseph Salons,Hair Salon,30 Newbury ST,Boston,MA,02116
9/4/18 10:41,8/24/22 14:26,8/24/26 14:25,James L. Rivers,Research Firm,7 Cortes ST,Boston,MA,02116
2/28/19 12:23,3/24/23 9:10,3/24/27 9:06,Jana Rago Studios,Salon,129 Newbury ST,Boston,MA,02116
5/15/25 13:34,,5/15/29 13:33,Jasmine Galvao Brandao,Hair Stylist,119 Newbury ST,Boston,MA,02116
3/2/22 15:56,,3/2/26 15:52,JC Power Connect,Business Consulting Services,398 Columbus AV,Boston,MA,02116
2/23/23 13:29,,2/23/27 13:26,Jeanne Lee Salon,Salon,115 Newbury ST,Boston,MA,02116
1/17/14 0:00,2/9/22 10:23,2/9/26 10:23,"JEFFREY A. HANLEY, ATTORNEY AT LAW",LAW FIRM,180 Marlborough ST,Boston,MA,02116
6/8/15 0:00,,6/8/19 0:00,JEFFREY DAUKSEVICH HAIRDRESSING,WITHDRAWAL (1/9/12),36 Newbury ST,Boston,MA,02116
6/16/14 0:00,10/19/22 13:35,10/19/26 11:10,JENNIFER'S NAILS & SKIN SALON,NAILS & SKIN SALON,161 Newbury ST,Boston,MA,02116
12/3/13 0:00,12/16/25 14:32,10/22/29 0:00,JEREL AT 119,HAIR SALON,161 Newbury ST,Boston,MA,02116
3/25/26 9:59,,3/25/30 9:54,Jessi TH,Music Artist,62 Boylston ST,Boston,MA,02116
12/4/15 0:00,2/2/24 15:17,2/2/28 15:14,JET Boston,PERSONAL TRAINING,437 Columbus AV,Boston,MA,02116
1/21/20 14:12,,1/21/24 13:25,JEWELITE,Office of Manufacturer,1 Huntington AV,Boston,MA,02116
4/12/18 15:04,,4/12/22 15:03,Jewish Gems,DayCare,16 Piedmont ST,Boston,MA,02116
2/12/14 0:00,2/25/22 12:55,2/25/26 11:51,JEWISH HERITAGE CENTER,FAMILY HISTORY ARCHIVES,99 Newbury ST,Boston,MA,02116
10/13/17 13:16,8/25/25 15:50,8/25/29 15:48,Jim Mooradian and Associates,Insurance Agency,277 Dartmouth ST,Boston,MA,02116
9/24/25 14:13,,9/24/29 14:11,Jimmy Choo,Retail Store- Shoes and Accessoreis,100 Huntington AV,Boston,MA,02116
7/22/22 13:14,,7/22/26 13:13,JJ Home Preservation Services,Home Preservation Services,867 Boylston ST,Boston,MA,02116
9/14/23 10:57,,9/14/27 10:56,JL Design + Film,Design Production,224 Clarendon ST,Boston,MA,02116
6/13/19 13:57,5/26/23 13:28,5/26/27 13:01,JL Plastic Surgery,Medical Services,170 Commonwealth AV,Boston,MA,02116
12/1/25 9:36,,12/1/29 9:33,Jleequeur,Mobile Private Bartending,56 Gray ST,Boston,MA,02116
2/6/15 0:00,2/9/23 13:59,2/9/27 11:52,JOE'S AMERICAN BAR & GRILL,RESTAURANT,181 Newbury ST,Boston,MA,02116
7/16/18 13:28,8/22/22 15:59,8/22/26 15:59,JOHN FLUEVOG SHOES,RETAIL SHOE STORE,226 Newbury ST,Boston,MA,02116
2/4/22 14:37,,2/4/26 14:36,JOHN STEFANON DESIGN,FURNISHINGS & DESIGN,45 Newbury ST,Boston,MA,02116
8/28/14 0:00,8/16/22 12:11,8/16/26 10:58,JOHNNY CUPCAKES,RETAIL CLOTHING,279 Newbury ST,Boston,MA,02116
10/9/18 11:49,,10/9/22 11:48,Johnson Pope Consulting,Consulting,100 Arlington ST,Boston,MA,02116
2/2/16 0:00,,2/2/20 0:00,JOIE,WITHDRAWAL (12/17/14),141 Newbury ST,Boston,MA,02116
6/10/15 0:00,7/8/19 15:54,7/8/23 15:54,JORDAN INTERIOR DEISGNS,INTERIOR DESIGN,74 Clarendon ST,Boston,MA,02116
10/16/13 0:00,11/10/25 15:35,11/10/29 13:29,JORDAN THE TAILOR,TAILOR,271 Newbury ST,Boston,MA,02116
8/5/14 0:00,,8/5/18 0:00,JORGO SALON,HAIR SALON,168 Newbury ST,Boston,MA,02116
5/2/16 0:00,,5/2/20 0:00,JORGO SALON,WITHDRAWAL 8/5/2014,168 Newbury ST,Boston,MA,02116
2/13/25 9:42,,2/13/29 9:39,Joy Squared Design,Architecture Firm,119 Berkeley ST,Boston,MA,02116
10/23/18 14:54,10/24/22 15:40,10/24/26 13:44,JP LICKS,ICE CREAM PARTOR,173 Newbury ST,Boston,MA,02116
12/20/13 0:00,3/16/26 14:53,3/16/30 14:52,JPC GROUP,SERVICE MANAGMENTCONSULTING,142 Warren AV,Boston,MA,02116
6/8/15 0:00,3/31/23 11:02,3/31/27 10:57,JSD,HAIR SALON,36 Newbury ST,Boston,MA,02116
9/17/13 0:00,,9/17/17 0:00,JUICY COUTURE,RETAIL,12 Newbury ST,Boston,MA,02116
6/16/14 0:00,,6/16/18 0:00,JUICY COUTURE,WITHDRAWAL (9/17/13),12 Newbury ST,Boston,MA,02116
5/13/13 0:00,,5/13/17 0:00,JUICY COUTURE,RETAIL CLOTHING STORE,12 Newbury ST,Boston,MA,02116
9/17/13 0:00,,9/17/17 0:00,JUICY COUTURE,WITHDRAWAL (5/13/13),12 Newbury ST,Boston,MA,02116
8/11/23 13:43,,8/11/27 13:41,KAOS CONSULTING,Consulting,5 Yarmouth PL,Boston,MA,02116
5/21/18 14:45,8/15/22 14:30,8/15/26 12:16,KARIN LEWIS EATING DISORDER CENTER,PSYCHO THERAPY PRATICE,399 Boylston ST,Boston,MA,02116
11/25/15 0:00,11/26/19 15:30,11/26/23 15:30,KASHMIR RESTAURANT,RESTAURANT,279 Newbury ST,Boston,MA,02116
7/23/15 0:00,6/22/23 12:26,6/22/27 10:58,KATRINA HESS,MAKEUP SALON,115 Newbury ST,Boston,MA,02116
3/9/18 16:11,3/19/26 15:44,3/19/30 15:43,Kay Schwader PhD,Licensed Psychologist,143 Newbury ST,Boston,MA,02116
6/23/21 14:51,8/4/25 17:03,8/4/29 12:17,Keller Williams Realty Boston-Metro,Real Estate Sales,607 Boylston ST,Boston,MA,02116
9/12/14 0:00,8/22/22 15:40,8/22/26 12:18,KEY ENTERPRISE SOLUTIONS,SOFTWARE CONSULTING,58 Chandler ST,Boston,MA,02116
5/23/16 0:00,7/13/20 13:59,7/13/24 13:21,KEY REALTY GROUP,REAL ESTATE BROKERAGE,268 Newbury ST,Boston,MA,02116
2/24/22 16:28,,2/24/26 10:43,Keypoint Remodeling and Decor,Remodeling,867 Boylston ST,Boston,MA,02116
3/18/25 13:53,,3/18/29 13:51,Keyse Angelo,Jewelry,665 Washington ST,Boston,MA,02116
7/23/15 0:00,10/29/19 15:30,10/29/23 14:46,KIEHL'S SINCE 1851,RETAIL SALES OF BEAUTY PRODUCTS,112 Newbury ST,Boston,MA,02116
1/23/15 0:00,,1/23/19 0:00,KIM KIM BBQ,FOOD TRUCK,615 Tremont ST,Roxbury,MA,02116
5/7/13 0:00,,5/7/17 0:00,KIM LUCIAN PHOTOGRAPHY,WITHDRAWAL (4/14/11),261 Newton ST,Boston,MA,02116
11/14/24 15:37,,11/14/28 13:13,King Arthur Baking Company,Retail Consumer Products,172 Newbury ST,Boston,MA,02116
10/31/25 15:56,,10/31/29 15:56,Kingdom Upscale Apparels Company,Online Retail,48 Boylston ST,Boston,MA,02116
10/9/24 11:47,,10/9/28 11:44,Kizik,Retail-Footwear,118 Newbury ST,Boston,MA,02116
11/3/21 16:11,,11/3/25 16:09,Knox Lending,Financial Services,177 Newbury ST,Boston,MA,02116
1/29/19 14:49,1/19/23 11:43,1/19/27 0:00,Knox Street Historic Association,Short Term Rental,9 Knox ST,Boston,MA,02116
9/6/13 0:00,,9/6/17 0:00,KOI BOUTIQUE SALON,WITHDRAWAL (5/25/10),125 Newbury ST,Boston,MA,02116
7/1/25 15:32,,7/1/29 15:31,Kono Global Consulting,Global Consulting,212 Stuart ST,Boston,MA,02116
1/29/19 12:12,1/12/23 13:43,1/12/27 13:02,Kowa Pharma Development Company,Consulting,500 Boylston ST,Boston,MA,02116
4/2/25 16:05,,4/2/29 16:03,Kpop Nara Boston,Retail,283 Dartmouth ST,Boston,MA,02116
1/16/19 9:22,3/30/23 13:00,3/30/27 11:13,Kristiansen Real Estate,Realestate Sales Person,150 Warren AV,Boston,MA,02116
3/23/23 12:52,,3/23/27 12:50,Kristin Aronson Salon,Hair Salon,129 Newbury ST,Boston,MA,02116
5/3/18 11:40,,5/3/22 11:39,Kristine Berube RDN,Nutrition Private Practice,399 Boylston ST,Boston,MA,02116
5/16/24 15:41,,5/16/28 15:38,Krystal Gardens,Events,131 Dartmouth ST,Boston,MA,02116
1/17/20 13:26,,1/17/24 13:18,Kymistry Lab,hair salon,76 Dartmouth ST,Boston,MA,02116
6/17/19 9:58,6/1/23 10:40,6/1/27 10:39,La Belle Nail,Nail Salon,32 Boylston ST,Boston,MA,02116
4/18/25 13:36,,4/18/29 13:34,La Faveur,Push Cart,15 Newbury ST,Boston,MA,02116
10/3/22 12:12,,10/3/26 12:08,La Neta,Restaurant,255 Newbury ST,Boston,MA,02116
5/29/24 13:51,,5/29/28 13:37,La Padrona,Restaurant,40 Trinity PL,Boston,MA,02116
6/1/15 0:00,5/26/23 11:12,5/26/27 11:11,LA VIE EN ROSE,FINE GARDENING,143 Appleton ST,Boston,MA,02116
2/9/24 10:34,,2/9/28 10:32,LALONDE HEALTH AND WELLNESS,health /Wellness & Message,29 Stanhope ST,Boston,MA,02116
12/26/13 0:00,,12/26/17 0:00,LAMONTS GIFT SHOP #626,WITHDRAWAL (6/12/12),10 Huntington AV,Boston,MA,02116
4/5/16 0:00,,4/5/20 0:00,LAMONTS GIFT SHOP #645,WITHDRAWAL 6/12/2012,200 Boylston ST,Boston,MA,02116
11/10/20 10:36,,11/10/24 10:09,Lapels Dry Cleaning,Dry Cleaning,621 Tremont ST,Roxbury,MA,02116
9/3/21 13:37,7/29/25 16:15,7/29/29 12:27,Larson Maddox,Staffing Group,200 Clarendon ST,Boston,MA,02116
10/29/14 0:00,12/13/18 13:19,12/13/22 11:25,LASER MD MEDSPA,BEAUTY AND SKIN CARE,172 Newbury ST,Boston,MA,02116
8/11/16 11:32,12/3/24 13:27,12/3/28 13:24,LASH L'AMOUR,SPA,129 Newbury ST,Boston,MA,02116
8/5/22 11:15,,8/5/26 11:14,Lavish Budget Dreams,Consultation,867 Boylston ST,Boston,MA,02116
4/16/24 13:16,,4/16/28 13:14,Law Office of Anthony Annino III,Attorney at Law,75 Arlington ST,Boston,MA,02116
9/15/22 11:32,,9/15/26 11:31,Law Office of Hector E. Zumbado,Law Office,191 Beacon ST,Boston,MA,02116
3/19/18 11:27,,3/19/22 11:22,Law Office of Jonathan C. Hatfield,Legal Services,30 Newbury ST,Boston,MA,02116
9/23/19 16:20,8/28/23 10:51,8/28/27 10:51,Law Office of Leonard M. Singer,Lawyer,265 Dartmouth ST,Boston,MA,02116
4/21/20 12:01,,4/21/24 12:00,Law Office of Neil Kreuzer,Law office,268 Newbury ST,Boston,MA,02116
6/28/22 11:46,,6/28/26 11:43,LAZZONI,RETAIL FURNITURE STORE,75 Newbury ST,Boston,MA,02116
7/9/24 14:21,,7/9/28 14:18,Le Mari Restaurant,Full Service Restaurant,259 Newbury ST,Boston,MA,02116
10/24/22 13:56,,10/24/26 13:55,Legal Sea Foods,Restaurant,300 Boylston ST,Boston,MA,02116
6/24/21 16:07,7/2/25 12:19,7/2/29 11:53,Legal Sea Foods,Restaurant,100 Huntington AV,Boston,MA,02116
9/13/16 10:41,9/23/24 16:11,9/23/28 12:46,Leica Camera Store Boston,Retail,75 Arlington ST,Boston,MA,02116
11/5/20 12:01,12/17/24 9:35,12/17/28 9:28,L'ELITE BOUTIQUE BRIDAL,BRIDAL BOUTIQUE,137 Newbury ST,Boston,MA,02116
2/27/23 13:55,,2/27/27 12:21,LENSCRAFTERS #1140,Retail-Optical,201 Newbury ST,Boston,MA,02116
12/2/24 13:09,,12/2/28 13:06,Levain Bakery,Retail Bakery,180 Newbury ST,Boston,MA,02116
5/13/19 12:54,5/5/23 13:45,5/5/27 12:50,Levinson Harris Medical Group,Medical Practice,535 Boylston ST,Boston,MA,02116
3/14/22 12:00,,3/14/26 11:58,Liberty Mutual Insurance Agency,Insurance Agent/Broker,175 Berkeley ST,Boston,MA,02116
6/2/14 0:00,6/15/22 15:41,6/15/26 10:26,LIBERTY MUTUAL INVESTMENTS,INVESTMENTS,175 Berkeley ST,Boston,MA,02116
12/13/23 12:42,,12/13/27 12:38,Life Changes Group of Massachusetts,Behavioral Care Services,575 Boylston ST,Boston,MA,02116
12/13/16 14:29,6/24/21 13:40,6/24/25 13:38,Life Planning Group,LIfe Insurance & Investments,75 Arlington ST,Boston,MA,02116
5/11/21 13:38,,5/11/25 12:55,Light Street Capital Management,Investment Advisory,200 Clarendon ST,Boston,MA,02116
5/7/13 0:00,,5/7/17 0:00,LIL ACORN STUDIO,WITHDRAWAL (9/21/11),261 Newton ST,Boston,MA,02116
5/7/25 16:18,,5/7/29 16:16,Lil Sweet Treat,Retail Candy Store,215 Newbury ST,Boston,MA,02116
9/3/19 15:43,9/18/23 12:39,9/18/27 11:46,Lilly Pulitzer,Retail Clothing,133 Newbury ST,Boston,MA,02116
4/11/19 15:50,10/6/23 12:32,10/6/27 12:30,Lindauer,Executive Search Firm,131 Dartmouth ST,Boston,MA,02116
8/21/14 0:00,10/24/22 11:34,10/24/26 11:33,LINNANE REAL ESTATE,REAL ESTATE SALES / LEASING,160 Commonwealth AV,Boston,MA,02116
7/27/22 12:59,,7/27/26 12:57,Little Panda Early Learning and Care Center,Childcare,332 Tremont ST,Boston,MA,02116
2/4/16 0:00,2/26/24 10:42,2/26/28 10:37,LITTLE PANDA EARLY LEARNING AND CARE CENTER,DAYCARE,285 Tremont ST,Boston,MA,02116
1/23/24 14:42,,1/23/28 14:42,LJR Communications Design,Marketing & Communications,651 Boylston ST,Boston,MA,02116
8/30/19 14:53,,8/30/23 14:47,Lobstah On A Roll,Rrestaurant,254 Newbury ST,Boston,MA,02116
6/13/24 16:33,,6/13/28 16:19,LOEWE BOSTON COPLEY,RETAIL,100 Huntington AV,Boston,MA,02116
2/12/13 0:00,,2/12/17 0:00,LOEWS BOSTON BACK BAY HOTEL,HOTEL,350 Stuart ST,Boston,MA,02116
8/21/13 0:00,,8/21/17 0:00,LOEWS BOSTON BACK BAY HOTEL,WITHDRAWAL (2/12/13),350 Stuart ST,Boston,MA,02116
8/21/13 0:00,4/28/22 15:59,4/28/26 15:48,LOEWS BOSTON HOTEL,HOTEL,154 Berkeley ST,Boston,MA,02116
8/15/24 14:15,,8/15/28 11:54,LOFT #1932,RETAIL,100 Huntington AV,Boston,MA,02116
1/15/20 12:37,,1/15/24 12:24,Logos Communications,Onlined Marketing,198 Tremont ST,Boston,MA,02116
9/19/23 12:35,,9/19/27 12:29,LONG BAR & TERRACE,RESTAURANT,40 Trinity PL,Boston,MA,02116
6/28/19 11:19,10/5/23 15:44,10/5/27 15:36,longpoint,management consulting,398 Columbus AV,Boston,MA,02116
8/10/22 15:23,,8/10/26 15:16,Longpoint Partners,Real Estate Investment,116 Huntington AV,Boston,MA,02116
8/29/16 12:09,8/21/24 16:03,8/21/28 14:03,LONG'S JEWELERS,RETAIL JEWELRY STORE,180 NEWBURY ST,Boston,MA,02116
2/21/20 11:41,,2/21/24 11:39,Longway Cheddar,Multi-Media Services,15 Yarmouth ST,Boston,MA,02116
10/26/20 14:49,10/23/24 16:56,10/23/28 16:32,Lost Haven Press,Publishing,135 Newbury ST,Boston,MA,02116
8/25/16 10:19,8/29/25 14:45,8/29/29 13:55,LOUIS VUITTON,RETAIL - LUGGAGE AND LEATHER GOODS,100 Huntington AV,Boston,MA,02116
11/26/14 0:00,8/4/22 14:21,8/4/26 14:04,LULULEMON ATHLETICA,RETAIL,206 Newbury ST,Boston,MA,02116
10/9/19 10:27,9/18/23 12:34,9/18/27 11:34,Luminary Strategies,Consulting,303 Columbus AV,Boston,MA,02116
1/27/25 10:41,,1/27/29 10:37,Lush Handmade Cosmetics,"Cosmetics, Beauty Supplies and Perfume Retailer",144 Newbury ST,Boston,MA,02116
12/22/14 0:00,7/14/23 12:55,7/14/27 12:45,LUX BOND & GREEN,Jewelry Store,20 Park PZ,Boston,MA,02116
1/23/25 16:16,,1/23/29 16:15,Lux by Nix,Online Retail,274 Beacon ST,Boston,MA,02116
2/11/15 0:00,1/4/23 14:19,1/4/27 14:17,LUXURY HOMES,REAL ESTATE,154 Beacon ST,Boston,MA,02116
8/22/17 11:00,7/29/25 16:14,7/29/29 12:38,LVI ASSOCIATES,STAFFING GROUP,200 Clarendon ST,Boston,MA,02116
10/18/18 9:35,2/13/23 16:38,2/13/27 13:34,Lynch & Associates,Insurance,535 Boylston ST,Boston,MA,02116
5/21/24 11:05,,5/21/28 11:04,Lynx Fitness Club,Fitness Club,64 Arlington ST,Boston,MA,02116
5/28/24 15:37,,5/28/28 12:10,M&T Bank,Bank,425 Boylston ST,Boston,MA,02116
6/13/14 0:00,8/8/22 11:43,8/8/26 10:36,M. J O'CONNOR'S,RESTAURANT,27 Columbus AV,Boston,MA,02116
1/24/24 13:11,,1/24/28 13:08,M. Louise Studio,Hair Salon,129 Newbury ST,Boston,MA,02116
4/13/16 0:00,9/8/25 14:06,9/8/29 14:05,M1 AIRPORT LIVERY,TRANSPORTATION,96 Dartmouth ST,Boston,MA,02116
12/21/15 0:00,12/27/23 16:05,12/27/27 16:02,MACMILLAN HIGHER EDUCATION,PUBLISHING,75 Arlington ST,Boston,MA,02116
8/11/21 15:14,7/3/25 12:25,7/3/29 12:22,Macmillan Learning,Publishing,75 Arlington ST,Boston,MA,02116
11/16/12 0:00,,11/16/16 0:00,MACPHERSON GROUP,STAFING & RECRUITMENT,224 Clarendon ST,Boston,MA,02116
8/27/13 0:00,,8/27/17 0:00,MACPHERSON GROUP,WITHDRAWAL (11/16/12),224 Clarendon ST,Boston,MA,02116
12/6/24 13:16,,12/6/28 13:15,"MADELEINE'S CANDY SHOP,",Candy shop,47 Clarendon ST,Boston,MA,02116
5/22/18 13:15,4/25/22 13:58,4/25/26 11:26,Maggiano's Little Italy,Restaurant,4 Columbus AV,Boston,MA,02116
8/4/15 0:00,9/6/19 10:03,9/6/23 9:59,MAGIC TOUCH CAR CLEANING SERVICE,CAR WASH,131 Dartmouth ST,Boston,MA,02116
2/4/15 0:00,,2/4/19 0:00,MAHNAZ ENTERPRISE,CONVENIENCE STORE,283 Tremont ST,Boston,MA,02116
2/17/15 0:00,,2/17/19 0:00,MAHNAZ ENTERPRISE,WITHDRAWAL (2/4/15),283 Tremont ST,Boston,MA,02116
5/10/23 11:54,,5/10/27 11:52,Malmberg Travel,Travel Agency,30 Commonwealth AV,Boston,MA,02116
12/20/16 15:51,7/12/21 14:29,7/12/25 14:19,Mancebo Fitness,Health & Fitness,82 Commonwealth AV,Boston,MA,02116
11/14/23 14:00,,11/14/27 14:00,Manifest,Retail,124 Chandler ST,Boston,MA,02116
10/6/25 11:25,,10/6/29 11:23,Marathon Financial Group,Financial Services,131 Dartmouth ST,Boston,MA,02116
4/5/16 0:00,2/20/24 12:04,2/20/28 11:02,MARCUS MENTAL HEALTH ASSOCIATES,,82 Marlborough ST,Boston,MA,02116
1/12/15 0:00,1/23/23 13:56,1/23/27 13:55,MARIA KARALEXIS,HAIR SALON,35 Newbury ST,Boston,MA,02116
5/31/18 12:23,,5/31/22 12:19,MARIA'S TAQUERIA,RESTAURANT CRISTIAN,226 Tremont ST,Boston,MA,02116
5/13/15 0:00,6/27/23 15:15,6/27/27 11:21,MARIO RUSSO,SALON,9 Newbury ST,Boston,MA,02116
8/19/19 15:31,,8/19/23 15:30,Markitbull,Digital Marketing / Worksite Development,176 Newbury ST,Boston,MA,02116
5/21/15 0:00,4/10/23 15:29,4/10/27 11:34,MARSH PROPERTIES,REAL ESTATE,30 Newbury ST,Boston,MA,02116
11/2/15 0:00,12/1/23 12:37,12/1/27 11:09,MARTHA RICHARDSON FINE ART,ART GALLERY,38 Newbury ST,Boston,MA,02116
10/28/19 15:24,,10/28/23 15:23,Martignetti Interiors,Interiors Design,400 Stuart ST,Boston,MA,02116
2/15/17 11:35,4/22/21 13:37,4/22/25 12:44,Mary Scerbo Interiors,Interior Design,1 Charles ST,Boston,MA,02116
12/9/19 14:05,11/17/23 11:27,11/17/27 11:25,Mass Wellness,"Health/ Wellness, Education",665 Boylston ST,Boston,MA,02116
4/5/16 0:00,5/15/24 8:57,5/15/28 8:34,MASSACHUSETTS EYE PLASTIC SURGERY AND LASER CENTER,MEDICAL PRACTICE,115 Newbury ST,Boston,MA,02116
8/6/14 0:00,7/26/22 11:08,7/26/26 11:04,MASSACHUSETTS REALTY GROUP,TRANSPORTATION PROPERTY MANAGEMENT,20 Park PZ,Boston,MA,02116
10/15/14 0:00,10/31/22 14:00,10/31/26 12:40,MASTERPIECE DENTISTRY AT COPLEY,DENTAL OFFICE,441 Stuart ST,Boston,MA,02116
2/21/20 11:04,,2/21/24 11:01,Matter 7,Service Firm Design,501 Boylston ST,Boston,MA,02116
2/2/26 13:22,,2/2/30 13:19,Matthew B. Ross,Consulting,19 Cortes ST,Boston,MA,02116
10/7/16 13:06,10/15/24 10:36,10/15/28 9:52,Mattress Firm,Retail Mattress Sales,811 Boylston ST,Boston,MA,02116
11/21/22 15:55,,11/21/26 15:46,MAVEN A COLLECT,Beauty Salon,119 Newbury ST,Boston,MA,02116
5/20/16 0:00,1/29/25 12:29,1/29/29 12:28,MAX FREEMAN MUSIC,WRITING MUSIC,331 Columbus AV,Boston,MA,02116
7/30/18 13:34,7/13/22 13:07,7/13/26 13:06,Maxi Limo,Party Bus,867 Boylston ST,Boston,MA,02116
9/17/14 0:00,9/24/18 14:00,9/24/22 13:52,MAXMARA RETAIL,WOMENIS RETAILING,69 Newbury ST,Boston,MA,02116
5/12/25 15:52,,5/12/29 15:46,McBournie Richards,Fabric and Wallpaper Design and Sales,71 Newbury ST,Boston,MA,02116
5/12/25 15:54,,5/12/29 15:44,McBournie Richards Home,Fabric and Wallpaper Design and Sales,71 Newbury ST,Boston,MA,02116
1/14/26 11:43,,1/14/30 11:42,MdM - Maison de Mertine - Lifestyle - Fashion House,Fashion House - Lifestyle,3 Arlington ST,Boston,MA,02116
11/7/25 15:02,,11/7/29 15:01,Me to You Companionship Services,Companionship Services,4 Yarmouth PL,Boston,MA,02116
6/5/15 0:00,6/6/19 9:45,6/6/23 9:45,MELISSA M. MANN ACCOUNTING CONSULTANT,CONSULTING,505 Tremont ST,Boston,MA,02116
7/23/24 14:50,,7/23/28 14:47,Memory Shop,Photography,230 Newbury ST,Boston,MA,02116
2/10/20 10:10,5/13/24 15:57,5/13/28 12:44,MEREDITH LANE AESTHETICS,Facial Aesthetics,283 Dartmouth ST,Boston,MA,02116
2/5/21 15:20,3/5/25 12:56,3/5/29 12:53,Met Back Bay and Saltie Girl,Restaurant,277 Dartmouth ST,Boston,MA,02116
5/16/19 10:20,8/2/23 12:20,8/2/27 11:08,Met Prime & Saltie Girl,Restaurant,279 Dartmouth ST,Boston,MA,02116
3/1/22 13:43,,3/1/26 13:41,Metal Brite,Metal Cleaning,75 Arlington ST,Boston,MA,02116
9/28/23 14:46,,9/28/27 14:43,Metro,Nightclub,100 Stuart ST,Boston,MA,02116
3/31/17 13:32,12/2/25 11:28,12/2/29 11:26,MFRConsulting,Management Consulting,144 Beacon ST,Boston,MA,02116
9/2/25 12:23,,9/2/29 12:21,MG Boston,Retail and Wholesale of Jewlery and Watches,11 Newbury ST,Boston,MA,02116
1/28/21 13:11,5/12/25 17:02,5/12/29 15:18,Michael Albor Salons,Hair salon,253 Newbury ST,Boston,MA,02116
10/19/17 12:21,1/28/22 14:11,1/28/26 14:10,Mike and Patty's,Restaurant,12 Church ST,Boston,MA,02116
9/15/16 14:22,1/6/26 13:34,1/6/30 13:26,Miniluxe,Nail Salon,31 Newbury ST,Boston,MA,02116
4/4/23 11:43,,4/4/27 11:41,Minnah & Korn Orthodontics on Newbury Street,Dental (Orthodontics),115 Newbury ST,Boston,MA,02116
10/9/20 11:33,12/2/24 13:36,12/2/28 13:35,Minotti Boston,retail furniture,200 Stuart ST,Boston,MA,02116
6/6/23 14:42,,6/6/27 14:41,Minuteman Service Co.,Painting/Landscaping,333 Columbus AV,Boston,MA,02116
6/4/14 0:00,6/2/22 12:34,6/2/26 12:32,MISMAG PUBLISHING,PUBLISHING,867 Boylston ST,Boston,MA,02116
1/21/21 12:49,1/17/25 12:31,1/17/29 12:27,MISS MIA,RETAIL,264 Newbury ST,Boston,MA,02116
11/12/13 0:00,10/29/25 16:01,10/29/29 15:50,MISTRAL,RESTAURANT,223 Columbus AV,Boston,MA,02116
11/28/25 14:01,,11/28/29 13:58,Mizu Matcha,Ice Cream Shop,217 Newbury ST,Boston,MA,02116
9/7/23 15:29,,9/7/27 11:22,MM LAFLEUR,RETAIL,134 Newbury ST,Boston,MA,02116
1/13/23 15:08,,1/13/27 15:06,"Mo Katz-Christy, Herbalist",Educational Consultions,23 Dartmouth ST,Boston,MA,02116
6/24/22 16:05,,6/24/26 16:04,Modern Safety,Safety Consulting,430 Columbus AV,Boston,MA,02116
8/13/20 13:15,,8/13/24 13:12,Momma Lena's Specialties,Cook book publishing,398 Columbus AV,Boston,MA,02116
3/6/26 16:14,,3/6/30 16:07,Mona Minkara,Sole Proprietorship,374 Columbus AV,Boston,MA,02116
2/12/14 0:00,3/16/26 13:32,3/16/30 12:27,MONDI'S BROW STUDIO,EUCBROCUSH,33 Newbury ST,Boston,MA,02116
9/3/25 12:09,,9/3/29 12:06,MONOS,Retail,136 Newbury ST,Boston,MA,02116
11/18/19 15:50,11/13/23 16:36,11/13/27 14:18,Montblanc,Retail,100 Huntington AV,Boston,MA,02116
8/14/15 0:00,7/14/23 12:56,7/14/27 9:44,MONTBLANC NORTH AMERICA,RETAILER OF FINE WRITING INSTRUMENTS,100 Huntington AV,Boston,MA,02116
6/24/19 12:56,7/3/23 14:54,7/3/27 13:55,Montgomery Park Short Term Rental,Short Term Rental,72 Montgomery ST,Roxbury,MA,02116
3/20/17 12:22,4/18/25 12:30,4/18/29 12:29,Montgomery Street Press,"publishing, writing, researching",73 Montgomery ST,Boston,MA,02116
3/1/16 0:00,4/18/24 13:30,4/18/28 13:28,MORAN RESIDENTIAL ADVISORY GROUP,REAL ESTATE ADVISORY SERVICES,277 Dartmouth ST,Boston,MA,02116
3/25/16 0:00,3/25/24 15:28,3/25/28 15:27,MORBEL GLOBAL ENT,IMPORT-EXPORT,133 Clarendon ST,Boston,MA,02116
3/29/23 11:33,,3/29/27 11:32,Moscot,Retail,142 Newbury ST,Boston,MA,02116
4/12/19 12:24,5/15/23 14:57,5/15/27 12:46,Motor Mart Garage,Parking Garage,201 Stuart ST,Boston,MA,02116
10/28/19 15:14,10/18/23 10:14,10/18/27 10:09,Moxy Hotel,Hotel,240 Tremont ST,Boston,MA,02116
10/15/19 12:21,3/17/25 12:47,3/17/29 12:43,Mr. Tea,Restaurant,266 Newbury ST,Boston,MA,02116
6/19/19 15:40,6/16/23 9:07,6/16/27 9:02,Ms. Huang Art Studio,Teaching Art Lessons,333 Tremont ST,Boston,MA,02116
6/5/18 10:09,8/2/22 11:22,8/2/26 11:20,MTDRE,Real Estate,9 Appleton ST,Boston,MA,02116
4/21/22 14:37,,4/21/26 14:36,MUNS BOSTON,Esthetics Shop,252 Newbury ST,Boston,MA,02116
4/28/20 14:10,,4/28/24 11:44,Murrelli,"Advertising, Consulting",867 Boylston ST,Boston,MA,02116
10/20/23 11:22,,10/20/27 11:20,Muse.ai,Tech company,277 Marlborough ST,Boston,MA,02116
3/2/20 14:20,,3/2/24 14:19,My Freight Exchange,software,75 Arlington ST,Boston,MA,02116
1/29/20 14:20,,1/29/24 14:18,My Game Concierge,Video Game Services,4 Copley PL,Boston,MA,02116
9/15/20 10:39,,9/15/24 10:38,My Litttle Peanut,Online retail,398 Columbus AV,Boston,MA,02116
8/26/19 9:27,8/31/23 14:01,8/31/27 13:59,My Merchant Needs,Consulting,30 Newbury ST,Boston,MA,02116
2/5/18 15:13,,2/5/22 14:46,My Nail Salon and Skin Care,Nail & Skin,261 Newton ST,Boston,MA,02116
11/5/21 15:29,,11/5/25 13:40,MYA ROYAL,Apparel + Art Work,162 Newbury ST,Boston,MA,02116
9/12/22 10:18,,9/12/26 10:16,Myles Cole Enterprises,Business Consulting,867 Boylston ST,Boston,MA,02116
2/21/25 15:41,,2/21/29 15:15,MZ Wallace,Retail,103 Newbury ST,Boston,MA,02116
8/21/24 11:00,,8/21/28 10:58,Nagwa Fakhry Art,Art,8 Garrison ST,Boston,MA,02116
3/31/15 0:00,7/15/19 12:58,7/15/23 12:58,NAHITA RESTAURANT,RESTAURANT,100 Arlington ST,Boston,MA,02116
1/2/15 0:00,1/4/23 11:51,1/4/27 11:50,NAILS BY TATYANA,MANICURE/PEDICURE,134 Newbury ST,Boston,MA,02116
8/20/25 12:44,,8/20/29 11:23,Nancy Michael Interiors,Interior Decorating,280 Beacon ST,Boston,MA,02116
6/2/23 10:52,,6/2/27 9:09,NAS Logistics,"Invest, Acquire, and Hold Assetts",31 Saint James AV,Boston,MA,02116
1/11/23 13:35,,1/11/27 13:32,Nashville Bar & Stage,Restaurant/Bar,255 Tremont ST,Boston,MA,02116
8/19/25 15:40,,8/19/29 15:38,Nashvilles Ghost Light Tavern,Restaurant,260 Tremont ST,Boston,MA,02116
5/22/24 15:40,,5/22/28 0:00,Navi,Data Technologgy,129 Marlborough ST,Boston,MA,02116
4/5/23 15:16,,4/5/27 15:14,NCS Boston Cleaning Services,Cleaning Services,21 Lawrence ST,Boston,MA,02116
4/9/25 16:27,,4/9/29 16:26,Neeseberry,Product Design and Manufacturing,399 Boylston ST,Boston,MA,02116
7/19/22 10:31,,7/19/26 10:27,NEIGHBORHOOD DEVELOPMENT,MANAGEMENT,867 Boylston ST,Boston,MA,02116
8/1/16 10:47,,,Neiman Marcus,Speciality Retail Store,5 Copley PL,Boston,MA,02116
10/4/23 14:12,,10/4/27 14:04,Neuhaus,Belgian Chocolatier,100 Huntington AV,Boston,MA,02116
2/25/16 0:00,2/27/24 14:21,2/27/28 14:16,NEW BALANCE,RETAIL STORE,126 Newbury ST,Boston,MA,02116
5/26/17 10:09,12/28/22 13:43,12/28/26 13:42,New England Notebuyers,Real Estate Investing,607 Boylston ST,Boston,MA,02116
4/6/15 0:00,6/22/23 14:44,6/22/27 14:36,NEW YORK PIZZA,RESTAURANT,224 Tremont ST,Boston,MA,02116
12/2/22 9:17,,12/2/26 9:16,Newbury Cleaners,Dry Cleaners,219 Newbury ST,Boston,MA,02116
1/2/15 0:00,12/19/22 16:01,12/19/26 14:04,NEWBURY ELECTROLOGY & SKIN CARE,ELECTROLOGY & SKIN CARE,271 Newbury ST,Boston,MA,02116
10/22/13 0:00,,10/22/17 0:00,NEWBURY NAIL AND SKIN CARE SALON,WITHDRAWAL (9/30/13),255 Newbury ST,Boston,MA,02116
9/30/13 0:00,,9/30/17 0:00,NEWBURY NAIL AND SKIN SALON,"NAIL, SKIN, MASSAGE SALON",255 Newbury ST,Boston,MA,02116
10/22/13 0:00,,10/22/17 0:00,NEWBURY NAILS AND SKIN SALON,NAILSL SKINY MASSAGE SALON,255 Newbury ST,Boston,MA,02116
2/10/14 0:00,,2/10/18 0:00,NEWBURY NAILS AND SKIN SALON,WITHDRAWAL (10/22/13),255 Newbury ST,Boston,MA,02116
4/5/19 14:48,5/16/23 12:57,5/16/27 12:54,Newbury Street Hair Show,Hair Show,176 Newbury ST,Boston,MA,02116
6/7/17 9:59,7/19/22 10:52,7/19/26 10:50,Newbury Visions,Optomertrist,215 Newbury ST,Boston,MA,02116
3/29/19 16:05,,3/29/23 15:39,News to Share Now,Online Marketing,198 Tremont ST,Boston,MA,02116
3/29/19 16:05,,3/29/23 15:40,News to Share Now,Online Marketing,198 Tremont ST,Boston,MA,02116
5/8/17 15:53,3/9/22 9:44,3/9/26 9:42,niche,Retail and Design,619 Tremont ST,Roxbury,MA,02116
2/3/23 10:51,,2/3/27 10:51,Niche Speech Therapy,Speech Therapy,867 Boylston ST,Boston,MA,02116
8/24/23 14:58,,8/24/27 14:53,NIMBLEBOT,"DESIGN,STRATEGY,TECH,MARKETING",399 Boylston ST,Boston,MA,02116
2/25/13 0:00,,2/25/17 0:00,NINE WEST,RETAIL SALE FOOTWEAR & ACCESSORIES,100 Huntington AV,Boston,MA,02116
4/25/14 0:00,,4/25/18 0:00,NINE WEST 7541,WITHDRAWAL (2/25/2013),100 Huntington AV,Boston,MA,02116
6/4/20 14:21,,6/4/24 14:19,NKIRUKA PUBLISHING,PUBLISHING,867 Boylston ST,Boston,MA,02116
6/11/20 13:41,,6/11/24 13:40,NKIRUKA TECH,Retail,867 Boylston ST,Boston,MA,02116
6/18/18 15:41,6/17/22 14:51,6/17/26 12:16,NO REST FOR BRIDGET,RETAIL,220 Newbury ST,Boston,MA,02116
10/30/25 15:54,,10/30/29 12:25,Northeast Assisted Fertility Group/NAFG,Fertility Services/Admin,420 Boylston ST,Boston,MA,02116
2/22/19 15:16,,2/22/23 12:06,Northeast Real Estate Group,Real Estate,715 Boylston ST,Boston,MA,02116
5/28/25 14:32,,5/28/29 14:31,Nossa Beauty Studio,Hair Saloon,129 Newbury ST,Boston,MA,02116
9/12/19 13:32,11/22/23 14:33,11/22/27 11:13,Ntroduced,Employment recruitment services,20 Park PZ,Boston,MA,02116
11/13/20 14:55,10/21/24 14:54,10/21/28 14:47,Nurse Attorney Educator,Educational,198 Tremont ST,Boston,MA,02116
4/7/23 9:28,,4/7/27 9:27,Nuts Factory,Food Retail,118 Newbury ST,Boston,MA,02116
1/29/16 0:00,7/9/24 15:33,7/9/28 15:31,O.D.D. JOBS,PERSONAL ASSISTANT,23 Braddock PK,Boston,MA,02116
1/29/26 14:53,,1/29/30 11:16,ODD JOBS MEDIA,Commercial Printing,867 Boylston ST,Boston,MA,02116
3/25/24 11:03,,3/25/28 11:01,Officina Profumo Farmaceutica di Santa Maria Novella,Retail,121 Newbury ST,Boston,MA,02116
10/31/24 13:19,,10/31/28 13:16,OGC,Law Firm,501 Boylston ST,Boston,MA,02116
8/4/23 15:49,,8/4/27 15:45,OIIMC,Art & Entertainment,867 Boylston ST,Boston,MA,02116
6/6/25 13:25,,6/6/29 13:24,Oil and Ember,Online Retail,55 Lagrange ST,Boston,MA,02116
9/23/15 0:00,8/26/19 16:10,8/26/23 13:59,OISE BOSTON,ENGLISH LANGUAGE SCHOOL,31 Saint James AV,Boston,MA,02116
3/13/26 16:29,,3/13/30 16:14,Old Town Trolley Tours of Boston,Historic Tours,3 Park PZ,Boston,MA,02116
8/15/14 0:00,9/27/22 11:07,9/27/26 10:57,Oldways,NONPROFIT FOOD AND NUTRITION,266 Beacon ST,Boston,MA,02116
7/14/14 0:00,9/27/22 9:59,9/27/26 8:47,OLIVER BROTHERS FINE ART RESTORATION & CONSERVATION,FINE ART RESTORATION,162 Newbury ST,Boston,MA,02116
3/18/26 11:01,,3/18/30 10:58,ON,Sportswear Retail Store,138 Newbury ST,Boston,MA,02116
2/7/20 11:58,2/2/24 15:00,2/2/28 14:49,One Medical,Medical Professional Corporation,185 Dartmouth ST,Boston,MA,02116
2/7/20 11:57,2/2/24 15:01,2/2/28 14:47,One Medical Group,Medical Professional Corporation,185 Dartmouth ST,Boston,MA,02116
4/25/17 14:55,,4/25/21 14:54,Onsen,Retail/Salon,128 Newbury ST,Boston,MA,02116
6/13/19 13:49,,6/13/23 13:44,Onward U.S.A.,Retail,501 Boylston ST,Boston,MA,02116
5/26/21 12:45,9/15/25 16:37,9/15/29 12:08,ONYVA,Pet Services,171 Newbury ST,Boston,MA,02116
11/1/22 15:27,,11/1/26 15:25,Opal & Oak,Boutique,228 Newbury ST,Boston,MA,02116
3/17/17 11:55,2/23/21 15:41,2/23/25 15:16,Operations Management International,Facilities & Operations Management,120 Saint James AV,Boston,MA,02116
5/6/22 12:47,,5/6/26 12:45,Optas,Marketing Services,9 Knox ST,Boston,MA,02116
8/13/21 11:45,8/19/25 16:29,8/5/29 15:46,Optimal Fitness,Health and wellness,217 Commonwealth AV,Boston,MA,02116
3/7/25 11:50,,3/7/29 11:48,Optimal Performance Hypnotherapy,Hypnotherapy,20 Park PZ,Boston,MA,02116
12/13/23 12:41,,12/13/27 12:36,Optum Behavioral Care of Massachusetts,Behavioral Care Services,575 Boylston ST,Boston,MA,02116
11/29/22 15:54,,11/29/26 12:51,Oragentheory Fitness,Fitness Gym,10 Saint James AV,Boston,MA,02116
4/10/14 0:00,4/9/18 15:56,4/9/22 14:24,ORAL DESIGN BOSTON,DENTAL LABORATORY,11 Newbury ST,Boston,MA,02116
10/4/16 13:20,,,ORE,RETAIL STORE,80 Dartmouth ST,Boston,MA,02116
9/17/24 12:34,,9/17/28 12:32,Osprey Life Sciences,Life Sciences,867 Boylston ST,Boston,MA,02116
1/29/20 13:55,,1/29/24 13:55,Out Of The Basement,Group Meetings,15 Newbury ST,Boston,MA,02116
5/26/15 0:00,10/11/23 11:48,10/11/27 11:43,OXFORD HOUSE COLLEGE,RUN SCHOOLS THAT TEACH ENGLISH,437 Boylston ST,Boston,MA,02116
10/12/21 15:36,1/5/26 9:44,12/19/29 0:00,P.F. CHANG'S CHINA BISTRO,RESTAURANT,8 Park PZ,Boston,MA,02116
7/28/22 12:47,,7/28/26 12:45,P.H.I.L. Putting Hustling Into Life,Online Retail Business,867 Boylston ST,Boston,MA,02116
1/5/24 15:10,,1/5/28 11:52,Panerai,Retailer of Luxury Watches,2 Newbury ST,Boston,MA,02116
4/22/14 0:00,,4/22/18 0:00,PAPA RAZZI,WITHDRAWAL (8/31/10),157 Newbury ST,Boston,MA,02116
4/22/14 0:00,,4/22/18 0:00,PAPA RAZZI,WITHDRAWAL (10/21/10),157 Newbury ST,Boston,MA,02116
6/17/19 12:09,8/3/23 13:35,8/3/27 11:49,Parish Cafe,Restaurant,361 Boylston ST,Boston,MA,02116
7/31/19 10:49,10/11/23 10:45,10/11/27 10:41,Park Square Shoe Service,shoe repair,31 Saint James AV,Boston,MA,02116
6/10/19 12:31,3/20/24 14:37,3/20/28 12:45,Parks Realty Company,Property Management,200 Newbury ST,Boston,MA,02116
5/3/21 15:39,5/30/25 10:58,5/30/29 10:55,Parkside Dental Care,dental office,37 Newbury ST,Boston,MA,02116
1/8/19 16:41,,1/8/23 16:40,Pathetic Pixels,Artwork and Desigin,198 Tremont ST,Boston,MA,02116
9/22/21 15:39,8/20/25 14:28,8/20/29 14:16,Pathos Salon By Konstantina,Hair Salon,270 Newbury ST,Boston,MA,02116
11/14/16 13:21,3/12/26 16:23,3/12/30 12:12,Patrice Vinci Salon,Hair Salon,91 Newbury ST,Boston,MA,02116
2/18/25 11:23,,2/18/29 11:22,PayerPrice,Software,160 Beacon ST,Boston,MA,02116
9/2/15 0:00,4/17/24 16:48,4/17/28 16:06,PEARSON PROFESSIONAL CENTER,TESTING SERVICES,31 Saint James AV,Boston,MA,02116
9/3/21 13:31,,9/3/25 13:26,Perch Energy,Energy Services Company,501 Boylston ST,Boston,MA,02116
3/21/22 14:14,,3/21/26 14:12,Perfect Wear Boston,Retail,223 Newbury ST,Boston,MA,02116
10/18/22 12:43,,10/18/26 12:39,Perfection Auto,Mobile Detailing,867 Boylston ST,Boston,MA,02116
10/16/24 12:49,,10/16/28 12:45,Peserico,Retail Clothing Store,73 Newbury ST,Boston,MA,02116
7/3/24 15:28,,7/3/28 13:18,124 St Botolph Rental,Rental Unit,124 Saint Botolph ST,Boston,MA,02115
10/18/19 11:02,,10/18/23 11:00,2 Durham St,Short Term Rentals,2 Durham ST,Boston,MA,02115
8/30/23 12:31,,8/30/27 10:54,306 Comm Ave Rental,Short Term Rental,306 Commonwealth AV,Boston,MA,02115
12/4/23 15:29,,12/4/27 13:00,337 Commonwealth Avenue,STR,337 Commonwealth AV,Boston,MA,02115
9/12/19 15:02,10/20/23 11:58,10/20/27 11:36,413 Beacon Rental,Short Term Rental,413 Beacon ST,Boston,MA,02115
7/22/25 10:33,,7/22/29 10:31,419 Short Rentals,STR,419 Beacon ST,Boston,MA,02115
9/20/12 0:00,,9/20/16 0:00,7 ELEVEN #32463J,CONVENIENCE STORE - CH 227 SEC 5A,252 Newton ST,Boston,MA,02115
12/10/12 0:00,,12/10/16 0:00,7 ELEVEN #32463J,WITHDRAWAL (9/20/12),252 Newton ST,Boston,MA,02115
8/4/17 10:12,2/17/26 15:38,2/17/30 15:24,7-Eleven #37369A,Convienence Store,141 Massachusetts AV,Boston,MA,02115
11/9/23 10:10,,11/9/27 10:07,7-ELEVEN 32463F,CONVENIENCE STORE,252 Newton ST,Boston,MA,02115
4/11/22 15:33,,4/11/26 14:56,829 Studios,Marketing Agency,300 Massachusetts AV,Boston,MA,02115
1/13/23 10:30,,1/13/27 10:29,A Clean Boston,Cleaning,52 Francis ST,Boston,MA,02115
7/14/20 13:25,6/26/24 10:38,6/26/28 10:37,A Square Design,Interior Design Services,361 Newbury ST,Boston,MA,02115
2/9/22 11:56,,2/9/26 11:55,A.T. O'KEEFE'S,RESTAURANT,911 Boylston ST,Boston,MA,02115
2/10/23 11:53,,2/10/27 10:26,ABERCROMBIE & FITCH #11336,Retail,321 Newbury ST,Boston,MA,02115
1/12/23 10:40,,1/12/27 9:16,AGB Innovative Security Solutions,Private Security Firm,177 Huntington AV,Boston,MA,02115
3/6/26 10:18,,3/6/30 10:15,Agem Property,Property Management,333 Newbury ST,Boston,MA,02115
8/20/25 12:39,,8/20/29 12:37,AllisonGordonDesign,Interior Design,4 Gloucester ST,Boston,MA,02115
4/29/21 10:40,,4/29/25 10:29,ALPHA PENSION GROUP,INSURANCE BROKER DEALER,396 Commonwealth AV,Boston,MA,02115
9/26/22 13:14,,9/26/26 13:13,ALXS SKN GYM,SKIN CARE,297 Newbury ST,Boston,MA,02115
6/20/25 16:04,,6/20/29 16:03,Amelia's Cluck & Smash,Restaurant,309 Huntington AV,Boston,MA,02115
5/24/19 9:48,5/15/23 14:30,5/15/27 14:28,Amelia's Taqueria,Restaurant,1076 Boylston ST,Boston,MA,02115
9/16/14 0:00,10/19/22 14:59,10/19/26 14:58,AMERICA PAINTING AND CLEANING,INTERIOR PAINTING & CLEANING,87 Saint Stephen ST,Boston,MA,02115
1/14/13 0:00,,1/14/17 0:00,ANA'S BEAUTY CENTER,WITHDRAWAL (10/12/10),333 Massachusetts AV,Boston,MA,02115
2/27/20 9:29,12/14/23 10:39,12/14/27 10:37,Andrea Cinnamond Creative,Coaching,17 Blackwood ST,Boston,MA,02115
11/27/18 12:19,11/22/22 13:42,11/22/26 13:37,Anesthesia - HMFP At BIDMC,Medical Practice,330 Brookline AV,Boston,MA,02115
2/27/25 11:34,,2/27/29 11:32,Anna's Taqueria,Restaurant,359 Huntington AV,Boston,MA,02115
3/11/25 15:49,,3/11/29 15:36,Aperture,Real Estate Brokerage,361 Newbury ST,Boston,MA,02115
3/11/25 15:47,,3/11/29 15:36,Aperture Global,Office of Real Estate Brokers,361 Newbury ST,Boston,MA,02115
12/1/23 11:50,,12/1/27 11:45,ARAMARK@ BOSTON CHILDREN'S HOSPITAL,FOOD SERVICE MANGEMENT,300 Longwood AV,Boston,MA,02115
12/18/15 0:00,2/14/20 13:10,2/14/24 11:45,Arc'teryx,RETAIL CLOTHING,352 Newbury ST,Boston,MA,02115
5/3/18 12:35,6/6/22 14:28,6/6/26 11:22,Arnox,Art Business,359 Newbury ST,Boston,MA,02115
9/15/20 12:58,9/13/24 14:33,9/13/28 14:29,Artful Mediation Workshop,Arts and elder consulting,65 Westland AV,Boston,MA,02115
2/19/15 0:00,4/3/23 15:57,4/3/27 13:07,ARTS CONSULTING GROUP,ARTS CONSULTING,292 Newbury ST,Boston,MA,02115
1/23/14 0:00,12/26/25 14:00,12/26/29 13:57,ASIALINES TRAVEL,TRAVEL AGENCY,32 Francis ST,Boston,MA,02115
8/15/13 0:00,3/13/26 16:18,3/13/30 12:32,ASTA,RESTAURANT,47 Massachusetts AV,Boston,MA,02115
4/30/18 15:35,6/1/22 13:46,6/1/26 11:21,ATI PHYSICAL THERAPY,OUTPATIEN PHYSICAL THERAPY,197 Massachusetts AV,Boston,MA,02115
10/9/25 15:48,,10/9/29 15:46,ATLAS BARBERSHOP,Barber Shop,822 Huntington AV,Boston,MA,02115
8/16/24 14:22,,8/16/28 10:37,Atrio Boston,Apartment Complex,18 Haviland ST,Boston,MA,02115
11/24/15 0:00,12/18/23 15:15,12/18/27 11:34,AUM HEALING CENTER,MEDICAL OFFICE,332 Newbury ST,Boston,MA,02115
11/24/15 0:00,12/18/23 15:15,12/18/27 11:35,AUM TRAINING CENTER,FITNESS COACHING,332 Newbury ST,Boston,MA,02115
9/14/21 12:24,9/3/25 9:46,9/3/29 9:44,Avenue Residential,Relocation consulting,416 Commonwealth AV,Boston,MA,02115
8/11/20 12:22,,8/11/24 12:19,B.C. GLAM DECOR,Home decor consulting,144 Saint Botolph ST,Boston,MA,02115
7/1/22 14:43,,7/1/26 14:43,BACK BAY BNB,Short Term Rental,478 Beacon ST,Boston,MA,02115
6/22/22 14:19,,6/22/26 14:18,Back Bay Chiropractic,Chiropractic,305 Newbury ST,Boston,MA,02115
4/14/25 12:56,,4/14/29 12:53,Back Bay Cut's,Hair Salon,86 Massachusetts AV,Boston,MA,02115
10/21/14 0:00,,10/21/18 0:00,BACK BAY GALLERIA CLEANERS,DROP OFF/DRY CLEAN/ALT.,29 Massachusetts AV,Boston,MA,02115
3/8/16 0:00,,3/8/20 0:00,BACK BAY GALLERIA CLEANERS,WITHDRAWAL 10/21/2014,29 Massachusetts AV,Boston,MA,02115
7/6/22 14:46,,7/6/26 14:39,Back Bay Oral and Maxillofacial Surgery,DENTAL PRACTICE,311 Commonwealth AV,Boston,MA,02115
7/27/22 14:27,,7/27/26 14:26,Back Bay Oral Surgery,Denistry,311 Commonwealth AV,Boston,MA,02115
10/18/24 13:21,,10/18/28 13:18,Back Bay Periodontics and Dental Implants,Oral Surgery,398 Commonwealth AV,Boston,MA,02115
3/9/22 11:38,,3/9/26 11:36,Back Bay Powerlifting,Personal Training,400 Commonwealth AV,Boston,MA,02115
5/12/25 12:37,,5/12/29 12:36,Back Bay Spa,SPA,36 Gloucester ST,Boston,MA,02115
8/9/17 13:43,2/9/26 14:40,2/9/30 13:03,Back Bay Storitel,Consulting,416 Commonwealth AV,Boston,MA,02115
7/19/23 12:49,,7/19/27 12:48,Balance Studio,BodyWork,305 Newbury ST,Boston,MA,02115
8/4/25 13:16,,8/4/29 13:14,BANNWEN GROUP,MANAGEMENT,416 Commonwealth AV,Boston,MA,02115
11/19/18 13:33,,11/19/22 12:17,BARDIC MANAGEMENT,PERSONAL ARTIST MANAGEMENT,150 Huntington AV,Boston,MA,02115
6/26/18 16:20,9/2/22 15:25,9/2/26 14:15,Bay State Physical Therapy,Physical Therapy,312 Huntington AV,Boston,MA,02115
4/14/25 15:44,,4/14/29 15:04,Beantown Boxing,Personal Training,390 Commonwealth AV,Boston,MA,02115
6/10/24 13:53,,6/10/28 13:53,Bebop,Restaurant,1116 Boylston ST,Boston,MA,02115
8/19/22 10:18,,8/19/26 10:16,Bella View Realty Group,Real Estate Brokerage,361 Newbury ST,Boston,MA,02115
5/15/15 0:00,4/24/23 13:25,4/24/27 11:33,BERKELEY CLEANERS,LAUNDRY AND DRY CLEANING,150 Huntington AV,Boston,MA,02115
3/14/16 0:00,4/24/24 15:01,4/24/28 11:33,BERKLEE COLLEGE OF MUSIC BOOKSTORE #482,RETAIL COLLEGE BOOKSTORE,1090 Boylston ST,Boston,MA,02115
3/2/23 13:51,,3/2/27 13:47,Berklee Noodles Factory,Restaurant,173 Massachusetts AV,Boston,MA,02115
8/14/15 0:00,9/1/23 12:07,9/1/27 11:27,BERKLEE PERFORMANCE CENTER,EDUCATIONAL INSTITUTION,130 Massachusetts AV,Boston,MA,02115
2/24/20 11:24,2/22/24 11:14,2/22/28 11:13,Beth Israel Deaconess Department of Psychiatry Foundation,Continuing Medical Education,330 Brookline AV,Boston,MA,02115
2/5/21 15:24,1/24/25 11:59,1/24/29 11:57,BILH Pharmacy 364 Brookline AVE 04 Boston MA 02215,Pharmacy,364 Brookline AV,Boston,MA,02115
5/13/14 0:00,4/13/22 10:32,4/13/26 10:32,BIOENERGETICS,CONTRACTED SCIENTIFIC RESEARCH,36 Symphony RD,Boston,MA,02115
7/6/18 14:13,8/5/22 15:17,8/5/26 15:16,Black Chickadee Productions,Event Management,650 Huntington AV,Mission Hill,MA,02115
4/7/22 12:53,,4/7/26 12:46,Bleu Line Designs,Construction,361 Newbury ST,Boston,MA,02115
2/7/24 10:24,,2/7/28 10:20,Bli,Creative,352 Commonwealth AV,Boston,MA,02115
5/1/23 15:07,,5/1/27 15:03,BLS Consulting Services,Consulting Services,405 Commonwealth AV,Boston,MA,02115
11/3/20 11:34,11/12/24 15:40,11/12/28 15:04,Blue Moon Smoke Shop,smoke shop,90 Westland AV,Boston,MA,02115
9/5/23 12:46,,9/5/27 12:44,Blue Period Company,Fine Arts,60 Saint Germain ST,Boston,MA,02115
5/28/15 0:00,5/6/19 13:54,5/6/23 13:51,BODEGA,RETAIL,4 Clearway ST,Boston,MA,02115
8/13/18 13:16,8/1/22 12:26,8/1/26 11:26,BodyScapes Fitness,Fitness,77 Avenue Louis Pasteur,Boston,MA,02115
12/19/23 13:39,,12/19/27 13:34,BONAFIDE ENTERTAINMENT,ENTERTAINMENT,84 Gainsborough ST,Boston,MA,02115
12/19/23 13:39,,12/19/27 13:33,BONAFIDE UNLIMITED,CONSULTING,84 Gainsborough ST,Boston,MA,02115
7/9/19 13:30,,7/9/23 12:47,Bono Garage Door Repair & Installation,garage door repair,177 Huntington AV,Boston,MA,02115
11/15/22 13:18,,11/15/26 13:17,Boom Invest,Personal Finance,177 Huntington AV,Boston,MA,02115
12/23/14 0:00,1/27/23 12:27,1/27/27 12:12,BOSTON ARCHITECTURAL COLLEGE,COLLEGE,320 Newbury ST,Boston,MA,02115
1/26/22 9:30,,1/26/26 9:29,Boston Boutique Rentals,Short-Term Rental Housing Lodging,11 Hereford ST,Boston,MA,02115
8/7/23 13:25,,8/7/27 13:22,Boston Brokerage Group,Real Estate Management,58 Gainsborough ST,Boston,MA,02115
4/25/25 10:15,,4/25/29 10:14,BOSTON BROWNSTONE AIRBN,AirBnB,45 Hemenway ST,Boston,MA,02115
12/19/16 15:17,4/7/25 10:13,4/7/29 9:20,Boston Burger Company,Restaurant,1100 Boylston ST,Boston,MA,02115
9/15/16 13:23,5/28/21 12:47,5/28/25 12:22,Boston Cab Dispatch,Taxi Dispatch,0 Huntington AV,Boston,MA,02115
9/12/13 0:00,8/22/25 13:05,8/22/29 11:58,BOSTON CENTER FOR ORAL HEALTH,DENTIST,400 Commonwealth AV,Boston,MA,02115
9/17/25 13:34,,9/17/29 13:29,Boston Children's Ambulance,Hospital,300 Longwood AV,Boston,MA,02115
3/10/15 0:00,2/16/23 9:33,2/16/27 9:30,BOSTON CHILDREN'S HOSPITAL,HOSPITAL,300 Longwood AV,Boston,MA,02115
9/17/25 13:35,,9/17/29 13:32,Boston Children's Pharmacy,Pharmacy,283 Longwood AV,Boston,MA,02115
12/5/23 14:04,,12/5/27 14:02,Boston Cyber Pros,IT Services,40 Hereford ST,Boston,MA,02115
2/5/20 12:49,,2/5/24 12:48,Boston Grand Realty,Real Estate,115 Saint Stephen ST,Boston,MA,02115
2/11/21 13:51,,2/11/25 13:50,Boston Grand Realty,real estate and management,10 Clearway ST,Boston,MA,02115
2/6/25 15:30,,2/6/29 15:27,Boston Grand Realty,Brokerage / Real Estate,24 Westland AV,Boston,MA,02115
2/24/16 0:00,4/10/24 15:25,4/10/28 15:22,BOSTON HERITAGE REALTY,REAL ESTATE AGENCY,2 Symphony RD,Boston,MA,02115
10/4/16 11:18,,,Boston House Of Pizza,Pizza Restaurant,305 Huntington AV,Boston,MA,02115
9/23/24 14:38,,9/23/28 14:35,Boston Infinity Stone,Retail,393 Massachusetts AV,Boston,MA,02115
1/15/19 12:25,,1/15/23 12:24,Boston Luxury Beds,Online Mattress Retail,292 Newbury ST,Boston,MA,02115
8/7/23 13:25,,8/7/27 13:21,Boston Management Group,Real Estate Management,58 Gainsborough ST,Boston,MA,02115
9/17/15 0:00,9/13/19 13:53,9/13/23 11:05,BOSTON OMAHA HOLDINGS,INVESTMENT HOLDING COMPANY,292 Newbury ST,Boston,MA,02115
11/13/20 10:39,9/27/24 16:34,9/27/28 16:33,Boston Orthodontics,Dental Office,396 Commonwealth AV,Boston,MA,02115
1/10/20 13:10,12/18/23 15:17,12/18/27 11:38,Boston orthotics & Prosthetics,Orthotics & Prostthetics,300 Longwood AV,Boston,MA,02115
1/15/20 12:38,,1/15/24 12:03,Boston Orthotics & Prosthetics,Orthotics & Prosthetics,330 Brookline AV,Boston,MA,02115
2/22/19 15:24,2/22/23 12:03,2/22/27 11:56,Boston Rose Flower Shop,Florist,225 Massachusetts AV,Boston,MA,02115
3/29/19 12:47,5/16/23 11:23,5/16/27 11:22,Boston Smile Design,Dental Lab,396 Commonwealth AV,Boston,MA,02115
4/8/21 12:11,6/4/25 15:53,6/4/29 13:44,Boston Symphony Orchestra,orchestra,301 Massachusetts AV,Boston,MA,02115
9/15/17 15:12,9/2/25 14:05,9/2/29 14:01,Boston Threading,Threading Shop Owner,302 Newbury ST,Boston,MA,02115
4/29/15 0:00,4/13/23 12:33,4/13/27 12:31,BOSTON UNION REALTY,REAL ESTATE OFFICE,79 Westland AV,Boston,MA,02115
4/28/25 15:32,,4/28/29 15:31,Boston Vape N Smoke,Smoke Shop,309 Huntington AV,Boston,MA,02115
3/19/25 10:10,,3/19/29 10:03,Boston Vital Massage,Mobile Massage Therapy,73 Hemenway ST,Boston,MA,02115
1/25/19 12:28,,1/25/23 11:37,Boston Yoga Union,Yoga Studio,1112 Boylston ST,Boston,MA,02115
9/15/15 0:00,,9/15/19 0:00,BOSTONI BARBER SHOP,BARBERSHOP,314 Newbury ST,Boston,MA,02115
1/4/16 0:00,,1/4/20 0:00,BOSTONI BARBER SHOP,,314 Newbury ST,Boston,MA,02115
1/27/25 12:30,,1/27/29 12:29,Bostonian Pizza,Pizza Restaurant,350 Longwood AV,Boston,MA,02115
3/25/19 14:25,,3/25/23 14:23,Bostonselltics,Online Ticket Broker,375 Commonwealth AV,Boston,MA,02115
1/23/20 15:15,1/30/24 12:58,1/30/28 8:40,BOURBON STREET CAFE,Fast food restaurant,350 Longwood AV,Boston,MA,02115
9/23/21 13:18,,9/23/25 13:16,Brainy Architect,Consulting,12 Hemenway ST,Boston,MA,02115
3/20/17 14:47,3/22/22 11:53,3/22/26 11:03,BRANDY MELVILLE,Retail Clothing Business,284 Newbury ST,Boston,MA,02115
4/23/24 13:38,,4/23/28 13:36,BRIDGE CARE AND HEALTH,Home Health Agency,361 Newbury ST,Boston,MA,02115
4/6/22 9:47,,4/6/26 9:46,Bristol Recording & Voice Studios,Recording Studio,238 Huntington AV,Boston,MA,02115
5/17/22 13:59,,5/17/26 13:58,BRUMALIA MEDIA GROUP,MARKETING,361 Newbury ST,Boston,MA,02115
6/26/25 16:46,,6/26/29 15:44,Bubble Bath Back Bay,Restaurant,408 Newbury ST,Boston,MA,02115
1/16/25 14:22,,1/16/29 14:20,BUJI Design,Retail,324 Newbury ST,Boston,MA,02115
7/26/16 10:35,9/11/25 10:41,9/11/29 10:40,Bukowski Tavern,Restaurant,50 Dalton ST,Boston,MA,02115
9/17/20 11:08,,9/17/24 11:06,By Shani,nail salon/studio,92 Massachusetts AV,Boston,MA,02115
1/15/19 13:21,3/1/23 14:50,3/1/27 14:50,Cafe G,Restaurant,25 Evans WY,Boston,MA,02115
1/20/22 13:02,12/23/25 10:59,12/23/29 10:57,Cafe Sauvage,Restaurant,25 Massachusetts AV,Boston,MA,02115
3/30/15 0:00,3/6/23 11:40,3/6/27 11:38,CAFFE BENE,CAFE,333 Massachusetts AV,Boston,MA,02115
12/19/24 15:29,,12/19/28 15:11,CAFFE NERO,Coffee Shop,114 New Edgerly RD,Boston,MA,02115
2/23/18 16:17,2/1/24 9:39,2/1/28 9:35,CAFFE NERO,COFFEE CAFE,1100 Boylston ST,Boston,MA,02115
10/3/14 0:00,9/24/18 15:29,9/24/22 15:03,CAHOOTS,GRAPHIC DESIGN,30 Fenway,Boston,MA,02115
1/21/22 11:13,,1/21/26 11:11,"CALLOWAY GRAPHIX, PRINTING, MARKETING","GRAPHICS, PRINTING AND MARKETING",361 Newbury ST,Boston,MA,02115
4/7/22 12:53,,4/7/26 12:50,Capital Bleu,Consultant,361 Newbury ST,Boston,MA,02115
10/21/15 0:00,12/30/19 16:35,12/30/23 15:56,CAPPY'S LAUNDROMAT,LAUNDROMAT,90 Westland AV,Boston,MA,02115
7/10/25 14:12,,7/10/29 14:11,Cappy's Pizza & Subs,Restaurant,82 Westland AV,Boston,MA,02115
9/1/23 9:39,,9/1/27 9:34,Carbon Health,Human Medical Practice,400 FENWAY,BOSTON,MA,02115
8/31/20 13:43,9/30/24 14:48,9/30/28 10:58,CareerMode,career consulting,177 Huntington AV,Boston,MA,02115
10/3/16 11:50,3/31/25 10:52,3/31/29 10:49,Carl J Shapiro Instutie f/Education & Research at Harvard Medical School,Education & Research,330 Brookline AV,Boston,MA,02115
9/15/14 0:00,8/8/22 11:45,8/8/26 10:53,CARR & ASSOCIATES,DENTAL OFFICE,68 New Edgerly RD,Boston,MA,02115
3/18/15 0:00,,3/18/19 0:00,CARUCCI GROUP,REAL ESTATE,316 Newbury ST,Boston,MA,02115
2/11/16 0:00,,2/11/20 0:00,CARUCCI GROUP,WITHDRAWAL (3/18/15),316 Newbury ST,Boston,MA,02115
8/8/22 11:46,,8/8/26 11:44,Casa Romero,Restaurant,30 Gloucester ST,Boston,MA,02115
9/25/15 0:00,8/16/23 11:28,8/16/27 11:25,CHARLEY PHILLY STEAKS,RESTAURANT,350 Longwood AV,Boston,MA,02115
11/30/23 15:15,,11/30/27 15:14,CHEWMAI,ONLINE RETAIL,74 Fenway,Boston,MA,02115
5/7/25 12:42,,5/7/29 12:33,CHI CHA SAN CHEN,Restaurant,408 Newbury ST,Boston,MA,02115
9/28/21 12:39,9/8/25 16:26,9/8/29 16:24,CHIBUZO DUNUN,Entertainment,34 Westland AV,Boston,MA,02115
4/18/14 0:00,,4/18/18 0:00,CHINESE MIRCH BOSTON,RESTAURANT,251 Massachusetts AV,Boston,MA,02115
10/1/15 0:00,,10/1/19 0:00,CHINESE MIRCH BOSTON,WITHDRAWAL (4/18/14),251 Massachusetts AV,Boston,MA,02115
1/17/23 15:09,,1/17/27 15:07,Chris Cleanout & Demo,Labor,307 Huntington AV,Boston,MA,02115
10/23/20 13:17,10/16/24 11:18,10/16/28 8:28,Christian Science Practitioner,healing through prayer,334 Massachusetts AV,Boston,MA,02115
10/18/19 12:36,10/13/23 15:18,10/13/27 15:16,"Christie Thanasack, LMHC",Psychotherapy Practice,361 Newbury ST,Boston,MA,02115
2/8/16 0:00,10/31/24 15:06,10/31/28 15:04,CHRISTOPHER CHAUN,CLOTHING DESIGN,263 Huntington AV,Boston,MA,02115
6/20/25 11:50,,6/20/29 11:48,Chromesthesia- Color Hearing,Education,447 Marlborough ST,Boston,MA,02115
4/28/23 9:08,,4/28/27 8:24,Citizen Construction,Construction,46 Saint Stephen ST,Boston,MA,02115
5/16/24 12:44,,5/16/28 11:37,citizenM Back Bay Hotel,Hotel,408 Newbury ST,Boston,MA,02115
2/26/26 10:01,,2/26/30 9:59,City Liquor and Smoke Shop,Package Store,45 Massachusetts AV,Boston,MA,02115
8/3/22 12:04,,8/3/26 11:59,City Smoke,Smoke Shop,324 Newbury ST,Boston,MA,02115
7/6/15 0:00,8/31/23 9:21,8/31/27 9:15,CITYSCAPES INTERNATIONAL REALTY GROUP,REAL ESTATE OFFICE,316 Newbury ST,Boston,MA,02115
8/6/15 0:00,,8/6/19 0:00,CLEAN GREEN COOKING,MARKETING,263 Huntington AV,Boston,MA,02115
1/19/16 0:00,,1/19/20 0:00,CLEAN GREEN COOKING,WITHDRAWAL (8/6/15),263 Huntington AV,Boston,MA,02115
8/31/15 0:00,,8/31/19 0:00,CLIO RESTAURANT,RESTAURANT,370 Commonwealth AV,Boston,MA,02115
3/9/16 0:00,,3/9/20 0:00,CLIO RESTAURANT,WITHDRAWAL 8/31/2015,370 Commonwealth AV,Boston,MA,02115
4/21/21 15:20,4/11/25 15:27,4/11/29 12:24,Cloverkey,Hospital Gift Shop,300 Longwood AV,Boston,MA,02115
8/23/22 10:28,,8/23/26 10:25,Clutter Erase,Consulting Services,11 New Whitney ST,Boston,MA,02115
5/8/19 14:09,6/29/23 11:14,6/29/27 11:04,Coco Leaf,Cafe/Bakery,303 Newbury ST,Boston,MA,02115
10/7/19 12:22,,10/7/23 11:36,Coin Cloud,Virtual Currency Kiosk Operatror,95 Westland AV,Boston,MA,02115
4/5/23 10:14,,4/5/27 10:05,COLLEGE CONVENIENCE,Convenience Store,281 Huntington AV,Boston,MA,02115
9/18/13 0:00,,9/18/17 0:00,COMMONWEALTH COURT GUEST HOUSE,LODGING HOUSE,284 Commonwealth AV,Boston,MA,02115
8/5/15 0:00,,8/5/19 0:00,COMMONWEALTH COURT GUEST HOUSE,WITHDRAWAL (9/18/03),284 Commonwealth AV,Boston,MA,02115
12/29/22 14:15,,12/29/26 14:14,Commonwealth Dental Group,Dental Office,400 Commonwealth AV,Boston,MA,02115
5/26/20 13:48,6/25/24 15:36,6/25/28 12:21,ConsumerEXP,marketing,650 Huntington AV,Mission Hill,MA,02115
11/5/18 15:55,,11/5/22 15:51,Copley Media Group,Marketing and Consulting,251 Huntington AV,Boston,MA,02115
3/15/22 13:46,,3/15/26 12:51,Corporate Housing Solutions,Rentals,177 Huntington AV,Boston,MA,02115
3/15/17 15:20,,,CROSSROAD PUB,BAR/RESTAURANT,495 Beacon ST,Boston,MA,02115
6/14/19 11:46,7/19/23 10:19,7/19/27 10:07,CRYOHUB,Cryotherapy,316 Newbury ST,Boston,MA,02115
2/8/22 15:31,2/4/26 13:47,2/4/30 11:28,CSPS,Publisher,210 Massachusetts AV,Boston,MA,02115
2/7/17 13:44,12/4/24 15:26,12/4/28 15:21,CVS / Pharmacy #2971,Pharmacy,350 Longwood AV,Boston,MA,02115
8/8/13 0:00,8/15/25 9:37,8/16/29 8:05,CVS/PHARMACY #1259,RETAIL PHARMACY,231 Massachusetts AV,Boston,MA,02115
8/8/13 0:00,8/18/25 7:53,8/15/29 7:53,CVS/PHARMACY #524,RETAIL PHARMACY,350 Longwood AV,Boston,MA,02115
4/17/24 15:47,,4/17/28 14:49,Dandelion Massage Boston,Massage Therapy,400 Commonwealth AV,Boston,MA,02115
9/27/24 16:34,,9/27/28 16:33,Dani's Queer Bar,Restaurant,909 Boylston ST,Boston,MA,02115
12/18/14 0:00,2/14/19 13:07,2/14/23 11:28,DARA'S WINE & SPIRITS,LIQUOR PACKAGE STORE,750 Huntington AVE,Boston,MA,02115
7/19/24 12:21,,7/19/28 12:11,David S. Guiness,antique Dealer,30 Dalton ST,Boston,MA,02115
6/4/25 16:17,,6/4/29 16:13,DELUXE RUSSIAN NAILS,Salon Owner,305 Newbury ST,Boston,MA,02115
12/4/24 13:00,,12/4/28 12:58,demandDrive,Consulting company,177 Huntington AV,Boston,MA,02115
9/22/25 16:46,,9/22/29 16:44,Dental Designs of Boston,Dental Office,388 Commonwealth AV,Boston,MA,02115
3/19/14 0:00,3/8/18 12:55,3/8/22 11:36,DEPARTMENT OF ANESTHESIA,MEDICAL SERVICES,75 Francis ST,Boston,MA,02115
3/19/14 0:00,3/8/18 12:55,3/8/22 11:37,DEPARTMENT OF DERMATOLOGY,MEDICAL SERVICES,75 Francis ST,Boston,MA,02115
3/19/14 0:00,3/8/18 12:54,3/8/22 11:38,DEPARTMENT OF EMERGENCY MEDICINE,MEDICAL SERVICES,75 Francis ST,Boston,MA,02115
3/19/14 0:00,3/8/18 13:21,3/8/22 11:40,DEPARTMENT OF MEDICINE,MEDICAL SERVICES,75 Francis ST,Boston,MA,02115
3/19/14 0:00,3/8/18 13:03,3/8/22 11:42,DEPARTMENT OF NEUROLOGY,MEDICAL SERVICES,75 Francis ST,Boston,MA,02115
3/19/14 0:00,3/8/18 13:04,3/8/22 11:44,DEPARTMENT OF NEUROSURGERY,MEDICAL SERVICES,75 Francis ST,Boston,MA,02115
3/19/14 0:00,3/8/18 13:17,3/8/22 11:46,DEPARTMENT OF NEWBORN MEDICINE,MEDICAL SERVICES,75 Francis ST,Boston,MA,02115
3/19/14 0:00,3/8/18 13:03,3/8/22 11:48,DEPARTMENT OF OB/GYN,MEDICAL SERVICES,75 Francis ST,Boston,MA,02115
3/19/14 0:00,3/8/18 13:00,3/8/22 11:50,DEPARTMENT OF ORTHOPEDICS,MEDICAL SERVICES,75 Francis ST,Boston,MA,02115
3/19/14 0:00,3/8/18 13:01,3/8/22 11:52,DEPARTMENT OF PATHOLOGY,MEDICAL SERVICES,75 Francis ST,Boston,MA,02115
3/19/14 0:00,3/8/18 12:59,3/8/22 11:54,DEPARTMENT OF PRIMARY CARE,MEDICAL SERVICES,75 Francis ST,Boston,MA,02115
3/19/14 0:00,3/8/18 12:58,3/8/22 11:56,DEPARTMENT OF PSYCHIATRY,MEDICAL SERVICES,75 Francis ST,Boston,MA,02115
3/19/14 0:00,3/8/18 13:00,3/8/22 11:58,DEPARTMENT OF RADIATION ONCOLOGY,MEDICAL SERVICES,75 Francis ST,Boston,MA,02115
3/19/14 0:00,3/8/18 12:57,3/8/22 11:59,DEPARTMENT OF RADIOLOGY,MEDICAL SERVICES,75 Francis ST,Boston,MA,02115
3/19/14 0:00,3/8/18 13:02,3/8/22 12:02,"DEPARTMENT OF RHEUMATOLOGY, ALLERGY AND IMMUNOLOGY",MEDICAL SERVICES,75 Francis ST,Boston,MA,02115
3/19/14 0:00,3/8/18 12:56,3/8/22 12:04,DEPARTMENT OF SURGERY,MEDICAL SERVICES,75 Francis ST,Boston,MA,02115
11/22/16 12:07,2/28/25 13:49,2/28/29 12:01,DESIGN KYO,interior design & decoration,42 Saint Stephen ST,Boston,MA,02115
6/26/19 10:29,9/29/25 12:02,9/29/29 11:57,Deuxave,Restaurant/Bar,371 Commonwealth AV,Boston,MA,02115
4/25/16 0:00,9/11/24 14:02,9/11/28 11:48,DHC DESIGN,ARCHITECT,333 Commonwealth AV,Boston,MA,02115
2/5/20 11:16,7/16/25 12:16,7/16/29 12:14,DHCI Real Estate Group,Real Estate Office,316 Newbury ST,Boston,MA,02115
11/21/16 11:46,11/17/20 11:22,11/17/24 11:19,Dick Blick Retail,Retail Art Supplies,333 Massachusetts AV,Boston,MA,02115
10/27/17 13:19,11/19/21 10:47,11/19/25 9:23,Diesel,Fashion Retail,339 Newbury ST,Boston,MA,02115
10/18/13 0:00,1/22/26 10:30,1/22/30 8:30,DILLON'S,RESTAURANT,955 Boylston ST,Boston,MA,02115
9/6/22 13:23,,9/6/26 13:17,DJ Management,Short Term Rental,14 Cumberland ST,Boston,MA,02115
9/6/22 13:23,,9/6/26 13:15,DJ Management,Short Term Rental,14 Cumberland ST,Boston,MA,02115
4/19/18 14:45,,4/19/22 14:44,Dolphin Microsystems,IT Consulting,390 Commonwealth AV,Boston,MA,02115
5/19/25 12:05,,5/19/29 11:40,Don't Tell Aunty,Restaurant and Bar,1080 Boylston ST,Boston,MA,02115
4/4/18 14:36,3/22/22 14:41,3/22/26 14:36,Dos Diablos,Restaurant & Bar,52 Gainsborough ST,Boston,MA,02115
3/5/24 10:43,,3/5/28 10:38,Down Under School of Yoga,Yoga Studio,1112 Boylston ST,Boston,MA,02115
6/7/18 15:03,,6/7/22 13:36,DR. TRACY MURPHY,DENTIST,328 Newbury ST,Boston,MA,02115
8/26/20 14:41,,8/26/24 14:36,Dragonfly Commerce,Acquisition and Dev. of Brands,177 Huntington AV,Boston,MA,02115
1/20/23 16:03,,1/20/27 13:59,Dunkin Donuts,Quick Service Retail,330 Brookline AV,Boston,MA,02115
6/25/19 9:44,8/4/23 14:54,8/4/27 14:02,Dunkin Donuts,Coffee & Donuts,360 Huntington AV,Boston,MA,02115
6/25/19 9:44,8/4/23 14:54,8/4/27 13:55,Dunkin Donuts,Coffee & Donuts,115 Forsyth ST,Boston,MA,02115
6/30/14 0:00,1/20/23 16:03,1/20/27 14:09,DUNKIN DONUTS,QUICK SERVICE RETAIL,350 Longwood AV,Boston,MA,02115
2/28/20 10:33,,2/28/24 10:30,Egan Sustainability Consulting,Sustainability consulting,411 Marlborough ST,Boston,MA,02115
9/15/25 13:44,,9/15/29 13:42,El Barco,Resturant,50A Dalton ST,Boston,MA,02115
3/7/23 13:45,,3/7/27 13:38,El Jefe's Taqueria Of Northeastern,Restaurant,269 Huntington AV,Boston,MA,02115
6/22/15 0:00,8/18/23 12:43,8/18/27 11:24,EMACK AND BOLIO'S,ICE CREAM,290 Newbury ST,Boston,MA,02115
11/3/17 14:44,11/9/21 14:49,11/9/25 13:54,Ember Creative,Design,358 Commonwealth AV,Boston,MA,02115
3/17/25 14:39,,3/17/29 13:35,Encore,Audio Visual Equipment Rental Services,1 Dalton ST,Boston,MA,02115
1/8/16 0:00,1/4/24 11:42,1/4/28 11:39,ENGEL & VOLKERS BOSTON,REAL ESTATE,46 Gloucester ST,Boston,MA,02115
12/30/15 0:00,,12/30/19 0:00,ENGEL & VOLKERS METRO BOSTON,REAL ESTATE SALES & LEASING,46 Gloucester ST,Boston,MA,02115
1/8/16 0:00,,1/8/20 0:00,ENGEL & VOLKERS METRO BOSTON,WITHDRAWAL (12/30/15),46 Gloucester ST,Boston,MA,02115
8/16/22 12:43,,8/16/26 12:42,Enovis Surgi-Care,Sales,364 Brookline AV,Boston,MA,02115
4/14/22 15:06,,4/14/26 15:04,Eva,Restaurant,279A Newbury ST,Boston,MA,02115
2/27/23 9:59,,2/27/27 9:57,Evolve Chiropractic & Wellness,Fitness & Wellness,30 Fenway,Boston,MA,02115
4/27/22 10:36,,4/27/26 10:35,ezzie + co.,Legal + Consulting Services,230 Newton ST,Boston,MA,02115
8/13/24 14:40,,8/13/28 14:36,F & P Mechanical,Mechanical Contractor,361 Newbury ST,Boston,MA,02115
2/28/19 14:23,,2/28/23 14:20,Fanny Dupuis Photography,Photography,27H Massachusetts AV,Boston,MA,02115
7/23/15 0:00,,7/23/19 0:00,FANTASY NAILS AND SPA,WITHDRAWAL (10/17/13),184 Massachusetts AV,Boston,MA,02115
9/23/24 15:29,,9/23/28 15:27,Farmer's Horse Coffee,Restaurant,374 Massachusetts AV,Boston,MA,02115
7/29/13 0:00,,7/29/17 0:00,FELICIA'S COSMETICS,RETAIL STORE,314 Newbury ST,Boston,MA,02115
9/3/15 0:00,,9/3/19 0:00,FELICIA'S COSMETICS,WITHDRAWAL (7/29/15),314 Newbury ST,Boston,MA,02115
4/26/24 15:56,,4/26/28 15:14,Fengate Properties,Apartment Rental,48 Fenway,Boston,MA,02115
6/16/23 11:15,,6/16/27 11:12,Fensgate Properties Realty Trust,Residential Rental,48 Fenway,Boston,MA,02115
3/20/23 10:51,,3/20/27 10:50,Fenway Financial Consultants,Accounting Services,51 Saint Stephen ST,Boston,MA,02115
8/29/25 10:35,,8/29/29 10:34,Fenway Forward,Community Organization,70 Burbank ST,Boston,MA,02115
4/9/20 14:18,4/10/24 15:25,4/10/28 15:23,Fenway Property Solutions,property management,327 Huntington AV,Boston,MA,02115
12/12/18 15:25,12/1/22 11:18,12/1/26 10:59,Five Guys,Fast Food,263 Huntington AV,Boston,MA,02115
9/25/18 13:25,3/4/24 17:22,3/4/28 11:52,Fjallraven,Retail Sales - Outdoor Clothing,330 Newbury ST,Boston,MA,02115
3/11/14 0:00,,3/11/18 0:00,FLORENTIA PROPERTIES,WITHDRAWAL (3/24/11),375 Newbury ST,Boston,MA,02115
1/6/26 15:23,,1/6/30 15:07,FLOUR BAKERY + CAFE,Restaurant/Cafe,30 Dalton ST,Boston,MA,02115
10/23/12 0:00,,10/23/16 0:00,FLOYDS 99 BARBERSHOP,WITHDRAWAL (2/16/11),189 Massachusetts AV,Boston,MA,02115
5/20/14 0:00,6/2/22 10:26,6/2/26 10:25,FLUTEFX,MUSICAL INSTRUMENT REPAIR,73 Hemenway ST,Boston,MA,02115
10/15/25 11:42,,10/15/29 11:41,Fontaine Wellness,Wellness Consulting Services,292 Newbury ST,Boston,MA,02115
1/29/18 14:43,3/10/26 13:20,3/10/30 13:15,Forbes Real Estate,Real Estate,411 Beacon ST,Boston,MA,02115
6/24/16 14:37,8/8/24 12:48,8/8/28 12:46,Forsyth Dental Hygiene Clinic,Univertiy Dental,179 Longwood AV,Boston,MA,02115
12/4/15 0:00,11/21/23 9:52,11/21/27 9:47,FORTY DALTON,HOTEL RESTAURANT,40 Dalton ST,Boston,MA,02115
8/27/21 13:11,8/27/25 14:13,8/27/29 14:12,Forward Spine And Sport,Health Care Services,400 Commonwealth AV,Boston,MA,02115
5/19/23 11:23,,5/19/27 11:22,Four Seaons Hotel One Dalton,Full Service Hotel,1 Dalton ST,Boston,MA,02115
5/22/19 11:37,6/2/23 16:09,6/2/27 16:06,Four Seasons Boston at One Dalton,Full Service Hotel,1 Dalton ST,Boston,MA,02115
2/7/24 10:24,,2/7/28 10:23,Frame Advisors,Advisory Services,352 Commonwealth AV,Boston,MA,02115
10/22/24 13:01,,10/22/28 12:13,Free People Movement #6052,Clothing retail,333 Newbury ST,Boston,MA,02115
10/16/24 11:19,,10/16/28 11:17,Friends of the Back Bay Fens,Environmental Advocacy,120 Norway ST,Boston,MA,02115
8/13/13 0:00,7/22/25 13:26,7/22/29 13:24,FRIENDS PLACE,SPECIALTY STORE,450 Brookline AV,Boston,MA,02115
1/15/25 12:47,,1/15/29 12:46,GalaxyNexus Software,Software Development,45 Westland AV,Boston,MA,02115
9/16/14 0:00,,9/16/18 0:00,GALLERIA CLEANERS EXPRESS,WITHDRAWAL 5/22/2012,334 Massachusetts AV,Boston,MA,02115
9/2/22 14:12,,9/2/26 10:58,Gemelli Tax & Accounting,Tax Prep/Accounting,150 Huntington AV,Boston,MA,02115
9/30/25 12:22,,9/30/29 12:22,George Howell Coffee,Cafe,400 Newbury ST,Boston,MA,02115
1/13/23 14:46,,1/13/27 14:26,Gerald butler Short Term Rental,Short Term Rental,28 Edgerly RD,Boston,MA,02115
8/5/24 16:38,,8/5/28 16:38,Glenn Dunne,STR 546475,8 Symphony RD,Boston,MA,02115
9/20/18 14:57,,9/20/22 14:52,Global Insights,Management Consulting,30 Dalton ST,Boston,MA,02115
11/21/19 14:47,11/8/23 11:48,11/8/27 10:48,GNC Church Park #5904,Vitamin Store,225 Massachusetts AV,Boston,MA,02115
4/21/22 12:38,,4/21/26 12:34,GND Cleaning Services,Cleaning Services,54 Fenwood RD,Boston,MA,02115
9/25/13 0:00,9/22/25 10:48,9/22/29 10:38,GREENHOUSE REALTY,Apartment Rentals,150 Huntington AV,Boston,MA,02115
2/22/19 15:19,2/22/23 12:03,2/22/27 11:58,Gyroscope,Restaurant,305 Huntington AV,Boston,MA,02115
3/10/15 0:00,5/3/23 14:31,5/3/27 11:56,H&R BLOCK,TAX PREPARATION SERVICES,205 Massachusetts AV,Boston,MA,02115
9/24/13 0:00,,9/24/17 0:00,HAIGH CONSULTING,WITHDRAWAL (10/9/12),396 Marlborough ST,Boston,MA,02115
10/9/12 0:00,,10/9/16 0:00,HAIGH CONSULTING,CONSULTING,396 Marlborough ST,Boston,MA,02115
10/19/21 13:53,9/30/25 15:34,9/30/29 15:32,Haju Kitchen,Restaurant,175 Massachusetts AV,Boston,MA,02115
5/6/19 9:27,,5/6/23 9:24,Hannah Rose Photography,Photography,129 Saint Botolph ST,Boston,MA,02115
3/26/14 0:00,2/16/18 12:56,2/16/22 12:55,HARRISON PROPERTIES,REAL ESTATE,16 Parker Hill AV,Boston,MA,02115
4/19/16 0:00,,4/19/20 0:00,HARVARD YAN XIN LIFE SCIENCE AND TECHNOLOGY CENTER,WITHDRAWAL 12/29/2015,371 Commonwealth AV,Boston,MA,02115
4/21/16 0:00,5/22/24 15:30,5/22/28 15:28,HATCH HAUS DESIGN,GRAPHIC DESIGN,21 Cumberland ST,Boston,MA,02115
12/16/15 0:00,3/6/24 16:11,2/9/28 16:08,HAVIER DAIVON ENTERTAINMENT,ENTERTAINMENT,150 Massachusetts AV,Boston,MA,02115
7/20/15 0:00,9/20/23 15:28,9/20/27 13:01,HBCS,BILLING OF HOSP & PHYS ACCTS REC,330 Brookline AV,Boston,MA,02115
3/1/24 13:39,,3/1/28 13:37,Heal Yourself & Love Yourself,Non Profit,72 Westland AV,Boston,MA,02115
5/10/18 15:36,3/17/26 14:47,3/17/30 14:45,HEALTHNEIQUE ENTERPRISES,DEVELOP VARIOUS KITS,33 Symphony RD,Boston,MA,02115
2/18/20 13:35,5/28/24 15:52,5/28/28 15:51,Higginson Boston Rental,Short Term Rental,36 Edgerly RD,Boston,MA,02115
1/28/21 10:11,,1/28/25 10:10,Hilton Boston Back Bay,hotel,40 Dalton ST,Boston,MA,02115
12/18/23 15:20,,12/18/27 11:54,HISSHO SUSHI,Wholesale sushi vendor,500 Huntington AV,Boston,MA,02115
5/16/22 12:58,,5/16/26 11:25,HISSHO SUSHI inside MassArt Eat Cafe- The Colleges Of The Fenway,Wholesale Sushi Vendor,625 Huntington AV,Boston,MA,02115
3/8/19 11:04,,3/8/23 11:02,Historic Boston Crime Tours,Tour Company,650 Huntington AV,Mission Hill,MA,02115
2/19/26 15:52,,2/19/30 13:49,Hoka,Retail,337 Newbury ST,Boston,MA,02115
5/21/25 10:21,,5/21/29 10:20,Homie Property Management,Technology,402 Marlborough ST,Boston,MA,02115
10/23/18 11:32,,10/23/22 11:31,Honest Trading Post,Online Retail,376 Riverway,Boston,MA,02115
4/12/24 15:38,,4/12/28 15:34,Hope Support Foundation,Basic Necessities for the Needy,361 Newbury ST,Boston,MA,02115
6/18/18 10:42,12/1/22 11:24,12/1/26 10:52,HORIZON Data Science Applications,Consulting,159 Saint Botolph ST,Boston,MA,02115
4/17/25 16:15,,4/17/29 16:13,HOTWORX,Fitness Studio,189 Massachusetts AV,Boston,MA,02115
1/25/16 0:00,3/17/25 15:47,3/17/29 15:28,HUB GUITAR,GUITAR INSTRUCTION,236 Huntington AV,Boston,MA,02115
1/21/21 14:10,2/25/25 15:54,2/25/29 15:46,HUNTINGTON MARKET,CONVENIENCE STORE,818 Huntington AV,Boston,MA,02115
4/9/20 14:18,4/10/24 15:26,4/10/28 15:18,Huntington Property Services,property management,327 Huntington AV,Boston,MA,02115
10/21/25 12:41,,10/21/29 12:39,Huntington Salon Barbershop,Hair Salon,333 Huntington AV,Boston,MA,02115
6/22/15 0:00,6/21/23 16:41,6/21/27 14:44,IBS CAPITAL,INVESTMENT MANAGER,31 Saint Germain ST,Boston,MA,02115
7/7/17 13:25,5/29/25 10:26,5/29/29 10:26,Ichiban Yakitori Sushi House,Asian Restaurant,14 Westland AV,Boston,MA,02115
7/14/22 13:25,,7/14/26 13:10,Icon,Communications Aid Technology,177 Huntington AV,Boston,MA,02115
2/17/23 15:16,,2/17/27 15:14,IdeaForward,Consulting,30 Dalton ST,Boston,MA,02115
2/6/23 9:44,,2/6/27 9:39,Infushon,Online Infusion Services Management,32 Francis ST,Boston,MA,02115
4/3/19 15:13,4/14/23 15:44,4/14/27 15:43,Irene Smalls,Marketing Sales,2 Durham ST,Boston,MA,02115
10/27/23 15:44,,10/27/27 15:43,Istanbul Doner Burrito,Restaurant,350 Longwood AV,Boston,MA,02115
11/4/24 13:04,,11/4/28 13:03,Istanbul Doner Burrito,Restaurant,350 Longwood AV,Boston,MA,02115
10/6/21 12:59,,10/6/25 12:58,iTaV Logistics,Logistics,80 Fenwood RD,Boston,MA,02115
10/24/24 12:47,,10/24/28 12:34,It's So Mari,Online Retail Sale (Custom Products),835 Huntington AV,Boston,MA,02115
9/29/23 15:32,,9/29/27 15:29,J. Money Entertainment,Promotion Services and Management Services,361 Newbury ST,Boston,MA,02115
7/31/14 0:00,6/9/22 15:45,6/9/26 15:35,J.P. LICKS,ICE CREAM/YOGURT CAFE,1106 Boylston ST,Boston,MA,02115
7/1/15 0:00,8/15/19 14:08,8/15/23 11:56,JACK CRONIN & ASSOCIATES,CONSULTING,419 Beacon ST,Boston,MA,02115
6/6/18 8:51,5/16/22 9:41,5/16/26 9:40,Jacques Amar Coiffure,Salon,175 Huntington AV,Boston,MA,02115
8/12/21 13:04,8/5/25 14:18,8/5/29 14:15,Janey Construction Management,Construction Management,236 Huntington AV,Boston,MA,02115
5/1/20 10:45,,5/1/24 10:43,Jayla's Obsessions,hair extensions,177 Huntington AV,Boston,MA,02115
3/30/18 9:13,2/2/26 16:05,2/2/30 13:51,jdw357 Consulting,Consulting,221 Massachusetts AV,Boston,MA,02115
1/22/15 0:00,2/10/23 13:58,2/10/27 13:52,JING GONG CONSTRUCTION CO.,CONSTRUCTION,99 Norway ST,Boston,MA,02115
8/10/15 0:00,8/7/23 9:11,8/7/27 9:09,JNYANI,Online Retail,48 Burbank ST,Boston,MA,02115
7/5/16 14:16,5/25/21 11:33,5/25/25 11:33,John Tile & Marble,Tile & Marble,52 Francis ST,Boston,MA,02115
1/26/23 11:29,,1/26/27 11:22,Johnson Paint,Paint and Supplies Retail,355 Newbury ST,Boston,MA,02115
1/20/15 0:00,12/28/18 13:39,12/28/22 11:31,JOHNSON PAINT COMPANY,RETAIL SALES,355 Newbury ST,Boston,MA,02115
9/17/18 15:41,,9/17/22 15:14,JORDAN DOWNING PHD,THERAPY,36 Gloucester ST,Boston,MA,02115
10/25/22 13:47,,10/25/26 13:42,JOVIAL CELLOS,MUSICAL INSTRUMENTS,236 Huntington AV,Boston,MA,02115
9/20/21 11:44,9/17/25 14:24,9/17/29 14:23,Juba Transportation,Livery,50 New Whitney ST,Boston,MA,02115
3/1/19 8:55,,3/1/23 8:54,JUUL,Electronics,334 Newbury ST,Boston,MA,02115
4/29/22 11:20,,4/29/26 11:02,KAAD HOME CARE,NON-MEDICAL HOME CARE,361 Newbury ST,Boston,MA,02115
1/9/23 14:33,,1/9/27 14:28,KDSAP,COMMUNITY OUTREACH AND EDUCATION,221 Longwood AV,Boston,MA,02115
2/6/18 14:34,,2/6/22 13:09,Keen Independent Research,Economic and Market Research,21 Fenwood RD,Boston,MA,02115
10/20/25 10:04,,10/20/29 10:03,Kelly Engineering Solutions,Engineering Consultants,79 Gainsborough ST,Boston,MA,02115
8/17/15 0:00,8/8/23 14:23,8/8/27 14:21,KELLY'S UNDERGROUND DOG GROOMING,DOG GROOMER,248 Newton ST,Boston,MA,02115
1/12/24 11:10,,1/12/28 11:09,Ki Talent Collective,Artist Management,46 Westland AV,Boston,MA,02115
1/9/23 14:33,,1/9/27 14:27,KIDNEY DISEASE SCREENING AND AWARENESS PROGRAM,COMMUNITY OUTREACH AND EDUCATION,221 Longwood AV,Boston,MA,02115
12/30/25 15:45,,12/30/29 15:39,King's,Bowling Alley and Restaurant,50A Dalton ST,Boston,MA,02115
10/3/18 13:06,,10/3/22 11:54,KNOWN,Designer,49 Massachusetts AV,Boston,MA,02115
9/26/19 12:32,,9/26/23 12:30,Kosumosu,Beauty Aid Retail,330 Newbury ST,Boston,MA,02115
10/26/20 15:06,10/8/24 16:33,10/8/28 15:20,Kowa Ophthalmic Research Laboratories,Research,3 Blackfan CI,Boston,MA,02115
2/21/20 14:52,,2/21/24 14:49,Krasi,Restaurant,48 Gloucester ST,Boston,MA,02115
12/27/13 0:00,1/6/26 11:38,1/6/30 11:35,KUNG FU TEA,Tea House,334 Massachusetts AV,Boston,MA,02115
8/4/20 13:15,9/3/24 9:55,9/3/28 9:53,Kyazimba Learning,Online and in-person learning coach,73 Hemenway ST,Boston,MA,02115
4/12/17 10:39,6/9/25 12:36,6/9/29 12:35,Laughing Monk Cafe,Restaurant,737 Huntington AV,Boston,MA,02115
11/14/19 10:09,,11/14/23 10:07,Laundro Magic Coin-Op Laundromat,Laundromat,59 Westland AV,Boston,MA,02115
6/15/21 10:23,6/9/25 11:08,6/9/29 11:07,Legacy Homes and Estates,Real Estate,361 Newbury ST,Boston,MA,02115
3/21/25 10:10,,3/21/29 10:09,LEONIZA,Consulting,63 New Whitney ST,Boston,MA,02115
6/8/18 12:51,8/10/22 14:27,8/10/26 11:37,Letters Foundation,Charitable Foundation,292 Newbury ST,Boston,MA,02115
5/11/23 12:35,,5/11/27 12:34,Level 1,Retail,304 Newbury ST,Boston,MA,02115
5/18/22 15:14,,5/18/26 15:13,Liberare Bookkeeping,Bookkeeping,149 Massachusetts AV,Boston,MA,02115
4/5/22 15:23,,4/5/26 15:20,Lighten Digital Media,Commercial Advertising,15 Edgerly RD,Boston,MA,02115
10/26/15 0:00,11/18/24 15:47,11/18/28 12:13,LINSCOTT GROUP,ONLINE MARKETING,263 Huntington AV,Boston,MA,02115
2/12/19 10:28,,2/12/23 10:26,LipsSealedEnt,Entertainment,100 Norway ST,Boston,MA,02115
12/17/19 15:51,12/15/23 10:21,12/15/27 10:18,Lipstick,Fashion/Retail,293 Newbury ST,Boston,MA,02115
9/12/22 14:53,,9/12/26 11:28,Little Whale Oyster Bar,Restaurant,314 Newbury ST,Boston,MA,02115
5/13/15 0:00,,5/13/19 0:00,LIYTE DEVELOPMENT STRATEGIES,CONSULTING,450 Parker ST,Boston,MA,02115
12/1/15 0:00,,12/1/19 0:00,LIYTE DEVELOPMENT STRATEGIES,WITHDRAWAL (5/13/15),450 Parker ST,Boston,MA,02115
10/28/25 15:14,,10/28/29 15:13,Loa's Shop,Aesthetician,409 Beacon ST,Boston,MA,02115
5/10/18 10:12,6/13/22 12:29,6/13/26 12:26,LONGWOOD BARBERSHOP,BARBER SHOP,342 Longwood AV,Boston,MA,02115
12/24/19 9:30,,12/24/23 9:30,Longwood Jewelry,Jeweler,350 Longwood AV,Boston,MA,02115
1/11/16 0:00,1/17/20 14:14,1/17/24 12:04,LONGWOOD OPTOMETRY,OPTOMETRY,342 Longwood AV,Boston,MA,02115
3/30/18 11:42,3/16/22 16:15,3/16/26 11:30,Lorenzo Painting and Cleaning Services,Painting and Cleaning Services,65 Westland AV,Boston,MA,02115
4/6/20 16:24,7/19/24 14:36,7/19/28 14:31,Love Art Sushi,Food,1 Haviland ST,Boston,MA,02115
12/17/19 15:51,12/15/23 10:21,12/15/27 10:17,Lure,Fashion/Retail,306 Newbury ST,Boston,MA,02115
3/16/22 12:50,,3/16/26 12:50,Luxury Aesthetic Center,Aesthetic Spa,305 Newbury ST,Boston,MA,02115
2/24/16 0:00,4/10/24 15:26,4/10/28 15:21,M & R MAINTENANCE SERVICES,REAL ESTATE AGENCY,327 Huntington AV,Boston,MA,02115
3/17/15 0:00,3/19/19 12:45,3/19/23 12:44,M 3 TAILORED MENSWEAR,CUSTOM MENSWEAR,150 Huntington AV,Boston,MA,02115
3/10/20 12:39,4/17/24 13:27,4/17/28 11:28,Madewell,Retail sales of apparel,325 Newbury ST,Boston,MA,02115
3/26/26 12:59,,3/26/30 12:57,Mag Made This,Home Decor and Baskets,436 Marlborough ST,Boston,MA,02115
3/3/14 0:00,3/10/26 13:03,3/10/30 13:02,MAID IN THE SHADE CLEANING,CLEANING SERVICES,30 Fenwood RD,Boston,MA,02115
10/8/21 15:52,12/11/25 13:03,12/11/29 13:03,Mamacita Mexican Comida,Restaurant,329 Huntington AV,Boston,MA,02115
10/30/23 10:39,,10/30/27 10:37,MANHATTAN BAGEL & COFFEE CO,CAFE,147 Massachusetts AV,Boston,MA,02115
10/10/18 14:26,,10/10/22 14:25,MARCH VIII,ONLINE FASHINON APPAREL,177 Huntington AV,Boston,MA,02115
5/31/18 15:44,,5/31/22 15:43,Maria Cleaning Services,Cleaning Services,263 Huntington AV,Boston,MA,02115
6/11/21 12:17,,6/11/25 12:16,Marina Skyes,Internet Sales,381 Commonwealth AV,Boston,MA,02115
1/22/20 13:25,,1/22/24 13:24,Marteamo,Freelance Marketplace,177 Huntington AV,Boston,MA,02115
8/23/19 15:51,8/23/23 10:00,8/23/27 9:40,Mass College of Health Sciences,University,179 Longwood AV,Boston,MA,02115
8/23/19 15:50,8/23/23 10:00,8/23/27 9:42,Mass College of Pharmacy,University,179 Longwood AV,Boston,MA,02115
8/23/19 15:51,8/23/23 10:00,8/23/27 9:41,Mass College of Pharmacy and Health Sciences,University,179 Longwood AV,Boston,MA,02115
9/18/20 13:41,12/27/24 14:35,12/27/28 14:30,Mass De Cleaning Company,cleaning services,361 Newbury ST,Boston,MA,02115
8/23/19 15:51,8/23/23 10:00,8/23/27 9:46,Massachusetts College of Health Sciences,University,179 Longwood AV,Boston,MA,02115
8/23/19 15:51,,8/23/23 14:11,Massachusetts College of Pharmacy,University,179 Longwood AV,Boston,MA,02115
8/23/19 15:51,8/23/23 10:00,8/23/27 9:43,Massachusetts College of Pharmacy and Allied Health Sciences,University,179 Longwood AV,Boston,MA,02115
8/23/19 15:51,8/23/23 10:00,8/23/27 9:48,Massachusetts College of Pharmacy and Health Sciences,University,179 Longwood AV,Boston,MA,02115
3/11/16 0:00,2/25/20 12:22,2/25/24 10:26,MASSACHUSETTS LANDMARK REALTY ADVISORS,REGISTERED INVESTMENT ADVISORS,21 Saint Germain ST,Boston,MA,02115
2/13/23 12:48,,2/13/27 12:47,Master Consulting,IT Consulting,80 Fenwood RD,Boston,MA,02115
6/30/14 0:00,6/23/22 10:01,6/23/26 9:59,MCDONALD'S,RESTAURANT,340 Longwood AV,Boston,MA,02115
8/23/19 15:51,8/23/23 10:00,8/23/27 9:47,MCP,University,179 Longwood AV,Boston,MA,02115
8/23/19 15:51,8/23/23 10:00,8/23/27 9:46,MCP University,University,179 Longwood AV,Boston,MA,02115
8/7/25 14:46,,8/7/29 14:44,Mellora Books,Bookkeeping Services,361 Newbury ST,Boston,MA,02115
12/18/17 12:52,12/31/25 10:37,12/31/29 10:36,Michelle Yarde Day Care,Day care,31 Fenwood RD,Boston,MA,02115
3/12/19 15:37,,3/12/23 15:37,Midwood & Co.,Real Estate,361 Newbury ST,Boston,MA,02115
3/29/21 15:05,4/10/25 14:15,4/10/29 13:33,Mie Higgshimoto,Hair Salon,316 Newbury ST,Boston,MA,02115
9/21/22 13:20,,9/21/26 13:17,MIGHTY STARTUP,ACCOUNTING SERVICES,177 Huntington AV,Boston,MA,02115
2/5/15 0:00,1/27/23 9:29,1/27/27 8:31,MIHM CUTANEOUS PATHOLOGY CONSULTATIVE SERVICE,MEDICAL,41 Avenue Louis Pasteur,Boston,MA,02115
11/3/17 14:27,1/20/26 14:08,1/20/30 13:14,Mikyoung Kim Design,Landscape Architecture,100 Massachusetts AV,Boston,MA,02115
5/26/17 11:26,,,Mini Ruby Contemporary Childrenswear,Retail,292 Newbury ST,Boston,MA,02115
4/6/20 16:24,7/19/24 14:36,7/19/28 14:32,Momo No Yume,Food/ consulting,1 Haviland ST,Boston,MA,02115
9/22/20 12:45,,9/22/24 12:44,Monde Beauty,online retail store,30 Dalton ST,Boston,MA,02115
10/14/21 10:20,10/8/25 14:21,10/8/29 14:17,Mother Juice,Restaurant,291 Newbury ST,Boston,MA,02115
4/3/18 11:27,,4/3/22 11:22,MSH VENTURES,HOLDING COMPANY,100 Massachusetts AV,Boston,MA,02115
4/26/13 0:00,,4/26/17 0:00,MUDDY RIVER CREATIVE,WITHDRAWAL (12/2/10,73 Hemenway ST,Boston,MA,02115
12/30/24 15:47,,12/30/28 15:41,Mumbai Spice,Restaurant,251 Massachusetts AV,Boston,MA,02115
8/16/22 13:37,,8/16/26 13:34,Nana's Hairbraiding,Hairbraiding Salon,901 Huntington AV,Boston,MA,02115
1/30/26 15:23,,1/30/30 14:43,Nancy Elliot Short Term Rental,Short Term Rental,106 Saint Stephen ST,Boston,MA,02115
6/23/22 13:06,,6/23/26 13:05,New Beginning Multi Service,Online Office Multiservice,6 Kempton ST,Boston,MA,02115
7/23/13 0:00,12/22/22 9:44,12/22/26 9:31,NEWBURY COMICS,RETAIL SALES,332 Newbury ST,Boston,MA,02115
12/20/24 14:08,,12/20/28 14:07,Newbury Health Spa,Bodyworks,297 Newbury ST,Boston,MA,02115
10/22/19 13:57,,10/22/23 13:56,No Fake Flowers,Online/ Communications,263 Huntington AV,Boston,MA,02115
6/22/18 9:25,6/3/22 15:45,6/3/26 14:31,NO. 284,LODGING HOUSE,284 Commonwealth AV,Boston,MA,02115
3/6/24 13:33,,3/6/28 10:54,Norrona,Retail,349 Newbury ST,Boston,MA,02115
3/14/16 0:00,4/24/24 15:02,4/24/28 11:32,NORTHEASTERN UNIVERSITY BOOKSTORE #656,RETAIL COLLEGE BOOKSTORE,360 Huntington AV,Boston,MA,02115
12/4/23 15:38,,12/4/27 15:01,Notary Active,Legal Services,361 Newbury ST,Boston,MA,02115
9/15/21 15:06,,9/15/25 15:03,Note the Nuance,Consulting,179 Saint Botolph ST,Boston,MA,02115
3/20/15 0:00,3/6/23 14:12,3/6/27 11:46,"OFFICE OF THE PUBLISHER'S AGENT, MARY BAKER EDDY'S WRITINGS",CHURCH,204 Massachusetts AV,Boston,MA,02115
6/5/25 15:08,,6/5/29 15:06,OG Serv Safe Barista,Consulting,32 Gloucester ST,Boston,MA,02115
6/22/18 9:51,,6/22/22 9:50,OJ Fit,Personal Trainer,177 Huntington AV,Boston,MA,02115
3/31/16 0:00,5/28/24 10:09,5/28/28 10:08,OJEE'S,HAIR SALON,88 Massachusetts AV,Boston,MA,02115
4/25/24 13:04,,4/25/28 12:34,Old Flame Project,Fine Art,292 Newbury ST,Boston,MA,02115
3/19/24 13:54,,3/19/28 13:52,Omi Korean Grill,Restaurant,261 Huntington AV,Boston,MA,02115
4/11/19 10:01,,4/11/23 9:59,Omikaprint,Online Retail,650 Huntington AV,Mission Hill,MA,02115
6/12/25 15:15,,6/12/29 15:13,ONYX Sports Physical Therapy,Physical Therapy,400 Commonwealth AV,Boston,MA,02115
4/28/25 12:19,,4/28/29 12:17,OP Specialty Bracing,Custom Orthotics / Prosthetics,300 Longwood AV,Boston,MA,02115
12/11/15 0:00,11/15/23 13:47,11/15/27 13:46,OPERA PLACE STUDIO,PHOTOGRAPHY,331 Huntington AV,Boston,MA,02115
1/25/16 0:00,3/5/24 16:14,3/5/28 16:07,OPTIMINDHEALTH,PSYCHIATRIC SERVICES,361 Newbury ST,Boston,MA,02115
3/17/14 0:00,,3/17/18 0:00,ORANGE CORNER CAFE,WITHDRAWAL (10/4/11),374 Massachusetts AV,Boston,MA,02115
8/25/22 9:22,,8/25/26 9:19,Origin Financial,Financial Wellness Services & Products & related activities,177 Huntington AV,Boston,MA,02115
9/10/15 0:00,8/8/24 12:58,8/8/28 12:56,ORPHEUS,MUSIC STORE,362 Commonwealth AV,Boston,MA,02115
8/2/17 13:48,3/4/26 16:42,1/6/30 14:46,O'Trafford Dental Spacialists,Special Dental Office,388 Commonwealth AV,Boston,MA,02115
6/27/17 13:52,8/12/25 10:46,7/10/29 0:00,Owed to Nature,Photography & Jewelry,381 Marlborough ST,Boston,MA,02115
2/4/13 0:00,,2/4/17 0:00,P S NAILS & SPA,NAILS & SPA,34 Gloucester ST,Boston,MA,02115
3/23/15 0:00,,3/23/19 0:00,P S NAILS & SPA,WITHDRAWAL (2/4/13),34 Gloucester ST,Boston,MA,02115
3/23/15 0:00,5/16/19 12:10,5/16/23 11:47,P S NAILS & SPA,NAILS BEAUTY SALON,34 Gloucester ST,Boston,MA,02115
9/15/17 12:58,8/7/25 15:21,8/7/29 11:54,Pad Thai Cafe,Thai Restaurant,6 Hemenway ST,Boston,MA,02115
6/26/24 16:43,,6/26/28 16:40,Panera Bread,Bakery/Cafe,300 Longwood AV,Boston,MA,02115
1/26/23 13:41,,1/26/27 11:29,PANERA BREAD,BAKERY/CAFE,75 Francis ST,Boston,MA,02115
7/11/17 14:09,7/24/25 13:03,7/24/29 13:01,Papa's Pizza Company,Food and Beverage,682 Huntington AVE,Boston,MA,02115
6/9/17 11:22,6/24/25 8:08,6/24/29 7:08,Pappas & Pappas,Employment Agency,177 Huntington AV,Boston,MA,02115
6/24/19 11:02,,6/24/23 10:59,Paradigm Catastrophic Care Management,Case Management Services,177 Huntington AV,Boston,MA,02115
1/29/21 10:06,1/20/26 12:10,1/20/30 12:10,Parker & Co,UNKNOWN,344 Commonwealth AV,Boston,MA,02115
8/14/15 0:00,8/12/19 15:26,8/12/23 15:25,PASTORAL MENTORS,CONSULTING,4 Charlesgate,Boston,MA,02115
3/17/15 0:00,4/25/23 11:47,4/25/27 10:32,PATAGONIA,OUTDOOR CLOTHING RETAILER,346 Newbury ST,Boston,MA,02115
1/11/22 15:20,,1/11/26 13:11,Pathogenz,online merchandise retail,361 Newbury ST,Boston,MA,02115
5/2/23 12:35,,5/2/27 12:35,Pat's Place,Catering Services,682 Huntington AVE,Boston,MA,02115
3/9/21 13:51,2/20/25 12:30,2/20/29 12:29,Pat's Place,Catering/Delivery Service,15 Francis ST,Boston,MA,02115
2/27/26 11:37,,2/27/30 11:31,Pavement Coffeehouse,Cafe,286 Newbury ST,Boston,MA,02115
2/27/26 11:37,,2/27/30 11:28,Pavement Coffeehouse,Cafe,44 Gainsborough ST,Boston,MA,02115
2/27/26 11:37,,2/27/30 11:34,Pavement Coffeehouse,Cafe,1096 Boylston ST,Boston,MA,02115
6/4/18 12:51,,6/4/22 12:49,Payne Group,Consulting,359 Newbury ST,Boston,MA,02115
2/18/16 0:00,2/27/24 13:52,2/27/28 13:35,PENGUIN,CAFE,735 Huntington AV,Boston,MA,02115
11/26/14 0:00,12/14/22 13:29,12/14/26 13:28,PERSONAL PET CARE,PET SITTING,73 Hemenway ST,Boston,MA,02115
2/3/22 13:51,,2/3/26 11:36,Physiotivity,Massage Therapy,285 Newbury ST,Boston,MA,02115
4/3/24 12:43,,4/3/28 12:41,"Piedras Preciosas ""Faszhar""",Events,149 Hemenway ST,Boston,MA,02115
12/16/21 12:25,,12/16/25 12:20,Planet Fitness,Fitness Center,361 Newbury ST,Boston,MA,02115
12/13/19 9:54,12/27/23 14:55,12/27/27 10:52,Playa Bowls,Restaurant,277 Huntington AV,Boston,MA,02115
5/16/18 13:23,,5/16/22 13:22,Pocket Grooves media,Video Production Agency,100 Massachusetts AV,Boston,MA,02115
11/13/18 12:21,10/24/22 15:47,10/24/26 13:21,POKE BAR & KITCHEN,RESTAURANT,313 Huntington AV,Boston,MA,02115
1/22/21 14:52,12/30/24 15:57,12/30/28 12:28,POPLAR TREE MEDIA,MEDIA AND PR,14 Durham ST,Boston,MA,02115
9/23/14 0:00,9/21/18 9:06,9/21/22 9:05,PORTER ENTERPRISES,SELLING BOOKS,33 Edgerly RD,Boston,MA,02115
3/18/16 0:00,3/15/24 10:21,3/15/28 10:17,POST HOSPITALITY GROUP,Real Estate Investments,46 Gloucester ST,Boston,MA,02115
8/17/21 12:35,,8/17/25 11:18,Pressed,jucie food retail store,288 Newbury ST,Boston,MA,02115
9/26/25 15:04,,9/26/29 15:03,Pressed Juicery,Retail,288 Newbury ST,Boston,MA,02115
7/3/18 12:52,8/4/22 9:59,8/4/26 9:44,Primula Health,Phychology,292 Newbury ST,Boston,MA,02115
3/21/22 16:11,,3/21/26 16:10,Pringle Professional Development Advisory,Advisory Services,52 Fenway,Boston,MA,02115
4/3/17 12:19,,,Prudential Lyons Group Real Estate,Real Estate,323 Newbury ST,Boston,MA,02115
3/20/15 0:00,3/6/23 14:11,3/6/27 11:50,"PUBLISHER, THE WRITINGS OF MARY BAKER EDDY",CHURCH,204 Massachusetts AV,Boston,MA,02115
3/31/22 14:19,,3/31/26 14:16,Puma Run House,Retail Shoe Outlet,292 Newbury ST,Boston,MA,02115
9/8/25 12:57,,9/8/29 12:39,Qdoba Mexican Eats,fast casual Restaurant,279 Massachusetts AV,Boston,MA,02115
10/27/16 10:55,,,QDOBA MEXICAN GRILL,RESTAURANT,393 Huntington AV,Boston,MA,02115
8/26/19 12:12,8/8/23 14:24,8/8/27 14:09,RAISON D'ETRE TRAVEL,Travel Service,361 Newbury ST,Boston,MA,02115
5/16/17 13:45,,,REALLOOK 360,3D Holding/ Real Estate Photography,291 Saint Botolph ST,Boston,MA,02115
8/5/25 14:41,,8/5/29 14:39,Rebecca Rivers Interiors,Interior Design,6 Gloucester ST,Boston,MA,02115
7/18/19 12:45,,7/18/23 12:43,Rebecca Storage Mass,Shipping,207 Massachusetts AV,Boston,MA,02115
5/29/25 14:20,,5/29/29 14:15,Rebel Without A Pause,books,316 Huntington AV,Boston,MA,02115
10/3/23 11:01,,10/3/27 10:55,REDCON SECURITY,Security systems and guards,361 Newbury ST,Boston,MA,02115
8/27/18 10:53,,8/27/22 10:53,RedWhite,Vegan Take Out Restaurant,294 Newbury ST,Boston,MA,02115
4/30/18 15:30,5/11/22 13:12,5/11/26 11:15,REFORMATION,RETAIL CLOTHING & GOODS,342 Newbury ST,Boston,MA,02115
1/22/20 13:22,,1/22/24 13:20,Regus Insurance,Insurance Agent,287 Newbury ST,Boston,MA,02115
10/2/25 16:00,,10/2/29 15:58,REPREZENTU,Consulting,72 Westland AV,Boston,MA,02115
11/2/21 15:02,1/12/26 16:21,1/12/30 16:19,Retro Ricky,Shoe E-Commerce,142 Hemenway ST,Boston,MA,02115
6/1/22 14:23,,6/1/26 14:23,Revolution Health Kitchen,Restaurant,150 Huntington AV,Boston,MA,02115
6/19/14 0:00,6/12/18 12:35,6/12/22 12:33,REVOLUTION HEALTH KITCHEN,"QUICK SERVE RESTAURANT, JUICE BAR",150 Huntington AV,Boston,MA,02115
9/7/17 13:11,8/28/25 11:09,8/28/29 11:07,RICK WALKERS,RETAIL,306 Newbury ST,Boston,MA,02115
7/15/25 12:35,,7/15/29 12:34,RimaSiri Massage Studio,Massage Studio,361 Newbury ST,Boston,MA,02115
6/1/17 14:17,4/30/25 9:32,4/30/29 9:28,Rittners School,School,345 Marlborough ST,Boston,MA,02115
7/26/18 15:53,,7/26/22 15:51,RJ Scalzi and Sons,Vinyl Siding,175 Saint Botolph ST,Boston,MA,02115
12/5/22 15:08,,12/5/26 14:57,Rooted In Roxbury,Marijuana Retailer,331 Newbury ST,Boston,MA,02115
1/14/16 0:00,1/14/20 16:10,1/14/24 16:08,ROOTS MUSIC MANAGEMENT,ARTIST MANAGEMENT,189 Massachusetts AV,Boston,MA,02115
2/3/26 15:27,,2/3/30 15:18,Rosa y Marigold,Restaurant,400 Newbury ST,Boston,MA,02115
3/13/20 10:35,,3/13/24 10:34,Rose Garden Clothing,Retail (E-Commerce),361 Newbury ST,Boston,MA,02115
7/2/20 13:02,,7/2/24 12:54,Rosebud Calligraphy,Calligraphy,292 Newbury ST,Boston,MA,02115
2/27/20 12:06,,2/27/24 11:20,Rosewood Land Properties,Real Estate,292 Newbury ST,Boston,MA,02115
8/27/14 0:00,8/10/22 10:19,8/10/26 10:18,RUBY'S NAIL SALON AND SPA,NAILS & SPA,301 Massachusetts AV,Boston,MA,02115
7/26/13 0:00,,7/26/17 0:00,RUGBY,WITHDRAWAL (12/7/10),342 Newbury ST,Boston,MA,02115
7/26/13 0:00,,7/26/17 0:00,RUGBY,,342 Newbury ST,Boston,MA,02115
10/14/14 0:00,,10/14/18 0:00,RUGBY,WITHDRAWAL 07/26/2013,342 Newbury ST,Boston,MA,02115
5/12/23 14:15,,5/12/27 14:13,Ruta Laukien Short Term Rental,STR,294 Commonwealth AV,Boston,MA,02115
11/23/21 12:28,3/2/26 12:47,3/2/30 12:45,Saigon Fusion,Restaurant,201 Massachusetts AV,Boston,MA,02115
12/13/22 11:22,,12/13/26 11:20,Sail Consulting,Consulting,407 Marlborough ST,Boston,MA,02115
7/13/15 0:00,7/11/19 14:51,7/11/23 14:48,SAKURA JAPAN,FAST FOOD SERVICES,350 Longwood AV,Boston,MA,02115
9/27/22 14:40,,9/27/26 14:38,SALESFORCE RECRUITING USA,STAFFING AGENCY,12 Saint Germain ST,Boston,MA,02115
10/23/24 10:08,,10/23/28 10:06,Sal's Barbershop,Barbershop,303 Huntington AV,Boston,MA,02115
4/27/16 0:00,10/20/22 12:46,10/20/26 12:42,SANTOUKA,RESTAURANT,66 Hereford ST,Boston,MA,02115
3/8/22 15:19,,3/8/26 15:15,SC Funding Group,Property Loan Funding,361 Newbury ST,Boston,MA,02115
3/26/15 0:00,12/19/24 12:32,12/19/28 12:28,SELECT OYSTER BAR,RESTAURANT,50 Gloucester ST,Boston,MA,02115
7/16/25 12:42,,7/16/29 12:23,SEV Laser,Medical Services,296 Newbury ST,Boston,MA,02115
9/24/25 9:42,,9/24/29 9:36,SEV Laser,Medical Services,296 Newbury ST,Boston,MA,02115
1/22/20 10:29,,1/22/24 10:28,"Shah""s Halal Food",Restaurant,1124 Boylston ST,Boston,MA,02115
6/23/22 15:42,,6/23/26 10:35,ShipNation,pack & ship Mailbox rentals,90 Massachusetts AV,Boston,MA,02115
3/14/16 0:00,4/24/24 15:01,4/24/28 11:34,SIMMONS COLLEGE BOOKSTORE #635,RETAIL COLLEGE BOOKSTORE,300 Fenway,Boston,MA,02115
8/14/25 16:10,,8/14/29 16:09,Simple & Elegant,Florist,103 Norway ST,Boston,MA,02115
3/16/15 0:00,4/25/24 12:24,4/25/28 12:21,SIR JACK'S,RETAIL & OTHER SERVICES,292 Newbury ST,Boston,MA,02115
12/21/15 0:00,2/14/24 14:33,2/14/28 10:37,SKIN SPA,AESTHETICS AND MASSAGE SPA,284 Newbury ST,Boston,MA,02115
3/30/18 13:20,,3/30/22 13:19,Sky Ledgers,Accounting Services,650 Huntington AV,Mission Hill,MA,02115
11/27/24 16:01,,11/27/28 15:59,SleepWiseHealth,Educational Health and Wellness,2 Durham ST,Boston,MA,02115
8/4/25 11:06,,8/4/29 11:01,Small Fortune Music Group,Music Artist Management & Publishing,59 Westland AV,Boston,MA,02115
10/31/23 11:43,,10/31/27 11:42,SmartOffice,Online Office Supplies,4 Albemarle ST,Boston,MA,02115
4/15/25 14:45,,4/15/29 14:42,Sobhian Productions,Music Production,511 Beacon ST,Boston,MA,02115
3/10/22 15:04,2/19/26 15:39,2/19/30 13:55,Sodexo @ East End Cafe,Cafe,364 Brookline AV,Boston,MA,02115
9/27/13 0:00,,9/27/17 0:00,SODEXO AT DANA FARBER,FOOD SERVICE MGT,450 Brookline AV,Boston,MA,02115
7/31/15 0:00,,7/31/19 0:00,SODEXO AT DANA FARBER,WITHDRAWAL (9/27/13),450 Brookline AV,Boston,MA,02115
10/24/17 13:44,10/10/25 16:15,10/10/29 13:16,Sodexso @ Dona Farber,Food Service Management,450 Brookline AV,Boston,MA,02115
9/16/19 12:33,9/12/23 10:57,9/12/27 10:56,Solar Lashes & Nails Spa,Lashes & Nails,150 Huntington AV,Boston,MA,02115
8/27/19 10:23,,8/27/23 10:22,Solar Nails,Nail Salon,150 Huntington AV,Boston,MA,02115
5/18/15 0:00,6/6/23 14:54,6/6/27 14:52,SOMERSET HALL PRESS,PUBLISHER,416 Commonwealth AV,Boston,MA,02115
3/4/20 15:48,4/1/24 15:29,4/1/28 15:27,SONSIE,RESTAURANT,327 Newbury ST,Boston,MA,02115
8/21/23 14:14,,8/21/27 11:45,Spaces Co-Working,Execuite Suites Rental,361 Newbury ST,Boston,MA,02115
9/24/21 13:40,,9/24/25 12:11,Spagnola Sanitation & Disposal Services,Cleaning & Trash Removal,177 Huntington AV,Boston,MA,02115
4/21/17 12:40,8/15/25 15:45,8/15/29 15:43,Spyglass Books,Walking Tours/Children's books,221 Massachusetts AV,Boston,MA,02115
3/23/21 12:56,3/4/25 16:53,3/4/29 15:59,StageCoach Improv,improv for business,100 Saint Botolph ST,Boston,MA,02115
7/15/14 0:00,9/7/22 11:22,9/1/26 11:58,STARBUCKS COFFEE #7224,RETAIL/CAFE,364 Brookline AV,Boston,MA,02115
7/15/14 0:00,9/1/22 13:42,9/1/26 13:00,STARBUCKS COFFEE #7804,RETAIL/CAFE,283 Longwood AV,Boston,MA,02115
7/15/14 0:00,9/1/22 13:42,9/1/26 12:14,STARBUCKS COFFEE #872,RETAIL/CAFE,350 Newbury ST,Boston,MA,02115
10/31/24 16:15,,10/31/28 16:13,Stephalinda Services,Consulting Services,80 Fenwood RD,Boston,MA,02115
8/9/17 12:29,2/9/26 14:40,2/9/30 13:04,Storitel,Consulting,416 Commonwealth AV,Boston,MA,02115
4/5/13 0:00,,4/5/17 0:00,STRADA MANAGEMENT,WITHDRAWAL (4/7/11),58 Gainsborough ST,Boston,MA,02115
3/16/16 0:00,1/29/24 12:39,1/29/28 12:38,STYLE YOUR THREADS,FASHION CONSULTING,292 Newbury ST,Boston,MA,02115
7/24/25 14:14,,7/24/29 14:12,Subway,Restaurant,393 Massachusetts AV,Boston,MA,02115
12/4/24 10:08,,12/4/28 10:06,Summit Global Consulting,Cosulting Firm,364 Riverway,Boston,MA,02115
8/14/19 12:14,,8/14/23 11:04,Super Tutor,Education,359 Newbury ST,Boston,MA,02115
8/14/19 12:13,,8/14/23 11:02,Super Tutoring,Education,359 Newbury ST,Boston,MA,02115
12/16/25 13:06,,12/16/29 13:04,Support Savvy Consulting,"AI Consulting, Training and Tool Development",5 Durham ST,Boston,MA,02115
11/20/13 0:00,,11/20/17 0:00,SUPREME PIZZA & SUB SHOP,WITHDRAWAL (6/22/2010),177B Massachusetts AV,Boston,MA,02115
11/20/13 0:00,12/11/25 9:43,12/11/29 9:41,SUPREME PIZZA & SUB SHOP,PIZZA & SUB SHOP,177B Massachusetts AV,Boston,MA,02115
7/20/17 13:55,7/6/21 12:33,7/6/25 10:57,Symphony Market,Retail,291 Huntington AV,Boston,MA,02115
10/10/24 10:21,,10/10/28 10:17,Symphony Market,Convenience Store,291 Huntington AV,Boston,MA,02115
10/4/19 14:49,9/21/23 14:16,9/21/27 12:07,Symphony Place,Short-Term Rental,43 Saint Stephen ST,Boston,MA,02115
10/10/24 10:22,,10/10/28 10:20,Symphony Smoke Shop,Smoke Shop,293 Huntington AV,Boston,MA,02115
1/17/25 11:41,,1/17/29 11:39,Symphony Suites,Short Term Rental,58 Burbank ST,Boston,MA,02115
1/11/18 13:57,3/5/26 11:48,3/5/30 11:48,Symphony Sushi,Restaurant,45 Gainsborough ST,Boston,MA,02115
7/29/24 13:52,,7/29/28 13:51,Tao's,Cosmetic Retail,334 Newbury ST,Boston,MA,02115
8/30/18 13:29,6/30/23 14:09,6/28/27 0:00,Tatte Bakery + Cafe,Bakery + Cafe,369 Huntington AV,Boston,MA,02115
7/7/20 14:57,8/7/24 14:21,8/7/28 14:18,TBaar,Tea cafe,754 Huntington AVE,Mission Hill,MA,02115
3/29/21 15:06,,3/29/25 11:57,Technology Transitions,Consulting,492 Beacon ST,Boston,MA,02115
11/29/18 12:30,,11/29/22 12:28,Tecisa J Boutique,Online Retail,150 Saint Botolph ST,Boston,MA,02115
11/1/16 11:11,,,Tedeschi Food Shops #37369,Convenience Store,141 Massachusetts AV,Boston,MA,02115
8/7/15 0:00,,8/7/19 0:00,TEDESCHI FOOD SHOPS #65,,141 Massachusetts AV,Boston,MA,02115
9/7/12 0:00,,9/7/16 0:00,TEDESCHI FOOD SHOPS (#65),RETAIL CONVENIENCE STORE,141 Massachusetts AV,Boston,MA,02115
5/20/21 14:28,6/18/25 13:28,6/18/29 13:26,TGI Investment,investments,12 Mission Park DR,Boston,MA,02115
12/30/25 15:45,,12/30/29 15:36,The 88 Club,Bowling Alley and Restaurant,50A Dalton ST,Boston,MA,02115
4/22/21 10:51,,4/22/25 10:49,The All Seeing Eye Security Services,unarmed guard services,7 Blackwood ST,Boston,MA,02115
9/15/25 11:47,,9/15/29 11:46,The Beauty Studio,Eyebrow Threading,197A Massachusetts AV,Boston,MA,02115
6/26/24 11:24,,6/26/28 11:19,The Boston Art Corps,Designer,373 Commonwealth AV,Boston,MA,02115
4/13/18 12:33,,4/13/22 12:32,The Boston Green Project,Non-Profit,292 Newbury ST,Boston,MA,02115
4/13/18 12:33,,4/13/22 12:29,The Boston Saving Lives Project,Non-Profit,292 Newbury ST,Boston,MA,02115
9/17/18 12:51,9/26/22 11:09,9/26/26 11:09,The Charlesgate Alliance,Non-Profit,423 Marlborough ST,Boston,MA,02115
2/8/22 15:31,2/4/26 13:47,2/4/30 11:24,The Christian Science Monitor,Publisher,210 Massachusetts AV,Boston,MA,02115
2/8/22 15:31,2/4/26 13:46,2/4/30 11:10,The Christian Science Publishing Society,Publisher,210 Massachusetts AV,Boston,MA,02115
2/6/14 0:00,2/19/26 13:13,2/19/30 13:12,THE CORNER TAVERN,RESTAURANT,33 Massachusetts AV,Boston,MA,02115
8/31/15 0:00,10/5/23 14:49,10/5/27 14:42,THE ELIOT HOTEL,HOTEL,370 Commonwealth AV,Boston,MA,02115
4/21/20 11:12,,4/21/24 11:09,THE FIDDLEHEADS,Music group,1088 Boylston ST,Boston,MA,02115
8/11/14 0:00,8/12/22 14:58,8/12/26 14:50,THE HOLISTIC ORGANIZER,PROF ORGANIZING & WELLNESS,650 Huntington AV,Mission Hill,MA,02115
5/2/25 12:18,,5/2/29 12:16,The Informed Frontier,Consulting / Advisory Services,445 Beacon ST,Boston,MA,02115
6/14/23 14:16,,6/14/27 14:12,THE INN AT LONGWOOD MEDICAL,HOTEL LODGING,342 Longwood AV,Boston,MA,02115
2/28/14 0:00,6/22/22 14:57,6/22/26 14:50,THE ISOSCELES GROUP,CONSULTING,353 Newbury ST,Boston,MA,02115
1/6/14 0:00,12/11/25 15:04,12/11/29 14:01,THE JIMMY FUND,Cancer Institute/Hospital,450 Brookline AV,Boston,MA,02115
3/16/18 15:49,,3/16/22 15:48,The Jimmy Fund,Cancer Institute Hospital,450 Brookline AV,Boston,MA,02115
2/23/18 10:58,,2/23/22 10:45,The Journee Network,Management Consulting,30 Symphony RD,Boston,MA,02115
9/11/19 12:50,,9/11/23 10:51,The Law Office of Danielle Simone Bart,Law Office,177 Huntington AV,Boston,MA,02115
1/16/15 0:00,1/12/23 11:23,1/12/27 10:52,THE MARY BAKER EDDY COLLECTION,CHURCH,204 Massachusetts AV,Boston,MA,02115
2/8/22 15:31,2/4/26 13:41,2/4/30 11:16,The Mary Baker Eddy Library,Library Services & Exhibits,210 Massachusetts AV,Boston,MA,02115
9/19/16 10:59,,,The Mary Baker Eddy Library f/the Betterment of Humanity,Library/Gift Shop,200 Massachusetts AV,Boston,MA,02115
8/8/25 9:53,,8/8/29 9:51,The Midtown Hotel,Hotel,220 Huntington AV,Boston,MA,02115
11/2/15 0:00,11/18/19 10:03,11/18/23 10:02,THE MIDTOWN HOTEL,HOTEL,220 Huntington AV,Boston,MA,02115
4/12/19 16:02,,4/12/23 15:43,The North Face #014,Retail Apparel Store,326 Newbury ST,Boston,MA,02115
6/12/25 15:15,,6/12/29 15:10,The Oncologic Athlete,Physical Therapy,400 Commonwealth AV,Boston,MA,02115
4/13/18 12:33,,4/13/22 12:30,The Saving Lives Project,Non-Profit,292 Newbury ST,Boston,MA,02115
3/20/15 0:00,3/6/23 14:13,3/6/27 11:46,THE WRITINGS OF MARY BAKER EDDY,CHURCH,204 Massachusetts AV,Boston,MA,02115
5/6/22 12:56,,5/6/26 12:54,Thomas B Miller,Short Term Rental,386 Commonwealth AV,Boston,MA,02115
10/15/19 14:06,5/24/24 12:11,5/24/28 12:09,Thornton's Restaurant,Restaurant,150 Huntington AV,Boston,MA,02115
7/5/19 14:03,7/31/23 15:39,7/31/27 13:45,Title Boxing Club,Boxing Club,338 Newbury ST,Boston,MA,02115
9/22/25 17:11,,9/22/29 11:19,TITTLE BOXING CLUB NEWBURY STREET,Fitness Studio,338 Newbury ST,Boston,MA,02115
4/11/16 0:00,8/15/24 14:21,8/15/28 10:59,TJ MAXX #1447,RETAIL - FAMILY APPAREL,360 Newbury ST,Boston,MA,02115
4/25/22 9:36,3/24/26 14:51,3/24/30 14:48,Tori Japan,Restaurant,1110 Boylston ST,Boston,MA,02115
8/1/14 0:00,7/11/22 15:38,7/11/26 12:53,TOWN'S NAILS & SKIN SALON,NAILS & SALON,336 Newbury ST,Boston,MA,02115
10/31/17 16:01,10/28/25 13:50,10/28/29 11:20,Trader Joe's #510,Retail Grocery,899 Boylston ST,Boston,MA,02115
1/11/19 11:42,,1/11/23 11:32,Trendmill,Online Advertising Solutions,177 Huntington AV,Boston,MA,02115
12/2/13 0:00,11/19/25 15:44,11/19/29 12:33,TRIDENT BOOKSELLERS & CAFE,RETAIL & FOOD SERVICE,338 Newbury ST,Boston,MA,02115
9/9/25 13:03,,9/9/29 13:02,Tulloch Group,Property Services (Non Construction),316 Huntington AV,Boston,MA,02115
4/4/18 14:36,3/22/22 14:41,3/22/26 14:38,Two Saints Tavern,Restaurant & Bar,52 Gainsborough ST,Boston,MA,02115
12/27/23 14:47,,12/27/27 13:27,UGG,Retail Store,344 Newbury ST,Boston,MA,02115
8/31/15 0:00,10/5/23 14:48,10/5/27 14:43,UNI,RESTAURANT,370 Commonwealth AV,Boston,MA,02115
9/14/15 0:00,8/29/23 14:11,8/29/27 14:08,UNIVERSITY HOUSE OF PIZZA,RESTAURANT,452 Huntington AV,Boston,MA,02115
8/3/15 0:00,3/6/24 13:28,3/6/28 11:44,UPS STORE 0348,RETAIL,292 Newbury ST,Boston,MA,02115
3/8/19 9:03,,3/8/23 9:03,Urban Identifier,Consulting,409 Marlborough ST,Boston,MA,02115
8/26/19 16:30,,8/26/23 16:20,Urban Outfiitters,Retail Clothing,899 Boylston ST,Boston,MA,02115
10/5/23 9:56,,10/5/27 9:42,Urban Outfitters #9,Clothing Sales,361 Newbury ST,Boston,MA,02115
5/22/17 11:41,,,Urbane Galore 81,Blog/E-Commerce,292 Newbury ST,Boston,MA,02115
10/16/25 11:52,,10/16/29 11:50,Use Creations,General Services / Procurment,361 Newbury ST,Boston,MA,02115
2/13/18 11:03,,2/13/22 11:02,USMLE Pro Tutors,Tutoring Agency,107 Avenue Louis Pasteur,Boston,MA,02115
2/1/16 0:00,1/18/24 15:11,1/18/28 14:52,V TANGLEWOOD STUDIO,TAX PREPARER,174 Saint Botolph ST,Boston,MA,02115
2/27/15 0:00,2/23/23 10:54,2/23/27 10:52,VAGABOND ENTERTAINMENT,ART & ENTERTAINMENT,70 Park DR,Boston,MA,02115
3/29/24 16:46,,3/29/28 16:43,Vange's None Medical Homecare Agency,Non Medical Staffing Agency,361 Newbury ST,Boston,MA,02115
4/30/24 13:57,,4/30/28 13:31,Veya,e-Commerce,177 Huntington AV,Boston,MA,02115
7/25/14 0:00,5/4/18 11:27,5/4/22 10:23,VIGO REMITTANCE,MONEY TRANSFER MACHINE,150 Huntington AV,Boston,MA,02115
12/6/19 13:00,,12/6/23 12:58,Villa Luisa,Restaurant,316 Newbury ST,Boston,MA,02115
5/4/22 14:09,,5/4/26 14:08,vipticketconsignment.com,Ticket Resale,375 Commonwealth AV,Boston,MA,02115
8/24/15 0:00,10/27/25 16:16,10/27/29 15:52,VIRTUOSITY MUSICAL INSTRUMENTS,RETAIL,234 Huntington AV,Boston,MA,02115
9/22/14 0:00,,9/22/18 0:00,VISELLI SANTORO SALON,HAIR SALON,297 Newbury ST,Boston,MA,02115
7/27/15 0:00,,7/27/19 0:00,VISELLI SANTORO SALON,WITHDRAWAL (9/22/14),297 Newbury ST,Boston,MA,02115
12/1/16 14:16,9/10/25 8:48,9/10/29 8:47,Viyada Thai Spa,Spa,336 Newbury ST,Boston,MA,02115
6/9/15 0:00,8/10/23 14:47,8/10/27 14:45,WALKING BOSTON,WALKING TOURS,221 Massachusetts AV,Boston,MA,02115
9/30/13 0:00,10/20/25 16:39,10/20/29 14:58,WARSHAUER & SANTAMARIA,DENTAL OFFICE,396 Commonwealth AV,Boston,MA,02115
12/8/21 9:58,,12/8/25 9:57,Weather Guard Roofing,Roofing Contractor,359 Newbury ST,Boston,MA,02115
8/9/22 14:43,,8/9/26 14:42,Webstudio Boston,Internet Design/Marketing/Development,361 Newbury ST,Boston,MA,02115
8/26/16 11:48,9/10/24 16:27,9/10/28 15:30,Wendy's,Fast Food Restaurant,150 Massachusetts AV,Boston,MA,02115
12/20/13 0:00,12/3/25 13:14,12/3/29 10:50,WHOLE FOODS MARKET,GROCERY STORE,15 Westland AV,Boston,MA,02115
2/20/24 10:49,,2/20/28 10:45,WILD DUCK FOOD MARKET,food market,362 Commonwealth AV,Boston,MA,02115
2/10/23 11:02,,2/10/27 11:01,WILD DUCK SMOKE SHOP,Smoke Shop,90 A Massachusetts AV,Boston,MA,02115
9/20/17 13:41,6/24/25 8:38,6/24/29 7:18,WinnResidential - St Botolph,Property Management,351 Massachusetts AV,Boston,MA,02115
12/28/22 16:01,,12/28/26 15:59,With A Twist New England,Mobile Bartending,361 Newbury ST,Boston,MA,02115
7/24/20 10:18,,7/24/24 10:17,Work Skirt,online job search engine,355 Massachusetts AV,Boston,MA,02115
2/2/15 0:00,2/4/19 13:32,2/4/23 12:25,WWW.ENTRYONLY.COM,REAL ESTATE,292 Newbury ST,Boston,MA,02115
7/30/24 10:25,,7/30/28 10:23,Yard-Aid,Landscape,400 Marlborough ST,Boston,MA,02115
4/8/14 0:00,3/13/26 15:41,3/13/30 15:40,YE OLDE BOSTON TOURS,WALKING TOURS,292 Newbury ST,Boston,MA,02115
10/20/23 10:30,,10/20/27 10:25,YGF MALATANG,CAFE/RESTAURANT,137 Massachusetts AV,Boston,MA,02115
2/7/25 15:51,,2/7/29 15:48,Ziggy Billy,Online Tutoring Services,40 Fenwood RD,Boston,MA,02115
4/24/24 15:11,,4/24/28 13:35,Zuma,Restaurant,1 Dalton ST,Boston,MA,02115
12/5/22 14:54,,12/5/26 14:53,1 ONSLOW TERRACE,Short Term Rental,1 Onslow TE,South Boston,MA,02127
1/27/23 15:17,,1/27/27 15:16,110 Tudor,Short Term Rental,110 Tudor ST,South Boston,MA,02127
3/16/26 14:48,,3/16/30 14:47,13 Emmet Condo,Short-Term Rental,13 Emmet ST,South Boston,MA,02127
8/30/22 13:36,,8/30/26 13:21,131 N STREET,SHORT TERM RENTAL,131 N ST,South Boston,MA,02127
2/16/23 15:25,,2/16/27 11:56,142 WEST EIGHTH STREET,SHORT TERM RENTAL,142 Eighth ST,South Boston,MA,02127
9/26/22 14:11,,9/26/26 14:07,148 W9th Apt 4 Rental,Short Term Rental,148 Ninth ST,South Boston,MA,02127
9/30/19 11:46,9/8/23 2:27,9/7/27 15:22,169 I Street Air BnB,Short term Rental,169 I ST,South Boston,MA,02127
1/17/20 16:06,,1/17/24 14:21,173 West Seventh Rental,Short Term Rental,173 Seventh ST,South Boston,MA,02127
4/11/24 15:48,,4/11/28 10:47,18 GATES STR,SHORT TERM RENTAL,18 Gates ST,South Boston,MA,02127
9/26/19 15:47,,9/26/23 15:44,21 Plus Shop,Smoke Shop,100 Dorchester ST,South Boston,MA,02127
5/22/24 11:39,,5/22/28 10:38,232 Dorchester St,SHORT TERM RENTAL,232 Dorchester ST,South Boston,MA,02127
9/12/24 14:37,,9/12/28 14:37,273 Dorchester AirBnB,STR,273 Dorchester ST,South Boston,MA,02127
10/18/23 11:45,,10/18/27 11:42,277 W Third St #2 Rental,STR,277 Third ST,South Boston,MA,02127
3/1/24 15:44,,3/1/28 15:41,"288 E ST, #3",Short Term Rental,288 E ST,South Boston,MA,02127
1/9/23 15:08,,1/9/27 15:06,365 Capital,Real Estate,11 Elkins ST,South Boston,MA,02127
8/6/19 11:39,9/14/23 9:49,9/14/27 9:48,375 Silver Street Realty,Short Term Rental,375 Silver ST,South Boston,MA,02127
2/1/19 14:57,,2/1/23 14:57,3rd Street Salvage,Online Retail,580 Third ST,South Boston,MA,02127
2/4/19 13:38,,2/4/23 13:18,429 -2 Short Term Rental,Short Term Rental,429 Third ST,South Boston,MA,02127
8/4/22 10:59,,8/4/26 10:58,48 Telegraph,Short Term Rental,48 Telegraph ST,South Boston,MA,02127
10/13/23 15:18,,10/13/27 15:15,588 E 7th STR,Short Term Rental,588 Seventh ST,South Boston,MA,02127
6/9/25 15:48,,6/9/29 15:47,6 Bay State,STR,6 Bay State PL,South Boston,MA,02127
1/27/20 14:03,5/3/24 13:20,5/3/28 11:11,60 P Street,Short Term Rental,60 P ST,South Boston,MA,02127
5/29/19 14:46,4/12/23 15:06,4/12/27 11:49,607 East Second Air Bnb,Short-Term Rental,599 Broadway,South Boston,MA,02127
5/27/14 0:00,,5/27/18 0:00,617 JUNK,JUNK REMOVAL,96 F ST,South Boston,MA,02127
2/8/16 0:00,,2/8/20 0:00,617 JUNK,WITHDRAWAL (5/27/14),96 F ST,South Boston,MA,02127
1/23/15 0:00,,1/23/19 0:00,7 ELEVEN #335921,WITHDRAWAL (1/15/14),673 Broadway,South Boston,MA,02127
3/5/19 12:45,,3/5/23 12:41,7 Eleven #33592J,Convenience Store,673 Broadway,South Boston,MA,02127
8/20/25 13:41,,8/20/29 13:40,750 Condo Association,Condo Association,750 Fourth ST,South Boston,MA,02127
1/15/14 0:00,,1/15/18 0:00,7-ELEVEN #33592A,CONVENIENCE STORE,673 Broadway,South Boston,MA,02127
3/23/26 16:25,,3/23/30 10:14,7-Eleven 33568C,Retail Convenience Store,473 Broadway,South Boston,MA,02127
10/29/19 13:19,12/4/23 15:25,12/4/27 12:43,7-Eleven 37492B,Retail Grocery Convenience Store,566 Dorchester AV,South Boston,MA,02127
5/9/22 10:35,,5/9/26 10:31,816 E. FIFTH ST,Short Term Rental,816 Fifth ST,South Boston,MA,02127
9/18/25 11:53,,9/18/29 11:52,90 I St. Short Term Rental,Short-Term Rental,96 I ST,South Boston,MA,02127
12/11/23 12:34,,12/11/27 12:32,98 Old Harbor St,Short Term Rental,98 Old Harbor ST,South Boston,MA,02127
1/4/22 15:20,,1/4/26 15:17,A Chip A Chair Productions,Film Production,630 Broadway,South Boston,MA,02127
9/1/22 11:48,,9/1/26 11:46,A Spot of Therapy,Speech & Occupational Therapy,308 K ST,South Boston,MA,02127
4/25/15 0:00,,4/25/19 0:00,A&M PROPERTY MANAGEMENT,WITHDRAWN (5/27/14),526 Fifth ST,South Boston,MA,02127
3/18/26 11:53,,3/18/30 11:52,A.T. Property Services,Exterior Property Services,66 Orton Marotta WA,South Boston,MA,02127
12/4/18 12:46,,12/4/22 12:46,AB Construction,Construction,5 G ST,South Boston,MA,02127
2/9/24 16:18,,2/9/28 16:17,ABACUS BUILDERS & GENERAL CONTRACTORS,General contractor,190 Old Colony AV,South Boston,MA,02127
1/21/26 16:36,,1/21/30 16:32,Able Publishing,Literary/Media Publishing,320 D ST,South Boston,MA,02127
1/21/26 16:36,,1/21/30 16:29,ABLE Records,Record Label,320 D ST,South Boston,MA,02127
8/3/23 15:22,,8/3/27 14:13,AC3 MEDIA,PRODUCTION COMPANY,630 Broadway,South Boston,MA,02127
8/28/18 9:12,,8/28/22 9:10,Acosta Real Estate,Residential Real Estate,816 Fifth ST,South Boston,MA,02127
3/21/16 0:00,1/30/24 13:12,1/30/28 13:09,ADVANCED HAIR DESIGN,HAIR SALON,487 Broadway,South Boston,MA,02127
7/24/20 10:08,7/25/24 14:44,7/25/28 14:41,Advancing Agency,Consulting,125 B ST,South Boston,MA,02127
10/17/14 0:00,12/5/22 11:00,12/5/26 10:56,AG LUXURY PROPERTIES,REAL ESTATE SALES AND RENTALS,732 Broadway,South Boston,MA,02127
8/9/24 10:22,,8/9/28 10:19,AG PARTNERS,Marketing and Sales,470 Broadway,South Boston,MA,02127
11/19/25 11:21,,11/19/29 11:20,"Agavero, Guac & Margs",Restaurant,360 West Broadway,South Boston,MA,02127
7/8/20 13:52,,7/8/24 13:51,AKS TAKEOUT,Fast Food Takeout,309 D ST,South Boston,MA,02127
1/20/22 10:37,,1/20/26 10:31,Alchemista,Buy and Sell Food Products,1 Ellery ST,South Boston,MA,02127
1/26/17 15:27,8/14/25 12:54,8/14/29 12:50,Alfredo's Italian Kitchen,Restaurant,243 Dorchester ST,South Boston,MA,02127
4/1/21 14:44,,4/1/25 14:41,All Covid PPE,Online retail,604A Dorchester AV,South Boston,MA,02127
7/22/24 11:08,,7/22/28 11:06,ALMAS ALEGRE FAMILY CHILD CARE,Daycare,150 D ST,South Boston,MA,02127
12/14/23 13:52,,12/14/27 13:51,alphai,AI/Technology,105 Third ST,South Boston,MA,02127
8/11/16 13:15,,,Alrazzag Service,Livery Service,1 Douglas ST,South Boston,MA,02127
9/3/19 13:19,,9/3/23 13:18,Al's Bottled Liquors,Retail Package Store,226 Broadway,South Boston,MA,02127
6/28/21 11:19,,6/28/25 11:16,ALWAYS EATIN,Contractor/Social Media Management,165 Third ST,South Boston,MA,02127
6/3/19 15:46,,6/3/23 15:42,Alzheimer's Medical Center,Herbal Medicine,236 Dorchester ST,South Boston,MA,02127
8/5/22 10:26,,8/5/26 10:14,Amanda Driscoll Movement,Personal Training & Mindset,33 I ST,South Boston,MA,02127
5/1/13 0:00,,5/1/17 0:00,AMERICAN CLEANERS,WITHDRAWAL(3/16/2012),541 Broadway,South Boston,MA,02127
5/1/13 0:00,,5/1/17 0:00,AMERICAN CLEANERS,DRYCLEANERS,541 Broadway,South Boston,MA,02127
12/18/14 0:00,,12/18/18 0:00,AMERICAN CLEANERS,WITHDRAWAL (5/1/13),541 Broadway,South Boston,MA,02127
5/31/19 15:41,,5/31/23 15:39,American Constable Service Associates,constable services,824 Third ST,South Boston,MA,02127
12/13/18 10:08,12/13/22 11:39,12/13/26 11:35,American Dry Cleaners,Dry Cleaners,541 Broadway,South Boston,MA,02127
1/12/16 0:00,11/1/23 12:03,11/1/27 11:14,AMERICAN PROVISIONS,SPECIALTY SHOP,613 Broadway,South Boston,MA,02127
6/5/14 0:00,6/9/22 9:46,6/9/26 9:44,AMRHEINS RESTAURANT,RESTAURANT,80 Broadway,South Boston,MA,02127
3/28/22 14:10,,3/28/26 14:07,Amy The Dogwalker & Other Pet Services,Dog Walker and Pet Services,759 Broadway,South Boston,MA,02127
8/26/14 0:00,8/15/22 12:23,8/15/26 12:20,AMY'S LAUNDROMAT,LAUNDROMAT,143 Dorchester ST,South Boston,MA,02127
12/13/18 15:01,11/17/22 12:07,11/17/26 11:53,Andrew Square House of Pizza,Pizzeria,395 Dorchester ST,South Boston,MA,02127
4/25/22 13:50,,4/25/26 13:10,Andrew Square Liquors,Package Store,605 Dorchester AV,South Boston,MA,02127
10/5/23 9:59,,10/5/27 9:59,Andrew Square Nails Spa,Nail Salon Owner,385 Dorchester AV,South Boston,MA,02127
9/30/15 0:00,10/27/23 13:39,10/27/27 12:46,"ANN MARIE MCLAUGHLIN, CFP",TAX RETURN PREPARER,184 Athens ST,South Boston,MA,02127
9/26/23 15:48,,9/26/27 15:46,Annies Bakery And Cafe,Bakery & Cafe,753 Broadway,South Boston,MA,02127
5/4/18 8:57,7/15/22 14:11,7/15/26 14:09,Anzo Creative,Internet-Website Design,150 Dorchester AV,South Boston,MA,02127
9/25/15 0:00,11/16/23 11:47,11/16/27 11:42,APPLEBEE'S NEIGHBORHOOD GRILL & BAR,RESTAURANT,205 Fifth ST,South Boston,MA,02127
10/29/25 14:53,,10/29/29 14:51,AR Host,Short Term Rental,354 Athens ST,South Boston,MA,02127
1/18/24 12:52,,1/18/28 12:51,AR Host,STR,121 F ST,South Boston,MA,02127
10/15/13 0:00,8/3/21 9:13,8/3/25 9:10,ARMANY BARBER SHOP,BARBER SHOP,397 Dorchester ST,South Boston,MA,02127
2/22/13 0:00,,2/22/17 0:00,ARMANY BARBER SHOP,BARBER SHOP,397 Dorchester ST,South Boston,MA,02127
10/15/13 0:00,,10/15/17 0:00,ARMANY BARBER SHOP,WITHDRAWAL (2/22/2013),397 Dorchester ST,South Boston,MA,02127
2/22/13 0:00,,2/22/17 0:00,ARMANY BARBER SHOP,WITHDRAWAL (1/5/10),397 Dorchester ST,South Boston,MA,02127
3/21/24 14:16,,3/21/28 14:13,Armstrong Remodeling,Remodeling,60 Ellery ST,South Boston,MA,02127
1/15/15 0:00,2/25/19 14:30,2/25/23 14:25,ARTESIANIA,INTERIOR DESIGN,1612 Columbia RD,South Boston,MA,02127
6/8/16 12:45,7/11/24 14:56,7/11/28 11:23,Artist Operation,Design and Consultation,516 Second ST,South Boston,MA,02127
8/29/25 11:49,,8/29/29 11:47,Artistic Threading,Eyebrow threading,643 Broadway,South Boston,MA,02127
3/16/22 12:22,3/10/26 11:52,3/10/30 11:50,Assembly Nail Bar,Nail Salon,315 Broadway,South Boston,MA,02127
1/18/24 15:19,,1/18/28 15:16,AT&T Authorized Retailer,Service Retail,366 Broadway,South Boston,MA,02127
2/2/23 10:38,,2/2/27 10:35,ATHENS APARTMENT ONE,Short Term Rental,308 Athens ST,South Boston,MA,02127
2/21/20 16:12,,2/21/24 15:48,Austin 158,Short Term Rental,205 E ST,South Boston,MA,02127
3/6/26 13:14,,3/6/30 13:13,Avant Garde Home,Social Media and Content Creator,580 Broadway,South Boston,MA,02127
10/2/19 14:16,,10/2/23 14:15,Avelino Montes Worldwide,Online Retail,81 Orton-Marotta WY,South Boston,MA,02127
3/9/22 15:49,3/16/26 10:59,3/16/30 10:57,Azmera African Hairbraiding,Hair Braiding,163 Old Colony AV,South Boston,MA,02127
8/9/13 0:00,5/16/22 12:59,5/16/26 11:17,B & 4TH STREET VARIETY,CONVENIENCE STORE,178 Fourth ST,South Boston,MA,02127
5/27/15 0:00,5/23/19 10:04,5/23/23 10:03,B FIT WITH SAMANTHA,FITNESS,17 Middle ST,South Boston,MA,02127
10/15/19 13:56,9/27/23 12:17,9/27/27 12:15,B Street STR,Short-Term Rental,147 B ST,South Boston,MA,02127
1/27/23 13:19,,1/27/27 13:17,B/Spoke,Fitness Studio,54 Old Colony AV,South Boston,MA,02127
10/19/22 13:32,,10/19/26 11:34,BADPUP PRODUCTIONS,EVENT PRODUCTION AND CONSULTING,185 Fifth ST,South Boston,MA,02127
5/19/16 0:00,12/31/24 15:03,12/31/28 14:55,BAILEY'S TOO,CONVENIENCE STORE,354 Broadway,South Boston,MA,02127
6/6/18 13:22,5/16/22 12:16,5/16/26 12:12,Baltic Deli,Deli Shop,632 Dorchester AV,South Boston,MA,02127
7/7/23 12:33,,7/7/27 11:21,Banfield Pet Hospital #4041,Veterinary Services,9 Broadway,South Boston,MA,02127
4/19/24 14:06,,4/19/28 11:13,Bardo's Bar Pizza,Restaurant,10 Old Colony AV,South Boston,MA,02127
3/12/25 13:17,,3/12/29 13:16,Battista Bootcamp,Virtual Fitness App,105 Third ST,South Boston,MA,02127
6/26/18 16:20,9/2/22 15:27,9/2/26 14:16,Bay State Physical Therapy,Physical Therapy,470 Broadway,South Boston,MA,02127
3/28/22 11:27,,3/28/26 11:25,Bay State Renewables,Electrical Contractor,75 Gates ST,South Boston,MA,02127
5/23/22 14:18,,5/23/26 14:17,Bay View Liquors,Liquor Store,108 Dorchester ST,South Boston,MA,02127
12/20/13 0:00,,12/20/17 0:00,BAYSIDE FINANCIAL SERVICES,ACCOUNTING & TAX PREP,29 Farragut RD,South Boston,MA,02127
6/5/15 0:00,,6/5/19 0:00,BAYSIDE FINANCIAL SERVICES,WITHDRAWAL (12/20/13),29 Farragut RD,South Boston,MA,02127
7/11/16 8:58,,,Baystate Financial,Insurance & Financial,430 Broadway,South Boston,MA,02127
3/17/26 11:11,,3/17/30 9:58,BBJ Linen La Tavola Fine Linen Rental,Short Term Linen Rentals,423 Broadway,South Boston,MA,02127
2/26/26 15:23,,2/26/30 13:35,Bean Town Soft Wash,Soft Wash,371 Dorchester AV,South Boston,MA,02127
3/5/14 0:00,2/27/18 9:58,2/27/22 9:37,BEANTOWN TROLLEY,SIGHTSEEING TROLLEY,210 Ninth ST,South Boston,MA,02127
2/5/26 11:30,,2/5/30 11:29,Beauti Nail Bar,Nail Salon,360 West Broadway,South Boston,MA,02127
8/9/23 15:28,,8/9/27 15:27,BeLiv,Online retail,109 Dresser ST,South Boston,MA,02127
11/13/25 14:10,,11/13/29 14:08,Bell's Market,Market,236 Dorchester ST,South Boston,MA,02127
8/12/19 14:06,,8/12/23 13:26,Bennett 170 Botton,Short Term Rental,170 Bolton ST,South Boston,MA,02127
7/8/25 13:20,,7/8/29 13:18,Bennett O'Donnell,Short Term Rental,524 Fifth ST,South Boston,MA,02127
7/26/19 15:47,,7/26/23 15:45,Bettah Buttah,Personal Care,1410 Columbia RD,South Boston,MA,02127
4/23/25 12:15,,4/23/29 10:17,BHD,General IT Support,803 Summer ST,South Boston,MA,02127
11/12/25 16:03,,11/12/29 16:01,Billboardman,Marketing Agency,140 Third ST,South Boston,MA,02127
4/17/24 15:45,,4/17/28 14:02,Black Rabbit Pictures,Production Company,535 First ST,South Boston,MA,02127
8/30/22 13:36,,8/30/26 13:28,BLANCHARD ARCHITECTS,ARCHITECTURE FIRM,599 Broadway,South Boston,MA,02127
2/14/23 11:51,,2/14/27 11:49,BLESSED FAMILY DAY CARE,Day Care,37 Joyce Hayes WY,South Boston,MA,02127
3/27/19 14:32,,3/27/23 14:31,Blue Collar Coding,Freelance Web Services,904 Broadway,South Boston,MA,02127
9/20/19 12:03,,9/20/23 11:57,BN. Digital,C-Corp,728 Broadway,South Boston,MA,02127
2/8/21 15:26,1/22/25 13:40,1/22/29 11:57,BOHDII BOUTIQUE,Retail,397 Broadway,South Boston,MA,02127
9/10/12 0:00,,9/10/16 0:00,BOSTON AUTOMOTIVE SERVICE,WITHDRAWAL (10/4/11),369 Dorchester AV,South Boston,MA,02127
3/4/24 10:47,,3/4/28 10:45,Boston Babes Social Club,"Events, Retreats, Consulting",356 K ST,South Boston,MA,02127
12/12/12 0:00,,12/12/16 0:00,BOSTON BEACH VOLLEY BALL,WITHDRAWL (4/21/10),528 Third ST,South Boston,MA,02127
9/5/23 15:15,,9/5/27 15:13,Boston Beautox,Med Spa,423 Broadway,South Boston,MA,02127
12/29/17 9:05,6/2/22 13:14,6/2/26 13:11,Boston Business Partners,Business Consulting,917 Broadway,South Boston,MA,02127
11/15/13 0:00,12/23/21 13:24,12/23/25 10:48,BOSTON CASH REGISTER EXCHANGE,CASH REGISTER SYSTEMS,264 Broadway,South Boston,MA,02127
10/8/13 0:00,,10/8/17 0:00,BOSTON CENTRAL KITCHEN EXPRESS,CATERING SERVICES,28 Damrell ST,South Boston,MA,02127
6/6/16 11:27,,,Boston Central Kitchen Express,Catering Servies,28 Damrell ST,South Boston,MA,02127
6/6/16 0:00,,6/6/20 0:00,BOSTON CENTRAL KITHCHEN EXPRESS,,28 Damrell ST,South Boston,MA,02127
8/27/20 13:58,8/6/24 13:26,8/6/28 10:38,Boston Chiropractic and Physical Therapy,physical therapy and chiropractic office,377 Broadway,South Boston,MA,02127
12/12/23 15:41,,12/12/27 15:36,Boston Civil,Civil Engineering/Land Planning,711 Broadway,South Boston,MA,02127
7/16/21 9:37,,7/16/25 9:36,BOSTON ELITE CONSULTANT,CONSULTING,24 Knowlton ST,South Boston,MA,02127
9/21/18 10:43,9/21/22 11:32,9/21/26 11:31,Boston Finest Auto & BikeTeam,Auto Team / Club,227 Broadway,South Boston,MA,02127
10/15/18 13:27,,10/15/22 12:50,BOSTON HOME INSPECTORS,HONE INPSECTOR,1326 Columbia RD,South Boston,MA,02127
1/5/24 11:10,,1/5/28 11:08,BOSTON LASH,Lash extensions,661 Broadway,South Boston,MA,02127
2/11/15 0:00,,2/11/19 0:00,BOSTON LIQUOR GROUP,WITHDRAWAL (11/19/14),336 K ST,South Boston,MA,02127
11/19/14 0:00,,11/19/18 0:00,BOSTON LIQUOR GROUP,LIQUOR STORE,336 K ST,South Boston,MA,02127
11/18/16 12:18,3/27/26 9:49,3/27/30 9:47,Boston Lobster Company,Wholesale Lobster Distributor,345 First ST,South Boston,MA,02127
1/7/25 12:59,,1/7/29 12:58,Boston Lock,Locksmith,673 Broadway,South Boston,MA,02127
7/20/21 9:57,9/29/25 10:34,9/29/29 13:44,Boston Microgreens,Urban Farming,416 Broadway,South Boston,MA,02127
12/6/17 12:53,12/4/25 15:35,12/4/29 10:37,Boston NAPS,"Prenatal, Postpartum, Newborn Lactation and Children's classes and support",384 Broadway,South Boston,MA,02127
2/28/18 15:05,,2/28/22 15:03,Boston Navigation,Consulting,128 G ST,South Boston,MA,02127
1/12/24 10:57,,1/12/28 10:56,Boston Physical Therapy,Physical Therapy,377 Broadway,South Boston,MA,02127
11/16/23 14:03,,11/16/27 14:02,Boston Pickleball Club,Mobile Fitness & Pickleball Facility,138 O ST,South Boston,MA,02127
8/7/25 14:02,,8/7/29 14:01,Boston Seaport Home,Short Term Rental,259 Bolton ST,South Boston,MA,02127
1/24/24 14:50,,1/24/28 14:18,Boston Seaport Self Storage,Self Storage Facility,380 E ST,Boston,MA,02127
7/24/20 14:20,4/24/24 12:33,4/24/28 12:31,Boston Smoke Shop and Convenience,smoke shop and convenience,334 Dorchester ST,South Boston,MA,02127
1/15/21 13:18,1/13/25 16:01,1/13/29 12:56,Boston Speech Therapy,speech therapy,816 Fifth ST,South Boston,MA,02127
3/29/22 15:32,,3/29/26 15:27,BOSTON WHOLESALE LOBSTER,SEAFOOD SALES,345 First ST,South Boston,MA,02127
4/2/24 11:28,,4/2/28 11:26,Bostons Groomer,Dog Grooming,548 Broadway,South Boston,MA,02127
7/14/22 15:25,,7/14/26 15:17,Boynton Insurance Group,Insurance,320 Third ST,South Boston,MA,02127
12/4/19 14:47,,12/4/23 14:46,BQ & Associates,Short-Term Rental,102 D ST,South Boston,MA,02127
3/10/26 11:31,,3/10/30 11:30,Brancato Barber Co,Barber Shop,324 Broadway,South Boston,MA,02127
5/11/22 15:18,,5/11/26 15:16,Brian East Airbnb,Short-Term Rental,122 Ninth ST,South Boston,MA,02127
11/25/24 16:08,,11/25/28 16:06,BRILLIANT EARTH,Retail Jewelry Sale,254 E ST,South Boston,MA,02127
10/19/15 0:00,9/18/23 13:30,9/18/27 11:31,BRINGING UP BABY,RETAIL CHILDRENIS BOUTIQUE,663 Broadway,South Boston,MA,02127
5/6/19 15:30,4/27/23 12:58,4/27/27 12:10,Brito Family Dental,Dental Office,272 Broadway,South Boston,MA,02127
10/22/24 11:21,,10/22/28 11:20,Broadway Golf Club,"Bar, Lounge",423 Broadway,South Boston,MA,02127
4/7/20 10:57,,4/7/24 10:46,Broadway Jiu-Jitsu and Fitness,Fitness,36 Broadway,South Boston,MA,02127
5/30/25 12:59,,5/30/29 12:55,Broadway Laundromat,laundromat,132 W BROADWAY,BOSTON,MA,02127
2/9/26 11:21,,2/9/30 11:20,Browdolize Esthetics,Aesthetics Salon,405 First ST,South Boston,MA,02127
10/17/19 15:02,11/30/23 14:09,11/30/27 14:07,BRS Airbnb,Short Term rental,364 E ST,South Boston,MA,02127
11/28/14 0:00,12/19/22 15:21,12/19/26 11:24,BSC GROUP,CONSULTING ENGINEERING,803 Summer ST,South Boston,MA,02127
6/12/17 12:28,11/3/21 15:41,11/3/25 15:34,Btone Fitness,Fitness Studios,416 Broadway,South Boston,MA,02127
3/24/22 9:39,,3/24/26 9:37,Bucky Golf,Online Clothing Retail,9 Monks ST,South Boston,MA,02127
11/13/25 10:58,,11/13/29 10:57,Buda Sneakers,Retail,11 Broadway,South Boston,MA,02127
3/10/16 0:00,2/28/20 13:24,2/28/24 12:06,BURNS REALTY & INVESTMENTS,REAL ESTATE BROKERAGE,599 Broadway,South Boston,MA,02127
2/27/19 10:43,,2/27/23 10:42,Buylyne Co.,Online Retail,9 M ST,South Boston,MA,02127
1/14/25 14:51,,1/14/29 14:50,C to C Services,Consulting,320 D ST,South Boston,MA,02127
8/3/15 0:00,7/11/23 13:57,7/11/27 13:54,C&G SERVICE,"GAS STATION, CONVENIENCE STORE",77 L ST,South Boston,MA,02127
9/6/12 0:00,,9/6/16 0:00,CAFE BROADWAY,WITHDRAWAL (6/2/11),402 Broadway,South Boston,MA,02127
4/6/16 0:00,4/25/25 15:54,4/25/29 15:53,CAFE PORTO BELLO,RESTAURANT,672 Broadway,South Boston,MA,02127
2/23/18 16:17,12/14/23 10:40,12/14/27 10:11,CAFFE NERO,COFFEE CAFE,327 W BROADWAY,SOUTH BOSTON,MA,02127
5/6/19 15:03,,5/6/23 14:56,Cambria,Hotel Restaurant,6 Broadway,South Boston,MA,02127
3/14/25 13:21,,3/14/29 13:18,Cambria Hotel,Hotel,6 Broadway,South Boston,MA,02127
7/13/18 15:37,,7/13/22 15:36,Campus Border,Real Estate,697 Sixth ST,South Boston,MA,02127
7/26/22 11:35,,7/26/26 11:31,Cannonball Cafe,Cafe,383 Dorchester AV,South Boston,MA,02127
12/14/22 10:42,,12/14/26 10:40,CANO'S BARBERSHOP,Barber,551 Dorchester AV,South Boston,MA,02127
5/16/18 12:20,,5/16/22 12:19,Cape Cod Bay Outfitters,Charter Fishing,228 E ST,South Boston,MA,02127
1/15/16 0:00,12/15/25 16:22,12/15/29 14:38,Capo Restaurant & Supper Club,RESTAURANT,443 Broadway,South Boston,MA,02127
6/27/19 15:07,6/5/23 12:48,6/5/27 12:44,Caress Healthy Skin & Hair,hairdressing,499 Broadway,South Boston,MA,02127
7/28/22 14:12,,7/28/26 14:08,Cartage America,COMMERCIAL MOVING,592 Third ST,South Boston,MA,02127
5/23/25 13:08,,5/23/29 12:51,Castle Island Brewing Company,Manufacturer of Beer,10 Old Colony AV,South Boston,MA,02127
7/10/17 13:19,6/26/25 15:05,6/26/29 13:34,Castle Self Storage,Self Storage,39 Old Colony AV,South Boston,MA,02127
5/2/23 11:37,,5/2/27 11:34,CATHOLIC CHARITIES BOSTON,NON-PROFIT SOCIAL SERVICES,275 Broadway,South Boston,MA,02127
8/16/19 11:51,8/14/23 10:51,8/14/27 10:40,ChainMail Communications,Multimedia Communications,55 William T Morrissey BLVD,Dorchester,MA,02127
8/14/23 10:51,,8/14/27 10:48,ChainMail Media,Multimedia productions,55 William T Morrissey BLVD,Dorchester,MA,02127
2/4/25 9:28,,2/4/29 9:27,ChainMail Prints,Custom Apparel,55 William T Morrissey BLVD,Dorchester,MA,02127
2/16/18 16:15,,2/16/22 16:14,Chapdelaine Consulting Services,consulting,10 A ST,South Boston,MA,02127
8/29/19 13:39,,8/29/23 13:38,Chateau De Ombler,Short Term Rental,178 Fourth ST,South Boston,MA,02127
4/6/18 15:00,6/2/22 13:14,6/2/26 13:10,CHENEY CAPITAL PARTNERS,INVESTMENT,917 Broadway,South Boston,MA,02127
10/30/19 11:03,12/22/23 13:19,12/22/27 13:16,Cheung Realty,Short Term Rental,157 Third ST,South Boston,MA,02127
9/23/22 10:11,,9/22/26 13:43,Chilactes,Restaurant,69 L ST,South Boston,MA,02127
10/3/22 13:22,,10/3/26 11:20,Chiropractic & Sports Services of Boston,Chiropractic,14 Dorchester ST,South Boston,MA,02127
2/17/16 0:00,1/31/24 10:17,1/31/28 10:14,CHRISTINE ANNE LINNANE,YOGA/PUBLISHING COMPANY,133 M ST,South Boston,MA,02127
1/10/22 14:38,1/8/26 16:00,1/8/30 13:33,Cindy Kanter Bookkeeping Consultant,Bookkeeping,141 Dorchester AV,South Boston,MA,02127
1/28/22 13:57,12/16/25 16:19,12/16/29 16:03,Circle K 4707521,Convenience Store,14 Broadway,South Boston,MA,02127
2/8/22 13:12,2/5/26 16:10,2/5/30 12:50,Circle Strategies,HR Solutions,88 G ST,South Boston,MA,02127
3/29/23 13:18,,3/29/27 11:16,City Convenience & Smoke Shop,Convenience Store,301 Broadway,South Boston,MA,02127
2/14/24 12:08,,2/14/28 11:45,CITY LIQUOR & SMOKE SHOP,Liquor & smoke shop,259 Dorchester ST,South Boston,MA,02127
10/12/23 15:46,,10/12/27 13:59,CITY POINT BEHAVIORAL CONSULTING,APPLIED BEHAVIOR ANALYSIS,663 Seventh ST,South Boston,MA,02127
1/2/20 14:11,3/8/24 15:01,3/8/28 14:59,City Point Plants,interior plantscaping,628 Third ST,South Boston,MA,02127
11/4/19 12:58,12/14/23 12:53,12/14/27 11:21,City Spin Events,Entertainment,27 Farragut RD,South Boston,MA,02127
6/9/25 14:36,,6/9/29 14:33,Cleanminexx,Cleaning Services,401 Broadway,South Boston,MA,02127
2/23/24 15:09,,2/23/28 15:06,Clock Tavern,Bar,342 Broadway,South Boston,MA,02127
7/5/17 12:08,4/25/22 14:05,4/25/26 11:19,Clock Tavern,Restaurant & Bar,327 W BROADWAY,SOUTH BOSTON,MA,02127
8/14/25 10:45,,8/14/29 10:44,Clover Clubhouse,Community Center,368 Broadway,South Boston,MA,02127
3/22/18 13:06,,3/22/22 13:04,Coffey Exchange,Consulting,378 K ST,South Boston,MA,02127
9/3/25 14:05,,9/3/29 13:55,Common Craft,Restaurant,85 Damrell ST,South Boston,MA,02127
1/25/23 10:17,,1/25/27 10:16,COMMUNE HAIR,HAIR SALON,840 Summer ST,South Boston,MA,02127
7/27/15 0:00,7/6/23 11:29,7/6/27 11:28,COMPANY 1 COACH,LIVERY,94 F ST,South Boston,MA,02127
10/21/24 11:36,,10/21/28 11:35,Compass YP,Networking Group,232 Gold ST,South Boston,MA,02127
4/22/22 11:18,,4/22/26 11:15,COOP'S,FOOD MANUFACTURING,28 Damrell ST,South Boston,MA,02127
4/22/22 11:18,,4/22/26 11:14,COOP'S MICROCREAMERY,FOOD MANUFACTURING,28 Damrell ST,South Boston,MA,02127
5/3/18 10:35,,5/3/22 10:34,Coop's MicroCreamery,Food Production,28 Damrell ST,South Boston,MA,02127
10/28/19 13:45,11/13/23 12:24,11/13/27 12:23,CORNER MARKET,CONVENIENCE STORE,104 Dorchester ST,South Boston,MA,02127
5/18/18 10:37,,5/18/22 10:36,Cranberry Cafe,Cafe,704 Broadway,South Boston,MA,02127
3/28/14 0:00,3/19/18 13:12,3/19/22 12:05,CROSSFIT SOUTHIE,FITNESS FACILITY,385 Dorchester AV,South Boston,MA,02127
8/24/20 13:16,8/23/24 14:51,8/23/28 14:50,Crossroads Mart,Convenient Store,673 Broadway,South Boston,MA,02127
5/29/18 13:27,7/13/22 11:14,7/13/26 11:12,Cruztele Construction and Paintings,Home Improvement,20 General Lawrence J Logan WY,South Boston,MA,02127
12/16/19 9:54,11/27/23 11:30,11/27/27 11:29,CSP Advisors,Consulting,9 Broadway,South Boston,MA,02127
8/8/13 0:00,8/18/25 7:52,8/18/29 7:52,CVS/PHARMACY # 979,RETAIL PHARMACY,423 Broadway,South Boston,MA,02127
1/20/26 14:17,,1/20/30 14:03,CyberQP,Cybersecutiry SaaS,12 Linden ST,South Boston,MA,02127
9/17/14 0:00,9/21/22 14:31,9/21/26 14:30,D & D TOWING,24 HOUR TOWING,1 Ellery ST,South Boston,MA,02127
1/9/20 13:41,1/11/24 11:31,1/8/28 0:00,D.H. Pace Company,Security Hardware,307 First ST,South Boston,MA,02127
5/16/23 13:43,,5/16/27 13:42,Dacas Transportation,Delivery Service,48 Crowley-Rogers WY,South Boston,MA,02127
3/1/19 13:34,,3/1/23 13:33,DadBrunch,Event Planning,73 Old Harbor ST,South Boston,MA,02127
7/30/18 14:05,,7/30/22 14:02,DALEEN JORDAN HAIR,HAIR SALON,401 First ST,South Boston,MA,02127
3/11/20 13:12,,3/11/24 13:10,Daniel's Painting,Interior Painting,231 Broadway,South Boston,MA,02127
12/13/19 12:19,11/24/23 13:54,11/24/27 11:40,Dark Star Management,Short Term Rental,15 Ward ST,South Boston,MA,02127
5/26/15 0:00,5/17/23 9:34,5/16/27 0:00,DAVIS HAIRDRESSING,BOSTON,341 Broadway,South Boston,MA,02127
3/23/18 14:24,,3/23/22 14:23,Davvid,DJ / Entertainment Services,1410 Columbia RD,South Boston,MA,02127
6/3/21 10:08,7/11/25 12:38,7/11/29 11:41,Dawn,Hair salon,283 Old Colony AV,South Boston,MA,02127
10/4/22 15:05,,10/4/26 15:03,DDL Consulting,Consulting Services,62 L ST,South Boston,MA,02127
5/9/18 12:52,7/19/22 12:59,7/19/26 10:47,Deirfiur Home,Home Furnishing Store,735 Broadway,South Boston,MA,02127
1/27/23 12:28,,1/27/27 10:47,DeKay Insurance Agency,Insurance Sales,651 Broadway,South Boston,MA,02127
4/5/13 0:00,,4/5/17 0:00,DELANEY'S,WITHDRAWAL (11/3/11),471 Broadway,South Boston,MA,02127
1/31/24 13:21,,1/31/28 13:07,DermHub,Healthcare/Teledermatology,447 Fourth ST,South Boston,MA,02127
2/3/20 14:04,4/29/24 16:26,4/29/28 12:05,deVine,botanical beauty wellness,619 Broadway,South Boston,MA,02127
12/17/19 14:55,,12/17/23 14:54,DEXTER,Short Term Rental,27 Dexter ST,South Boston,MA,02127
3/28/23 11:46,,3/28/27 11:46,DEXTERITY ENTERPRISE,Short Term Rental,29 Dexter ST,South Boston,MA,02127
12/9/15 0:00,10/31/23 15:22,10/31/27 11:17,DHL EXPRESS,FREIGHT & TRANSPORTATION SERVICES,420 E ST,Boston,MA,02127
9/21/23 12:01,,9/21/27 11:58,DHL Global Forwarding,Shipping Services,420 E ST,Boston,MA,02127
7/15/19 14:43,,7/15/23 14:42,Diamond Dymes by Zertina,Online Retail,2 Bent CT,South Boston,MA,02127
3/2/15 0:00,5/23/19 10:19,5/23/23 10:17,DIAZ EVENT,DECORATION,251 Monsignor Dennis F. O'Callaghan WY,South Boston,MA,02127
3/17/16 0:00,,3/17/20 0:00,DIGITAL MEDIA/DIGITAL AVERTISING,DIGITAL MEDIA/DIGITAL ADVERTISING,19 Third ST,South Boston,MA,02127
9/16/20 12:26,,9/16/24 12:24,Diligent Contractors,Building Contractor,82 Broadway,South Boston,MA,02127
9/16/22 14:15,,9/16/26 12:55,Dimond Rentals,STR,5 Emmet ST,South Boston,MA,02127
9/8/20 15:01,,9/8/24 12:42,DiscountCreative,Software and Web design,646 Seventh ST,South Boston,MA,02127
2/11/21 14:18,1/31/25 14:59,1/31/29 10:55,DLUXE NAIL BAR WEST,NAIL SALON,377 Broadway,South Boston,MA,02127
1/21/14 0:00,,1/21/18 0:00,DOLLAR EXPRESS,CONVENIENCE STORE,626 Dorchester AV,South Boston,MA,02127
4/8/16 0:00,,4/8/20 0:00,DOLLAR EXPRESS,WITHDRAWAL 1/21/2014,626 Dorchester AV,South Boston,MA,02127
9/13/18 12:58,9/1/22 14:02,9/1/26 11:30,Dollface,Beauty/Service,546 Broadway,South Boston,MA,02127
8/29/25 14:33,,8/29/29 14:30,Double The Risk XX,Online Retail,66 Orton Marotta WA,South Boston,MA,02127
11/17/16 11:56,12/12/24 11:48,12/12/28 11:44,DOUGHBOY DONUTS & DELI,DONUT SHOP / DELI,220 Dorchester AV,South Boston,MA,02127
4/10/25 10:42,,4/10/29 10:24,Draw 1 Constructors,Bridge & Rail Construction,339 Dorchester ST,South Boston,MA,02127
4/10/25 10:43,,4/10/29 10:42,Draw One Constructors,Bridge & Rail Construction,339 Dorchester ST,South Boston,MA,02127
8/28/20 15:06,,8/28/24 15:01,Drip Higher,Online Marketplace,840 Summer ST,South Boston,MA,02127
6/6/19 13:27,,6/6/23 13:26,Dryer Vent Covers,Dryer Vent Covers,52 General Lawrence J Logan WY,South Boston,MA,02127
5/9/25 12:10,,5/9/29 12:05,DS Cleaner and More,Cleaning Services,319 Eighth ST,South Boston,MA,02127
12/30/13 0:00,3/12/26 16:21,3/12/30 12:18,DUNKIN DONUTS,RETAIL FOOD,510 Southampton ST,South Boston,MA,02127
6/30/14 0:00,1/20/23 16:03,1/20/27 14:22,DUNKIN DONUTS,QUICK SERVICE RETAIL,48 Broadway,South Boston,MA,02127
12/30/13 0:00,3/12/26 16:20,3/12/30 12:23,DUNKIN DONUTS,RETAIL FOOD,75 Old Colony AV,South Boston,MA,02127
1/9/17 14:04,,,E & S A-1 Auto Service,Auto Repairs,40 B ST,South Boston,MA,02127
12/11/15 0:00,2/6/20 13:53,2/6/24 13:50,EAGLE FOODSERVICE EQUIPMENT AND SUPPLIES,RETAIL,163 Old Colony AV,South Boston,MA,02127
5/23/22 14:09,,5/23/26 14:08,East Broadway Market,Convenience Store,869 Broadway,South Boston,MA,02127
8/20/13 0:00,3/10/26 11:13,3/10/30 11:11,EAST MEETS WEST CATERING,CATERING,212 Old Colony AV,South Boston,MA,02127
5/12/15 0:00,8/2/23 12:52,8/2/27 12:26,EAST SIDE HAIR SALON,SALON,92 P ST,South Boston,MA,02127
9/10/21 11:58,8/15/25 16:28,8/15/29 11:31,East Side Yoga And Fitness,Yoga Studio,584 Broadway,South Boston,MA,02127
7/30/18 16:24,10/4/22 15:40,10/4/26 15:40,Eda LaPlaca Homeshare,Air B&B,521 Sixth ST,South Boston,MA,02127
3/22/18 16:00,,3/22/22 15:59,Egaal Transportation Company,Livery,289 Ninth ST,South Boston,MA,02127
1/29/21 10:48,,1/29/25 10:47,ElieAngie Best Cleaning,cleaning services,183 Broadway,South Boston,MA,02127
10/10/23 15:54,,10/10/27 15:52,ELISSA CALDICOTT,Short Term Rental,0 F ST,South Boston,MA,02127
5/22/14 0:00,6/15/22 15:21,6/15/26 15:15,ELLEN M FRITCH & ASSOCIATES,STENOGRAPHER/COURT REPORTING,363 Silver ST,South Boston,MA,02127
9/9/21 11:41,9/3/25 15:15,9/3/29 15:10,Emerson Automotive,Automotive Repair,420 Third ST,South Boston,MA,02127
1/28/22 13:51,1/21/26 11:36,1/21/30 11:35,Emme Lash and Brow,Lash Bar,216 Broadway,South Boston,MA,02127
2/26/20 10:56,1/23/24 12:06,1/23/28 12:04,EMO Health,Non-Profit/Advocacy Assistance,20 Fifth ST,South Boston,MA,02127
3/31/22 15:32,,3/31/26 15:29,Engel+Volkers South Boston,Real Estate Sales + Leasing,493 Broadway,South Boston,MA,02127
1/12/15 0:00,10/25/22 15:16,10/25/26 11:59,ENTERPRISE RENT-A-CAR,CAR RENTAL,230 Dorchester AV,South Boston,MA,02127
5/12/17 13:08,5/19/25 13:35,5/19/29 13:34,Epinova Consulting,Software Development,8 Douglas ST,South Boston,MA,02127
6/19/20 12:56,,6/19/24 12:54,Epoca Styles,Online retail,49 Crowley-Rogers WY,South Boston,MA,02127
10/23/23 15:01,,10/23/27 11:22,ERAN BECHOR,STR,10 Wendeller ST,South Boston,MA,02127
4/29/24 16:47,,4/29/28 11:32,Erin Griffin Speech Therapy,Speech Language Therapy,50 Ward ST,South Boston,MA,02127
9/10/21 15:33,12/5/25 15:48,12/5/29 15:44,Esthetic Bean,Coffee shop,16 Preble ST,South Boston,MA,02127
2/11/14 0:00,2/26/26 16:43,2/26/30 15:30,ETHEL AND ANDY'S SANDWICH SHOP,TAKE OUT COFFEE SHOP,11 Elkins ST,South Boston,MA,02127
6/14/23 13:18,,6/14/27 13:15,Ethos,School - Day Care,416 Broadway,South Boston,MA,02127
5/3/19 14:44,6/14/23 13:18,6/14/27 13:16,Ethos Early Learning Center,school-day care,416 Broadway,South Boston,MA,02127
2/20/18 13:30,,2/20/22 13:27,Evans Consulting Group,Consulting,938 Broadway,South Boston,MA,02127
7/11/25 12:13,,7/11/29 12:12,EverGrow Solutions,Consulting,235 Old Colony AV,South Boston,MA,02127
6/13/24 16:38,,6/13/28 12:46,EVOLVE POWER YOGA,YOGA STUDIO,416 Broadway,South Boston,MA,02127
8/28/14 0:00,11/14/22 15:27,11/14/26 12:32,EXECUTIVE CLEANERS,LAUNDRY & DRY CLEANER,85 L ST,South Boston,MA,02127
3/10/23 14:02,,3/10/27 14:00,EXPAND,Marketing,69 Marine RD,South Boston,MA,02127
4/17/14 0:00,,4/17/18 0:00,EXPRESS T & DESIGN,WITHDRAWAL (8/5/13),10 Old Colony AV,South Boston,MA,02127
8/5/13 0:00,,8/5/17 0:00,EXPRESS T &. DESIGN,SILK SCREEN PRINTING,10 Old Colony AV,South Boston,MA,02127
12/14/21 15:55,,12/14/25 15:54,F & M Painting Co.,Interior Painting,66 Orton Marotta WA,South Boston,MA,02127
2/17/26 15:43,,2/17/30 15:38,F C Auto Consulting Services,Consulting Services,110 Mercer ST,South Boston,MA,02127
10/4/24 12:40,,10/4/28 12:38,F45 Training Southie,Fitness Training Studio,235 Old Colony AV,South Boston,MA,02127
1/5/24 11:15,,1/5/28 11:14,Fairytale Maids Cleaning Service,Cleaning Services,235 Old Colony AV,South Boston,MA,02127
9/28/17 9:19,12/1/25 12:08,12/1/29 12:05,Fasignation,vinyl signs/calligraphy,614 Broadway,South Boston,MA,02127
9/11/20 13:53,9/23/24 16:11,9/23/28 12:31,Feather & Waves Hair Boutique,Hair Salon,653 Broadway,South Boston,MA,02127
9/23/15 0:00,,9/23/19 0:00,FIGARO BARBER SHOP,BARBER SHOP,346 Broadway,South Boston,MA,02127
1/29/16 0:00,,1/29/20 0:00,FIGARO BARBER SHOP,WITHDRAWAL (9/23/15),346 Broadway,South Boston,MA,02127
1/19/16 0:00,11/6/25 14:28,11/6/29 14:24,FIGARO BARBER SHOP,BARBER SHOP,346 Broadway,South Boston,MA,02127
4/8/14 0:00,4/22/22 13:48,2/22/26 13:48,FINANCIAL REPORTING SERVICES,TAXES,653 Broadway,South Boston,MA,02127
2/20/18 12:09,,2/20/22 12:06,First Ascent Marketing,Consultancy - Marketing,204 N ST,South Boston,MA,02127
11/15/23 13:07,,11/15/27 12:53,Fitbalancedrd,Nutrition Counseling,335 E ST,South Boston,MA,02127
11/4/22 12:02,,11/4/26 11:59,FITZPATRICK,Construction,170 Bolton ST,South Boston,MA,02127
6/29/15 0:00,8/13/19 16:27,8/13/23 16:23,FJALLRAVEN,RETAIL SALES-OUTDOOR CLOTHING,205 Fifth ST,South Boston,MA,02127
8/22/14 0:00,,8/22/18 0:00,FJALLRAVEN USA,RETAIL,205 Fifth ST,South Boston,MA,02127
6/29/15 0:00,,6/29/19 0:00,FJALLRAVEN USA,WITHDRAWAL (8/22/14),205 Fifth ST,South Boston,MA,02127
7/13/18 15:24,,7/13/22 15:23,Florentino Cleaning,Cleaning Services,8 Carmody CT,South Boston,MA,02127
4/28/23 14:09,,4/28/27 14:07,Focus Physical Therapy and Wellness,Physical and Wellness,14 Dorchester ST,South Boston,MA,02127
11/9/15 0:00,11/14/19 14:29,11/14/23 10:46,FOR THE TABLE,COOKING CLASSES,311 Emerson ST,South Boston,MA,02127
12/6/24 12:55,,12/6/28 12:53,Fourth Networks,Information Technology,26 Boston ST,South Boston,MA,02127
9/4/18 14:04,,9/4/22 14:02,Fox & the Knife,Restaurant,28 Broadway,South Boston,MA,02127
12/16/21 15:05,11/17/25 10:58,11/17/29 10:56,FRAME RESIDENTIAL,REAL ESTATE BROKERAGE,45 Third ST,South Boston,MA,02127
6/8/15 0:00,5/1/23 10:40,5/1/27 10:39,FRANK A. KRAVITSKY-CONSTABLE CITY OF BOSTON,LEGAL PROCESS,202 Sixth ST,South Boston,MA,02127
8/7/13 0:00,,8/7/17 0:00,FRANKLIN SOUTHIE,RESTAURANT,152 Dorchester AV,South Boston,MA,02127
1/30/15 0:00,,1/30/19 0:00,FRANKLIN SOUTHIE,WITHDRAWAL (8/7/13),152 Dorchester AV,South Boston,MA,02127
6/28/18 13:25,6/15/22 15:18,6/15/26 13:21,FRAN'S AUTO REPAIR,AUTO REPAIR & SALES,43 Preble ST,South Boston,MA,02127
11/22/23 9:54,,11/22/27 9:53,FRENCH FRY SHOP,Online Retail,244 Third ST,South Boston,MA,02127
2/16/22 12:27,,2/16/26 12:12,Fresh Boston,Retail Package Store,232 Old Colony AV,South Boston,MA,02127
2/16/22 12:27,3/30/26 15:47,3/30/30 12:23,Fresh SB,Food Service/Restaurant,232 Old Colony AV,South Boston,MA,02127
5/4/22 12:52,,5/4/26 12:50,From The Ground Up Health and Wellness Coaching,Virtual Health Coaching,16 National ST,South Boston,MA,02127
1/7/15 0:00,4/6/23 15:19,4/6/27 14:37,G4 PROPERTY MANAGEMENT,PROPERTY MANAGEMENT,771 Fourth ST,South Boston,MA,02127
1/13/26 15:20,,1/13/30 15:17,Gabor Geczy Photography,Photography Services,1410 Columbia RD,South Boston,MA,02127
1/17/13 0:00,,1/17/17 0:00,GAELIC DAY SPA SALON,,389 Broadway,South Boston,MA,02127
4/29/13 0:00,,4/29/17 0:00,GAELIC DAY SPA SALON,WITHDRAWAL(1/17/2013),389 Broadway,South Boston,MA,02127
12/19/18 11:56,12/28/22 8:46,12/28/26 8:44,Gaelic Day Spa Salon,Beauty Salon,389 Broadway,South Boston,MA,02127
10/12/18 12:11,10/17/22 15:11,10/17/26 13:05,Galaxy Pharmacy,Pharmacy,534 Dorchester AV,South Boston,MA,02127
11/15/24 15:21,,11/15/28 15:19,Galeb Optics,Optical Engineering,480 Broadway,South Boston,MA,02127
11/18/25 13:53,,11/18/29 9:07,Gather33A,Event Venue / Space Rental,33 A ST,South Boston,MA,02127
5/24/19 12:16,,5/24/23 12:15,GCB Consulting,Consulting,66 L ST,South Boston,MA,02127
3/27/14 0:00,4/19/18 14:16,4/19/22 12:34,GENTLE DENTAL - SOUTH BOSTON,DENTAL PRACTICE,368 Broadway,South Boston,MA,02127
9/10/21 12:57,,9/10/25 10:54,Ghost Tequila,Online Marketing,862 Second ST,South Boston,MA,02127
9/7/18 12:27,8/22/22 15:19,8/22/26 13:06,Gibson Sotheby's International Realty,Real Estate Brokerage,141 Dorchester AV,South Boston,MA,02127
5/17/19 10:25,5/26/23 13:57,5/26/27 13:54,Gina Varvelli Studio,Aesthetician/Skincare,517 First ST,South Boston,MA,02127
4/11/25 9:47,,4/11/29 9:46,Girls in Real Life,Healthcare Workshop,831 E SECOND ST,SOUTH BOSTON,MA,02127
2/4/25 9:28,,2/4/29 9:22,Glamorous Booths,Photo Booths & Party Services,55 William T Morrissey BLVD,Dorchester,MA,02127
4/4/18 9:22,,4/4/22 9:19,GLANBEHY MEDIA,MEDIA,352 K ST,South Boston,MA,02127
8/31/16 12:06,,,Global Brand Vision,Retail Consulting,559 Second ST,South Boston,MA,02127
4/2/14 0:00,,4/2/18 0:00,GLOBAL BRAND VISION,TOUR OPERATOR,559 Second ST,South Boston,MA,02127
1/6/15 0:00,,1/6/19 0:00,GLOBAL BRAND VISION,WITHDRAWAL (4/2/14),559 Second ST,South Boston,MA,02127
4/17/19 11:41,4/28/23 13:21,4/28/27 10:45,Gopuff,Convenience Store W/Delivery,371 Dorchester AV,South Boston,MA,02127
4/25/18 12:24,5/24/22 11:34,5/24/26 11:33,Grand Sea Boston,Wholesale Retail,281 Second ST,South Boston,MA,02127
1/8/16 0:00,1/4/24 12:52,1/4/28 11:45,GRANT CONSULTING,CONSULTING,492 Broadway,South Boston,MA,02127
11/22/19 11:39,11/1/23 12:04,11/1/27 11:01,Gray's Hall,Wine Bar,615 Broadway,South Boston,MA,02127
1/4/19 13:20,,1/4/23 13:19,Great Vibes Entertainnment,social & event Planning,35 Patterson WY,South Boston,MA,02127
1/11/24 12:38,,1/11/28 12:36,Grounding Technology,Online Products/Online Store,49 Old Harbor ST,South Boston,MA,02127
4/5/24 13:00,,4/5/28 12:59,Grove Property Group,Real Estate,423 Broadway,South Boston,MA,02127
12/6/19 15:22,2/1/24 14:13,2/1/28 14:12,Guery Short-Term Rental,Short-Term Rental,0 Gold ST,South Boston,MA,02127
1/14/21 10:01,,1/14/25 9:59,Gure Transportation,Transportation,199 Broadway,South Boston,MA,02127
7/15/15 0:00,6/29/23 14:23,6/29/27 11:10,H&R BLOCK,TAX PREPARATION SERVICES,850 Summer ST,South Boston,MA,02127
9/22/21 12:42,12/23/25 12:21,12/23/29 12:11,Habit,Retail boutique,703 Broadway,South Boston,MA,02127
5/30/19 9:18,7/5/23 10:19,7/5/27 10:16,Habitat Realty,Real Estate,816 Fifth ST,South Boston,MA,02127
8/17/20 13:31,11/6/24 16:35,11/6/28 16:22,HAIR BY JENNIFER,COSMETOLOGY,92 P ST,South Boston,MA,02127
9/23/25 15:38,,9/23/29 15:37,Happy Path Digital,Digital Consulting,115 B ST,South Boston,MA,02127
7/8/22 12:27,,7/8/26 12:26,Hard Card,Sports Card Collectables,400 K ST,South Boston,MA,02127
10/15/25 10:56,,10/15/29 10:55,Harry & Lou,Boutique,735 Broadway,South Boston,MA,02127
4/20/18 13:38,7/8/22 15:13,7/8/26 15:01,HAWKE Commercial Filmaking,Multimedia Production,516 Second ST,South Boston,MA,02127
7/8/22 15:06,,7/8/26 15:04,Hawke Commercial Photography,Photography,516 Second ST,South Boston,MA,02127
3/14/24 14:36,,3/14/28 14:35,Hawke Commercial Photography,Photography,516 Second ST,South Boston,MA,02127
1/12/23 9:14,,1/12/27 9:13,Hayward and Sons,Property Maintenance,371 Dorchester AV,South Boston,MA,02127
1/20/15 0:00,1/16/19 11:49,1/16/23 11:22,HEADLINES IMPRESSION & COMPANY,HAIR SALON (BOOTH RENTAL),205 Sixth ST,South Boston,MA,02127
11/5/14 0:00,10/17/22 13:58,10/17/26 12:23,HEADQUARTERS HAIR SALON,HAIR SALON,545 Broadway,South Boston,MA,02127
5/17/24 13:42,,5/17/28 13:38,Heather McGrath,Arts and Entertainment,516 Second ST,South Boston,MA,02127
1/27/22 13:33,3/5/26 15:40,3/5/30 12:31,HELD FAMILIES,POSTPARTUM DOULA CERTIFIED LACTATION COUNSELOR,91 Old Harbor ST,South Boston,MA,02127
7/15/19 8:50,,7/15/23 8:45,Helping Hands,Online Retail,199 H ST,South Boston,MA,02127
7/9/15 0:00,,7/9/19 0:00,HESS #21517,WITHDRAWAL (7/8/14),151 Old Colony AV,South Boston,MA,02127
7/8/14 0:00,,7/8/18 0:00,HESS 21517,RETAIL/GAS,151 Old Colony AV,South Boston,MA,02127
7/8/14 0:00,,7/8/18 0:00,HESS 21517,WITHDRAWAL (7/13/12),151 Old Colony AV,South Boston,MA,02127
9/17/13 0:00,,9/17/17 0:00,HOLLYWOOD STAR NAILS & SPA,"FACIAL, NAIL & SPA SALON",643 Broadway,South Boston,MA,02127
7/16/15 0:00,,7/16/19 0:00,HOLLYWOOD STAR NAILS & SPA,WITHDRAWAL (9/17/13),643 Broadway,South Boston,MA,02127
6/15/15 0:00,4/9/20 14:14,4/9/24 10:16,HOMELIGHT BOSTON,ELECTRICAL CONTRACTOR,151 I ST,South Boston,MA,02127
7/19/18 12:54,,7/19/22 12:52,Hook & Loop Fabrication Studio,Wood Working Fabrication,570 First ST,South Boston,MA,02127
3/20/17 13:23,3/18/25 14:36,3/18/29 14:33,House of Hurwitz,Sale of party supplies,61 Dorchester ST,South Boston,MA,02127
1/2/20 10:08,1/2/24 14:51,1/2/28 11:51,House Of Ivy,Hair Salon,699 Broadway,South Boston,MA,02127
2/13/14 0:00,3/30/26 15:48,3/30/30 12:40,HUB LOCK & DOOR CLOSER,LOCKSMITH,281 Dorchester ST,South Boston,MA,02127
7/16/21 9:37,,7/16/25 9:31,HUGHES & LOUIS INVESTING,PROPERTY INVESTMENT,24 Knowlton ST,South Boston,MA,02127
5/28/21 14:12,6/2/25 16:52,6/2/29 10:57,Hunter's,restaurant,110 Dorchester ST,South Boston,MA,02127
12/2/24 11:41,,12/2/28 11:40,iBeauty Lounge,Nails & Spa,592 Broadway,South Boston,MA,02127
2/25/15 0:00,3/27/23 12:55,3/27/27 12:44,ILEX DESIGNS,FLORIST,850 Summer ST,South Boston,MA,02127
11/13/19 14:56,,11/13/23 9:36,ILG Guest Stay,Short Term Rental,247 Fifth ST,South Boston,MA,02127
11/21/23 9:27,,11/21/27 7:51,ILG Music and Media,Music/Media,247 Fifth ST,South Boston,MA,02127
12/4/23 14:49,,12/4/27 14:47,Imported Foods,Wholesale,474 Dorchester AV,South Boston,MA,02127
3/22/21 15:13,8/5/25 16:26,8/5/29 15:44,In Good Company Shop,Home Decor Shop,653 Broadway,South Boston,MA,02127
1/31/18 13:37,3/3/26 11:16,3/3/30 8:18,Indresano Studios,Photography and Video,33 A ST,South Boston,MA,02127
9/3/15 0:00,2/20/24 16:18,2/20/28 16:16,INDULGE DAY SPA,SKIN & BODYCARE,637 Broadway,South Boston,MA,02127
7/16/21 9:37,,7/16/25 9:34,IN-HOUSE PRODUCTION GROUP,MEDIA,24 Knowlton ST,South Boston,MA,02127
3/11/14 0:00,2/11/26 9:36,2/11/30 9:34,INNER HARBOR JEWELERS,JEWELRY WATCH REPAIR,705 Broadway,South Boston,MA,02127
1/23/26 10:13,,1/23/30 10:11,In-Place Remodeling,Home Improvement Contractor,240 E ST,South Boston,MA,02127
6/6/18 10:38,,6/6/22 10:37,Integrity Protection Service,Security Firm,551 Dorchester AV,South Boston,MA,02127
7/12/17 14:33,11/25/25 11:45,11/25/29 11:44,Interactive Construction,Residential Construction,9 M ST,South Boston,MA,02127
11/21/22 15:39,,11/21/26 14:19,Ionic Development Company,Real Estate Developing/Consulting,71 Broadway,South Boston,MA,02127
8/26/13 0:00,,8/26/17 0:00,IPHONE EXPRESS,WITHDRAWAL (07/31/2012),518 Dorchester AV,South Boston,MA,02127
1/27/20 12:51,,1/27/24 12:50,J & J Services,Maintenance,143 Dorchester ST,South Boston,MA,02127
7/14/14 0:00,8/24/18 12:12,8/24/22 11:51,"J RYAN SOLUTIONS,",EDUCATIONAL/TECHNOLOGY CONSULT,171 M ST,South Boston,MA,02127
5/5/23 15:43,,5/5/27 15:40,J.A.C.E. Designs,Home Decor,713 Fifth ST,South Boston,MA,02127
9/16/15 0:00,10/13/23 11:16,10/13/27 11:15,JACKIE'S LITTLE HOUSE DAY CARE,CHILD CARE,141 Broadway,South Boston,MA,02127
8/30/24 15:10,,8/30/28 15:09,James Hanley,Cleaning Services,881 First ST,South Boston,MA,02127
5/23/22 14:09,,5/23/26 14:08,Jamie's Variety,Convenience Store with Beer&Wine,113 H ST,South Boston,MA,02127
3/3/22 15:29,2/13/26 13:17,2/13/30 12:16,JANICE IWAMA,CONSULTING,14 Barnard PL,South Boston,MA,02127
8/9/18 12:53,1/6/23 14:53,1/6/27 14:51,JAS PRODUCTION,ENTERTAINMENT,100 Dorchester ST,South Boston,MA,02127
11/24/14 0:00,11/23/18 8:54,11/23/22 8:52,JAVA HOUSE,COFFEE SHOP,541 Broadway,South Boston,MA,02127
1/16/20 13:34,,1/16/24 13:33,Jazize Photography,Photography,168 Seventh ST,South Boston,MA,02127
11/30/23 15:50,,11/30/27 15:48,JEFF SWAIN AIRBNB,SHORT TERM RENTAL,4 Jason TE,South Boston,MA,02127
11/25/13 0:00,,11/25/17 0:00,JENNIFER RILEY,CONSULTING - CH227 SEC5A,442 Fourth ST,South Boston,MA,02127
11/24/14 0:00,,11/24/18 0:00,JENNIFER RILEY,WITHDRAWAL (11/25/14),442 Fourth ST,South Boston,MA,02127
1/12/22 14:12,12/22/25 13:31,12/22/29 13:28,Jenso Custom Homes,GENERAL CONTRACTING,621 First ST,South Boston,MA,02127
8/2/23 12:26,,8/2/27 11:01,Jess Klein Studio,Interior Design Studio,110 K ST,South Boston,MA,02127
11/27/23 10:23,,11/27/27 10:19,JHOANKA & CO,Fashion design,503 Second ST,South Boston,MA,02127
9/28/17 11:02,9/23/25 11:20,9/23/29 11:18,Jill Hoffmeister Jewelry,Jewelry Wholesale/Resale,590 Eighth ST,South Boston,MA,02127
1/20/16 0:00,2/14/24 12:08,2/14/28 11:21,JIMMY'S KORNER,PACKAGE STORE,143 P ST,South Boston,MA,02127
8/12/13 0:00,10/7/25 15:07,10/7/29 15:07,JIM'S VARIETY,CONVENIENCE STORE,258 Fifth ST,South Boston,MA,02127
1/7/13 0:00,,1/7/17 0:00,JINNY'S BOUTIQUE,WITHDRAWAL (04/27/2012),360 Second ST,South Boston,MA,02127
8/20/25 13:59,,8/20/29 13:56,Joe St. Pierre Photography,Photography,366 Broadway,South Boston,MA,02127
7/24/14 0:00,11/14/22 15:44,11/14/26 11:41,JOHN CARTER FIRE ESCAPE SERVICES,FIRE ESCAPES,70 G ST,South Boston,MA,02127
12/17/14 0:00,,12/17/18 0:00,JOIE,RETAIL SALE OF APPAREL & ACCESSORIES,141 Sixth ST,South Boston,MA,02127
9/25/23 13:22,,9/25/27 13:20,JoJo Brows Skin Makeup,Beauty Salon,509 First ST,South Boston,MA,02127
12/21/15 0:00,11/29/19 13:40,11/29/23 13:40,JONATHAN MARSH REAL ESTATE,REAL ESTATE,636 Dorchester AV,South Boston,MA,02127
3/22/22 10:28,,3/22/26 9:57,JOSEPH & ROBERT ALVARADO,SHORT TERM RENTAL,550 Dorchester AV,South Boston,MA,02127
5/24/22 12:48,,5/24/26 12:44,Joseph's Bakery,Bakery,258 K ST,South Boston,MA,02127
4/23/14 0:00,,4/23/18 0:00,JOSEPH'S BAKERY & DELI,WITHDRAWAL (7/20/12),258 K ST,South Boston,MA,02127
6/17/24 12:54,,6/17/28 12:53,Joy Lee,Short Term Rental,674 Broadway,South Boston,MA,02127
10/23/18 14:51,10/24/22 15:41,10/24/26 13:47,JP LICKS,ICE CREAM PARTOR,376 West Broadway,South Boston,MA,02127
7/22/19 15:09,,7/22/23 15:07,JS Rentals,Short Term Rentals,209 Second ST,South Boston,MA,02127
1/8/20 12:27,1/3/24 12:46,1/3/28 12:44,K & 8th Street Market,Beer & Wine/Grocery,362 K ST,South Boston,MA,02127
3/4/25 13:32,,3/4/29 13:31,K + D Airbnb,Airbnb,13 Pacific ST,South Boston,MA,02127
5/4/18 11:14,,5/4/22 11:13,K Street Candlles,Online Manufacturing,308 K ST,South Boston,MA,02127
8/11/16 15:52,6/30/20 14:23,6/30/24 14:21,Kae & Co. Consulting,Consulting,9 Liberty PL,South Boston,MA,02127
6/5/24 11:21,,6/5/28 11:16,KARPP,CONSTRUCTION MATERIALS,480 First ST,South Boston,MA,02127
11/6/23 14:32,,11/6/27 14:31,Karve Spa,Day Spa,416 Broadway,South Boston,MA,02127
10/3/19 12:08,,10/3/23 12:06,Karve Spa,Day Spa,416 Broadway,South Boston,MA,02127
10/19/18 12:03,11/30/22 13:06,11/30/26 13:04,Kate Hadden Design Co.,Web & Graphic Design,847 Fourth ST,South Boston,MA,02127
3/25/20 11:18,,3/25/24 11:16,Kayla Mehr Fitness,online/mobile personal training,9 Atlantic ST,South Boston,MA,02127
5/7/25 15:23,,5/7/29 14:10,KB Bookkeeping Plus,Bookkeeping,1306 Columbia RD,South Boston,MA,02127
7/18/23 14:52,,7/18/27 14:47,Kelly Antonucci Group,Real Estate,825 Fourth ST,South Boston,MA,02127
12/12/18 12:27,12/19/22 16:03,12/19/26 14:16,Kennard Architects,Architectural Services,141 Dorchester AV,South Boston,MA,02127
12/16/13 0:00,,12/16/17 0:00,KIM'S MARKET,WITHDRAWAL (6/15/10),305 Broadway,South Boston,MA,02127
1/31/20 12:36,,1/31/24 12:35,Kingdom Racing,Horse Racing,715 Fourth ST,South Boston,MA,02127
5/28/15 0:00,5/28/19 9:27,5/28/23 9:22,KING'S & QUEEN'S CUSTOM DESIGNS,ONLINE RETAIL,180 Monsignor Dennis F. O'Callaghan WY,South Boston,MA,02127
11/25/19 13:34,11/13/23 12:37,11/13/27 12:35,KLS Hair Studio,Hair Salon,537 First ST,South Boston,MA,02127
2/29/16 0:00,3/4/24 17:30,3/4/28 13:43,KUBY COMMUNICATIONS,PUBLIC RELATIONS,320 D ST,South Boston,MA,02127
4/16/14 0:00,4/1/22 15:29,4/1/26 12:52,L STREET DINER AND PIZZERIA,RESTAURANT,108 L ST,South Boston,MA,02127
3/12/24 9:28,,3/12/28 9:20,L Street Tavern,Tavern,658 Eighth ST,South Boston,MA,02127
11/7/25 12:26,,11/7/29 12:23,LAND OF PIZZA,PIZZA SHOP,445 Broadway,South Boston,MA,02127
12/7/21 13:55,,12/7/25 13:44,Landlord,Landlord,11 Elkins ST,South Boston,MA,02127
12/30/15 0:00,5/29/20 13:58,5/29/24 13:47,LAPELS DRY CLEANING,DRY CLEANING,54 Old Colony AV,South Boston,MA,02127
4/4/19 14:54,4/21/23 17:00,4/20/26 0:00,Lash Season,Aesthetics,481 Broadway,South Boston,MA,02127
4/9/25 10:31,,4/9/29 10:30,Law Office of Julia R Sauve,Law Office,25 Story ST,South Boston,MA,02127
5/22/20 14:03,,5/22/24 12:25,Law Office Of Michael A. Hammer,Law Office,320 D ST,South Boston,MA,02127
1/19/21 12:39,,1/19/25 12:37,Law Office of Michael P. Welsh,Law Office,339 Broadway,South Boston,MA,02127
6/29/23 13:49,,6/29/27 13:46,Layla's American Tavern,Restaurant,332 Broadway,South Boston,MA,02127
9/12/18 9:21,,9/12/22 9:20,Lazy Jack Supply,Retail - Home Goods,111 Marine RD,South Boston,MA,02127
4/15/16 0:00,1/25/24 15:42,1/25/28 15:39,LEDUCQ,Administrative Services,19 Third ST,South Boston,MA,02127
6/21/17 11:50,,,Lee Chen's Restaurant,Restaurant,475 Broadway,South Boston,MA,02127
2/5/15 0:00,2/21/23 10:42,2/21/27 10:41,LEE'S CLEANING SERVICES,CLEANING,8 Joyce Hayes WY,South Boston,MA,02127
3/23/18 13:02,,3/23/22 12:14,Leg Up Marketing & Communications,Marketing/PR Agency,795 Fifth ST,South Boston,MA,02127
12/18/24 14:22,,12/18/28 14:21,Lejit,Retail Apparell,517 Eighth ST,South Boston,MA,02127
12/18/24 14:22,,12/18/28 14:20,Lejit Branding,Retail Apparell,517 Eighth ST,South Boston,MA,02127
12/18/24 14:22,,12/18/28 14:18,Lejit Branding Company,Retail Apparell,517 Eighth ST,South Boston,MA,02127
12/20/21 12:15,12/16/25 11:43,12/16/29 11:41,Lenox Sophia,Restaurant,87 A ST,South Boston,MA,02127
6/6/16 11:19,,,Leteat.com,Catering Services,28 Damrell ST,South Boston,MA,02127
6/6/16 11:33,,6/22/24 14:23,Leteat.com,Catering Services,28 Damrell ST,South Boston,MA,02127
10/8/13 0:00,,10/8/17 0:00,LETEAT.COM,CATERING SERVICES,28 Damrell ST,South Boston,MA,02127
6/6/16 0:00,,6/6/20 0:00,LETEAT.COM,,28 Damrell ST,South Boston,MA,02127
9/11/14 0:00,10/17/22 12:18,10/17/26 12:17,LETICIA LIMO SERVICES,LIVERY,20 General Lawrence J Logan WY,South Boston,MA,02127
12/19/22 12:45,,12/19/26 12:44,Level Up Meal Prep,Delivery,604A Dorchester AV,South Boston,MA,02127
3/5/19 12:16,4/12/23 10:41,4/12/27 10:36,LexRx,NP Business Office,395 Broadway,South Boston,MA,02127
10/8/19 15:56,,10/8/23 15:55,LightFlex Studios,Photography,566 Sixth ST,South Boston,MA,02127
3/1/23 14:46,,3/1/27 14:43,Lilahs Crystals & Tarot,Retail,376 West Broadway,South Boston,MA,02127
5/17/21 15:25,,5/17/25 15:25,lilawesomeboutique,clothing boutique,43 General Lawrence J Logan WY,South Boston,MA,02127
4/4/24 15:47,,4/4/28 15:46,Lili Latin Dance,Dance Studio,423 Broadway,South Boston,MA,02127
10/2/15 0:00,3/12/26 9:39,3/9/30 9:39,LINCOLN TAVERN & RESTAURANT,FULL SERVICE RESTAURANT,425 Broadway,South Boston,MA,02127
7/3/24 15:20,,7/3/28 14:29,Link Health,Community Engagement,12 Mohawk ST,South Boston,MA,02127
2/14/24 12:08,,2/14/28 11:54,LIQUOR & WINE GALLERY,Liquor Store,605 Broadway,South Boston,MA,02127
11/21/14 0:00,1/13/23 14:31,1/13/27 14:30,LIRIANO'S TAX SERVICE,TAX SERVICES,35 Patterson WY,South Boston,MA,02127
6/4/14 0:00,5/11/22 13:03,5/11/26 11:18,LISA NAIL SALON,NAIL & SKIN CARE,746 Broadway,South Boston,MA,02127
3/20/17 13:23,3/18/25 14:36,3/18/29 14:31,Little Jack Horner,Novelty Sales,61 Dorchester ST,South Boston,MA,02127
10/7/21 15:37,,10/7/25 15:35,Liv Charron Events,wedding/event planning,339 K ST,South Boston,MA,02127
3/2/18 16:42,1/26/23 12:13,1/26/27 12:13,LIVE LONGER GET FIT,PERSONAL TRAINING,323 Dorchester AV,South Boston,MA,02127
10/13/20 15:41,10/4/24 15:40,10/4/28 15:39,LIZ ON E,BEAUTY SALON,661 Broadway,South Boston,MA,02127
3/20/14 0:00,1/27/26 16:46,1/27/30 15:55,LOCAL 149,RESTAURANT,149 P ST,South Boston,MA,02127
12/29/14 0:00,2/10/23 16:14,2/8/27 12:00,LOCO TAQUERIA & OYSTER BAR,RESTAURANT,412 Broadway,South Boston,MA,02127
4/2/15 0:00,6/6/19 14:24,6/6/23 14:20,LOGRASSO'S BARBER SHOP,BARBER SHOP,331 Broadway,South Boston,MA,02127
6/23/23 12:08,,6/23/27 12:07,Lori Hosea Studio,Hair Salon,621 First ST,South Boston,MA,02127
6/26/20 14:09,11/14/24 15:34,11/14/28 13:15,Louie Styles,barbershop,100 Dorchester ST,South Boston,MA,02127
5/19/20 11:49,,5/19/24 11:47,Love Child,Floral studio + Event venue,313 E ST,South Boston,MA,02127
11/12/19 13:02,11/6/23 15:44,11/6/27 13:00,Love Realty,Short Term Rental,532 Eighth ST,South Boston,MA,02127
1/8/21 11:48,3/28/25 12:38,3/28/29 12:35,LU LU GREEN BEVERAGE,Juice retail,246A Broadway,South Boston,MA,02127
9/14/18 12:52,4/28/23 13:25,4/28/27 13:24,Luck Wellness,Yoga Studio,516 Second ST,South Boston,MA,02127
7/19/17 11:14,9/1/22 13:21,9/1/26 13:03,LUCKY STAR BUS,BUS TRANSPORTATION,38 Damrell ST,South Boston,MA,02127
7/26/19 10:15,9/1/23 14:01,9/1/27 13:58,Lucy Family Daycare,Family Daycare,78 Seventh ST,South Boston,MA,02127
5/17/23 12:27,,5/17/27 12:24,Luisa Fernandez Designs,Deigns Sole Proprietorship,235 Broadway,South Boston,MA,02127
1/8/21 11:10,3/28/25 12:38,3/28/29 12:36,Lulu Green Cafe Bakery Juice Bar,Cafe,246A Broadway,South Boston,MA,02127
3/25/25 15:43,,3/25/29 15:40,Lumen et Logos,Book Publishing,582 Fourth ST,South Boston,MA,02127
1/21/25 14:39,,1/21/29 14:38,Lunita Family Daycare,Daycare,7 Orton Marotta WA,South Boston,MA,02127
2/15/22 10:15,,2/15/26 10:06,Luxe Home Interiors,Boutique Store,754 Broadway,South Boston,MA,02127
7/20/15 0:00,6/25/19 13:08,6/25/23 13:07,LYDON EXTERIORS,HOME IMPROVEMENT,139 Ninth ST,South Boston,MA,02127
12/17/18 14:39,,12/17/22 14:38,M & G Handyman Service,Handyman Service,163 Orton Marotta WA,South Boston,MA,02127
10/22/15 0:00,12/13/19 16:31,12/13/23 16:30,MA PLUME CALLIGRAPHY,CALLIGRAPHY SERVICES,610 Broadway,South Boston,MA,02127
6/25/20 9:24,6/11/24 16:00,6/11/28 15:56,Maddox Builders,Carpenter,855 Fifth ST,South Boston,MA,02127
12/2/25 11:01,,12/2/29 11:00,Madelyn Pilates,Mobile Pilates,821 Fifth ST,South Boston,MA,02127
9/7/21 13:13,,9/7/25 13:11,Malik Abbas Limo and Taxi Service,transportation,20 General Lawrence J Logan WY,South Boston,MA,02127
6/21/22 11:03,,6/21/26 11:01,Mara May,Online Retail,208 Seventh ST,South Boston,MA,02127
6/7/16 0:00,6/30/20 10:27,6/30/24 10:25,MARRS GROUP,CONSULTING/RECRUITING,320 D ST,South Boston,MA,02127
3/14/13 0:00,,3/14/17 0:00,MARY KAY BEATY CONSULTANT,,524 Sixth ST,South Boston,MA,02127
3/14/13 0:00,,3/14/17 0:00,MARY KAY BEAUTY CONSULTANT,INDEPENDENT BEAUTY CONSULTANT,524 Sixth ST,South Boston,MA,02127
6/21/16 12:26,,,Mary Kay Beauty Consultant,Independent Beauty Consultant,524 Sixth ST,South Boston,MA,02127
10/7/19 13:34,,10/7/23 13:32,Mass Maids,Cleaning Business,236 Dorchester ST,South Boston,MA,02127
12/7/23 14:52,,12/7/27 14:51,MassMicro,Produce Farm,67 G ST,South Boston,MA,02127
10/5/18 16:07,10/5/22 13:51,10/5/26 10:33,McColl RE Consultants,Real Estate Consulting,314 K ST,South Boston,MA,02127
12/9/19 13:25,,12/9/23 10:10,McGlynn Associates,Contract Furnture,60 K ST,South Boston,MA,02127
12/17/15 0:00,1/18/24 12:52,1/18/28 12:50,MCGOO'S PIZZA,RESTAURANT,479 Broadway,South Boston,MA,02127
6/30/15 0:00,,6/30/19 0:00,MCGOO'S PIZZERIA,RESTAURANT,479 Broadway,South Boston,MA,02127
12/17/15 0:00,,12/17/19 0:00,MCGOO'S PIZZERIA,WITHDRAWAL (6/30/15),479 Broadway,South Boston,MA,02127
12/17/15 0:00,,12/17/19 0:00,MCGOOSTA,WITHDRAWAL (6/30/15),479 Broadway,South Boston,MA,02127
6/30/15 0:00,,6/30/19 0:00,MCGOOSTA,RESTAURANT,479 Broadway,South Boston,MA,02127
4/7/25 12:47,,4/7/29 12:46,MCM Properties,Real Estate,948 Broadway,South Boston,MA,02127
4/11/25 12:47,,4/11/29 12:47,Meek Oak,Art Sale,40 Baxter ST,South Boston,MA,02127
5/5/25 15:30,,5/5/29 15:28,Mei Mei Dumplings,Cafe,58 Old Colony AV,South Boston,MA,02127
4/21/23 15:27,,4/21/27 11:40,Melinda Acupuncture,Acupuncture,632 Broadway,South Boston,MA,02127
4/13/20 15:07,4/16/24 12:23,4/16/28 12:21,MelOPhoto,Photography,148 F ST,South Boston,MA,02127
3/11/16 0:00,2/29/24 16:22,2/29/28 16:07,METRO ENERGY,DELIVERY OF #2 FUEL OIL,641 Broadway,South Boston,MA,02127
7/30/19 9:19,,7/30/23 9:17,Miah and Jaydens Magic Garden,Family Day Care,157 Broadway,South Boston,MA,02127
3/8/21 14:56,4/14/25 15:48,4/14/29 14:21,Michael Co,Home Staging,24 F ST,South Boston,MA,02127
4/26/23 9:18,,4/26/27 9:17,Micro Plant Studio,Florist,365 Broadway,South Boston,MA,02127
8/1/22 12:17,,8/1/26 12:16,Milton Pediatric Speech and Language,Speech-Language Therapy,275 Old Colony AV,South Boston,MA,02127
5/28/25 14:01,,5/28/29 13:58,Minis & More,Vending Machine,6 Orton Marotta WA,South Boston,MA,02127
4/25/22 11:26,,4/25/26 11:25,Mister A Barber Shop,Barber Shop,400 Dorchester ST,South Boston,MA,02127
7/23/19 13:58,,7/23/23 13:57,MLLG PROPERTIES,SHORT TERM RENTAL,123 G ST,South Boston,MA,02127
10/2/14 0:00,11/21/22 9:22,11/21/26 9:21,MMMAC & CHEESE,FAST FOOD,210 Ninth ST,South Boston,MA,02127
10/31/16 13:32,3/9/26 12:00,3/9/30 11:59,Moko Japanese Restaurant,Restaurant,674 Broadway,South Boston,MA,02127
5/12/15 0:00,9/8/23 9:44,9/8/27 9:42,MOLLY'S BEACHSIDE,ICE CREAM & CAFE,165 William J Day BL,South Boston,MA,02127
7/13/23 15:32,,7/13/27 15:25,Monarc Properties,Real Estate Sales & Rentals,728 Broadway,South Boston,MA,02127
10/26/20 14:50,12/12/24 14:22,12/12/28 13:47,Mone Law,Attroney,49 Marine RD,South Boston,MA,02127
3/29/21 14:50,,3/29/25 11:26,Montgomery Wilshire Capital,Real Estate Agent & Appraiser,520 Broadway,South Boston,MA,02127
1/30/15 0:00,4/10/23 15:09,4/10/27 14:45,MOONSHINE 152,RESTAURANT,152 Dorchester AV,South Boston,MA,02127
3/18/15 0:00,,3/18/19 0:00,MORAN DOCKWALKER SERVICES,SERVICES: MARINE ADVISORS,11 Elkins ST,South Boston,MA,02127
4/16/15 0:00,,4/16/19 0:00,MORAN DOCKWALKER SERVICES,WITHDRAWAL (3/18/2015),11 Elkins ST,South Boston,MA,02127
5/2/23 10:46,,5/2/27 10:44,Mr. A Barber Shop,Barber Shop,601 Broadway,South Boston,MA,02127
3/11/22 13:43,,3/11/26 13:42,Murphy's Law,Restaurant,837 Summer ST,South Boston,MA,02127
8/9/21 13:58,8/4/25 17:11,8/4/29 13:49,MW HAIR STUDIO,HAIR SALON,401 First ST,South Boston,MA,02127
2/23/23 13:32,,2/23/27 13:31,My 1st Letters Home Daycare,Home Daycare,33 B ST,South Boston,MA,02127
7/10/18 11:00,8/31/22 12:58,8/31/26 12:56,MY DINER,RESTAURANT,455 Eighth ST,South Boston,MA,02127
8/16/24 13:10,,8/16/28 13:09,Mysa Nail Bar,Nail Salon,746 Broadway,South Boston,MA,02127
9/21/21 15:05,11/18/25 11:32,11/18/29 10:51,MYSTRYDE,Fitness,850 Summer ST,South Boston,MA,02127
10/12/23 10:25,,10/12/27 10:24,Nail Nooky,Nail Salon,515 First ST,South Boston,MA,02127
10/6/20 13:22,11/4/24 16:01,11/4/28 14:02,NAILD IT,nail salon,663 Broadway,South Boston,MA,02127
12/7/15 0:00,2/16/24 11:39,2/16/28 11:38,NANA'S FAMILY CHILD CARE,CHILD CARE,40 Linsky-Barry CT,South Boston,MA,02127
11/27/20 14:52,12/24/24 13:14,12/24/28 12:48,NAPS,PRENATAL & POSTPARTUM CONSULTING & EDUCATION,395 Broadway,South Boston,MA,02127
8/18/23 14:16,,8/18/27 14:16,NATIVE SUN,RETAIL,538 First ST,South Boston,MA,02127
4/1/13 0:00,,4/1/17 0:00,NATURAL NAILS AND SKIN SALON,BEAUTY SALON,469 Broadway,South Boston,MA,02127
7/28/14 0:00,,7/28/18 0:00,NATURAL NAILS AND SKIN SALON,WITHDRAWAL (4/1/13),469 Broadway,South Boston,MA,02127
10/30/17 15:08,9/16/25 15:43,9/16/29 15:42,Need Signs Will Paint,Sign Advertising,516 Second ST,South Boston,MA,02127
2/27/25 14:55,,2/27/29 14:53,Neighborhood Collections,Online Retail,745 Sixth ST,South Boston,MA,02127
4/27/15 0:00,5/17/23 13:33,5/17/27 10:53,NEW ENGLAND CONSTABLES,PROCESS SERVING,77 L ST,South Boston,MA,02127
6/5/24 11:21,,6/5/28 11:15,NEW ENGLAND GYPSUM,CONSTRUCTION MATERIALS,480 First ST,South Boston,MA,02127
11/26/18 16:21,2/13/23 16:41,2/13/27 13:48,NextHome Titletown,Real Estate Brokerage,100 A ST,South Boston,MA,02127
6/28/21 14:34,,6/28/25 13:12,Nicholas Tornaritis,Short Term Rental,619 Third ST,South Boston,MA,02127
10/23/24 13:06,,10/23/28 13:05,Nico's Short Term Rental,Short Term Rental,145 Sixth ST,South Boston,MA,02127
6/22/20 16:07,,6/22/24 16:07,Nina Gallant Photography,photography services,516 Second ST,South Boston,MA,02127
6/5/24 11:21,,6/5/28 11:17,NORTH AMERICAN DOOR & HARDWARE,CONSTRUCTION MATERIALS,480 First ST,South Boston,MA,02127
8/8/13 0:00,12/16/22 10:18,12/16/26 9:27,NORTON LILLY INTERNATIONAL,SHIP AGENT,840 Summer ST,South Boston,MA,02127
2/20/25 15:00,,2/20/29 14:33,Norton Lilly International U.S,Ship Agent,840 Summer ST,South Boston,MA,02127
1/28/21 10:40,1/23/25 14:14,1/23/29 14:12,NS Butler Services,administrative services,291 Emerson ST,South Boston,MA,02127
10/16/25 10:59,,10/16/29 10:58,Nurture South Boston,Salon,127 L ST,South Boston,MA,02127
9/21/20 12:19,1/10/25 7:58,12/24/28 0:00,Nuture by Naps,Education/Consulting,724 Second ST,South Boston,MA,02127
3/19/24 13:10,,3/19/28 13:09,Obelisk Group,Construction Consulting,154 Eighth ST,South Boston,MA,02127
8/29/23 11:44,,8/29/27 11:41,Occupational Safety & Maritime Consultants,Consulting,400 Dorchester ST,South Boston,MA,02127
1/31/20 10:07,1/23/24 14:31,1/23/28 14:30,Ochoa For Hair,Hair salon,423 Broadway,South Boston,MA,02127
2/12/26 14:31,,2/12/30 14:29,Off Brand Signs,Sign Painting/ Art,516 Second ST,South Boston,MA,02127
3/13/26 9:21,,3/13/30 9:19,Offscript Golf Club,Golf Membership Program,444 Eighth ST,South Boston,MA,02127
3/6/26 11:44,,3/6/30 11:43,Oh Honey Bakeshop,Residential Retail Kitchen / Bakery,758 Third ST,South Boston,MA,02127
2/26/24 11:21,,2/26/28 11:17,OJC Artisan of Sound,Audio Branding,69 Thomas PK,South Boston,MA,02127
6/8/23 11:01,,6/8/27 11:00,Old Harbor Market,Convenience Store,334 Eighth ST,South Boston,MA,02127
6/24/19 12:31,6/20/23 12:26,6/20/27 12:24,Olivia's Rentals,Short Term Rentals,19 Ward ST,South Boston,MA,02127
6/5/25 11:21,,6/5/29 11:19,Ollie's Closet,Pet Supplies and Accessories,1410 Columbia RD,South Boston,MA,02127
5/7/14 0:00,5/10/18 14:03,5/10/22 13:59,OLYMPIC HOUSE OF PIZZA,RESTAURANT,655A Broadway,South Boston,MA,02127
12/6/19 15:55,,12/6/23 15:54,On The Edge Nutrition,Smoothie and Juice Bar,283 Old Colony AV,South Boston,MA,02127
3/8/23 12:02,,3/8/27 12:01,On The Move Physical Therapy and Wellness,Mobile Physical Therapy,46 Mercer ST,South Boston,MA,02127
4/26/24 15:40,,4/26/28 15:38,One One Nine Studio,Creative Studio,516 Second ST,South Boston,MA,02127
8/27/21 13:18,8/25/25 15:44,8/25/29 15:42,One Wick Away,Candle Business (Retail),39 Marine RD,South Boston,MA,02127
3/5/24 11:43,,3/5/28 11:41,Only Hair,Hair Salon,658 Broadway,South Boston,MA,02127
4/11/22 10:40,3/24/26 15:55,3/24/30 14:15,order,Organization Consultant,88 G ST,South Boston,MA,02127
10/28/22 12:39,,10/28/26 12:36,Ottavios Barbershop,Barbershop,377 First ST,South Boston,MA,02127
12/1/22 9:45,,12/1/26 9:44,Overhead Door Company of Boston,"Sell, service and install doors",9 Third ST,South Boston,MA,02127
7/30/24 14:33,,7/30/28 14:31,P&T Systas Laundromat,Laundromat,360 West Broadway,South Boston,MA,02127
2/19/14 0:00,3/5/26 10:21,1/13/30 10:20,P. S. GOURMET COFFEE,COFFEE SHOP,106 Dorchester ST,South Boston,MA,02127
11/12/25 16:42,,11/12/29 16:40,PAMIFE GOODS,Online Retail,55 Fifth ST,South Boston,MA,02127
11/12/25 16:42,,11/12/29 16:39,Pamife Studio,Online Retail,55 Fifth ST,South Boston,MA,02127
8/27/15 0:00,9/11/23 11:50,9/11/27 11:48,PAN ASIA,RESTAURANT,720 Broadway,South Boston,MA,02127
8/27/15 0:00,,8/27/19 0:00,PAN ASIA RESTAURANT,WITHDRAWAL (5/25/12),412 Broadway,South Boston,MA,02127
2/26/20 12:04,,2/26/24 12:02,Papa Grande,Food Truck,40 Third ST,South Boston,MA,02127
6/27/25 16:58,,6/27/29 16:14,PARK CITY,RESTAURANT,383 Dorchester AV,South Boston,MA,02127
6/24/25 10:12,,6/24/29 10:11,Park City,Restaurant,383 Dorchester AV,South Boston,MA,02127
5/19/22 14:42,,5/19/26 14:23,Pasek Security,Security Hardware,307 First ST,South Boston,MA,02127
5/3/22 12:28,,5/3/26 12:27,Pastel Nail Studio,Nail Salon,11 Broadway,South Boston,MA,02127
2/4/15 0:00,4/28/23 10:22,4/28/27 10:20,PAT FALCO STUDIO,ARTIST,516 Second ST,South Boston,MA,02127
12/6/16 15:17,,,Pat's Kitchen,Restuarant,402 Broadway,South Boston,MA,02127
12/13/16 12:51,2/4/21 12:08,2/4/25 12:05,Paul Swartz,Consulting,50 H ST,South Boston,MA,02127
2/27/17 15:25,6/13/25 13:53,6/13/29 13:52,PEPPA POT PARTIES,EVENT PLANNER,9 Saint Casimir ST,South Boston,MA,02127
3/11/25 13:04,,3/11/29 13:02,Perez Psychology,Virtual Therapy/Counseling,134 Ninth ST,South Boston,MA,02127
10/7/19 12:01,,10/7/23 11:59,Perfect Fit For College,Independent Educational Consultant,621 First ST,South Boston,MA,02127
3/1/16 0:00,10/16/24 13:16,10/16/28 12:59,PERKINS POST,VETERANS CLUB,859 Fourth ST,South Boston,MA,02127
2/16/17 13:13,9/29/25 13:54,9/29/29 13:52,Perry DiNatale Realty,Real Estate Brokerage,91 N ST,South Boston,MA,02127
1/15/21 13:37,,1/15/25 13:35,Peter Welch's Gym,gymnasium,371 Dorchester AV,South Boston,MA,02127
5/10/23 11:04,,5/10/27 11:03,Petula's,Restaurant,81 L ST,South Boston,MA,02127
6/27/25 13:13,,6/27/29 13:12,PILATES SPORTS CLUB,Fitness Studio,366 Broadway,South Boston,MA,02127
4/29/25 14:32,,4/29/29 14:31,Pinkman Automation & Controls,Online Retail,309 Old Colony AV,South Boston,MA,02127
1/31/19 10:40,,1/31/23 10:40,Pizzeria 260,Pizzeria,260 Broadway,South Boston,MA,02127
1/31/22 11:27,,1/31/26 11:25,PKL,Restaurant / Lounge / Rec. Game,64 C ST,South Boston,MA,02127
1/24/22 11:16,,1/24/26 11:15,Play Haven Pediatrics Therapy,Speech-language pathology,217 D ST,South Boston,MA,02127
2/13/25 10:08,,2/13/29 10:07,Playa Bowls,Restaurant,471 Broadway,South Boston,MA,02127
7/15/22 11:38,,7/15/26 11:36,PLEASURE BAY WELLNESS,TELEHEALTH-MENTAL HEATH COUNSELING,41 Farragut RD,South Boston,MA,02127
3/21/23 15:12,,3/21/27 15:10,PM Entertainment,"Events, Entertainment and Promotion",12 Henry Sterling SQ,South Boston,MA,02127
3/24/22 15:05,,3/24/26 11:23,POGAT PRODUCTIONS,PHYSICAL AND DIGITAL PRODUCTIONS,178 H ST,South Boston,MA,02127
7/16/24 14:06,,7/16/28 13:58,Precious M Cleaners & Laundromat,Laundromat,481 Broadway,South Boston,MA,02127
1/17/18 11:11,2/4/22 15:14,2/4/26 15:13,Precious M Laundromat,Laundromat,481 Broadway,South Boston,MA,02127
5/31/22 13:27,,5/31/26 13:26,Prestige Worldwide,Resale/Dropshipping,103 Eighth ST,South Boston,MA,02127
11/15/17 15:48,3/3/22 15:31,3/3/26 11:30,Prime Storage Boston,Self Storage Retail,135 Old Colony AV,South Boston,MA,02127
12/31/19 16:04,1/26/24 16:00,1/26/28 15:58,Proveri Software,Software,34 Ward ST,South Boston,MA,02127
12/1/16 9:42,11/7/25 10:57,11/7/29 10:56,Publico,Restaurant,11 Dorchester ST,South Boston,MA,02127
8/22/25 13:06,,8/22/29 11:53,Puppysphere,Puppy Yoga Studio,423 Broadway,South Boston,MA,02127
10/24/25 13:54,,10/24/29 13:49,PureSight Pro Clean,Cleaning Company,933 Second ST,South Boston,MA,02127
4/16/19 15:01,,4/16/23 12:48,Purple Shell Bar & Restaurant,Full Service Rerstaurant/Lounge,11 Broadway,South Boston,MA,02127
4/3/25 14:11,,4/3/29 14:10,Purple Zebra Coaching,Coaching,9 Broadway,South Boston,MA,02127
12/10/21 14:28,2/24/26 11:52,2/24/30 11:51,Qoran Boutique,Online Retail,10A Flaherty WY,South Boston,MA,02127
5/14/25 11:14,,5/14/29 11:12,QXO,Distribution of roofing materials and complementary building products,280 First ST,South Boston,MA,02127
3/28/22 15:11,,3/28/26 12:22,R & A Rentals,Short Term Rental,182 Ninth ST,South Boston,MA,02127
6/6/18 10:47,,6/6/22 10:46,R. Clark,Consulting,462 Sixth ST,South Boston,MA,02127
6/14/21 10:20,6/17/25 10:30,6/17/29 10:28,R. Marciniak Consulting,Consulting,55 Broadway,South Boston,MA,02127
10/20/23 12:32,,10/20/27 12:30,RADIATE WELLNESS,WELLNESS,906 Broadway,South Boston,MA,02127
9/5/19 13:10,,9/5/23 13:08,Ramsure Movers,Residential and Specialty Moving,25 Dorchester ST,South Boston,MA,02127
5/25/18 16:19,,5/25/22 16:18,Rar3br33d Universe,Online Retail,326 Dorchester ST,South Boston,MA,02127
3/14/24 12:48,,3/14/28 12:46,RE/MAX REALTY PLUS,Real Estate,738 Broadway,South Boston,MA,02127
3/18/22 16:04,2/27/26 14:58,2/27/30 14:51,Red Line Pizza,Pizza Shop,582 Dorchester AV,South Boston,MA,02127
5/31/19 11:46,9/19/23 9:01,9/19/27 8:43,Regan's Motivated Fitness,Fitness,315 Broadway,South Boston,MA,02127
4/30/19 9:14,,4/30/23 9:13,RehabCare,healthcare services,804 Seventh ST,South Boston,MA,02127
3/16/21 11:45,4/17/25 12:58,4/17/29 12:57,Reilly Communications,Consulting,546 Broadway,South Boston,MA,02127
6/9/17 15:06,,,Reliable & Professional Courrier Services,Courrier Services,81 Orton-Marotta WY,South Boston,MA,02127
2/3/25 12:58,,2/3/29 12:56,Resh&Co.,Wedding Planning,14 Broadway,South Boston,MA,02127
6/20/23 15:59,,6/20/27 13:53,Residence Inn by Marriott Boston Downtown/Seaport,Hotel,370 Congress ST,Boston,MA,02127
10/9/12 0:00,,10/9/16 0:00,RESPIRATORY SOLUTIONS,WITHDRAWAL (8/30/11),383 Dorchester AV,South Boston,MA,02127
11/16/15 0:00,11/4/19 14:39,11/4/23 14:19,RETAIL SALES,SALE OF PAINT & RELATED PRODUCTS,435 Broadway,South Boston,MA,02127
7/24/19 11:39,,7/24/23 11:38,Revel,entertainment,157 N ST,South Boston,MA,02127
2/9/22 10:41,,2/9/26 10:40,RICHARD'S CLEANING,Cleaning Services,1 Costello CI,South Boston,MA,02127
11/27/24 16:06,,11/27/28 16:04,Ripple Response Media,Social Media Marketing,16 Earl ST,South Boston,MA,02127
7/23/20 10:58,7/23/24 12:19,7/23/28 8:58,Rise & Glow,Beauty Salon,423 Broadway,South Boston,MA,02127
6/12/24 11:57,,6/12/28 11:56,Rise & Glow,Beauty Salon,423 Broadway,South Boston,MA,02127
5/31/22 12:21,,5/31/26 12:19,RK CAB,TAXI,141 Dorchester AV,South Boston,MA,02127
8/12/24 14:09,,8/12/28 14:07,ROBERT N. KARPP COMPANY,BUILDING MATERIALS DISTRIBUTOR,480 First ST,South Boston,MA,02127
10/4/24 13:59,,10/4/28 13:56,Robin Adams Design,Interior Design and Architecture,794 Seventh ST,South Boston,MA,02127
5/13/19 10:53,5/11/23 15:04,5/11/27 12:57,Rock Spot Climbing,Indoor Rock Climbing,10 Old Colony AV,South Boston,MA,02127
8/19/22 15:06,,8/19/26 14:07,Rockland Trust,Banking & Financial Services,708 Broadway,South Boston,MA,02127
8/19/22 15:06,,8/19/26 13:46,Rockland Trust,Banking & Financial Services,501 Southampton ST,South Boston,MA,02127
8/19/22 15:06,,8/19/26 14:11,Rockland Trust,Banking & Financial Services,430 Broadway,South Boston,MA,02127
4/10/14 0:00,2/12/26 15:26,2/12/30 15:05,ROGERSON ORTHOTICS AND PROSTHETICS,PROSTHETICS,483 Southampton ST,South Boston,MA,02127
8/10/21 13:36,,8/10/25 13:34,Rolling Lakes Engineering,Engineering sales consultant,377 First ST,South Boston,MA,02127
4/15/14 0:00,7/27/22 14:34,7/27/26 11:07,RONDOS FOOD ENTERPRISE,FAST FOOD,134 Broadway,South Boston,MA,02127
7/26/19 15:00,8/28/23 13:06,8/28/27 9:37,Ross Place Airbnb,Airbnb,2 Ross PL,South Boston,MA,02127
11/7/19 14:49,11/13/23 13:07,11/13/27 13:02,Rotary Liquors,Liquors Store,295 Old Colony AV,South Boston,MA,02127
8/12/13 0:00,11/21/25 16:55,11/21/29 16:53,ROTARY VARIETY,CONVENIENCE STORE,309 Old Colony AV,South Boston,MA,02127
10/6/15 0:00,,10/6/19 0:00,ROZA LYONS,RESTAURANT,709 Broadway,South Boston,MA,02127
11/10/15 0:00,,11/10/19 0:00,ROZA LYONS,WITHDRAWAL (10/6/15),709 Broadway,South Boston,MA,02127
11/10/15 0:00,10/13/23 13:55,10/13/27 13:50,ROZA LYONS,RESTAURANT,709 Broadway,South Boston,MA,02127
8/10/18 9:32,,8/10/22 9:30,RRogers Real Estate,Real Estate,190 I ST,South Boston,MA,02127
10/19/20 12:53,11/12/24 13:53,11/12/28 13:50,Rudis Realty,Real Estate Brokerage,26 Boston ST,South Boston,MA,02127
3/3/23 15:30,,3/3/27 15:18,Run Like a BOS,Running Coach/Personal Trainer Online,224 Seventh ST,South Boston,MA,02127
8/9/21 11:22,7/28/25 17:15,7/28/29 13:54,Russell Cellular,Cellular Retail,416 Broadway,South Boston,MA,02127
10/18/22 12:39,,10/18/26 12:33,RYDER,COMMERCIAL RENTAL/LEASING,280 First ST,South Boston,MA,02127
3/5/21 12:29,4/1/25 12:53,4/1/29 12:45,Ryder Transportation Services,renting/leasing,280 First ST,South Boston,MA,02127
12/15/22 12:15,,12/15/26 12:14,S&F Autobody,Autobody Shop,503 Second ST,South Boston,MA,02127
3/16/23 16:00,,3/16/27 15:58,SAINT GEORGE ALBANIAN ORTHODOX CATHERDRAL,NON-PROFIT CHURCH,523 Broadway,South Boston,MA,02127
11/13/24 10:58,,11/13/28 10:57,Saint George Hair Studio,Hair Salon,314 Second ST,South Boston,MA,02127
12/18/14 0:00,,12/18/18 0:00,SAINT MICHAEL BOTANICA #2,WHOLESALE & RETAIL - CH BUS LOC 2/12/15,210 Ninth ST,South Boston,MA,02127
8/3/16 14:02,9/15/20 14:29,9/15/24 14:28,Sal e Mare,Retail,41 Swallow ST,South Boston,MA,02127
10/2/20 14:28,,10/2/24 11:55,Salon 120 West,Hair Salon,120 Broadway,South Boston,MA,02127
12/4/23 11:22,,12/4/27 11:18,SALON HUE,Salon,359 Broadway,South Boston,MA,02127
4/1/19 16:27,,4/1/23 16:26,Santiago's Cleaning,Cleaning Services,251 Monsignor Dennis F. O'Callaghan WY,South Boston,MA,02127
9/5/19 14:44,,9/5/23 11:58,SARAH KALAUSKAS,Short Term Rental,168 Sixth ST,South Boston,MA,02127
3/9/22 14:32,,3/9/26 11:05,Sarah R Mercurio,Consulting,563 Seventh ST,South Boston,MA,02127
3/13/24 10:53,,3/13/28 10:51,SAWYER SOLUTIONS,Home Improvement,365 E ST,South Boston,MA,02127
2/13/26 11:43,,2/13/30 11:42,Scooter Pros Boston,Mobile Scooter and Moped repair,6 Orton Marotta WA,South Boston,MA,02127
2/6/19 9:47,3/17/23 12:52,3/17/27 11:57,Seaport MedSpa,Medical Aesthetics,536 Broadway,South Boston,MA,02127
1/2/24 14:47,,1/2/28 14:45,Self CenteRX,Aesthetic Salon,654 Broadway,South Boston,MA,02127
11/5/25 15:42,,11/5/29 15:41,Self-Mastery Alliance,Online Coaching Services,45 Third ST,South Boston,MA,02127
3/5/19 10:50,,3/5/23 10:48,Seth B Minkin,Art Gallery,840 Summer ST,South Boston,MA,02127
3/7/19 11:47,,3/7/23 11:45,Shag Loft,Hair Salon,840 Summer ST,South Boston,MA,02127
8/25/21 15:29,9/19/25 12:58,9/19/29 12:51,Shamrock Pub,Restaurant,501 Eighth ST,South Boston,MA,02127
3/14/19 15:37,3/10/23 14:02,3/10/27 14:00,Shannon Baillie Short Term Rental,Short Term Rental,167 Dorchester ST,South Boston,MA,02127
5/30/24 15:30,,5/30/28 15:28,Sharmarke Shirwa,Livery,26 Knowlton ST,South Boston,MA,02127
8/31/22 9:01,,8/31/26 8:59,Shayne Perkins LMT,Massage & Bodywork,14 Dorchester ST,South Boston,MA,02127
7/14/20 13:00,7/1/24 13:06,7/1/28 13:05,SHE IS SOFIE JAMES SALON,Hair Salon,707 Broadway,South Boston,MA,02127
11/18/21 14:14,11/12/25 16:20,11/12/29 15:42,SHINE ON BOSTON,CLEANING,190 Old Colony AV,South Boston,MA,02127
2/25/13 0:00,,2/25/17 0:00,SHOE WOO,WITHDRAWAL (2/9/10),205 Sixth ST,South Boston,MA,02127
2/22/23 11:15,,2/22/27 11:13,Shy Bird,Restaurant,12 Old Colony AV,South Boston,MA,02127
12/30/25 12:59,,12/30/29 12:57,Si Cara,Restaurant,401 Broadway,South Boston,MA,02127
6/13/23 13:03,,6/13/27 12:36,Sidewalk Cafe,Restaurant,764 Fourth ST,South Boston,MA,02127
8/23/18 14:41,,8/23/22 12:38,SIDEWALK CAFE,RESTAURANT,764 Eighth ST,South Boston,MA,02127
7/21/25 14:33,,7/21/29 14:32,Sign Center Boston,Sign Company,60 K ST,South Boston,MA,02127
11/9/23 13:38,,11/9/27 13:36,Signature Improvement,Maintenance Services,916 Broadway,South Boston,MA,02127
11/2/21 13:31,,11/2/25 13:29,Silver Rat Studios,Software,552 Dorchester AV,South Boston,MA,02127
10/15/20 13:12,,10/15/24 13:11,Simply Admire Boutique,online clothing boutique,41 General Lawrence J Logan WY,South Boston,MA,02127
8/28/20 11:40,10/31/24 12:14,10/31/28 12:13,Sim's Barber Lab,Barbershop,116 Broadway,South Boston,MA,02127
4/6/15 0:00,12/7/23 12:22,12/7/27 12:18,SK DUGBAZAH ENTERPRISE,USED CAR DEALERSHIP,43 A ST,South Boston,MA,02127
6/25/24 15:09,,6/25/28 15:08,SKA Beauty,Beauty Salon,36 Broadway,South Boston,MA,02127
8/7/17 11:15,8/4/25 12:24,8/4/29 12:23,Sky Nail & Spa,Nail Salon,447 Broadway,South Boston,MA,02127
1/7/13 0:00,,1/7/17 0:00,SKY NAIL & SPA,WITHDRAWN 11/15/2013,447 Broadway,South Boston,MA,02127
11/15/13 0:00,,11/15/17 0:00,SKY NAIL & SPA,WITHDRAWAL (1/7/2013),447 Broadway,South Boston,MA,02127
1/2/18 13:02,5/26/22 15:17,5/26/26 15:15,Slevin Construction Services,Construction,360 Second ST,South Boston,MA,02127
5/8/24 10:59,,5/8/28 10:58,SMALL VICTORIES,Restaurant,400 Dorchester ST,South Boston,MA,02127
5/21/15 0:00,6/22/23 14:14,6/22/27 14:13,SMARTWATCH TECHNOLOGIES,TECHNOLOGY,846 Fifth ST,South Boston,MA,02127
12/10/13 0:00,,12/10/17 0:00,SNIPPERS HAIR CLUB FOR DOGS & CATS,WITHDRAWAL (3/25/13),524 Dorchester AV,South Boston,MA,02127
1/3/24 10:46,,1/3/28 10:30,Social Hour Salon,Hair Salon,658 Broadway,South Boston,MA,02127
5/11/17 15:42,,,Social Wines,Wine Retail Shop,52 Broadway,South Boston,MA,02127
9/27/13 0:00,9/2/25 16:37,9/2/29 14:07,SODEXO AT P&G FOOD,FOOD SERVICE MGT,1 Gillette PK,South Boston,MA,02127
5/25/22 11:21,,5/25/26 11:18,Solar Flare,Online Retail,8 Lovis ST,South Boston,MA,02127
3/11/13 0:00,,3/11/17 0:00,SOLAR NAILS SALON,NAILS SALON,636 Dorchester AV,South Boston,MA,02127
1/6/14 0:00,,1/6/18 0:00,SOLAR NAILS SALON,WITHDRAWAL (3/11/13),636 Dorchester AV,South Boston,MA,02127
11/22/24 15:46,,11/22/28 15:40,Soleil Tan and Spa,Salon,673 Broadway,South Boston,MA,02127
10/24/25 13:54,,10/24/29 13:52,Solstice Outdoor Furniture,Online Retail Ecommerce,933 Second ST,South Boston,MA,02127
2/6/24 12:01,,2/6/28 11:14,Sorted,"Unpacking Services-Home Organizing Services, Space Optimization Svcs.",794 Seventh ST,South Boston,MA,02127
4/23/13 0:00,,4/23/17 0:00,SOTO DISTRIBUTIONS,WITHDRAWAL (11/12/10),24 Dr. Michael Gavin WY,South Boston,MA,02127
12/13/24 15:54,,12/13/28 15:53,SOUND EXPERIENCE,Arts Studio,510 Second ST,South Boston,MA,02127
2/26/16 0:00,2/12/24 16:57,2/12/28 16:50,SOUTH BOSTON APOTHECARY,NATURAL HOME AND BATH,677 Eighth ST,South Boston,MA,02127
1/30/19 12:33,,1/30/23 12:32,South Boston Barbershop,Barbershop,149 Dorchester ST,South Boston,MA,02127
10/23/14 0:00,,10/23/18 0:00,SOUTH BOSTON BARBERSHOP,BARBERSHOP,149 Dorchester ST,South Boston,MA,02127
10/18/21 12:29,11/6/25 14:26,11/6/29 14:25,SOUTH BOSTON BARBERSHOP,Barbershop,149 Dorchester ST,South Boston,MA,02127
1/19/16 0:00,,1/19/20 0:00,SOUTH BOSTON BARBERSHOP,WITHDRAWAL (10/23/14),149 Dorchester ST,South Boston,MA,02127
10/28/20 14:11,11/12/24 15:35,11/12/28 13:14,South Boston Books,Online Retail,230 M ST,South Boston,MA,02127
5/15/14 0:00,3/6/26 16:12,3/6/30 10:43,SOUTH BOSTON CHECK CASHING,CHECK CASHING,309 Old Colony AV,South Boston,MA,02127
3/28/18 16:27,,3/28/22 16:23,South Boston Chronicle,Newspaper,241 Monsignor Dennis F. O'Callaghan WY,South Boston,MA,02127
2/18/20 13:24,,2/18/24 12:05,South Boston Custom IC Design,Consulting,50 Middle ST,South Boston,MA,02127
11/14/18 13:06,12/16/22 12:10,12/15/26 11:31,South Boston Dental Associates,Dental practice,29 Farragut RD,South Boston,MA,02127
11/10/21 16:06,,11/10/25 11:40,South Boston Family Dental,Dental Office,591 Broadway,South Boston,MA,02127
7/26/18 13:25,10/11/22 15:19,10/11/26 12:42,South Boston Lithuanian Citizens' Assocation,Non-profit Association,368 Broadway,South Boston,MA,02127
8/5/25 9:40,,8/5/29 9:38,South Boston Market,Grocery Store,636 Dorchester AV,South Boston,MA,02127
3/21/23 10:37,,3/21/27 10:36,South Boston Vending,Vending Machines,125 F ST,South Boston,MA,02127
11/13/13 0:00,,11/13/17 0:00,SOUTH OCEAN CHINESE RESTAURANT,RESTAURANT,720 Broadway,South Boston,MA,02127
9/28/15 0:00,,9/28/19 0:00,SOUTH OCEAN CHINESE RESTAURANT,WITHDRAWAL (11/13/13),720 Broadway,South Boston,MA,02127
8/30/13 0:00,7/14/25 12:31,7/14/29 12:27,SOUTHIE AUTO SERVICE,AUTO REPAIR,175 Old Colony AV,South Boston,MA,02127
5/9/24 15:32,,5/9/28 15:31,SOUTHIE GAS,GAS STATION,79 Broadway,South Boston,MA,02127
12/14/18 13:10,8/2/23 15:08,8/2/27 15:05,Southie Liquors,Liquor Store,399 Broadway,South Boston,MA,02127
3/29/22 14:20,3/10/26 11:52,3/10/30 11:48,SOUTHIE NAILS AND SPA,NAIL SALON,150 Broadway,South Boston,MA,02127
5/6/19 13:03,,5/6/23 12:46,Southie Paws,Dog Walking Service,11 Brewster ST,South Boston,MA,02127
4/30/21 14:08,7/8/25 14:56,7/8/29 14:44,Southie Wine & Spirits,liquor store,474 Eighth ST,South Boston,MA,02127
2/14/24 12:08,,2/14/28 11:29,SOUTHIES FOOD EMPORIUM,Convenience store,735 Sixth ST,South Boston,MA,02127
3/6/17 11:57,12/16/21 12:44,12/16/25 12:41,SOUTHIE'S OWN,RETAIL,396 Broadway,South Boston,MA,02127
9/5/13 0:00,,9/5/17 0:00,SPA CHRISTINE,BEAUTY CARE,699 Broadway,South Boston,MA,02127
7/6/15 0:00,,7/6/19 0:00,SPA CHRISTINE,WITHDRAWAL (9/5/13),699 Broadway,South Boston,MA,02127
6/8/21 11:35,,6/8/25 11:29,Sparta Restaurant and Consulting,Consulting,199 H ST,South Boston,MA,02127
11/7/19 16:25,,11/7/23 16:23,Spaulding Group,Entertainment Services,320 D ST,South Boston,MA,02127
7/9/15 0:00,,7/9/19 0:00,SPEEDWAY #2509,RETAIL CONVENIENCE STORE,151 Old Colony AV,South Boston,MA,02127
9/2/15 0:00,,9/2/19 0:00,SPEEDWAY #2509,WITHDRAWAL (7/9/15),151 Old Colony AV,South Boston,MA,02127
9/2/15 0:00,5/16/24 12:49,5/16/28 11:57,SPEEDWAY #2509,RETAIL CONVENIENCE STORE,151 Old Colony AV,South Boston,MA,02127
10/14/22 11:59,,10/14/26 11:58,Speedy Towing,Towing,270 Monsignor Dennis F. O'Callaghan WY,South Boston,MA,02127
9/9/24 16:31,,9/9/28 13:24,SPESSO Travel,TRAVEL CONSULTANT,495 Fourth ST,South Boston,MA,02127
8/10/23 15:28,,8/10/27 14:08,SPRING JOY,FREELANCE PRODUCER,798A Third ST,South Boston,MA,02127
3/4/25 10:57,,3/4/29 10:53,Spruce Skin,Med Spa,381 Broadway,South Boston,MA,02127
9/22/25 12:52,,9/22/29 12:51,Stack Plus Co.,Construction,555 Second ST,South Boston,MA,02127
10/1/25 16:22,,10/1/29 15:48,Stapleton Floral,Florist,635 Broadway,South Boston,MA,02127
10/28/16 12:21,11/28/22 12:12,11/28/26 11:56,Starbucks Coffee,Coffee Shop,749 Broadway,South Boston,MA,02127
2/27/17 12:10,11/28/22 12:12,11/28/26 11:52,Starbucks Coffee #16764,Retail Cafe',11 Broadway,South Boston,MA,02127
4/24/24 12:05,,4/24/28 12:02,Station News 2,Convenience Store,573 Dorchester AV,South Boston,MA,02127
1/17/14 0:00,12/1/25 16:15,12/1/29 15:41,STATS BAR & GRILLE,RESTAURANT,77 Dorchester ST,South Boston,MA,02127
3/19/20 13:27,5/1/24 14:09,5/1/28 11:28,Stefanov Architects,Architecture,93 F ST,South Boston,MA,02127
5/1/23 15:35,,5/1/27 13:18,Steven Hill,Short Term Rental,101 D ST,South Boston,MA,02127
5/5/20 11:43,,5/5/24 11:41,Steven Rodich Creative Services,Advertising,154 Second ST,South Boston,MA,02127
12/17/15 0:00,1/17/20 15:05,1/17/24 15:04,STEVE'S HANDYMAN SERVICE,HANDYMAN SERVICES,94 B ST,South Boston,MA,02127
6/9/15 0:00,6/26/23 10:55,6/26/27 10:04,STOP & SHOP SUPERMARKET #053,SUPERMARKET,713 Broadway,South Boston,MA,02127
4/1/25 15:31,,4/1/29 15:30,Stretch and Stride Therapies,Horse Massage Therapy,624 Second ST,South Boston,MA,02127
4/16/15 0:00,3/6/23 12:27,3/6/27 12:26,SUNNY FLORISTS,FLORIST,9 Broadway,South Boston,MA,02127
7/13/22 14:31,,7/13/26 13:02,Sunrise Mental Health Coaching,Life Coaching,2 Bay State PL,South Boston,MA,02127
1/14/14 0:00,8/27/25 14:45,8/27/29 12:29,SUPERSHINE AUTO WASH,CARWASH,39 Old Colony AV,South Boston,MA,02127
10/17/18 14:51,,10/17/22 14:48,SWEAT FIXX,FITNESS,323 Dorchester AV,South Boston,MA,02127
6/24/21 11:46,,6/24/25 11:45,Sweet Essentials,Retail Boutique,159 Old Colony AV,South Boston,MA,02127
12/30/13 0:00,,12/30/17 0:00,T & D IMPORT AND EXPORT,WITHDRAWAL (2/19/10),254 Ninth ST,South Boston,MA,02127
6/17/22 11:59,,6/17/26 11:53,TACO BELL,Restaurant,449 Broadway,South Boston,MA,02127
1/12/24 13:02,,1/12/28 13:00,"Tara Lashes, Brows and Nail Spa",Beauty Salon,746 Broadway,South Boston,MA,02127
2/28/19 13:53,,2/28/23 11:58,TATA Residence,Short Term Rental Housing,1 Atlantic ST,South Boston,MA,02127
10/24/23 10:05,,10/24/27 10:05,Tatte Bakery & Cafe,Bakery & Cafe,60 Old Colony AV,South Boston,MA,02127
8/7/15 0:00,,8/7/19 0:00,TEDESCHI FOOD SHOPS #35,,555 Broadway,South Boston,MA,02127
8/7/15 0:00,,8/7/19 0:00,TEDESCHI FOOD SHOPS #37357,CONVENIENCE STORE,555 Broadway,South Boston,MA,02127
9/7/12 0:00,,9/7/16 0:00,TEDESCHI FOOD SHOPS (#29),RETAIL CONVENIENCE STORE,405 Broadway,South Boston,MA,02127
9/7/12 0:00,,9/7/16 0:00,TEDESCHI FOOD SHOPS (#35),RETAIL CONVENIENCE STORE,555 Broadway,South Boston,MA,02127
7/6/15 0:00,,7/6/19 0:00,"TEDESCHI FOOD SHOPS, (# 29)",WITHDRAWAL (9/7/12),405 Broadway,South Boston,MA,02127
5/16/17 10:41,,,TEDESCHI'S FOOD SHOP #402,CONVENIENCE STORE,566 Dorchester AV,South Boston,MA,02127
5/11/16 0:00,5/12/20 14:27,5/12/24 14:26,TEKLA HEALTHCARE INVESTORS,MA BUSINESS TRUST REGISTERED,19 Third ST,South Boston,MA,02127
5/12/16 0:00,5/12/20 14:33,5/12/24 14:33,TEKLA HEALTHCARE OPPORTUNITIES FUND,MA BUSINESS TRUST REGISTERED,19 Third ST,South Boston,MA,02127
5/11/16 0:00,5/12/20 14:21,5/12/24 14:19,TEKLA LIFE SCIENCES INVESTORS,MA BUSINESS TRUST REGISTERED,19 Third ST,South Boston,MA,02127
5/11/16 0:00,5/12/20 14:31,5/12/24 14:30,TEKLA WORLD HEALTHCARE FUND,MA BUSINESS TRUST REGISTERED,19 Third ST,South Boston,MA,02127
12/2/22 14:31,,12/2/26 14:26,Telegraph Hill Kitchen & Bar,Restaurant,289 Dorchester ST,South Boston,MA,02127
10/25/18 13:58,,10/25/22 13:55,Telegraph Street Productions,Video Production,26 Telegraph ST,South Boston,MA,02127
6/3/16 0:00,,6/3/20 0:00,TFS NEWCO LLC D/B/A TEDESCHI FOOD SHOPS #37357,WITHDRAWAL 08/07/2015,555 Broadway,South Boston,MA,02127
12/19/17 11:43,11/6/25 15:53,11/6/29 9:42,Thai Herbal Therapy,Spa/Body wORKS,620 Broadway,South Boston,MA,02127
7/21/22 12:28,,7/21/26 12:25,THAI SPA WEST BROADWAY,massage therapy/bodywork,150 Broadway,South Boston,MA,02127
10/11/19 13:00,,10/11/23 12:59,The Babe Cave,Beauty Services,653 Broadway,South Boston,MA,02127
7/1/19 13:47,6/30/23 14:34,6/30/27 14:31,The Boston Bailey B&B,Air BNB,101 P ST,South Boston,MA,02127
4/7/17 11:34,,,The Boston Beer Garden,BAr,734 Broadway,South Boston,MA,02127
8/16/13 0:00,,8/16/17 0:00,THE BOSTON SHADE COMPANY,WITHDRAWAL (7/11/11),840 Summer ST,South Boston,MA,02127
3/24/22 10:39,,3/24/26 10:37,The Cart Tender,Mobile Bartender,151 Sixth ST,South Boston,MA,02127
2/24/20 13:02,,2/24/24 13:00,The CLT Method,Beauty Salon/Spa,632 Broadway,South Boston,MA,02127
11/5/14 0:00,,11/5/18 0:00,THE DAILY SQUEEZE,JUICE BAR,359 Broadway,South Boston,MA,02127
2/27/15 0:00,,2/27/19 0:00,THE DAILY SQUEEZE,WITHDRAWAL (11/5/14),359 Broadway,South Boston,MA,02127
8/19/25 14:40,,8/19/29 14:26,The Essex,Restaurant,6 Broadway,South Boston,MA,02127
8/16/16 15:36,,,The Fuzzy Den,Pet Sitting/Dog Training,607 Dorchester AV,South Boston,MA,02127
3/8/23 12:01,,3/8/27 11:59,The Gallery Liquor & Wine,Package Store,605 Broadway,South Boston,MA,02127
3/11/22 13:11,,3/11/26 10:47,The Galley Diner,Restaurant,11 P ST,South Boston,MA,02127
3/20/14 0:00,3/20/18 12:21,3/20/22 12:18,THE GALLEY DINER,RESTAURANT,11 P ST,South Boston,MA,02127
7/11/18 15:25,,7/11/22 15:24,The Gauntlet Combat Shootout,Fundraising Coordinator,34 Mitchell ST,South Boston,MA,02127
2/11/15 0:00,2/14/24 12:08,2/14/28 11:19,THE LIQUOR & WINE EMPORIUM,LIQUOR STORE,336 K ST,South Boston,MA,02127
6/11/19 14:21,,6/11/23 14:19,The Lotus Leaf,Moblie Massage Therapy,286 Bolton ST,South Boston,MA,02127
7/13/15 0:00,1/5/21 11:30,1/5/25 10:04,THE LUXURY BOX,BARBER SHOP,649 Broadway,South Boston,MA,02127
6/3/15 0:00,7/3/23 15:06,7/3/27 14:15,THE PARAMOUNT,RESTAURANT,667 Broadway,South Boston,MA,02127
12/15/22 12:41,,12/15/26 12:38,The Point Clothing Lounge,Men's Retail Clothing,135 Emerson ST,South Boston,MA,02127
2/28/19 12:37,,2/28/23 12:34,The Rock Building Service,Cleaning Services,20 Carmody CT,South Boston,MA,02127
3/2/16 0:00,2/12/24 11:06,2/12/28 11:05,THE ROOF HUB,GENERAL CONTRACTOR,240 Eighth ST,South Boston,MA,02127
6/17/24 16:01,,6/17/28 15:46,THE SALON AT COMPASS BAY,SALON SERVICES,1380 Columbia RD,South Boston,MA,02127
7/13/15 0:00,1/5/21 11:30,1/5/25 10:06,THE SPOT CLOTHING,RETAIL,380 Dorchester AV,South Boston,MA,02127
7/14/20 12:24,,7/14/24 12:23,The Twins Enterprise,Online general merchandise and logistics,6 Mary Boyle WY,South Boston,MA,02127
11/24/20 11:10,,11/24/24 14:01,The Upside Travel Company,Technolgy,543 Dorchester AV,South Boston,MA,02127
11/21/13 0:00,,11/21/17 0:00,THE URBAN ART BAR,ART STUDIO/ BAR - CH BUS LOC 6/30/14,709 Broadway,South Boston,MA,02127
10/6/15 0:00,,10/6/19 0:00,THE URBAN ART BAR,WITHDRAWAL (11/21/13),709 Broadway,South Boston,MA,02127
5/27/22 11:16,,5/27/26 11:15,The Wig Bar,Retail,551 Dorchester AV,South Boston,MA,02127
9/19/23 11:50,,9/19/27 11:49,THE WINGWOMEN,Management Company,423 Broadway,South Boston,MA,02127
6/5/23 16:07,,6/5/27 12:46,The Yahd,Studio Fitness,55 Fifth ST,South Boston,MA,02127
7/16/19 16:30,6/26/23 16:28,6/26/27 15:20,Thomas Park Place,Short-Term Rental,60 Thomas PK,South Boston,MA,02127
1/19/16 0:00,1/9/24 14:39,1/9/28 12:38,THOMAS W COX ELECTRIC CO,ELECTRICAL CONTRACTOR,765 Third ST,South Boston,MA,02127
4/15/15 0:00,,4/15/19 0:00,THREADS & MANE,WITHDRAWAL (8/30/15),180 Gold ST,South Boston,MA,02127
8/30/13 0:00,,8/30/17 0:00,THREADS + MANE,ONLINE BLOG AND RETAIL,180 Gold ST,South Boston,MA,02127
7/3/24 13:59,,7/3/28 13:57,THREADZ,Clothing Brand,622 Fifth ST,South Boston,MA,02127
1/4/22 15:19,,1/4/26 15:17,Thrill Entertainment,Events Planning and Services,630 Broadway,South Boston,MA,02127
12/4/19 13:50,12/5/23 9:08,12/5/27 9:00,Time Security,Computer Repair,1 Crowley-Rogers WY,South Boston,MA,02127
6/13/17 10:45,5/21/21 12:40,5/21/25 10:43,T-Mobile,Retail,471 Broadway,South Boston,MA,02127
5/14/21 13:41,,5/14/25 11:00,T-Mobile,Retail,471 Broadway,South Boston,MA,02127
3/20/17 13:23,3/18/25 14:36,3/18/29 14:34,Tolman Manufacturing & Supply,Sale of welding supplies,61 Dorchester ST,South Boston,MA,02127
3/28/22 12:38,,3/28/26 12:36,Tom Miller Demo,Project Manager,838 Second ST,South Boston,MA,02127
12/22/16 9:07,,,Top & Sons,Consulting,10 Monsignor Dennis F. O'Callaghan WY,South Boston,MA,02127
12/12/23 13:35,,12/12/27 13:33,Tranquility,Short Term Rental,27 Dexter ST,South Boston,MA,02127
3/3/20 12:17,,3/3/24 12:16,Triad Agro Industrial,Food Manufacture/Marketing,0 Eighth ST,South Boston,MA,02127
12/11/12 0:00,,12/11/16 0:00,TRINITY CONSULTING,WITHDRAWAL (8/24/11),1410 Columbia RD,South Boston,MA,02127
9/27/19 10:20,9/18/23 13:32,9/18/27 11:46,TRIWELLNESS HOLISTIC CENTER,Holistic Health Center,699 Broadway,South Boston,MA,02127
6/5/24 11:21,,6/5/28 11:13,TROWEL TRADES SUPPLY,CONSTRUCTION MATERIALS,480 First ST,South Boston,MA,02127
7/16/21 13:02,6/26/25 10:31,6/26/29 10:26,True Fitness,Health Club/Gym,323 Dorchester AV,South Boston,MA,02127
3/12/18 12:01,,3/12/22 12:00,T's Marine Co.,Mobile Marine Service,228 E ST,South Boston,MA,02127
12/6/18 12:57,2/6/23 12:46,2/6/27 12:40,TS Marketing,Marketing,46 Monsignor Dennis F. O'Callaghan WY,South Boston,MA,02127
3/20/19 13:51,4/28/23 12:25,4/28/27 11:21,Tudor Rentals,Short Term Rental,114 Tudor ST,South Boston,MA,02127
12/23/15 0:00,12/23/19 16:23,12/23/23 13:30,TUDOR SALES,USED CAR SALES,209 Tudor ST,South Boston,MA,02127
1/30/24 12:53,,1/30/28 12:51,ULTRA SUPPLY CO.,E-COMMERCE,846 Fifth ST,South Boston,MA,02127
12/23/15 0:00,12/5/19 14:08,12/5/23 11:07,UNIQUE VERVE,SKINCARE SPA,205 Sixth ST,South Boston,MA,02127
1/30/26 8:58,,1/30/30 8:57,United Cleaning Co,Cleaning Services,1550 Columbia RD,South Boston,MA,02127
7/22/13 0:00,3/11/26 15:04,3/11/30 10:53,UNIVERSAL SCHILO,MULTISERVICE,205 Sixth ST,South Boston,MA,02127
2/24/20 11:36,2/23/24 15:53,2/23/28 15:52,VALLEY IQ,Online retail,246 Third ST,South Boston,MA,02127
8/28/23 15:23,,8/28/27 12:14,VAO Managements,STR,41 Telegraph ST,South Boston,MA,02127
1/4/13 0:00,,1/4/17 0:00,VDA OF MA (VISITING DENTAL ASSOCIATES OF MA.),PUBLIC HEALTH DENTAL HYGIENE,348 Dorchester ST,South Boston,MA,02127
6/18/13 0:00,,6/18/17 0:00,VDA OF MA (VISITING DENTAL ASSOCIATES OF MA.),WITHDRAWAL (1/4/13),348 Dorchester ST,South Boston,MA,02127
7/30/19 16:23,,7/30/23 16:22,Vemi Apparell,Online Retail,51 Rev Richard A Burke ST,South Boston,MA,02127
11/17/20 10:03,,11/17/24 10:02,Verde Services,digital signage and pos installation and repair,10 Monsignor Dennis F. O'Callaghan WY,South Boston,MA,02127
10/16/24 13:10,,10/16/28 13:09,VFCeats,Restaurant,313 Old Colony AV,South Boston,MA,02127
9/9/19 14:25,9/8/23 13:52,9/8/27 12:14,View Of Boston,Short-Term Rental,508 Broadway,South Boston,MA,02127
7/25/14 0:00,5/4/18 10:31,5/4/22 9:53,VIGO REMITTANCE,MONEY TRANSFER MACHINE,334 Eighth ST,South Boston,MA,02127
7/25/14 0:00,5/4/18 11:26,5/4/22 10:22,VIGO REMITTANCE,MONEY TRANSFER MACHINE,260 Eighth ST,South Boston,MA,02127
7/25/14 0:00,5/4/18 10:37,5/4/22 9:57,VIGO REMITTANCE,MONEY TRANSFER MACHINE,463 Broadway,South Boston,MA,02127
9/8/22 13:59,,9/8/26 13:58,Village Pizza & Grill,Fast Food,56 L ST,South Boston,MA,02127
2/4/25 9:28,,2/4/29 9:25,Vinyl Optics,Custom Signage & Decals,55 William T Morrissey BLVD,Dorchester,MA,02127
7/11/23 9:20,,7/11/27 8:57,Visions Desi9n,Landscaping Services,16 General Lawrence J Logan WY,South Boston,MA,02127
1/29/24 13:27,,1/29/28 11:43,Voter,Community Engagement,12 Mohawk ST,South Boston,MA,02127
1/29/24 13:28,,1/29/28 11:44,Vot-ER,Community Engagement,12 Mohawk ST,South Boston,MA,02127
2/21/19 8:58,,2/21/23 8:57,Waggin Tails,Pet Services/Walking,33 I ST,South Boston,MA,02127
3/14/19 15:10,5/24/23 9:53,5/24/27 9:43,Walgreens #17169,Retail Merchant,710 Broadway,South Boston,MA,02127
4/13/20 14:30,4/18/24 9:09,4/18/28 9:06,Wave Collective,Marketing,11 Elkins ST,South Boston,MA,02127
1/30/26 13:07,,1/30/30 13:05,WAY IN WAY OUT,Management Consulting,39 A ST,South Boston,MA,02127
12/22/20 10:46,12/16/24 16:05,12/16/28 13:47,"WCB Associates Construction Consulting, Engineering and Surveying",Construction consulting,760 Eighth ST,South Boston,MA,02127
4/8/19 13:17,,4/8/23 12:37,Werklehrer Education,Education,162 I ST,South Boston,MA,02127
11/14/16 12:15,5/20/21 10:05,5/20/25 10:02,WEST BROADWAY FAMILY DENTAL,DENTAL OFFICE,385 Broadway,South Boston,MA,02127
4/5/16 0:00,5/6/24 16:00,5/6/28 11:36,WEST SEVENTH MINI MARKET,CONVENIENT STORE (SUNDLY GOODS,51 Seventh ST,South Boston,MA,02127
9/23/25 10:18,,9/23/29 10:17,Will Levesque Training,Personal Training,663 Broadway,South Boston,MA,02127
1/13/20 11:49,,1/13/24 11:48,William Caron,Cleaning Services,506 Broadway,South Boston,MA,02127
1/25/22 15:22,2/9/26 14:37,2/9/30 12:56,WILSON BARBER SERVICES,Barber,397 Dorchester ST,South Boston,MA,02127
9/16/21 14:53,8/18/25 16:35,8/18/29 16:14,Wink Eyecare,Optical/Optometry,647 Broadway,South Boston,MA,02127
3/30/15 0:00,6/26/23 16:24,6/26/27 15:02,WM. F. SPENCER FUNERAL SERVICE,FUNERAL SERVICE,575 Broadway,South Boston,MA,02127
12/12/12 0:00,,12/12/16 0:00,WOIFIE'S KITCHEN & BAR,WITHDRAWAL (7/20/11),81 L ST,South Boston,MA,02127
11/20/14 0:00,11/10/22 10:24,11/10/26 10:22,WORDEN HALL,RESTAURANT,22 Broadway,South Boston,MA,02127
6/16/23 14:40,,6/16/27 14:23,X-celerate Consulting,Consulting Services,55 Woodward ST,South Boston,MA,02127
11/1/19 11:53,,11/1/23 11:53,XOTIC PRINTZ,T-SHIRT PRINTING,141 Broadway,South Boston,MA,02127
3/2/21 13:13,,3/2/25 13:11,Yves Boston,Gift Agency,371 Dorchester ST,South Boston,MA,02127
10/31/23 15:47,,10/31/27 15:46,YVONNE'S COMMERCIAL CLEANING SERVICES,Commercial cleaning,244 Eighth ST,South Boston,MA,02127
1/30/19 13:35,3/6/23 14:40,3/6/27 12:48,11 Mortgage,Third Party Residential Loan Originator,44 School ST,Boston,MA,02108
6/6/18 14:19,,6/6/22 14:18,1120Films,Films Production,333 Washington ST,Boston,MA,02108
9/13/24 10:39,,9/13/28 10:37,116 Mt. Vernon #4,Short Term Rental,116 Mount Vernon ST,Boston,MA,02108
11/19/21 13:41,11/14/25 13:00,11/14/29 12:56,1928 Beacon Hill,Restaurant,97 Mount Vernon ST,Boston,MA,02108
8/26/25 16:04,,8/26/29 13:41,1ST TRIBAL LENDING,MORTAGE ORIGINATIONS AND SERVICING,44 School ST,Boston,MA,02108
5/26/15 0:00,5/23/19 16:13,5/23/23 16:09,21ST AMENDMENT,TAVERN,150 Bowdoin ST,Boston,MA,02108
11/29/19 15:27,4/22/24 15:44,4/22/28 11:36,34 River St,Short Term Rental,34 River ST,Boston,MA,02108
12/19/19 13:59,4/22/24 15:56,4/22/28 11:32,"34 River St, Apt 2",Short Term Rental,34 River ST,Boston,MA,02108
11/24/21 14:58,2/2/26 11:58,2/2/30 11:53,4U Barber Shop,Barbershop,114 Blackstone ST,Boston,MA,02108
9/27/16 11:38,10/16/20 12:32,10/16/24 12:30,7 Scope Entertainment,Entertainment,44 School ST,Boston,MA,02108
9/17/13 0:00,4/2/25 15:53,4/2/29 15:47,75 CHESTNUT,RESTAURANT,75 Chestnut ST,Boston,MA,02108
6/5/15 0:00,5/23/19 11:08,5/23/23 11:03,7-ELEVEN #33392C,CONVENIENCE STORE,125 Tremont ST,Boston,MA,02108
12/18/19 12:41,,12/18/23 12:40,7uiceshop.com,Marketing,27 School ST,Boston,MA,02108
3/31/25 16:48,,3/31/29 15:35,A&O Shearman,Law Firm,1 Beacon ST,Boston,MA,02108
7/27/16 11:21,7/18/25 14:13,7/18/29 14:12,Abraham Jewelers,Jewelry Maker,333 Washington ST,Boston,MA,02108
2/24/23 10:56,,2/24/27 10:03,ABS of FL.,Professional Employer Organization,45 School ST,Boston,MA,02108
10/29/25 16:08,,10/29/29 13:34,Access Plus,Telecommunications Services,44 School ST,Boston,MA,02108
4/8/22 15:45,3/12/26 16:06,3/12/30 13:26,Adam Travel,Travel and Tours,7 Marshall ST,Boston,MA,02108
2/29/16 0:00,2/16/24 13:57,2/16/28 11:37,ADCO DIAMOND,RETAIL,333 Washington ST,Boston,MA,02108
8/25/14 0:00,10/14/22 13:05,10/14/26 11:43,ADELA'S HAIR STUDIO,HAIR SALON,92 Pinckney ST,Boston,MA,02108
5/31/22 14:45,,5/31/26 14:41,Adriano Jewelry,Jewelry,333 Washington ST,Boston,MA,02108
7/1/24 13:52,,7/1/28 13:42,ADVANCED CARGO,TRUCKING SERVICES,44 School ST,Boston,MA,02108
11/24/25 11:52,,11/24/29 11:41,AES,Engineering Firm,44 School ST,Boston,MA,02108
7/17/20 14:46,,7/17/24 12:01,Affinity Cellular,Resold Telecommunications,45 School ST,Boston,MA,02108
2/12/24 16:57,,2/12/28 16:51,AffirmedRX PBC,Pharmacy Benefits Management,45 School ST,Boston,MA,02108
5/13/13 0:00,,5/13/17 0:00,AFFORDABLE JEWELRY,JEWELRY,365 Washington ST,Boston,MA,02108
11/20/13 0:00,,11/20/17 0:00,AFFORDABLE JEWELRY,WITHDRAWAL (05/13/2013),365 Washington ST,Boston,MA,02108
12/14/21 15:22,,12/14/25 15:18,Affordable Long Distance,Telecommunications,18 Tremont ST,Boston,MA,02108
2/14/17 14:57,2/9/21 14:18,2/9/25 14:16,Agathon Associates,Customs brokerage and Consulting,6 Beacon ST,Boston,MA,02108
4/23/21 11:32,,4/23/25 11:31,AGORA LENDING,MORTGAGE LENDER,45 School ST,Boston,MA,02108
5/25/21 13:43,,5/25/25 13:42,AG-Valiant,hydroponic systems installations,44 School ST,Boston,MA,02108
3/11/20 12:18,,3/11/24 12:18,Ahead,resale of computer hard/software,45 School ST,Boston,MA,02108
1/4/21 14:07,,1/4/25 12:33,AHT Insurance,Insurance,44 School ST,Boston,MA,02108
3/15/19 12:04,,3/15/23 12:03,Airaware,Entertainment Services,44 School ST,Boston,MA,02108
7/10/23 14:48,,7/10/27 14:43,AirSculpt,cosmetic surgery,20 Ashburton PL,Boston,MA,02108
4/23/19 14:15,,4/23/23 10:45,Airstream Adventures Boston,Sales and Repair of RV and Trailers,44 School ST,Boston,MA,02108
2/16/22 15:16,3/3/26 11:21,3/3/30 9:31,AIRTALK WIRELESS,TELECOM,44 School ST,Boston,MA,02108
3/2/22 15:53,,3/2/26 11:12,AK Associates,Telecommunications,44 School ST,Boston,MA,02108
11/28/25 12:15,,11/28/29 11:28,All Choice Energy,Electric power Supplier,44 School ST,Boston,MA,02108
5/1/23 12:40,,5/1/27 12:12,All Year Rehab,"Offices Of Physical, Occupational & Speech Therapists/Audiologists",44 School ST,Boston,MA,02108
2/23/15 0:00,3/1/19 14:18,3/1/23 13:35,ALLEGRO CREDIT,SALES FINANCING,44 School ST,Boston,MA,02108
2/12/21 10:52,2/13/25 12:17,2/13/29 12:14,ALMA,restaurant management,15 Union ST,Boston,MA,02108
4/25/19 15:44,,4/25/23 15:31,Altus Corporate Risk,insurance,44 School ST,Boston,MA,02108
8/24/20 13:12,,8/24/24 12:16,America Online Mortgage,Mortgage,44 School ST,Boston,MA,02108
2/22/21 15:00,3/25/25 10:19,12/16/28 12:56,American Petroleum Institute- Northeast Region,Trade Association,11 Beacon ST,Boston,MA,02108
1/16/25 9:02,,1/16/29 8:56,America's Glory,Mortgage Lending and Servicing,44 School ST,Boston,MA,02108
12/3/18 14:06,3/29/23 13:22,3/29/27 11:03,Ameritrade Global Resources,Export Management Company,1 Boston PL,Boston,MA,02108
12/28/17 11:42,12/9/25 10:44,12/9/29 10:43,Amoroso Jewelers,Jewelry Store,333 Washington ST,Boston,MA,02108
6/6/18 12:24,7/13/22 13:35,8/16/26 13:35,AMP Fitness,gym/personal training,30 Court ST,Boston,MA,02108
9/21/15 0:00,9/7/23 11:35,9/7/27 11:32,AMPLIFIED IMPACT,CONSULTANT,128 Chestnut ST,Boston,MA,02108
12/6/18 14:46,,12/6/22 14:26,AmWest,Mortgage Lending Services,44 School ST,Boston,MA,02108
2/29/16 0:00,2/22/24 12:33,2/22/28 11:31,AMY DANCZ VOICE STUDIO,MUSIC LESSONS,333 Washington ST,Boston,MA,02108
10/15/14 0:00,9/26/22 12:59,9/26/26 11:25,ANAIS JEWELERS,JEWELRY,333 Washington ST,Boston,MA,02108
12/14/23 14:01,,12/14/27 13:55,ANCHORED TINY HOMES OF NEW ENGLAND,HOME CONSTRUCTION,44 School ST,Boston,MA,02108
12/5/22 10:07,,12/5/26 9:50,Angle Mobile,Telecommunications,44 School ST,Boston,MA,02108
1/10/14 0:00,12/7/21 11:41,12/7/25 11:40,ANGLERS LOAN .,PAWN BROKER,333 Washington ST,Boston,MA,02108
2/24/26 16:18,,2/24/30 16:16,AnuLife: Business Funding & Success Life Skills Consultants,Consulting Services,1 Washington MA,Boston,MA,02108
11/25/25 12:04,,11/25/29 11:03,Anzea,Fabric Distribution,45 School ST,Boston,MA,02108
5/24/18 14:34,,5/24/22 14:33,AP Financial,Payment Processing,44 School ST,Boston,MA,02108
11/21/19 10:41,,11/21/23 10:30,APCON SOLUTIONS FOR NETWORKS,Networking equipment,44 School ST,Boston,MA,02108
3/17/23 12:50,,3/17/27 11:48,Applied PEO,Professional Employer Organization,45 School ST,Boston,MA,02108
12/23/19 14:27,,12/23/23 14:21,AppraisalTek,Appraisal Management Company,44 School ST,Boston,MA,02108
12/30/15 0:00,12/23/19 14:12,12/23/23 13:41,APRIL TRAVEL PROTECTION,TRAVEL INSURANCE PROVIDER,44 School ST,Boston,MA,02108
2/24/21 13:55,2/3/25 17:01,2/3/29 16:00,ARAZI FRYE DIAMONDS,DIAMOND WHOLESALE,333 Washington ST,Boston,MA,02108
7/8/24 14:56,,7/8/28 14:54,Arbor Financial Group,Mortgage Origination,44 School ST,Boston,MA,02108
11/25/25 12:04,,11/25/29 11:05,Arc-Com,Fabric Distribution,45 School ST,Boston,MA,02108
12/23/25 11:27,,12/23/29 11:25,Arrow Security,Security,45 School ST,Boston,MA,02108
3/4/21 15:07,4/17/25 12:22,4/17/29 12:20,Arthurs Sunoco,gas station,70 River ST,Boston,MA,02108
4/1/21 10:56,,4/1/25 10:54,Asado Media,marketing agency,1 Washington MA,Boston,MA,02108
7/28/25 10:00,,7/28/29 9:53,Ash & Harbor,Healthcare Consulting,93 Beacon ST,Boston,MA,02108
5/18/15 0:00,6/15/23 13:22,6/15/27 13:18,ASHBURTON CAFE / METRO CATERING,RESTAURANT,1 Ashburton PL,Boston,MA,02108
11/29/24 15:37,,11/29/28 15:29,At Home VMS,Appraisal Management Company,44 School ST,Boston,MA,02108
6/15/21 15:25,8/12/25 11:23,8/12/29 10:52,Atlantis Operations East,"Rigging, Maintenance & Services",45 School ST,Boston,MA,02108
9/15/25 9:02,,9/15/29 8:55,AW Wireless,Mobile Communication,44 School ST,Boston,MA,02108
2/10/20 13:32,6/11/24 16:13,6/11/28 11:23,B.C. Szerlip Insurance Agrency,Professional Liability Insurance,44 School ST,Boston,MA,02108
3/27/24 11:25,,3/27/28 11:23,B.GOOD,Restaurant,227 Washington ST,Boston,MA,02108
7/6/17 10:35,7/14/25 13:13,7/14/29 13:11,Back Health Care,Massage,15 Court SQ,Boston,MA,02108
5/31/24 9:37,,5/31/28 9:36,BANH MI OK,Take Out Restaurant,44 School ST,Boston,MA,02108
7/16/18 14:06,9/1/22 14:08,9/1/26 11:17,BARMAKIAN JEWELERS,JEWELRY,333 Washington ST,Boston,MA,02108
4/30/24 12:35,,4/30/28 12:26,Bastion Health,Medicine and Surgery,45 School ST,Boston,MA,02108
12/23/24 15:15,,12/23/28 13:55,BaxterPro,Insurance,44 School ST,Boston,MA,02108
1/20/23 15:33,,1/20/27 11:55,Bayog Law,Law Firm,1 Washington MA,Boston,MA,02108
8/30/21 13:41,10/23/25 16:01,10/23/29 14:05,Bayshore Mortgage Funding,Mortgage Originations,44 School ST,Boston,MA,02108
7/11/16 9:08,,,Baystate Financial,Insurance & Financial,15 Court SQ,Boston,MA,02108
8/14/24 15:07,,8/14/28 15:05,BBand Communications,Consulting,10 Willow ST,Boston,MA,02108
10/9/18 14:05,1/17/23 14:12,1/17/27 12:25,Be The Match Biotherapies,Cellular Therapy,44 School ST,Boston,MA,02108
7/16/19 14:50,,7/16/23 14:10,Beach Road Weekend,Concert Promoter,45 School ST,Boston,MA,02108
9/7/22 12:55,,9/7/26 12:52,Beacon Hill Hotel,Hotel & Restaurant,25 Charles ST,Boston,MA,02108
2/11/16 0:00,2/6/24 9:59,2/6/28 9:57,BEACON HILL SHOE REPAIR,SHOE REPAIR,126 Bowdoin ST,Boston,MA,02108
8/28/25 17:23,,8/28/29 13:03,BEACON HILL SOLUTIONS GROUP,PROFESSIONAL STAFFING,20 Ashburton PL,Boston,MA,02108
1/11/22 9:17,,1/11/26 9:14,BEACON HILL STRETCH,Personal Training,100 Cambridge ST,Boston,MA,02108
2/4/16 0:00,3/27/24 13:46,3/27/28 13:43,BEANTOWN PUB,RESTAURANT/PUB,100 Tremont ST,Boston,MA,02108
12/2/16 10:42,1/9/25 14:55,1/9/29 14:53,Beauge's Tailoring,Tailoring,15 Court SQ,Boston,MA,02108
3/30/18 13:04,11/7/25 9:33,11/7/29 9:26,Bebe Mursalin Leather Goods,Retail Hand Bags & Accessories,32 Province ST,Boston,MA,02108
3/15/17 11:35,3/4/25 14:30,3/4/29 14:28,Bedrosian Jewelry,Jewelry,333 Washington ST,Boston,MA,02108
11/10/14 0:00,9/29/22 14:05,9/29/26 14:04,BELL IN HAND TAVERN,RESTAURANT/TAVERN,45 Union ST,Boston,MA,02108
10/28/13 0:00,11/14/25 14:35,11/14/29 11:50,BENCHMARK ROOF AND PAVEMENT CONSULTING,CONSULTING,44 School ST,Boston,MA,02108
2/25/16 0:00,6/26/24 12:51,6/26/28 12:49,BENEFIT COSMETICS,RETAIL COSMETICS LSALON SERVICES,31 Charles ST,Boston,MA,02108
9/4/14 0:00,10/11/22 15:19,10/11/26 13:53,BERKSHIRE (REAL ESTATE) GROUP,REAL ESTATE INVESTMENT,1 Beacon ST,Boston,MA,02108
8/6/18 15:02,,8/6/22 12:42,BERNARDS,JEWELRY WHOLESALER,333 Washington ST,Boston,MA,02108
8/11/22 14:26,,8/11/26 12:26,BERNARD'S,JEWELRY WHOLESALER,333 Washington ST,Boston,MA,02108
8/1/22 9:45,,8/1/26 9:32,Bernier Insurance Agency,Insurance Agency,44 School ST,Boston,MA,02108
3/27/25 10:05,,3/27/29 10:04,Bertucci's Pronto,Restaurant,18 Tremont ST,Boston,MA,02108
7/11/19 14:39,,7/11/23 14:38,Besnard Insurance,insurance,44 School ST,Boston,MA,02108
10/11/18 16:44,,10/11/22 16:42,Better Sorts Social Club,Hotel/Restaurant,90 Tremont ST,Boston,MA,02108
12/14/22 10:59,,12/14/26 10:54,Better Sorts Social Club,Restaurant,90 Tremont ST,Boston,MA,02108
6/5/17 11:35,,,Beyond Wireless,telecom service,44 School ST,Boston,MA,02108
12/19/18 12:01,,12/19/22 11:47,Bigfoot Insurance,Insurance Sales / Marketing,44 School ST,Boston,MA,02108
7/1/14 0:00,,7/1/18 0:00,BIGR.IO,TECHNICAL PLACEMENT/STAFFING,1 Boston PL,Boston,MA,02108
10/2/14 0:00,,10/2/18 0:00,BIGR.IO,WITHDRAWAL (7/1/14),1 Boston PL,Boston,MA,02108
9/16/15 0:00,8/18/23 11:44,8/18/27 11:42,BILANIAN JEWELERS,JEWELRY SALES & REPAIRS,333 Washington ST,Boston,MA,02108
11/28/18 14:41,1/6/23 16:01,1/6/27 15:59,BIN26 ENOTECA,RESTAURANT,26 Charles ST,Boston,MA,02108
9/13/24 13:03,,9/13/28 12:59,Bio Restore,Health Care Services,100 Cambridge ST,Boston,MA,02108
11/2/12 0:00,,11/2/16 0:00,BISMARCK BAMFO & ASSOCIATES,PROCESS SERVER,46 Beacon ST,Boston,MA,02108
7/1/13 0:00,,7/1/17 0:00,BISMARCK BAMFO & ASSOCIATES,WITHDRAWAL (11/2/12),46 Beacon ST,Boston,MA,02108
8/22/25 10:03,,8/22/29 10:01,Bisson Law,Law Firm,40 Court ST,Boston,MA,02108
7/28/21 9:46,7/21/25 13:22,7/21/29 11:33,BITCOINX ATM,ATM MACHINE OPERATIONS,44 School ST,Boston,MA,02108
7/30/14 0:00,,7/30/18 0:00,BLACKBIRD TECHNOLOGIES,TECHNOLOGY TRANSACTIONS,1 Boston PL,Boston,MA,02108
10/15/14 0:00,,10/15/18 0:00,BLACKBIRD TECHNOLOGIES,WITHDRAWAL 7/30/2014,1 Boston PL,Boston,MA,02108
8/3/18 13:36,,8/3/22 12:05,Blake & Associates,Law Office,45 School ST,Boston,MA,02108
2/4/19 13:17,,2/4/23 12:59,Blake Law,Law Firm,45 School ST,Boston,MA,02108
1/19/22 15:15,1/21/26 15:41,1/21/30 15:29,Blanket Insurance,Insurance Agency,44 School ST,Boston,MA,02108
2/23/24 14:36,,2/23/28 10:52,Blueconnects,Telecom,44 School ST,Boston,MA,02108
8/13/24 9:30,,8/13/28 9:28,Bluedot Living,Magazine & Online Publishing,44 School ST,Boston,MA,02108
11/12/25 15:37,,11/12/29 15:31,Blueprint Money Lab,Financial Services/Education Planning,93 Beacon ST,Boston,MA,02108
9/22/25 17:25,,9/22/29 14:46,BluPrint Home Loans,mortgage lending,45 School ST,Boston,MA,02108
5/20/16 0:00,3/23/26 16:41,3/23/30 16:23,BODYWAVES THERAPEUTIC MASSAGE,MASSAGE THERAPY,145 Hanover ST,Boston,MA,02108
3/4/14 0:00,2/26/26 12:44,2/26/30 12:42,BOGAN ASSOCIATES,FINANCIAL SERVICES,95 Chestnut ST,Boston,MA,02108
12/29/23 11:46,,12/29/27 11:45,Bold Skin Babe,Aesthetic Services,8 City Hall AV,Boston,MA,02108
3/18/21 15:29,4/14/25 15:47,4/14/29 14:24,bolt access,Insurance Agency,45 School ST,Boston,MA,02108
3/18/21 15:28,4/15/25 16:34,4/15/29 16:34,bolt agency,Insurance Agency,45 School ST,Boston,MA,02108
10/29/25 15:42,,10/29/29 15:41,BOMBAY POP,Non-Alcoholic Beverages (Carbonated Soft Drinks),44 School ST,Boston,MA,02108
11/6/20 11:39,1/11/25 9:43,1/8/29 9:43,Bon Appetit Creperie,farmers market vendors,100 Hanover ST,Boston,MA,02108
1/11/24 15:55,,1/11/28 15:54,Boost Journeys,Travel & Lifestyle Consulting,35 Beacon ST,Boston,MA,02108
6/5/24 11:44,,6/5/28 11:40,Bosque Investigations,Private Investigator,55 Union ST,Boston,MA,02108
12/16/14 0:00,2/16/23 12:35,2/16/27 12:32,BOSTON ATHENAEUM,NONPROFIT,8 Beacon ST,Boston,MA,02108
6/15/23 14:36,,6/15/27 14:34,BOSTON B LEAGUE,Recreation Sports & Leisure League,24 School ST,Boston,MA,02108
2/8/18 15:06,,2/8/22 15:04,Boston Beauty Bar,Beauty Salon,333 Washington ST,Boston,MA,02108
8/16/19 16:04,,8/16/23 16:02,Boston Beer Alley,Liquor Store,100 Hanover ST,Boston,MA,02108
5/15/17 9:44,3/1/22 10:08,3/1/26 10:07,Boston Beer League,Softball League,24 School ST,Boston,MA,02108
1/4/17 12:34,2/13/26 12:12,2/13/30 12:10,Boston Bijoux,Jewelry,333 Washington ST,Boston,MA,02108
1/17/19 10:37,,1/17/23 10:35,Boston Buyer's,Jewelry,333 Washington ST,Boston,MA,02108
5/10/18 14:52,3/11/26 11:02,3/11/30 11:01,Boston Diamonds Studio,Jewelry Retail and Manufacture,333 Washington ST,Boston,MA,02108
8/10/17 14:39,6/12/25 12:11,6/12/29 12:08,Boston Estate Buyers,Jewelry,333 Washington ST,Boston,MA,02108
6/4/18 13:11,3/11/26 10:10,3/11/30 10:07,Boston Fast Fix Jewelry Repair,Jewelry Repair,333 Washington ST,Boston,MA,02108
3/2/16 0:00,1/23/24 12:07,1/23/28 12:06,BOSTON HARBOR ACUPUNCTURE,ACUPUNCTURE,333 Washington ST,Boston,MA,02108
4/24/20 13:06,,4/24/24 13:03,Boston International Film Festival,Film exhibition,9 Hamilton PL,Boston,MA,02108
9/9/14 0:00,10/15/18 9:52,10/15/22 9:52,BOSTON INVESTMENT & DEVELOPEMENT,REAL ESTATE DEVELOPMENT,84 Mount Vernon ST,Boston,MA,02108
11/26/13 0:00,10/24/25 11:43,10/24/29 11:41,BOSTON JEWELERY & LOAN,PAWN BROKER,53 Bromfield ST,Boston,MA,02108
6/23/15 0:00,4/22/24 12:08,4/22/28 12:05,BOSTON JEWELS,JEWELRY STORE,23 School ST,Boston,MA,02108
3/6/18 11:10,,3/6/22 11:08,Boston Massage Therapeutics,Massage Therapy,15 Court SQ,Boston,MA,02108
2/2/21 10:02,,2/2/25 10:01,Boston Medal of Honor Convention,Social Services Non-Profit,17 Court ST,Boston,MA,02108
12/3/14 0:00,9/15/22 8:20,9/15/26 8:13,BOSTON NEWS CAFE,NEWSSTAND CAFE,28 State ST,Boston,MA,02108
7/24/20 13:33,10/1/24 13:10,10/1/28 12:19,Boston Partners,Investment Advisory,1 Beacon ST,Boston,MA,02108
8/31/16 10:31,,,Boston Partners,Investment Advisory,1 Beacon ST,Boston,MA,02108
8/31/16 10:31,,,Boston Partners,Investment Advisory,1 Beacon ST,Boston,MA,02108
8/3/15 0:00,,8/3/19 0:00,BOSTON PLATINUM,WITHDRAWAL (1/17/12),333 Washington ST,Boston,MA,02108
8/8/22 11:28,,8/8/26 11:26,Boston Precious Jewelry,Retail Jewelry,35 Winter ST,Boston,MA,02108
6/21/16 16:05,7/30/24 14:47,7/30/28 14:44,Boston Ring And Gem,Jewlry Retail,333 Washington ST,Boston,MA,02108
10/3/13 0:00,9/2/25 16:38,9/2/29 14:04,BOSTON STONE GIFT SHOP,SOUVENIR SHOP,9 Marshall ST,Boston,MA,02108
7/22/24 16:07,,7/22/28 16:06,Boston Time Pieces,Jewelry Store,399 Washington ST,Boston,MA,02108
5/2/24 14:59,,5/2/28 10:42,BOSTON UNIVERSITY INTERNAL MEDICINE ASSOCIATES,HEALTHCARE,1 Boston PL,Boston,MA,02108
1/27/26 14:30,,1/27/30 14:30,Boston Village,Aging Services,11 Beacon ST,Boston,MA,02108
7/3/25 12:05,,7/3/29 12:02,BOSTON WATCH CLOCK REPAIR,Watch Repair,333 Washington ST,Boston,MA,02108
9/15/15 0:00,8/30/23 12:33,8/30/27 11:03,BOSTONIAN TAILORING,TAILOR,34 Province ST,Boston,MA,02108
10/28/21 10:35,11/24/25 14:43,11/24/29 14:39,BOSTONSPEAKS,Public Speaking Coaching Services,1 Washington Mall,Boston,MA,02108
1/3/22 14:30,,1/3/26 14:28,BOUVIER JEWELERS-BOSTON,Jeweler,333 Washington ST,Boston,MA,02108
8/11/14 0:00,9/23/22 12:07,9/23/26 11:23,BOVE & LANGA,LAW FIRM,10 Tremont ST,Boston,MA,02108
11/24/20 13:31,12/11/24 13:59,12/11/28 11:29,BOX HOME LOANS,MORTGAGE LENDING,44 School ST,Boston,MA,02108
3/11/16 0:00,3/30/23 13:26,3/30/27 13:24,BOXAROO,AMUSEMENT,55 Court ST,Boston,MA,02108
9/24/15 0:00,10/25/23 9:05,10/25/27 9:04,BRAD KEIMACH ENGRAVING CO,WHOLESALE ENGRAVING,333 Washington ST,Boston,MA,02108
7/23/20 14:57,7/30/24 14:47,7/30/28 14:45,BRAG,Jewlery,333 Washington ST,Boston,MA,02108
3/1/19 10:52,,3/1/23 10:50,Breeze Home Loans,Mortage Broker,44 School ST,Boston,MA,02108
1/13/20 14:03,,1/13/24 12:42,Breeze Insurance,Insurance Agency Sales,44 School ST,Boston,MA,02108
3/20/19 9:56,,3/20/23 9:55,Brewster Stratgic Advisory,Consulting,122 Bowdoin ST,Boston,MA,02108
11/13/19 14:51,,11/13/23 13:52,Bright Horizons Family Solutions @ Beacon Hill,Child Care Services,100 Cambridge ST,Boston,MA,02108
7/12/18 13:24,,7/12/22 13:23,BRILL-CSM,Manufactured Bakery Goods,44 School ST,Boston,MA,02108
8/30/19 10:39,8/4/23 10:52,8/4/27 10:51,Bromfield Estate & Jewerly Buyers,Jewerly Buyers,53 Bromfield ST,Boston,MA,02108
3/24/15 0:00,,3/23/19 0:00,BROMFIELD NAILS,NAILS SALON,23 Bromfield ST,Boston,MA,02108
12/30/15 0:00,,12/30/19 0:00,BROMFIELD NAILS,WITHDRAWAL (3/24/15),23 Bromfield ST,Boston,MA,02108
12/30/15 0:00,4/8/24 15:05,4/8/28 15:04,BROMFIELD NAILS,NAIL SALON,23 Bromfield ST,Boston,MA,02108
5/11/16 0:00,,5/11/20 0:00,BROOKE MICHELE DESIGN,WITHDRAWAL 4/20/2016,333 Washington ST,Boston,MA,02108
8/25/14 0:00,8/25/22 12:26,8/25/26 10:41,BRUEGGER'S BAGEL,BAKERY,7 School ST,Boston,MA,02108
4/9/24 16:20,,4/9/28 16:17,BTWI,Registered Investment Advisor,1 Beacon ST,Boston,MA,02108
1/23/19 15:51,2/14/23 15:23,2/14/27 12:38,Buchanan & Associates,Government Relations Law Firm,100 Cambridge ST,Boston,MA,02108
9/1/22 13:55,,9/1/26 13:09,BWA Massachusetts,Architecture Firm,44 School ST,Boston,MA,02108
3/27/25 13:47,,3/27/29 13:45,Cadex Receivables Control,Debt Collections,45 School ST,Boston,MA,02108
8/8/25 10:04,,8/8/29 10:02,Candescent,Offering digital banking products,45 School ST,Boston,MA,02108
10/6/22 14:38,,10/6/26 10:17,CAPITAL DIRECT MORTGAGE SERVICES,MORTGAGE LENDER,45 School ST,Boston,MA,02108
10/28/15 0:00,12/31/19 12:26,12/31/23 10:59,CAPITAL ONE 360 CAFE,FINANCIAL INSTITUTION,129 Tremont ST,Boston,MA,02108
9/27/13 0:00,8/19/25 16:45,8/19/29 16:44,CAPITOL COFFEE HOUSE,BREAKFAST 81 LUNCH,122 Bowdoin ST,Boston,MA,02108
2/19/15 0:00,2/4/19 11:46,2/4/23 11:44,CARAT CONCIERGE,Fine Jewelry Store,333 Washington ST,Boston,MA,02108
4/28/17 15:43,11/1/22 14:41,11/1/26 14:33,Carrie Nation,Restaurant,11 Beacon ST,Boston,MA,02108
12/18/20 14:10,,12/18/24 13:10,Casana,health technology,44 School ST,Boston,MA,02108
8/31/22 15:12,,8/31/26 15:10,CCA Health Massachusetts,Insurance,30 Winter ST,Boston,MA,02108
5/11/18 14:06,4/29/22 12:26,4/29/26 11:48,Certified AL Company,Auto Leasing,44 School ST,Boston,MA,02108
5/10/18 11:37,4/29/22 12:25,4/29/26 11:41,Certified Automotive Lease,Auto Leasing,44 School ST,Boston,MA,02108
6/5/25 11:29,,6/5/29 11:28,Chakra Free Radio,Media,333 Washington ST,Boston,MA,02108
7/6/15 0:00,9/25/19 12:22,9/25/23 11:48,CHAMPS #14100,RETAIL ATHLETIC FOOTWEAR,425 Washington ST,Boston,MA,02108
4/21/22 14:08,,4/21/26 14:05,ChangeFi,Finance and Lending,44 School ST,Boston,MA,02108
1/29/25 15:12,,1/29/29 15:10,Charles River Careers,Career Coaching,40 Court ST,Boston,MA,02108
10/30/15 0:00,9/21/23 14:14,9/21/27 11:27,CHARLES STREET SUPPLY CO,HARDWARE STORE,54 Charles ST,Boston,MA,02108
2/10/14 0:00,1/10/22 13:58,1/10/26 13:57,CHARLEY'S PHILLY STEAKS,RESTAURANT,417 Washington ST,Boston,MA,02108
5/5/17 16:36,5/12/25 17:00,5/12/29 12:31,Cheers,Restaurant/Pub,84 Beacon ST,Boston,MA,02108
4/7/17 13:48,4/7/25 15:05,4/7/29 11:57,Chesterfield Insurance,Insurance Agency,45 School ST,Boston,MA,02108
8/1/22 9:45,,8/1/26 9:29,Choice Financial Group,Insurance Agency,44 School ST,Boston,MA,02108
8/1/22 9:45,,8/1/26 9:36,Choice Insurance Agency,Insurance Agency,44 School ST,Boston,MA,02108
9/9/22 12:54,,9/9/26 11:13,Choice Mortgage Group,Mortgage Lending Brokering,44 School ST,Boston,MA,02108
10/25/23 13:41,,10/25/27 12:22,ChosenWireless,Telecommunications,44 School ST,Boston,MA,02108
2/13/19 13:06,,2/13/23 11:47,Christine's Fine Art Auctioneers,Auction Fine Art,44 School ST,Boston,MA,02108
2/1/23 14:44,,2/1/27 14:38,"CHRISTOPHER A. IANNELLA JR, ESQ",Attorney,55 Court ST,Boston,MA,02108
7/28/25 14:59,,7/28/29 14:52,Churchill Management Group,Financial Services,201 Washington ST,Boston,MA,02108
7/28/25 15:00,,7/28/29 14:50,Churchill Management Group at Focus Partners Wealth,Financial Services,201 Washington ST,Boston,MA,02108
11/18/25 9:34,,11/18/29 9:33,Cici Nail & Lashes Spa,Spa,17 Winter ST,Boston,MA,02108
3/26/24 10:18,,3/26/28 10:14,Cindy's Corner,Coffee Shop,1 Ashburton PL,Boston,MA,02108
7/8/14 0:00,6/3/22 11:37,6/3/26 11:33,CITADEL GROUP,ADMINISTRATIVE AND OPERATIONAL,28 State ST,Boston,MA,02108
6/5/18 11:55,,6/5/22 11:52,CITADEL GROUP,ADMIN AND OPERATIONAL SERVICES,28 State ST,Boston,MA,02108
10/2/19 12:00,,10/2/23 12:00,Citidental Boston,Dental Office,63 Court ST,Boston,MA,02108
2/27/24 15:21,,2/27/28 15:08,City Wine Spirits & Smoke Shop,Liquor Store,40 Winter ST,Boston,MA,02108
8/21/18 10:22,,8/21/22 10:21,Civic Financial,Financial Services,1 Beacon ST,Boston,MA,02108
6/1/22 14:14,,6/1/26 14:10,Clair,Social Fintech,44 School ST,Boston,MA,02108
3/4/20 12:41,,3/4/24 12:40,Clarfeld Citizens Private Wealth,Registered Investment Advisor,28 State ST,Boston,MA,02108
9/16/24 10:24,,9/16/28 10:20,Clasp,financial services,24 School ST,Boston,MA,02108
12/8/23 11:16,12/8/23 13:42,12/8/27 11:19,ClassWallet,Licensing of a proprietary financial Technology.,1 Beacon ST,Boston,MA,02108
7/20/21 14:08,,7/20/25 14:07,Clay Technologies,Technology,44 School ST,Boston,MA,02108
11/16/23 12:51,,11/16/27 12:47,Clean Air USA,Duct Cleaning/HVAC,44 School ST,Boston,MA,02108
2/6/20 13:44,,2/6/24 11:50,Clean Sky Energy,Retail natural gas and electricity,44 School ST,Boston,MA,02108
2/19/26 15:53,,2/19/30 13:47,Cleanest Restaurant Group,Restaurant Cleaning,44 School ST,Boston,MA,02108
2/6/20 13:46,1/31/24 11:22,1/31/28 10:59,CleanSky Energy,Retail natural gas and electricity,44 School ST,Boston,MA,02108
7/5/23 12:18,,7/5/27 12:09,Cliffco Mortgage Bankers,Mortgage Lending,44 School ST,Boston,MA,02108
8/13/21 13:02,8/7/25 14:56,8/7/29 12:54,Clippinger Employment Law,law office,1 Boston PL,Boston,MA,02108
6/2/23 13:03,,6/2/27 12:43,Clockworks Analytics,Software,45 School ST,Boston,MA,02108
7/5/23 12:18,,7/5/27 12:14,Clout WMB,Mortgage Lending,44 School ST,Boston,MA,02108
7/17/20 14:45,,7/17/24 12:36,Club Cellular,Resold Telecommunications,45 School ST,Boston,MA,02108
7/11/17 10:41,8/22/25 14:54,8/22/29 14:53,Cluttermanager.com,Professional Organizing,20 City Hall AV,Boston,MA,02108
8/20/24 10:52,,8/20/28 10:50,CM Law,Law Firm,44 School ST,Boston,MA,02108
8/10/20 14:44,8/22/24 16:57,8/22/28 16:53,Cobu,Software Company,55 Court ST,Boston,MA,02108
2/5/26 12:20,,2/5/30 12:19,Cocobeet,Food Retail,100 City Hall PZ,Boston,MA,02108
2/11/20 13:33,,2/11/24 13:17,Coldwell Banker Commercial Realty,Real Estate Brokerage,66 Beacon ST,Boston,MA,02108
1/8/20 15:02,,1/8/24 13:37,Coldwell Banker NRT,Real Estate Brokerage,66 Beacon ST,Boston,MA,02108
8/29/25 13:38,,8/29/29 13:09,Collegiate Mobile,wireless communications services,44 School ST,Boston,MA,02108
4/27/20 11:11,,4/27/24 10:56,ComeHome,Real Estate Data Anaytics,44 School ST,Boston,MA,02108
8/20/15 0:00,9/25/23 9:31,9/25/27 9:21,COMMONWEALTH CARE ALLIANCE,HEALTH SERVICES,30 Winter ST,Boston,MA,02108
11/30/17 14:49,11/19/25 12:55,11/19/29 12:53,COMMONWEALTH CHILDREN'S CENTER,CHILD CARE CENTER,1 Ashburton PL,Boston,MA,02108
4/7/23 11:54,,4/7/27 11:52,Compass Tours,Tours,1 Washington MA,Boston,MA,02108
5/2/18 12:05,6/15/22 15:19,6/15/26 12:33,Concept2 Rowing,Sales Of Products,44 School ST,Boston,MA,02108
5/5/23 14:41,,5/5/27 14:38,Concora,Property Management,44 School ST,Boston,MA,02108
2/27/25 16:28,,2/27/29 13:59,Congruity Benefits Solutions,Insurance Agency,45 School ST,Boston,MA,02108
7/10/20 15:02,,7/10/24 12:46,Connect Webbe Services,Cleaning & Maintenance,1 Washington MA,Boston,MA,02108
7/21/23 13:22,,7/21/27 13:19,Connected Communities,Property Management,1 Washington Mall,Boston,MA,02108
12/6/21 12:36,12/23/25 15:40,12/23/29 15:22,ConsumerAffairs,Lead Generator,44 School ST,Boston,MA,02108
7/18/23 9:36,,7/18/27 9:31,Converge Insurance Service Solutions,General Underwriter,44 School ST,Boston,MA,02108
4/21/20 13:05,4/1/24 14:44,4/1/28 13:00,Coors Brewing Company,Manufacture And Sale OF Beverage Products,44 School ST,Boston,MA,02108
12/10/19 12:13,,12/10/23 12:08,COR ADVANTAGE,SOFTWARE,45 School ST,Boston,MA,02108
10/20/17 15:39,10/30/25 16:01,10/30/29 12:57,Corporate Traveler,Travcel Agency,41 Winter ST,Boston,MA,02108
3/11/16 0:00,3/4/24 17:26,3/4/28 12:14,COURT SQUARE CHIROPRACTIC,CHIROPRACTIC OFFICE,15 Court SQ,Boston,MA,02108
2/9/22 12:17,,2/9/26 12:07,COVERPONY INSURANCE SERVICES,INSURANCE PRODUCER,45 School ST,Boston,MA,02108
3/27/25 13:47,,3/27/29 13:43,CRC,Debt Collections,45 School ST,Boston,MA,02108
4/12/22 12:40,,4/12/26 12:05,Credit&Debt,Marketing and education related to finances,44 School ST,Boston,MA,02108
8/5/24 12:42,,8/5/28 12:39,CreditNinja,Consumer Financial Services,44 School ST,Boston,MA,02108
12/1/23 12:34,,12/1/27 11:47,Creemore Press,Publishing,1 Boston PL,Boston,MA,02108
6/13/19 14:41,5/31/23 14:12,5/31/27 10:55,CrossHarbor Senior Debt Income Fund,Commercial Real Estate Loans,1 Boston PL,Boston,MA,02108
11/15/23 14:49,,11/15/27 14:00,CROWN HOME MORTGAGE,MORTGAGE ORIGINATION,44 School ST,Boston,MA,02108
7/18/22 15:09,,7/18/26 15:08,CRYSTAL ENERGY,RETAIL,53 Bromfield ST,Boston,MA,02108
8/8/13 0:00,8/15/25 9:14,8/15/29 7:39,CVS/PHARMACY #49,RETAIL PHARMACY,333 Washington ST,Boston,MA,02108
3/1/24 9:32,,3/1/28 9:28,DANE & HOWE,Legal Services,44 School ST,Boston,MA,02108
9/8/14 0:00,9/9/22 12:32,9/9/26 12:30,DANIEL ARVESTIAN JEWELERS,JEWELRY MANUFACTORY,333 Washington ST,Boston,MA,02108
7/14/21 15:54,12/8/25 15:45,12/8/29 13:29,DataStream Insurance,insurance agency,44 School ST,Boston,MA,02108
2/7/14 0:00,2/1/22 13:17,2/1/26 11:49,DAVID ABBOTT FISHER,INVESTMENT,33 Branch ST,Boston,MA,02108
8/16/19 15:12,7/14/23 9:19,7/14/27 9:16,Davis Malm,Law Firm,1 Boston PL,Boston,MA,02108
9/3/21 13:36,8/13/25 10:13,8/13/29 10:09,Defiant Security,Wordpress Security,45 School ST,Boston,MA,02108
11/6/20 10:31,12/17/24 16:22,12/17/28 15:59,Delaney Policy Group,consulting,10H Beacon ST,Boston,MA,02108
11/16/23 12:51,,11/16/27 12:49,Delta Chimney Sweep,Chimney Services,44 School ST,Boston,MA,02108
2/25/22 16:06,2/24/26 10:08,2/24/30 9:53,DeLuca's Market,Retail Grocery & Wine Cellar,11 Charles ST,Boston,MA,02108
7/31/20 14:09,9/16/24 16:20,9/16/28 11:08,DentPro Insurance Agency,Insurance,44 School ST,Boston,MA,02108
10/5/17 12:37,10/9/25 15:47,10/9/29 15:36,DepositAccounts,Finanical Website,44 School ST,Boston,MA,02108
6/15/15 0:00,6/14/19 12:57,6/14/23 12:49,DEPRISCO JEWELERS,RETAIL,333 Washington ST,Boston,MA,02108
12/21/23 12:38,,12/21/27 12:36,DEPRISCO JEWELERS,RETAIL JEWELRY,333 Washington ST,Boston,MA,02108
5/17/17 11:40,2/3/26 11:57,2/3/30 11:49,Devlin's Restaurant,Restaurant,332 Washington ST,Boston,MA,02108
3/9/15 0:00,6/2/23 13:04,6/2/27 12:03,DIAMOND BARR JEWELERS,JEWELRY,333 Washington ST,Boston,MA,02108
10/12/23 13:41,,10/12/27 13:28,Dig.,Restaurant,277 Washington ST,Boston,MA,02108
12/11/20 10:23,,12/11/24 10:17,DigniFI,consumer lending for the auto industry,44 School ST,Boston,MA,02108
10/31/22 14:09,,10/31/26 14:07,DIVINE WORXS O.N.E./360,ONLINE RETAIL,1 Washington MA,Boston,MA,02108
1/29/20 11:55,,1/29/24 11:51,Doggo,Direct To Consumer Seller Of Pet Insurance,44 School ST,Boston,MA,02108
2/17/23 10:43,,2/17/27 10:32,DOLEX,money services business,45 School ST,Boston,MA,02108
1/9/25 15:36,,1/9/29 15:34,Don Johnson,Assistive Software Technology,24 School ST,Boston,MA,02108
11/1/23 11:39,,11/1/27 11:38,Douglas Chope,Short Term Rental,8 Byron ST,Boston,MA,02108
7/10/17 13:16,10/20/22 11:48,10/20/26 11:43,Downtown Acupuncture,Acupuncture,15 Court SQ,Boston,MA,02108
6/16/17 12:33,,6/16/21 12:33,Downtown Dental Center,Dental,333 Washington ST,Boston,MA,02108
2/23/15 0:00,2/16/23 15:22,2/16/27 10:46,DR. ROSANNA C. LAMALVA/EYEBAR BOSTON,EYE CARE,10 City Hall AV,Boston,MA,02108
3/17/21 13:22,,3/17/25 9:56,Drew Water Technologies,Water Treatment License #AL-0038802,44 School ST,Boston,MA,02108
3/18/16 0:00,4/29/24 16:45,4/29/28 11:15,DSW SHOE WAREHOUSE #29120,RETAIL SALES OF SHOES/ACCESSORIES,385 Washington ST,Boston,MA,02108
11/17/25 14:49,,11/17/29 14:45,Dtwo AI,Saas,44 School ST,Boston,MA,02108
3/2/16 0:00,,3/2/20 0:00,DUESPAYMENT,PAYMENT SERVICE PROVIDER,44 School ST,Boston,MA,02108
4/28/16 0:00,,4/28/20 0:00,DUESPAYMENT,WITHDRAWAL 3/2/2016,44 School ST,Boston,MA,02108
6/30/14 0:00,1/20/23 16:03,1/20/27 15:10,DUNKIN DONUTS,QUICK SERVICE RETAIL,235 Washington ST,Boston,MA,02108
6/30/14 0:00,1/20/23 16:03,1/20/27 14:42,DUNKIN DONUTS,QUICK SERVICE RETAIL,16 Tremont ST,Boston,MA,02108
6/30/14 0:00,1/20/23 16:03,1/20/27 15:08,DUNKIN DONUTS,QUICK SERVICE RETAIL,417 Washington ST,Boston,MA,02108
1/20/23 16:03,,1/20/27 13:15,Dunkin Donuts,Quick Service Retail,330 Washington ST,Boston,MA,02108
1/20/23 16:03,,1/20/27 14:47,Dunkin Donuts,Quick Service Retail,22 Beacon ST,Boston,MA,02108
4/26/18 12:39,3/6/26 11:01,3/6/30 10:00,Dunkin Donuts,Donut & Coffee Shop,20 North ST,Boston,MA,02108
3/27/23 13:15,,3/27/27 12:45,Durapods,Installation of Pods,44 School ST,Boston,MA,02108
9/17/21 11:04,8/22/25 15:05,8/22/29 14:57,Durty Nelly's,Restaurant/bar,108 Blackstone ST,Boston,MA,02108
3/8/22 11:09,2/26/26 12:30,2/26/30 12:28,E Street Screening,Online Retail,100 City Hall PZ,Boston,MA,02108
4/18/18 13:19,,4/18/22 12:15,E.K McConkey & Co. Insurance Agency,Insurance Agency,44 School ST,Boston,MA,02108
4/5/18 13:26,,4/5/22 13:24,EAG Analytical Services,Analytical Testing/Engineering Consulting,44 School ST,Boston,MA,02108
1/9/24 11:21,,1/9/28 11:19,EARLEY LAW GROUP INJURY LAWYERS,LAW FIRM,44 School ST,Boston,MA,02108
5/4/18 9:35,,5/4/22 9:33,EASY BUY,SCRAP & REPAIR JEWELRY,333 Washington ST,Boston,MA,02108
2/21/17 15:34,3/4/25 14:58,3/4/29 14:54,EBG,Estate Jewelry,387 Washington ST,Boston,MA,02108
10/18/19 13:46,,10/18/23 13:45,EdgePark,Short-Term Rental,72 Beacon ST,Boston,MA,02108
4/2/25 11:55,,4/2/29 11:53,EFI-Solutions,Manufacturing,45 School ST,Boston,MA,02108
7/30/24 11:52,,7/30/28 11:51,EGO Convenience,Convenience Store,1 Boston PL,Boston,MA,02108
6/12/17 16:27,,,El Coco International,Hair Salon & Spa,24 North ST,Boston,MA,02108
6/22/23 12:04,,6/22/27 10:55,Elevate Renewables,energy battery storage facilities,45 School ST,Boston,MA,02108
1/29/25 15:18,,1/29/29 15:17,ElevateByCC,Marketing and IT Services,2 Joy ST,Boston,MA,02108
6/29/18 13:27,,6/29/22 12:42,Elevation Homecare Agency,Non Medical Homecare Agency,100 Cambridge ST,Boston,MA,02108
1/30/19 13:35,3/6/23 14:41,3/6/27 12:45,Eleven Mortgage,Third Party Residential Loan Originator,44 School ST,Boston,MA,02108
3/10/22 9:37,,3/10/26 9:33,eMeta Funding,Mortgage Banker,44 School ST,Boston,MA,02108
7/1/13 0:00,,7/1/17 0:00,EMPOWER SCHOOLS,WITHDRAWAL (5/13/13),24 School ST,Boston,MA,02108
5/13/13 0:00,,5/13/17 0:00,EMPOWER SCHOOLS,NONPROFIT ORGANIZATION,24 School ST,Boston,MA,02108
10/13/23 16:01,,10/13/27 15:58,Empowerment Expressions,Greeting cards,45 School ST,Boston,MA,02108
7/27/22 10:45,,7/27/26 10:33,ENCORE,RENTAL OF AUDIO AND VISUAL EQUIPMENT,90 Tremont ST,Boston,MA,02108
6/3/19 13:29,,6/3/23 11:46,Endeavor Insurance Services,Insurance sales/marketing,44 School ST,Boston,MA,02108
9/18/18 13:02,,9/18/22 12:57,ENERGYBOT,ONLINE ELECTRICITY MRKT,44 School ST,Boston,MA,02108
6/25/24 15:38,,6/25/28 11:53,Enerworld,Energy Broker,44 School ST,Boston,MA,02108
8/25/16 11:46,,,ENGIE Solar,Mortgage Lending,44 School ST,Boston,MA,02108
6/15/23 14:11,,6/15/27 14:04,Engine by MoneyLion,Marketplace platform for financial products and services.,44 School ST,Boston,MA,02108
2/5/25 9:38,,2/5/29 9:37,Enterprise Health,Computer Software Services,45 School ST,Boston,MA,02108
1/16/14 0:00,11/12/25 15:44,11/12/29 15:34,ENTIRE CAR PROTECTION,Vehicle Protection Product Warranty,45 School ST,Boston,MA,02108
6/10/15 0:00,10/3/23 15:40,10/3/27 14:41,ENVIRONMENTAL RESOURCES MANAGEMENT (ERM),ENVIRONMENTAL CONSULTING,1 Beacon ST,Boston,MA,02108
10/27/23 13:06,,10/27/27 13:03,Envoyage,Travel Agency,41 Winter ST,Boston,MA,02108
3/16/15 0:00,3/15/19 12:32,3/15/23 12:31,EOM NEWSSTAND,CONVENIENCE STORE,201 Washington ST,Boston,MA,02108
1/12/15 0:00,,1/12/19 0:00,EOM NEWSSTAND,CONVENIENCE STORE,201 Washington ST,Boston,MA,02108
3/16/15 0:00,,3/16/19 0:00,EOM NEWSSTAND,WITHDRAWAL (1/12/15),201 Washington ST,Boston,MA,02108
6/10/19 9:51,,6/10/23 9:49,Eppley Court Reporting,Court Reporting Services,44 School ST,Boston,MA,02108
2/18/21 12:57,3/21/25 15:55,3/21/29 15:54,EPROTOCOL,INTERNET SOFTWARE SALES,44 School ST,Boston,MA,02108
10/16/18 9:31,,10/16/22 9:30,Ernie Ray Music,Music Production,100 City Hall PZ,Boston,MA,02108
7/6/23 10:10,,7/6/27 10:09,Estate Buyers Boston,Jewelry,333 Washington ST,Boston,MA,02108
2/21/17 15:34,3/4/25 14:58,3/4/29 14:53,Estate Buying Group,Estate Jewelry,387 Washington ST,Boston,MA,02108
10/9/18 15:29,11/15/22 12:35,11/15/26 12:31,Ether Dome Press,individual book publishing,25 Cedar ST,Boston,MA,02108
7/31/23 15:05,,7/31/27 14:53,Evarts Tremaine,Independent Property and Casualty Insurance Broker,45 School ST,Boston,MA,02108
3/30/23 10:38,,3/30/27 10:33,Everchron,Software Design,44 School ST,Boston,MA,02108
7/10/24 16:13,,7/10/28 14:12,Everest Funding,Mortgage Lender,44 School ST,Boston,MA,02108
1/9/25 15:36,,1/9/29 15:34,Everway,Assistive Software Technology,24 School ST,Boston,MA,02108
11/7/25 11:15,,11/7/29 11:14,Evolution Credit Short Duration Income Fund,Investing,28 State ST,Boston,MA,02108
9/13/23 11:03,,9/13/27 10:55,EXPENSIFY,Financial Services,44 School ST,Boston,MA,02108
4/3/23 15:49,,4/3/27 15:28,Experienced Jewelers,Jeweler,333 Washington ST,Boston,MA,02108
6/18/18 15:47,7/25/22 15:15,7/25/26 10:51,EYEPROMISE,EYES CARE,44 School ST,Boston,MA,02108
3/13/26 16:42,,3/13/30 8:19,EZ Loans Group,mortgage broker/mortgage lender,44 School ST,Boston,MA,02108
6/1/22 13:54,,6/1/26 11:14,ez2shop4insurance,Insurance,44 School ST,Boston,MA,02108
7/6/22 14:39,,7/6/26 13:00,Fast Enterprises,Software Implementation Services,1 Winter PL,Boston,MA,02108
8/23/23 9:32,,8/23/27 9:21,FCM Meetings & Events,Travel Agency,41 Winter ST,Boston,MA,02108
11/3/14 0:00,1/2/24 15:51,1/2/28 15:34,FEDEX OFFICE & PRINT SERVICES #1061,FedEx Servces,125 Tremont ST,Boston,MA,02108
5/17/18 13:08,6/30/22 13:24,6/30/26 12:19,FertileWell,Website/Retail,1 Boston PL,Boston,MA,02108
3/13/24 12:35,,3/13/28 12:32,Fifteen Charles,Hair and Makeup Salon,15 Charles ST,Boston,MA,02108
7/24/19 13:28,,7/24/23 13:27,Find The Pearls Travel,Travel & Life Style Blog,92 Beacon ST,Boston,MA,02108
2/8/16 0:00,1/16/24 11:09,1/16/28 11:00,FINELINE PRINTING GROUP,COMMERCIAL PRINTING,44 School ST,Boston,MA,02108
12/19/22 15:58,,12/19/26 12:23,First Health Insurance Group,insurance sale/marketing,44 School ST,Boston,MA,02108
8/4/14 0:00,7/20/18 14:14,7/20/22 14:12,FITZGERALD IMPORTS,WHOLESALE JEWELRY,333 Washington ST,Boston,MA,02108
11/16/22 15:42,,11/16/26 15:15,Five Iron Golf,Virtual Golf Establishment,1 Washington Mall,Boston,MA,02108
4/19/17 11:44,,,Fixsurance,Insurance,42 School ST,Boston,MA,02108
10/9/15 0:00,10/10/23 11:30,10/10/27 11:22,FLAT OF THE HILL,,60 Charles ST,Boston,MA,02108
3/11/24 12:14,,3/11/28 12:13,FLS Boston Commons,Language Center,100 Cambridge ST,Boston,MA,02108
3/31/25 10:26,,3/31/29 10:20,Fluxwerx,Sale Representation,14 Beacon ST,Boston,MA,02108
3/31/25 10:27,,3/31/29 10:22,Fluxwerx Illumination,Sales Representation,14 Beacon ST,Boston,MA,02108
6/11/25 13:05,,6/11/29 13:01,Focus Partners | Wealth,Financial Services,201 Washington ST,Boston,MA,02108
3/5/25 10:52,,3/5/29 10:38,Focus Partners Retirement Solutions,Financial Services,201 Washington ST,Boston,MA,02108
6/11/25 10:08,,6/11/29 9:55,Focus Partners| Advisor Solutions,Financial Services,201 Washington ST,Boston,MA,02108
6/11/25 10:07,,6/11/29 10:00,Focus Partners| Institutional,Financial Services,201 Washington ST,Boston,MA,02108
4/19/16 0:00,3/27/20 12:04,3/27/24 11:33,FOCUS POINTE GLOBAL,MARKET RESEARCH,18 Tremont ST,Boston,MA,02108
8/1/22 9:45,,8/1/26 9:39,Fonner Insurance Agency,Insurance Agency,44 School ST,Boston,MA,02108
7/6/15 0:00,4/30/24 16:12,4/30/28 16:07,FOOT LOCKER #8777,RETAIL ATHLETIC FOOTWEAR,375 Washington ST,Boston,MA,02108
12/24/25 12:14,,12/24/29 11:17,Forest Specialty,Insurance Sales/Marketing,44 School ST,Boston,MA,02108
3/13/19 13:57,,3/13/23 11:52,Four Winds Realty,Real Estate,51 Mount Vernon ST,Boston,MA,02108
3/19/24 10:42,,3/19/28 10:41,Frank's Last Stop,Snack Shop,3 Pemberton SQ,Boston,MA,02108
12/5/18 15:35,,12/5/22 15:34,Freddy Famous,Fanancial & Legal Services,1 Boston PL,Boston,MA,02108
2/27/19 15:56,5/21/24 16:35,5/21/28 16:33,Functionality,Laboratory Equipment Services,24 School ST,Boston,MA,02108
8/5/24 14:42,,8/5/28 14:38,Fur Baby Pet Studio,Photography/Retail,59 Beacon ST,Boston,MA,02108
12/1/21 12:44,,12/1/25 12:43,Gabi And Company,Jewelers,333 Washington ST,Boston,MA,02108
11/1/24 13:45,,11/1/28 13:44,"Gallivant, Ltd.",Travel Planning Services,35 Beacon ST,Boston,MA,02108
6/10/14 0:00,8/26/22 14:49,8/26/26 14:47,GARDEN HALAL RESTAURANT,RESTAURANT,90 Blackstone ST,Boston,MA,02108
9/22/21 10:31,8/25/25 16:54,8/25/29 15:43,GARY DRUG CO.,PHARMACY,59 Charles ST,Boston,MA,02108
2/17/16 0:00,,2/17/20 0:00,GAY & LESBIAN ADVOCATES & DEFENDERS (GLAD),WITHDRAWAL (5/8/12),30 Winter ST,Boston,MA,02108
2/25/15 0:00,5/3/23 10:50,5/3/27 10:47,GAYLE P SNIDER INTERIORS,INTERIOR DESIGN,68 Chestnut ST,Boston,MA,02108
8/22/25 10:49,,8/22/29 10:46,GCR Servicing Group,Dept of Education Student Loan Servicer,44 School ST,Boston,MA,02108
1/28/25 15:37,,1/28/29 13:40,GEM Mortgage,Mortgage Lending,44 School ST,Boston,MA,02108
8/22/24 12:37,,8/22/28 12:35,GENUITY GEMS,Jewelry,333 Washington ST,Boston,MA,02108
9/15/25 9:31,,9/15/29 9:30,George Howell Coffee,cafe,100 Hanover ST,Boston,MA,02108
6/12/20 14:58,6/13/24 16:12,6/13/28 12:32,GHADA'S,Esthetician,333 Washington ST,Boston,MA,02108
7/16/25 9:31,,7/16/29 9:26,GIGS 4 U,Entertainment Services,44 School ST,Boston,MA,02108
12/20/13 0:00,,12/20/17 0:00,GINSENG HEALING CENTER,MASSAGE PALOR,101 Tremont ST,Boston,MA,02108
4/9/14 0:00,,4/9/18 0:00,GINSENG HEALING CENTER,,101 Tremont ST,Boston,MA,02108
4/21/23 11:18,,4/21/27 11:17,GLAD,Public Interest Law Firm,18 Tremont ST,Boston,MA,02108
5/13/24 13:32,,5/13/28 13:22,GLOBAL GUARDIAN ADMINISTRATION,INDEPENDENT ADJUSTER,44 School ST,Boston,MA,02108
5/13/24 13:32,,5/13/28 13:24,GLOBAL GUARDIAN CLAIMS,INDEPENDENT ADJUSTER,44 School ST,Boston,MA,02108
11/22/16 13:14,12/6/24 16:47,12/6/28 16:45,Global Prior Art,Business Cunsulting Firm,21 Milk ST,Boston,MA,02108
3/10/22 9:37,,3/10/26 9:30,GMCC,MORTGAGE BANKER,44 School ST,Boston,MA,02108
9/18/18 13:24,8/11/22 14:34,8/11/26 14:24,Gold Financial Services,Mortgage,44 School ST,Boston,MA,02108
2/19/16 0:00,10/29/25 12:22,10/29/29 12:21,GOLDCREST,JEWELER,333 Washington ST,Boston,MA,02108
9/12/22 13:44,,9/12/26 13:43,Golden Bedroom,Online Retail,1 Washington Mall,Boston,MA,02108
7/28/25 10:00,,7/28/29 9:55,Golden Oak Strategies,Business Consulting,93 Beacon ST,Boston,MA,02108
11/12/25 15:37,,11/12/29 15:35,Good Walk Hunting,Dog Walking Services,93 Beacon ST,Boston,MA,02108
12/11/20 15:01,,12/11/24 14:55,GOOD2GO,CAR RENTAL/SHARE,24 School ST,Boston,MA,02108
8/6/20 10:07,,8/6/24 10:05,Goodman Solutions,Field and maintenance services,44 School ST,Boston,MA,02108
9/16/24 13:23,,9/16/28 13:21,Goodtimes Brands,Export Trading Company,1 Boston PL,Boston,MA,02108
1/13/16 0:00,5/17/24 12:44,5/17/28 12:40,GORDON & REES,LEGAL SERVICES,28 State ST,Boston,MA,02108
6/17/19 13:50,,6/17/23 13:37,Graham Machinery Group,Manufacturer,44 School ST,Boston,MA,02108
10/8/15 0:00,11/14/23 10:30,11/14/27 10:27,GRAND GEMSTONE JEWELERY,JEWELERY,345 Washington ST,Boston,MA,02108
3/2/21 10:34,6/2/25 16:54,6/2/29 12:47,GRECO,RESTAURANT,1 Milk ST,Boston,MA,02108
7/20/16 11:26,,7/20/20 11:21,Green Room Boston,Hair Salon,40 River ST,Boston,MA,02108
9/23/15 0:00,8/28/23 15:31,8/28/27 15:30,GREEN ROOM BOSTON,HAIR SALON,40 River ST,Boston,MA,02108
2/22/23 11:41,,2/22/27 11:37,Green Tree Risk Partners,Insurance Agency Brokerage,44 School ST,Boston,MA,02108
2/28/22 13:27,,2/28/26 13:20,Gusto Platform Massachusetts,Payroll & HR,44 School ST,Boston,MA,02108
4/4/24 14:37,,4/4/28 14:34,GW & Wade at The Colony Group,Financial Services,201 Washington ST,Boston,MA,02108
3/20/15 0:00,1/23/23 10:04,1/23/27 10:02,H R JEWELERS,JEWELERY STORE,333 Washington ST,Boston,MA,02108
1/29/21 14:44,,1/29/25 14:40,Hadland Capital,investing,10 Otis PL,Boston,MA,02108
8/1/18 10:00,8/8/22 13:05,8/8/26 13:04,Hairdo's By Drew,Mobile Hair Dresser,30 Cornhill,Boston,MA,02108
12/16/24 15:25,,12/16/28 15:23,Halloran Associates,Consulting,130 Bowdoin ST,Boston,MA,02108
7/20/16 14:21,,,Hammond Residential Real Estate,,66 Beacon ST,Boston,MA,02108
9/17/13 0:00,4/2/25 15:53,4/2/29 15:47,HAMPSHIRE HOUSE,RESTAURANT/PUB,84 Beacon ST,Boston,MA,02108
8/20/15 0:00,7/25/23 12:08,7/25/27 12:06,HAPPY LEMON,FOOD COURT,417 Washington ST,Boston,MA,02108
4/13/23 15:44,,4/13/27 15:42,Happy Vui,Event Consult & Planning,1 Charles ST,Boston,MA,02108
2/26/18 16:06,1/8/26 15:59,1/8/30 15:16,Hartley Realty Group,Real Estate,1 Beacon ST,Boston,MA,02108
6/21/24 13:04,,6/21/28 13:00,HAULLA,IT SOLUTIONS,44 School ST,Boston,MA,02108
1/25/24 13:13,,1/25/28 12:56,Health Network One,Third Party Administrator,45 School ST,Boston,MA,02108
5/16/24 15:41,,5/16/28 15:38,Hearth & Hug Bakery,Bakery,100 Hanover ST,Boston,MA,02108
8/29/25 15:51,,8/29/29 15:48,HeelsFunding,Professional Fundraiser and Business Consultant,1 Washington Mall,Boston,MA,02108
5/17/23 12:53,,5/17/27 12:50,Helium Mobile,Decentralized Tele-Communications Network,44 School ST,Boston,MA,02108
9/2/25 16:44,,9/2/29 11:39,Helix Insurance Advisors,Insurance Sales Agency,44 School ST,Boston,MA,02108
11/3/25 11:27,,11/3/29 11:25,Hellium,Communications Network,44 School ST,Boston,MA,02108
5/12/17 11:05,,,Hello Mortgage,Mortgage Lending,44 School ST,Boston,MA,02108
2/19/20 12:10,2/15/24 13:21,2/15/28 11:18,Hellospoke,Telecommunications,45 School ST,Boston,MA,02108
1/16/14 0:00,,1/16/18 0:00,HELP ME HOLLY,PERSONAL CONCIERGE SERVICE,45 Province ST,Boston,MA,02108
9/16/14 0:00,,9/16/18 0:00,HELP ME HOLLY,WITHDRAWAL 1/16/2014,45 Province ST,Boston,MA,02108
4/14/22 13:06,,4/14/26 12:34,Helt Design,Architectural Services,44 School ST,Boston,MA,02108
9/17/21 11:03,8/22/25 15:27,8/22/29 0:00,Hennessy's of Boston,Restaurant/bar,25 Union ST,Boston,MA,02108
9/10/20 14:31,10/17/24 14:13,10/17/28 14:10,HEPBURN HOMES,REAL ESTATE INVESTMENT,35 Beacon ST,Boston,MA,02108
10/4/13 0:00,,10/4/17 0:00,HERBAL HEALING CENTER,MESSAGE PALOR,101 Tremont ST,Boston,MA,02108
12/17/13 0:00,,12/17/17 0:00,HERBAL HEALING CENTER,WITHDRAWAL (10/4/13),101 Tremont ST,Boston,MA,02108
12/17/13 0:00,,12/17/17 0:00,HERBAL HEALING CENTER,MESSAGE PALOR,101 Tremont ST,Boston,MA,02108
12/20/13 0:00,,12/20/17 0:00,HERBAL HEALING CENTER,WITHDRAWAL (12/17/13),101 Tremont ST,Boston,MA,02108
10/2/13 0:00,,10/2/17 0:00,HERBAL HEALING CENTER,WITHDRAWAL (1/20/2012),101 Tremont ST,Boston,MA,02108
6/26/19 14:48,9/25/23 11:52,9/25/27 11:49,Hercules Laundry,Route Operating Laundry,44 School ST,Boston,MA,02108
12/31/15 0:00,11/6/23 15:42,11/6/27 12:50,HERITAGE MUSICAL INSTRUMENT AGENCY,INSURANCE SALES,44 School ST,Boston,MA,02108
9/20/22 15:05,,9/20/26 15:02,HiARCHi Collaborative,Architectural Design,36 Province ST,Boston,MA,02108
3/9/18 11:57,,3/9/22 11:56,High Spot Deli,Restaurant,10 Beacon ST,Boston,MA,02108
8/6/25 11:57,,8/6/29 11:50,HIGH TECH NAILS & SKIN SALON,Nail Shop,39 Bromfield ST,Boston,MA,02108
9/26/16 10:57,,,Highball Lounge,Hotel/Lounge,90 Tremont ST,Boston,MA,02108
6/26/25 13:31,,6/26/29 13:17,Highland Mortgage,Mortgage Broker / Lender,44 School ST,Boston,MA,02108
12/10/19 12:13,,12/10/23 12:11,HIGHSCOPE EDUCATIONAL RESEARCH,SOFTWARE,45 School ST,Boston,MA,02108
7/3/18 12:12,,7/3/22 12:11,Hill Law,Law Firm,6 Beacon ST,Boston,MA,02108
7/3/18 12:56,5/24/23 13:14,5/24/27 13:12,Hindsight,Education Technology,100 Cambridge ST,Boston,MA,02108
5/13/22 13:49,,5/13/26 12:12,HISSHO SUSHI inside SUFFOLK UNIVERSITY -1 COURT,Wholesale Sushi Vendor,1 Court ST,Boston,MA,02108
5/13/22 13:48,,5/13/26 12:15,HISSHO SUSHI inside SUFFOLK UNIVERSITY -SARGENT HALL,Wholesale Sushi Vendor,120 Tremont ST,Boston,MA,02108
9/26/18 11:45,,9/26/22 11:43,HKTC,Entertainment Production,44 School ST,Boston,MA,02108
10/28/24 11:25,,10/28/28 11:24,HMA Mortgage,Mortgage Lending,45 School ST,Boston,MA,02108
10/28/24 11:23,,10/28/28 11:18,Holland Mortgage Advisors,Mortgage Lending,45 School ST,Boston,MA,02108
12/31/24 15:14,,12/31/28 15:13,Holy Trinity Shop,E-Commerce,31 Brimmer ST,Boston,MA,02108
6/1/22 13:59,,6/1/26 11:10,Home and Auto Marketplace,Insurance,44 School ST,Boston,MA,02108
10/25/18 15:07,,10/25/22 14:55,Home Goods #832,Retail,350 Washington ST,Boston,MA,02108
4/11/25 10:49,,4/11/29 10:48,Home Instead,Home Care Agency,6 Beacon ST,Boston,MA,02108
7/12/23 13:46,,7/12/27 12:50,homecoin.com,Real Estate,44 School ST,Boston,MA,02108
10/29/18 13:54,,10/29/22 13:53,HomeFundlt,Mortgage Lender,44 School ST,Boston,MA,02108
9/22/25 17:23,,9/22/29 14:51,HOMESPIRE HOME LOANS,mortgage lending,45 School ST,Boston,MA,02108
4/25/16 0:00,9/4/24 14:59,9/4/28 14:57,HOMSY JEWELERS,RETAIL,333 Washington ST,Boston,MA,02108
3/8/13 0:00,,3/8/17 0:00,HONG KONG MASSAGE & BODYWORKS,REFLEXOLOGY & BODYWORKS,333 Washington ST,Boston,MA,02108
3/13/13 0:00,,3/13/17 0:00,HONG KONG MASSAGE & BODYWORKS,WITHDRAWAL (3/8/2013),333 Washington ST,Boston,MA,02108
7/17/13 0:00,,7/17/17 0:00,HONG KONG STYLE BODYWORK,WITHDRAWAL(3/13/2013),333 Washington ST,Boston,MA,02108
3/13/13 0:00,,3/13/17 0:00,HONG KONG STYLE BODYWORK,REFLEXOLOGY & BODYWORK,333 Washington ST,Boston,MA,02108
12/5/22 13:31,,12/5/26 13:28,Hotel AKA Boston Common,Hospitality,90 Tremont ST,Boston,MA,02108
11/8/21 14:04,,11/8/25 11:54,Hourglass Collaborative,Retail consulting publishing,24 School ST,Boston,MA,02108
4/11/24 11:55,,4/11/28 11:54,House of Jewelry,Jewelry Store,345 Washington ST,Boston,MA,02108
6/22/16 0:00,9/5/24 14:04,9/5/28 14:02,HRAIR ZARGARIAN JEWELRY,JEWELRY,333 Washington ST,Boston,MA,02108
11/30/23 11:33,,11/30/27 11:31,Hsuanyeh Realty,Real Estate Brokerage,11 Beacon ST,Boston,MA,02108
7/11/17 13:20,10/26/22 12:07,10/26/26 11:58,HUb Pub,Restaurant/Pub,18 Province ST,Boston,MA,02108
10/31/22 15:30,,10/31/26 15:28,HUB TOWN TOURS,WALKING TOUR OPERATOR,7 Marshall ST,Boston,MA,02108
8/23/22 11:17,,8/23/26 11:15,IANNELLA AND MUMMOLO,LAW OFFICES,55 Court ST,Boston,MA,02108
1/26/22 15:58,1/9/26 15:47,1/9/30 14:22,ICE Currency Services USA,Money Services Business,44 School ST,Boston,MA,02108
1/16/26 14:07,,1/16/30 14:05,Ideation Architects,Architecture Firm,44 School ST,Boston,MA,02108
10/18/23 14:42,,10/18/27 14:40,Iftin Express,Money Transimitter,44 School ST,Boston,MA,02108
1/6/20 14:16,1/8/24 13:33,1/8/28 11:56,iHome Mortgage,Mortgage and Nonmortgage Loan Brokers,44 School ST,Boston,MA,02108
7/3/25 13:20,,7/3/29 12:51,IIS Insurance Agency,Insurance Sales/Marketing,44 School ST,Boston,MA,02108
7/7/25 13:48,,7/7/29 13:45,illuno,Security Marketplace App,44 School ST,Boston,MA,02108
10/31/19 9:41,,10/31/23 9:38,Imc North America,Healthcare Advertising,1 Boston PL,Boston,MA,02108
12/3/13 0:00,12/20/21 14:56,12/20/25 11:36,IMORTGAGE,RESIDENTIAL MORTGAGE LENDING - CH 227 SEC 5A,44 School ST,Boston,MA,02108
7/11/22 14:32,,7/11/26 14:28,IMPACT VITALS,MEDICAL DEVICE AND WEARABLE TECHNOLOGY,1 Beacon ST,Boston,MA,02108
8/17/22 14:10,,8/17/26 14:08,Impression Impact,Interior Design,21 Beacon ST,Boston,MA,02108
4/26/18 14:06,,4/26/22 13:15,INDOOR ENVIRONMENTAL SERVICES,ENERGY MANAGEMENT SERVICES,44 School ST,Boston,MA,02108
2/23/23 13:43,,2/23/27 13:41,Inicio Psychiatry,Mental Health Provider,1 Boston PL,Boston,MA,02108
4/12/19 14:42,,4/12/23 14:39,Innovative DOMEX Solutions,DEA Investigate Analysts,15 Sudbury ST,Boston,MA,02108
4/28/16 0:00,,4/28/20 0:00,INNPAYMENT,WITHDRAWAL 3/2/2016,44 School ST,Boston,MA,02108
3/2/16 0:00,,3/2/20 0:00,INNPAYMENT,PAYMENT SERVICE PROVIDER,44 School ST,Boston,MA,02108
5/8/19 14:41,,5/8/23 12:21,Insomnia Cookies,Retail Bakery,61 Bromfield ST,Boston,MA,02108
5/13/24 15:44,,5/13/28 14:20,InSource Life and Annuity Sales,Insurance,44 School ST,Boston,MA,02108
9/23/24 11:49,,9/23/28 11:47,Inspire Placemaking Collective,Consulting Services,6 Beacon ST,Boston,MA,02108
2/12/18 16:15,5/17/22 14:33,5/17/26 14:27,Instacart,Grocery Delivery Service,1 Bromfield ST,Boston,MA,02108
10/15/13 0:00,8/28/25 17:29,8/28/29 14:02,INSTITUTE FOR CLINICAL AND ECONOMIC REVIEW,NON-PROFIT,14 Beacon ST,Boston,MA,02108
4/3/18 12:15,,4/3/22 12:13,INSURANCE SALES,INSURANCES SALES,44 School ST,Boston,MA,02108
5/23/23 14:50,,5/23/27 13:06,Insurepro,Insurance Sales/Marketing,44 School ST,Boston,MA,02108
10/3/23 13:53,,10/3/27 12:50,Integra Insurance Services,Insurance Sales/Marketing,44 School ST,Boston,MA,02108
1/12/16 0:00,2/5/24 8:38,2/5/28 8:37,INTERNATIONAL EXCHANGE,JEWELRY WHOLESALE/RETAIL,333 Washington ST,Boston,MA,02108
2/6/17 14:42,,,INTERNATIONAL INSTITUTE OF BOSTON,SOCIAL SERVICE AGENCY,1 Milk ST,Boston,MA,02108
2/6/17 14:33,,,INTERNATIONAL INSTITUTE OF NEW ENGLAND,SOCIAL SERVICE AGENCY,1 Milk ST,Boston,MA,02108
12/27/18 13:20,,12/27/22 13:17,Interpretek,American Sign Language Interp,44 School ST,Boston,MA,02108
8/10/16 16:26,,8/10/20 16:24,INTERTEXTUM,FILM,93 Beacon ST,Boston,MA,02108
6/1/23 9:36,,6/1/27 9:30,INV USA,Wholesaler of LED drivers and related electronic components,45 School ST,Boston,MA,02108
5/29/24 12:08,,5/29/28 12:07,ISSUES MANAGEMENT GROUP,PUBLIC RELATIONS,30 Winter ST,Boston,MA,02108
11/15/24 12:30,,11/15/28 12:29,ISTANBUL DONER BURRITO DOWNTOWN CROSSING,Fast Food Restaurant,417 Washington ST,Boston,MA,02108
1/22/18 12:23,12/15/25 16:25,12/15/29 14:25,Ivy Direct,Residential Mortgage Lending,44 School ST,Boston,MA,02108
8/8/16 13:04,9/10/24 12:17,9/10/28 12:16,J & T Associates,Wholesale Gold Buyers,333 Washington ST,Boston,MA,02108
5/15/14 0:00,3/7/25 11:51,3/7/29 11:38,J AND A JEWELRY,JEWELRY,345 Washington ST,Boston,MA,02108
11/16/15 0:00,4/5/24 13:42,4/5/28 13:41,J MCLAUGHLIN,RETAIL CLOTHING,34 Charles ST,Boston,MA,02108
9/29/22 13:57,,9/29/26 13:35,J. T. MILLER COMPANY,INSURANCE AGENCY,44 School ST,Boston,MA,02108
6/4/18 16:10,,6/4/22 15:26,j.s held,Construction Consulting,100 Cambridge ST,Boston,MA,02108
11/26/12 0:00,,11/26/16 0:00,JAB STAB PRODUCTION,FILM PRODUCTION,101 Tremont ST,Boston,MA,02108
12/28/12 0:00,,12/28/16 0:00,JAB STAB PRODUCTION,WITHDRAWAL,101 Tremont ST,Boston,MA,02108
8/27/18 11:09,,8/27/22 11:08,JAC FINANCIAL,Financial,1 Beacon ST,Boston,MA,02108
5/4/21 13:27,,5/4/25 13:24,JACK & ANNIE'S,PACKAGED FOODS-GOODS,44 School ST,Boston,MA,02108
9/24/19 11:52,,9/24/23 9:50,Jack Doheny Company,Selling & renting various trucks,45 School ST,Boston,MA,02108
4/11/22 14:54,3/19/26 14:57,3/19/30 14:54,James F. Franco Insurance Agency,Insurance Agency,44 School ST,Boston,MA,02108
3/6/17 12:38,2/26/25 16:15,2/26/29 15:06,JAMS ADR Services,Arbitration and Mediation Services,201 Washington ST,BOSTON,MA,02108
9/4/19 12:41,,9/4/23 12:40,Janet K. Hunkel,Short Term Rental,36 River ST,Boston,MA,02108
4/6/17 12:05,5/5/25 16:17,5/5/29 16:08,JD CONSULTING,"PUBLIC RELATIONS, MARKTING",45 School ST,Boston,MA,02108
8/1/24 15:19,,8/1/28 15:18,Jennifer Rand Fine Art and Design,Art and Interior Design,44 Chestnut ST,Boston,MA,02108
1/24/18 16:42,1/6/26 14:04,1/6/30 14:02,Jewel Theory,Jewelry,333 Washington ST,Boston,MA,02108
8/8/24 14:39,,8/8/28 14:37,Jewelry By James,Retail,333 Washington ST,Boston,MA,02108
5/30/24 13:22,,5/30/28 13:20,Joel Schwartz Injury & Accident Lawyers,Law Firm,1 Washington MA,Boston,MA,02108
5/30/24 13:22,,5/30/28 13:19,Joel Schwartz Injury & Accident Lawyers-Boston,Law Firm,1 Washington MA,Boston,MA,02108
4/11/18 16:37,7/29/22 15:06,7/29/26 15:04,John F. Drewry Attorney At Law,Attorney,40 Court ST,Boston,MA,02108
8/18/21 12:58,,8/18/25 12:57,Jonathan Diamond Designs,Interior Design,101 Mount Vernon ST,Boston,MA,02108
5/4/17 12:43,5/19/25 15:11,5/19/29 11:54,JOSEPH D WALTERS INSURANCE,INSURANCE,44 School ST,Boston,MA,02108
2/11/14 0:00,1/7/26 10:25,1/7/30 10:24,JOSEPH GANN JEWELERS,RETAIL JEWELRY,387 Washington ST,Boston,MA,02108
9/22/25 17:26,,9/22/29 13:35,Journey Lending,mortgage lending,45 School ST,Boston,MA,02108
1/3/24 10:51,,1/3/28 10:23,Journey Lending,Mortgage Lending,45 School ST,Boston,MA,02108
2/11/19 15:18,1/30/23 15:16,1/30/27 12:59,JP Morgan Chase Bank,Federally chartered financial instituation,425 Washington ST,Boston,MA,02108
6/25/25 10:09,,6/25/29 10:06,JS WATCH CO,WATCH REPAIR,345 Washington ST,Boston,MA,02108
2/11/26 15:28,,2/11/30 15:24,JTC Jewelry & Design,Jewelry,365 Washington ST,Boston,MA,02108
5/24/16 0:00,5/2/24 11:10,5/2/28 11:09,K Q JEWELRY,JEWELRY,365 Washington ST,Boston,MA,02108
5/17/18 16:18,5/18/22 12:33,5/18/26 12:31,Kala Thai Cookery,Restaurant,120 Blackstone ST,Boston,MA,02108
10/26/22 13:52,,10/26/26 13:51,Kami Fine Jewelry,Custom Jewelry,333 Washington ST,Boston,MA,02108
10/5/23 11:52,,10/5/27 11:50,Kaplan International Languages,Language School,11 Beacon ST,Boston,MA,02108
9/21/21 11:59,,9/21/25 11:58,KASHVI SHENAYA VARIETY,Convenience Store,8 Beacon ST,Boston,MA,02108
11/24/21 10:29,11/21/25 14:36,11/21/29 12:05,Katherine Houston Porcelain,Art,101 Chestnut ST,Boston,MA,02108
6/3/25 8:46,,6/3/29 8:33,Kaufman Commerical,Insurance Sales and Marketing,44 School ST,Boston,MA,02108
10/31/23 11:51,,10/31/27 11:48,KAYS CURRIES,Meal kit,100 Hanover ST,Boston,MA,02108
5/8/24 13:07,,5/8/28 10:46,KB Financial Partners,Licensed Insurance Agency,44 School ST,Boston,MA,02108
8/5/25 16:27,,8/5/29 15:36,Kb3 Advisors,Spa,44 School ST,Boston,MA,02108
2/12/21 12:59,3/19/25 11:00,2/14/29 0:00,KC JEWELRY,jewelry,333 Washington ST,Boston,MA,02108
3/13/23 13:27,,3/13/27 12:56,Keller Home Loans,Mortgage Lending,44 School ST,Boston,MA,02108
2/28/17 13:14,6/25/21 14:20,6/25/25 14:15,KELLER MORTGAGE,MORTGAGE ORIENTATION,45 School ST,Boston,MA,02108
11/19/14 0:00,1/10/23 11:11,1/10/27 11:10,KEVORK'S FINE SETTTING,JEWELRY REPAIRS,333 Washington ST,Boston,MA,02108
2/15/19 11:45,2/6/23 12:33,2/6/27 12:32,KEY Discovery,Litigation Support,40 Court ST,Boston,MA,02108
7/19/16 9:39,8/24/22 8:47,8/24/26 8:39,Key Works,Key Shop/Lottery/Cigarettes,235 Washington ST,Boston,MA,02108
2/27/25 9:43,,2/27/29 9:30,Keyvoice.net,Communications,44 School ST,Boston,MA,02108
1/30/17 9:29,,,K-Horn's Jewelry,Jewelry,339 Washington ST,Boston,MA,02108
6/18/15 0:00,4/25/23 12:06,4/25/27 12:04,KIM FOSTER ACUPUNCTURE,ACUPUNCTURE THERAPY,1 Walnut ST,Boston,MA,02108
7/12/21 11:13,,7/12/25 11:10,Kimberlee Cortes Coaching,life coaching,1 Washington MA,Boston,MA,02108
1/11/18 15:33,12/21/21 10:59,12/21/25 10:11,KINDERCARE,CHILD DAY CARE,44 School ST,Boston,MA,02108
12/31/15 0:00,1/29/24 12:16,1/29/28 12:14,KING FRAME,PICTURE FRAMING,4 Bromfield ST,Boston,MA,02108
12/5/24 17:00,,12/5/28 13:10,King III Emergency Communications,Emergency Communications,44 School ST,Boston,MA,02108
2/4/20 12:14,,2/4/24 10:54,Kings Insurance,"Insurance, Benefits, Education",44 School ST,Boston,MA,02108
6/2/25 15:50,,6/2/29 15:47,Kittelson & Associates,Corporation,1 Beacon ST,Boston,MA,02108
10/17/25 15:35,,10/17/29 13:30,Koons Gas Measurement,Sales of Gas measurment and Regulation Equipment,44 School ST,Boston,MA,02108
10/25/23 10:22,,10/25/27 10:19,Kopius,Software Development Services,45 School ST,Boston,MA,02108
2/3/17 11:54,10/24/25 14:03,10/24/29 14:01,Kotoni Law Office,Legal Services,1 Boston PL,Boston,MA,02108
1/12/15 0:00,4/10/23 14:14,4/10/27 12:33,KOY,RESTAURANT,16 North ST,Boston,MA,02108
1/5/15 0:00,4/22/25 9:57,4/22/29 9:56,KUNG FU VIDEO AND DVD,RETAIL,365 Washington ST,Boston,MA,02108
11/3/23 12:55,,11/3/27 12:52,KZ BUILDERS,Real Estate Developer,10 Tremont ST,Boston,MA,02108
12/20/23 14:53,,12/20/27 14:52,Lam's Jewelry,Jewelry Repair,333 Washington ST,Boston,MA,02108
2/20/20 15:20,2/21/24 12:56,2/21/28 11:54,Lathrop GPM,Law Firm,28 State ST,Boston,MA,02108
7/23/18 9:59,,7/23/22 9:58,Law Of Pasta,Food Service,100 Hanover ST,Boston,MA,02108
1/12/15 0:00,12/15/22 11:11,12/15/26 11:08,LAW OFFICE OF EDWARD ELIOT,LEGAL SERVICES,10 Tremont ST,Boston,MA,02108
9/19/23 10:49,,9/19/27 10:47,Law Office of Gayle S Ghiteman,Law Practice,6 Beacon ST,Boston,MA,02108
7/30/19 15:40,9/21/23 14:11,9/21/27 11:09,Law Office of Matthew W Peterson,Attorney,55 Union ST,Boston,MA,02108
3/26/20 14:01,5/22/24 12:54,5/22/28 12:52,Law Office Of Natalia Kolyada,Law Firm,201 Washington ST,Boston,MA,02108
8/29/14 0:00,8/22/22 15:41,8/22/26 12:23,LAW OFFICE OF STEPHANIE BIGGS,LAW OFFICE,37 Beacon ST,Boston,MA,02108
2/5/18 11:53,2/2/26 14:13,2/2/30 13:27,Law Office of Thomas R. Davis,Law Office,1 Boston PL,Boston,MA,02108
6/1/22 13:57,,6/1/26 13:55,Law Offices of Marcel J. Murad,Law Office,6 Beacon ST,Boston,MA,02108
11/27/20 12:57,4/30/25 10:25,4/30/29 10:22,Law Offices of Stephen Neyman Criminal Lawyers,criminal defense law firm,10 Tremont ST,Boston,MA,02108
5/9/16 0:00,3/5/25 11:00,3/5/29 10:58,LAWRENCE'S JEWELRY DESIGN & REPAIR,JEWELRY DESIGN 81 REPAIR,333 Washington ST,Boston,MA,02108
12/9/19 13:20,,12/9/23 11:53,LCS Woburn Venture,Senior Living,45 School ST,Boston,MA,02108
5/6/22 13:01,,5/6/26 11:55,LDWHOLESALE,RESIDENTIAL MORTGAGE LENDING,44 School ST,Boston,MA,02108
1/28/21 13:28,3/7/25 15:28,3/7/29 15:26,Le Paris Flower Market,Florist,1 Washington MA,Boston,MA,02108
12/27/18 9:45,,12/27/22 9:43,LEbowitz-Aberly Family Foundation,Foreign Non -Profit,44 School ST,Boston,MA,02108
3/11/20 10:01,,3/11/24 9:56,Legacy Financial Group,Financial Advisor,1 Beacon ST,Boston,MA,02108
5/21/19 14:57,,5/21/23 14:03,LENDEDU,Insurance Sales/ Marketing,44 School ST,Boston,MA,02108
10/21/20 11:32,1/6/25 16:11,1/6/29 12:06,Level Debt,Financial Services,44 School ST,Boston,MA,02108
2/24/20 14:02,3/20/24 15:39,3/20/28 15:34,Level Lending,Consumer Lending,44 School ST,Boston,MA,02108
6/10/22 12:42,,6/10/26 12:34,LEXITAS,"COURT REPORTING, TRANSCRIPTION AND RECORDS",44 School ST,Boston,MA,02108
7/17/23 15:39,,7/17/27 15:38,LEXRIA,Software,72 Mount Vernon ST,Boston,MA,02108
10/20/17 15:39,10/30/25 16:01,10/30/29 13:01,Liberty Travel,Travcel Agency,41 Winter ST,Boston,MA,02108
5/20/24 14:15,,5/20/28 8:18,LibertyPay,Money Service Business,44 School ST,Boston,MA,02108
5/30/24 14:27,,5/30/28 14:25,Lighthouse Wealth Advisory,Wealth Management,1 Beacon ST,Boston,MA,02108
3/25/26 13:14,,3/25/30 13:11,LightReach,A Clean Technology Transaction Marketplace,45 School ST,Boston,MA,02108
10/18/22 13:11,,10/18/26 13:09,Lightspeed Deliveries,Delivery Services,1 Washington MA,Boston,MA,02108
9/6/22 14:35,,9/6/26 14:11,Limit,Insurance Sales/Marketing,44 School ST,Boston,MA,02108
4/7/14 0:00,4/4/22 14:00,4/4/26 12:11,LINENS ON THE HILL,RETAIL,52 Charles ST,Boston,MA,02108
2/22/16 0:00,2/21/20 14:49,2/21/24 14:47,LIONHILL II ASSOCIATES,MANAGEMENT CONSULTANCY,50 Pinckney ST,Boston,MA,02108
6/23/22 11:13,,6/23/26 11:11,Livian Mortgage,Mortgage Origination,45 School ST,Boston,MA,02108
7/31/24 16:49,,7/31/28 9:03,LLH Healthcare,Insurance,44 School ST,Boston,MA,02108
10/23/23 10:00,,10/23/27 9:57,LND Technical Services,Electrical Engineering,44 School ST,Boston,MA,02108
7/23/19 14:54,,7/23/23 14:26,Loan Surfer,Mortgage Lending Services,10 School ST,Boston,MA,02108
3/12/18 12:48,3/12/26 16:10,3/12/30 12:55,LOANDEPOT,RESIDENTIAL MORT LENDING,44 School ST,Boston,MA,02108
3/12/18 12:49,3/12/26 16:08,3/12/30 13:00,LOANDEPOT.com,RESIDENTIAL MORT LENDING,44 School ST,Boston,MA,02108
12/16/20 16:30,1/7/25 15:28,1/7/29 15:27,loanosity,Unsecured Personal Loans,45 School ST,Boston,MA,02108
10/18/18 14:32,,10/18/22 14:31,LoanSnap,Mortgage Lender/Broker,44 School ST,Boston,MA,02108
9/23/25 16:25,,9/23/29 16:22,LogicomUSA,Broaband/ Communication Information,44 School ST,Boston,MA,02108
7/25/25 9:20,,7/25/29 9:16,LogicomUSA,Communications,44 School ST,Boston,MA,02108
7/21/21 13:26,,7/21/25 10:06,Long Home Products,home improvement,44 School ST,Boston,MA,02108
10/31/22 13:49,,10/31/26 12:11,Long View Leadership,Coaching,80 Beacon ST,Boston,MA,02108
9/24/15 0:00,11/22/19 16:23,11/22/23 16:22,LOUISBURG PROPERTIES,REAL ESTATE,112 Pinckney ST,Boston,MA,02108
3/28/23 12:27,,3/28/27 12:24,Loyal Nine,Restaurant,17 Union ST,Boston,MA,02108
4/16/19 15:52,2/9/23 15:56,2/9/27 15:49,LRS Healthcare,Nurse Staffing,44 School ST,Boston,MA,02108
6/13/22 10:42,,6/13/26 10:38,Lucia's Consulting Services,Consulting Services,1 Washington MA,Boston,MA,02108
11/27/24 14:39,,11/27/28 14:36,Lugless,Travel Services,24 School ST,Boston,MA,02108
8/12/20 13:28,,8/12/24 11:12,LugLess,Travel Services,1 Beacon ST,Boston,MA,02108
3/31/25 10:26,,3/31/29 10:17,Lumca,Sale Representation,14 Beacon ST,Boston,MA,02108
3/31/25 10:26,,3/31/29 10:22,Lumenpulse,Sale Representation,14 Beacon ST,Boston,MA,02108
1/23/25 14:45,,1/23/29 11:59,Lumion,Software as a Service,44 School ST,Boston,MA,02108
9/7/21 15:06,9/26/25 12:21,9/26/29 12:19,Lunavii,livery,1 Washington MA,Boston,MA,02108
9/16/22 13:23,,9/16/26 13:23,LUXURY BY LUNDUN,Jewelry,345 Washington ST,Boston,MA,02108
2/28/20 16:21,,2/28/24 16:17,Luxury Matchmaking Services,Matchmaking services,100 Cambridge ST,Boston,MA,02108
6/5/20 15:23,9/16/24 16:14,9/16/28 13:29,Lyon's Money Transfer,Money transmitter,44 School ST,Boston,MA,02108
2/28/18 15:05,4/28/22 15:40,4/28/26 11:30,Lyra Administrative Services,Third Party Administrator,44 School ST,Boston,MA,02108
1/29/19 13:53,,1/29/23 13:51,M Sushi Cafe,Cafe,24 Tremont ST,Boston,MA,02108
9/22/14 0:00,10/19/22 15:17,10/19/26 14:58,M&R STRATEGIC SERVICES,BUSINESS SERVICES/CONSULTING,9 Hamilton PL,Boston,MA,02108
7/27/23 11:40,,7/27/27 11:33,M3 TECHNOLOGY INSURANCE SERVICES,INSURANCE SALES,44 School ST,Boston,MA,02108
10/5/17 12:46,10/9/25 15:45,10/9/29 15:31,MagnifyMoney,Finanical Website,44 School ST,Boston,MA,02108
1/2/25 12:24,,1/2/29 12:23,Maid Relief Cleaning Services,House Cleaning,44 School ST,Boston,MA,02108
9/22/25 17:28,,9/22/29 13:00,Main Street Home Loans,mortgage lending,45 School ST,Boston,MA,02108
2/23/21 13:44,,2/23/25 13:38,Make Manage Grow Money,sales & marketing consulting and personal financial mentoring,1 Washington MA,Boston,MA,02108
10/6/15 0:00,8/18/23 10:22,8/18/27 10:22,MANHATTAN JEWELERY,JEWELERY STORE,345 Washington ST,Boston,MA,02108
7/16/24 14:51,,7/16/28 14:48,Maola,sales,44 School ST,Boston,MA,02108
2/22/16 0:00,6/18/24 13:08,6/18/28 11:33,MARGARET O'LEARY,RETAIL WOMENS APPAREL,49 Charles ST,Boston,MA,02108
2/29/24 13:30,,2/29/28 13:25,MARIE ROSE,Hair styling,37 Charles ST,Boston,MA,02108
6/30/22 15:40,,6/30/26 15:35,Marigold Health,Technology,55 Court ST,Boston,MA,02108
4/19/22 9:45,,4/19/26 9:37,"MARK D. COOPER, ATTORNEY AT LAW",LAW OFFICE,45 School ST,Boston,MA,02108
5/4/15 0:00,5/2/23 11:56,4/27/27 0:00,MARKAR JEWELERS,BENCH JEWELER,333 Washington ST,Boston,MA,02108
8/28/13 0:00,10/22/25 12:22,10/22/29 12:20,MARSHALLS #660,RETAIL,350 Washington ST,Boston,MA,02108
4/25/24 12:34,,4/25/28 12:27,MASS RETIRES,Non-Profit,11 Beacon ST,Boston,MA,02108
2/12/16 0:00,4/9/20 10:12,2/10/24 0:00,MASSACHUSETTS PETROLEUM COUNCIL,TRADE ASSOCIATION,11 Beacon ST,Boston,MA,02108
8/16/18 13:24,9/20/22 13:10,9/20/26 13:10,Massachusetts Workforce Association,Association,40 Court ST,Boston,MA,02108
1/19/18 15:09,2/18/26 15:15,2/18/30 15:14,Massage Therapy of Boston,Massage Therapy,55 Court ST,Boston,MA,02108
11/25/14 0:00,10/3/22 13:59,10/3/26 13:56,MAST RESTAURANT & DRINKERY,RESTAURANT,45 Province ST,Boston,MA,02108
3/16/26 15:01,,3/16/30 15:00,Matcha & Me Massage Studio,Massage Therapy,55 Court ST,Boston,MA,02108
11/29/19 15:44,12/27/23 14:37,12/27/27 14:36,Maura Greene Law Group,Law Firm,6 Beacon ST,Boston,MA,02108
9/14/17 14:27,12/9/21 12:50,12/9/25 12:38,MAVENCARE,HOME CARE SERVICES,1 Beacon ST,Boston,MA,02108
3/25/19 15:41,,3/25/23 12:08,Maxi Money Services,Money Transmitter,44 School ST,Boston,MA,02108
3/25/19 15:41,,3/25/23 12:07,Maxi-MS,Money Transmitter,44 School ST,Boston,MA,02108
10/26/23 13:48,,10/26/27 13:46,MaxiSend,Money Transmitter,44 School ST,Boston,MA,02108
3/18/13 0:00,,3/18/17 0:00,MAX'S SHOE REPAIR,WITHDRAWAL (11/05/2010),54 Province ST,Boston,MA,02108
5/2/23 15:54,,5/2/27 15:51,Maxsip Tel,Telecom,44 School ST,Boston,MA,02108
3/4/24 10:07,,3/4/28 8:12,Maxsip Telecom,Telecom,44 School ST,Boston,MA,02108
12/14/18 13:26,,12/14/22 11:56,MBOC Home Loans,Real Estate Finance,44 School ST,Boston,MA,02108
1/9/24 13:22,,1/9/28 13:16,McClure,Engineering Services,44 School ST,Boston,MA,02108
11/5/24 16:55,,11/5/28 16:53,MCG,Consulting,24 School ST,Boston,MA,02108
7/5/19 14:25,6/28/23 15:56,6/28/27 15:11,McGlinchey Stafford,Law Firm,1 Beacon ST,Boston,MA,02108
8/28/15 0:00,7/7/23 13:39,7/7/27 13:33,MCGLONE MORTGAGE GROUP,MORTGAGE LENDER,44 School ST,Boston,MA,02108
8/27/18 16:28,8/16/22 12:17,8/16/26 10:33,MCGOWAN COROPORATE REAL ESTATE ADVISORS,COMMERCIAL REAL ESTATE BROKER,44 School ST,Boston,MA,02108
10/29/24 16:18,,10/29/28 16:15,McGrath Private Client Insurance Services,Insurance Sales and Marketing,44 School ST,Boston,MA,02108
9/4/18 14:50,,9/4/22 14:49,McGuirk Management,Personal Organization Service,122 Bowdoin ST,Boston,MA,02108
10/3/16 11:38,9/30/24 14:44,9/30/28 11:28,MCLANE LAW,LAW FIRM,45 School ST,Boston,MA,02108
10/3/16 11:43,9/30/24 14:19,9/30/28 11:32,MCLANE MIDDLETON,LAW FIRM,45 School ST,Boston,MA,02108
2/1/19 14:32,2/9/23 14:04,2/9/27 13:28,MCM Capital Solutions,Mortgage Lender / Broker,44 School ST,Boston,MA,02108
4/20/18 14:27,,4/20/22 14:22,MCM Mortgage Lenders,Mortgage Lender/Broker,44 School ST,Boston,MA,02108
10/8/19 11:20,,10/8/23 10:54,Meadowbrook Financial,Mortgage Banker,44 School ST,Boston,MA,02108
3/2/26 13:30,,3/2/30 13:26,Measured Miles Travel,Travel Advisor,20 Lime ST,Boston,MA,02108
10/2/25 14:01,,10/2/29 12:45,Medalist RX,Pharmacy Benefit Manager,44 School ST,Boston,MA,02108
10/5/15 0:00,10/9/19 13:50,10/9/23 13:49,MEDICAL RECORDS ONLINE,MEDICAL RECORDS PROCESSING,45 School ST,Boston,MA,02108
1/26/21 12:28,,1/26/25 12:27,Mei Illustrations,art and design,1 Washington MA,Boston,MA,02108
5/19/22 11:31,,5/19/26 11:27,mello,Residential Mortgage Lending,44 School ST,Boston,MA,02108
1/18/19 11:46,,1/18/23 11:39,Mellon,Asset Management,1 Boston PL,Boston,MA,02108
11/7/22 12:16,,11/7/26 12:15,Melly Media Co,Social Media Marketing and Branding,1 Washington MA,Boston,MA,02108
6/23/23 12:35,,6/23/27 12:29,Melon,Payment Services,44 School ST,Boston,MA,02108
6/23/23 12:35,,6/23/27 12:26,Melon Pay,Payment Services,44 School ST,Boston,MA,02108
5/13/19 12:41,,5/13/23 12:14,Melwood Global,Strategic Communications,8 Beacon ST,Boston,MA,02108
12/19/18 11:05,11/29/22 10:36,11/29/26 10:35,Mentor Foundry,Startup Consulting,4 Cedar ST,Boston,MA,02108
7/9/25 13:56,,7/9/29 12:07,MEP,Mortgage Lending,44 School ST,Boston,MA,02108
2/1/23 15:37,,2/1/27 15:30,Merlin Asset Management,Investment Management,1 Boston PL,Boston,MA,02108
10/4/21 14:30,,10/4/25 11:20,Metasure,Insurance Sales/Marketing,44 School ST,Boston,MA,02108
10/7/21 14:00,7/28/25 17:21,7/28/29 14:48,METRO ELEVATOR,ELEVATOR MAINTENANCE,44 School ST,Boston,MA,02108
11/21/22 15:38,,11/21/26 13:40,MGI RISK ADVISORS,INSURANCE SALES/MARKETING,44 School ST,Boston,MA,02108
3/7/14 0:00,3/9/26 16:14,1/30/30 16:14,MH JEWELERS,DIAMOND SETTING &REPAIRS,333 Washington ST,Boston,MA,02108
7/12/21 12:02,7/21/25 13:21,7/21/29 11:16,MHH Insurance Agency,Insurance Sales/Marketing,44 School ST,Boston,MA,02108
1/24/24 13:20,,1/24/28 13:19,Michael R. Goggin Law,Law Firm,100 Cambridge ST,Boston,MA,02108
6/26/18 12:49,,6/26/22 12:48,Mike Setter,Jewelry,333 Washington ST,Boston,MA,02108
5/21/15 0:00,,5/21/19 0:00,MILLENNIUM BOSTONIAN HOTEL,HOTEL,26 North ST,Boston,MA,02108
1/25/16 0:00,,1/25/20 0:00,MILLENNIUM BOSTONIAN HOTEL,WITHDRAWAL (5/21/15),26 North ST,Boston,MA,02108
4/21/20 13:05,4/1/24 14:44,4/1/28 13:03,Miller Brewing Company,Manufacture And Sale OF Beverage Products,44 School ST,Boston,MA,02108
4/9/15 0:00,3/20/19 12:34,3/20/23 12:33,MILLION DOLLAR MARYS SMOKE SHOP,SMOKE SHOP,36 Province ST,Boston,MA,02108
10/23/12 0:00,,10/23/16 0:00,MILLION DOLLAR MARYS SMOKE SHOP,RETAIL,36 Province ST,Boston,MA,02108
4/9/15 0:00,,4/9/19 0:00,MILLION DOLLAR MARYS SMOKE SHOP,WITHDRAWAL (10/23/12),36 Province ST,Boston,MA,02108
5/1/14 0:00,,5/1/18 0:00,MIMI'S FINE JEWELRY,JEWELRY RETAIL,339 Washington ST,Boston,MA,02108
4/17/15 0:00,,4/17/19 0:00,MIMI'S FINE JEWELRY,WITHDRAWAL (5/1/2014),339 Washington ST,Boston,MA,02108
11/13/24 14:06,,11/13/28 14:01,MindGlow Health Medical Group NJ,Licensed Professional Medical Services,45 School ST,Boston,MA,02108
11/20/23 15:47,,11/20/27 15:31,MMR Consulting Solutions,Management Consulting,44 School ST,Boston,MA,02108
2/1/23 11:44,,2/1/27 11:43,Mo' Rockin Fusion,Restaurant,100 Hanover ST,Boston,MA,02108
10/11/19 11:59,,10/11/23 11:58,MOMENTUM CAPITAL SOLAR FUNDING,Solar Leasing,45 School ST,Boston,MA,02108
4/9/19 11:52,,4/9/23 11:51,Money Mentors,Credit Consulting,44 School ST,Boston,MA,02108
6/26/18 16:13,12/28/22 12:07,12/28/26 11:52,Money2anywhere,Money Transmitter,44 School ST,Boston,MA,02108
5/10/22 12:18,,5/10/26 11:27,MoneyFit by DRS,Debt Adjusters,45 School ST,Boston,MA,02108
10/29/20 10:53,10/16/24 10:48,10/16/28 10:45,Monument Financial Group,financial planning/wealth management,1 Beacon ST,Boston,MA,02108
11/18/25 14:40,,11/18/29 14:38,MOO BEACON HILL,Restaurant,15 Beacon ST,Boston,MA,02108
1/16/25 10:44,,1/16/29 10:42,Morningdew Workshop,Wood Manufacturing,68 Chestnut ST,Boston,MA,02108
6/17/19 16:30,,6/17/23 16:23,Morphisec,corporation,11 Beacon ST,Boston,MA,02108
7/9/25 13:55,,7/9/29 12:09,Mortgage Equity Partners,Mortgage Lending,44 School ST,Boston,MA,02108
10/14/21 10:20,10/8/25 14:21,10/8/29 14:16,Mother Juice,Restaurant,100 Hanover ST,Boston,MA,02108
7/20/20 14:34,,7/20/24 12:26,Motive Power Consulting,Consulting,44 School ST,Boston,MA,02108
8/29/25 13:44,,8/29/29 13:11,Moxee,wireless communications services,44 School ST,Boston,MA,02108
4/10/17 10:57,,,Moxie,Retail Sales,51 Charles ST,Boston,MA,02108
8/29/17 8:30,6/30/23 12:28,6/30/27 12:28,Mr. Gourmet,Mobile Concessions,0 Boston Common,Boston,MA,02108
3/23/16 0:00,2/6/24 12:00,2/6/28 10:02,MRS ASSOCIATES,DEBT COLLECTION AGENCY,44 School ST,Boston,MA,02108
11/8/22 13:33,,11/8/26 13:11,Mt. Diablo Insurance Brokers,Insurance Agency Sales And Marketing License # 0F27222,44 School ST,Boston,MA,02108
8/29/19 16:13,,8/29/23 16:12,MTG IT Professionals,Telecommunication Services,44 School ST,Boston,MA,02108
12/11/15 0:00,11/27/19 12:47,11/27/23 12:10,MUNRO INSURANCE,INSURANCE SALES,44 School ST,Boston,MA,02108
3/26/13 0:00,,3/26/17 0:00,MURAD JEWERLY,WITHDRAWAL (6/5/12),333 Washington ST,Boston,MA,02108
2/16/24 11:52,,2/16/28 11:50,Mutual of Omaha Mortgage,Mortgage Lending,44 School ST,Boston,MA,02108
10/3/18 11:34,,10/3/22 11:34,Mutual of Omaha Mortgage,Mortgage Lending,44 School ST,Boston,MA,02108
3/17/20 10:37,8/15/24 14:20,8/15/28 11:10,Mutual of Omaha Reverse Mortgage,Mortgage lending,44 School ST,Boston,MA,02108
7/16/19 14:50,,7/16/23 14:10,MV Concert Series,Concert Promoter,45 School ST,Boston,MA,02108
9/4/24 12:22,,9/4/28 10:51,My Equity Direct,Mortgage Lender,45 School ST,Boston,MA,02108
10/14/22 15:12,,10/14/26 14:33,My Mortgage Lender,Mortgage Lending and brokering,44 School ST,Boston,MA,02108
5/24/23 13:14,,5/24/27 13:11,MyMentor,Education Technology,100 Cambridge ST,Boston,MA,02108
8/30/18 11:51,,8/30/22 11:50,myTomorrows,Technology,1 Beacon ST,Boston,MA,02108
1/9/25 15:36,,1/9/29 15:32,n2y,Assistive Software Technology,24 School ST,Boston,MA,02108
9/22/25 12:54,,9/22/29 12:52,NAF Insurance,Insurance Agency,44 School ST,Boston,MA,02108
10/9/13 0:00,,10/9/17 0:00,NAIL TIME,WITHDRAWAL (12/19/2011),61 Bromfield ST,Boston,MA,02108
8/11/22 14:22,,8/11/26 13:43,Napier Law Office,Law Office,6 Beacon ST,Boston,MA,02108
7/2/18 15:20,6/15/22 15:42,6/15/26 11:00,National Pleasant Valley,Facilities Management,44 School ST,Boston,MA,02108
3/1/21 15:06,2/24/25 16:23,2/24/29 12:05,Nations Insurance Solutions,Insurance Sales/Marketing,44 School ST,Boston,MA,02108
5/31/19 13:15,,5/31/23 13:13,Nationwide Acceptance,Consumer Sale Finance,44 School ST,Boston,MA,02108
10/2/20 10:25,4/10/25 13:23,4/10/29 11:59,Nava Partners Insurance Solutions,insurance benefits brokerage,44 School ST,Boston,MA,02108
3/31/23 13:29,,3/31/27 12:07,Navan Group,Technology Services,44 School ST,Boston,MA,02108
1/14/19 10:54,,1/14/23 10:52,Naysa Construction,Property Investments,1 Beacon ST,Boston,MA,02108
3/30/22 14:11,,3/30/26 10:26,NBBJ LP,Architecture design planning,1 Beacon ST,Boston,MA,02108
12/26/19 14:53,2/6/24 10:34,2/6/28 10:31,Neem Medical Spa,Full Service Salon/Bar,24 North ST,Boston,MA,02108
10/26/22 10:24,,10/26/26 10:10,Neil Brenton Arts & Entertainment,Insurance Agency,44 School ST,Boston,MA,02108
10/31/23 15:23,,10/31/27 12:45,Nerdy Diva,"Consulting (Design, Tech)",24 School ST,Boston,MA,02108
12/27/17 11:29,12/23/21 9:57,12/23/25 9:55,NESG Insurance Mergers & Acquisition Brokerage,Business Consultancy,41 Winter ST,Boston,MA,02108
4/5/22 15:55,,4/5/26 15:50,NETTWERK MUSIC,MUSIC INDUSTRY-LABEL,44 School ST,Boston,MA,02108
2/16/18 9:44,3/18/22 12:45,3/18/26 12:24,New Canaan Group,Financial Services,1 Boston PL,Boston,MA,02108
11/21/19 9:21,,11/21/23 9:19,New England Blood,Supplier of Blood and blood products as well conducting blood drives,28 State ST,Boston,MA,02108
9/21/15 0:00,9/11/23 11:39,9/11/27 11:37,NEW ENGLAND CENTER AND HOME FOR VETERANS,NON PROFIT SOCIAL SERVICES,17 Court ST,Boston,MA,02108
8/11/22 11:21,,8/11/26 11:19,New England Flooring,Flooring Installation,1 Washington MA,Boston,MA,02108
3/19/24 15:37,,3/19/28 15:09,New England Outdoor Lighting,Installation of holiday lighting,45 School ST,Boston,MA,02108
2/12/24 14:32,,2/12/28 14:25,New York Blood Center Enterprises,Non Profit Blood Center,28 State ST,Boston,MA,02108
10/22/18 14:40,10/21/22 15:39,10/21/26 13:26,NEWDAY HOME LOANS,MORTGAGE LENDING,44 School ST,Boston,MA,02108
10/22/18 14:40,10/21/22 15:39,10/21/26 13:22,NEWDAY USA,MORTGAGE LENDING,44 School ST,Boston,MA,02108
12/31/20 12:39,12/31/24 15:35,12/31/28 15:22,Newfi,residential mortgage lending,44 School ST,Boston,MA,02108
3/19/25 11:16,,3/19/29 11:13,Newfi Capital Partners,Residential Mortgage Lending,44 School ST,Boston,MA,02108
12/31/20 12:39,12/31/24 15:35,12/31/28 15:22,Newfi Lending,residential mortgage lending,44 School ST,Boston,MA,02108
12/31/20 12:39,12/31/24 15:35,12/31/28 15:23,Newfi Wholesale,residential mortgage lending,44 School ST,Boston,MA,02108
3/21/19 12:22,,3/21/23 12:20,Next Step Test Preparation,Test Preparation,44 School ST,Boston,MA,02108
12/26/18 13:40,,12/26/22 12:01,NFS Advantage Insurance Agency,Insurance Sales/Marketing,44 School ST,Boston,MA,02108
9/9/25 16:16,,9/9/29 16:14,Ninawa Zero Waste Clothes,Zero Waste Clothes,12 Marshall ST,Boston,MA,02108
8/19/25 14:11,,8/19/29 14:09,Nine,Restaurant,9 Park ST,Boston,MA,02108
9/26/16 10:59,,,Nine Zero Hotel,Hotel,90 Tremont ST,Boston,MA,02108
4/25/19 12:09,,4/25/23 10:37,NITCO Equipment Compant,Rental of Industrial Equipment,44 School ST,Boston,MA,02108
9/13/23 14:51,,9/13/27 13:32,NITEL,telecom,44 School ST,Boston,MA,02108
11/18/22 13:27,,11/18/26 13:15,NOF AMERICA Nichiyu,Sales of chemical products,1 Beacon ST,Boston,MA,02108
5/3/21 15:34,,5/3/25 14:20,Northeast Maintenance Services Group,office cleaning service,44 School ST,Boston,MA,02108
5/16/24 15:06,,5/16/28 15:03,NorthStar Mortgage Advisors,Mortgage and Finance,44 School ST,Boston,MA,02108
5/1/18 14:16,,5/1/22 13:23,Northwestern Mutual Boston- Downtown,Insurance & Investments,1 Beacon ST,Boston,MA,02108
12/29/21 13:28,,12/29/25 13:27,Notary Plus 3,Notary Services,1 Washington MA,Boston,MA,02108
10/27/22 9:19,,10/27/26 9:14,Nuts Factory,Food Retail,62 Charles ST,Boston,MA,02108
2/12/24 14:31,,2/12/28 14:28,NYBCe,Non Profit Blood Center,28 State ST,Boston,MA,02108
11/20/18 14:12,,11/20/22 14:11,Ocean State Innovations,Providing Textile Solutions,28 State ST,Boston,MA,02108
9/23/13 0:00,9/9/25 13:20,9/9/29 12:25,"OGLETREE, DEAKINS, NASH, SMOAK & STEWART",LEGAL SERVICES,1 Boston PL,Boston,MA,02108
1/12/26 12:43,,1/12/30 12:41,Old Corner Christmas,Retail,11 School ST,Boston,MA,02108
1/25/16 0:00,2/22/24 9:55,2/22/28 9:51,OLIN CHLOR ALKALI PRODUCTS,CHEMICAL MANUFACTURING,18 Tremont ST,Boston,MA,02108
3/8/23 9:50,,3/8/27 9:45,OMNI PARKER HOUSE,HOTEL,60 School ST,Boston,MA,02108
8/6/15 0:00,10/22/19 12:37,10/22/23 10:55,ONE GIG,RETAIL,1 Bromfield ST,Boston,MA,02108
4/11/22 15:22,,4/11/26 15:20,One Scott Alley,Short Term Rental,1 Scott AL,Boston,MA,02108
9/29/22 10:42,,9/29/26 10:39,One Trust Home Loans,Residential Mortgage,44 School ST,Boston,MA,02108
1/23/19 11:08,3/16/23 11:50,3/16/27 11:43,O'Neill & Associates,Professional Services-Public Affirs & Governm. Relations,18 Tremont ST,Boston,MA,02108
1/5/23 9:09,,1/5/27 9:05,O'NEILL-GOLDMAN GROUP,Communications Firm,11 Beacon ST,Boston,MA,02108
3/21/24 14:38,,3/21/28 14:33,Open Systems Security Americas,IT Security Services,44 School ST,Boston,MA,02108
2/4/21 12:32,,2/4/25 12:29,Optise,telecommunications,1 Boston PL,Boston,MA,02108
9/29/20 13:53,9/20/24 10:56,9/20/28 10:42,Origin Mortgage,Mortgage,45 School ST,Boston,MA,02108
1/18/18 12:20,2/2/22 16:07,2/2/26 10:12,Orion Lending,Mortgage Lending,44 School ST,Boston,MA,02108
9/2/15 0:00,10/4/23 11:03,10/4/27 11:00,ORPHEUM THEATER,THEATER,1 Hamilton PL,Boston,MA,02108
10/31/25 14:40,,10/31/29 14:35,OSTRA,Restaurant,1 Charles ST,Boston,MA,02108
2/15/22 10:52,,2/15/26 10:41,OTTO ENVIRONMENTAL SYSTEMS,SALES/SERVICE OF TRASH CARTS,1 Winter ST,Boston,MA,02108
2/17/23 14:34,,2/17/27 14:33,OUU Cosmetics,Online Skin and Hair Products,1 Washington MA,Boston,MA,02108
1/4/19 12:29,1/5/23 13:55,1/5/27 13:48,Own Up,Mortgage Brokerage,21 Union ST,Boston,MA,02108
3/7/19 9:58,4/27/23 14:53,4/27/27 14:50,P.A.W. Foundation,Charity,22 Pinckney ST,Boston,MA,02108
3/31/25 10:26,,3/31/29 10:20,Paco Lighting,Sales Representation,14 Beacon ST,Boston,MA,02108
8/29/25 13:45,,8/29/29 13:16,Panda Mobile,wireless communications services,44 School ST,Boston,MA,02108
2/19/16 0:00,4/4/24 16:04,4/4/28 11:10,PARADIGM LIFE,INSURANCE SALES AND MARKETING,44 School ST,Boston,MA,02108
10/19/22 13:29,,10/19/26 13:27,Parative,Software Development,41 Winter ST,Boston,MA,02108
4/28/16 0:00,,4/28/20 0:00,PARISHPAY,WITHDRAWAL 3/2/2016,44 School ST,Boston,MA,02108
3/2/16 0:00,,3/2/20 0:00,PARISHPAY,PAYMENT SERVICE PROVIDER,44 School ST,Boston,MA,02108
5/15/15 0:00,7/27/23 9:53,7/27/27 9:51,PARKERS RESTAURANT,RESTAURANT,60 School ST,Boston,MA,02108
8/21/20 13:21,10/31/24 16:22,10/31/28 12:29,PARKHURST LAW OFFICES,LAW FIRM,1 Boston PL,Boston,MA,02108
4/20/18 14:27,,4/20/22 14:23,Patriot Lending,Mortgage Lender/Broker,44 School ST,Boston,MA,02108
2/12/21 10:22,4/9/25 15:35,4/9/29 15:34,Paula Stookey Insurance,Insurance,67 Mount Vernon ST,Boston,MA,02108
6/27/19 13:18,,6/27/23 10:53,PayQwick,Money Transmission,44 School ST,Boston,MA,02108
9/27/24 11:28,,9/27/28 11:15,PaySii,Fintech MSB Serving in the Remittance Area,44 School ST,Boston,MA,02108
3/13/26 16:41,,3/13/30 8:15,PCM Lending,Mortgages,44 School ST,Boston,MA,02108
10/2/25 14:01,,10/2/29 12:49,PDC Rx,Pharmacy Benefit Manager,44 School ST,Boston,MA,02108
3/21/23 14:36,,3/21/27 12:05,PDM,Installation of Pods,44 School ST,Boston,MA,02108
12/4/14 0:00,1/24/19 12:56,1/24/23 11:43,PEARLMAN LEGAL ENTERPRISES,LAW OFFICE,1 Boston PL,Boston,MA,02108
10/11/12 0:00,,10/11/16 0:00,PEDRO'S TACOS,SMALL TAKE-OUT RESTAURANT,55 Bromfield ST,Boston,MA,02108
2/2/16 0:00,,2/2/20 0:00,PEDRO'S TACOS,WITHDRAWN (2/2/16),55 Bromfield ST,Boston,MA,02108
3/21/17 12:10,,,Pedro's Tacos,Restaurant,55 Bromfield ST,Boston,MA,02108
4/21/15 0:00,4/26/23 15:47,4/26/27 15:39,PEG PROPERTIES MANAGEMENT,REAL ESTATE,22 Brimmer ST,Boston,MA,02108
8/1/23 9:43,,8/1/27 9:39,Peka Hohete Travel,Travel Agency,7 Marshall ST,Boston,MA,02108
3/3/15 0:00,2/13/23 13:29,2/13/27 13:26,PENTHOUSE PROPERTIES,REAL ESTATE,10 Franklin ST,Boston,MA,02108
12/19/18 12:00,2/16/23 15:11,2/16/27 15:03,Pet Benefit Solutions,Insurance Sales / Marketing,44 School ST,Boston,MA,02108
3/3/23 14:50,,3/3/27 14:28,PGA Tour Superstore,Specialty Retail Golf & Tennis,1 Washington MA,Boston,MA,02108
5/3/24 16:07,,5/3/28 16:06,Phil-Am Insurance Agency,Insurance agency brokerage,100 Cambridge ST,Boston,MA,02108
7/15/21 15:12,,7/15/25 15:11,Pilent,executive producer services,44 School ST,Boston,MA,02108
5/21/21 12:31,5/29/25 11:34,5/29/29 11:23,PISCES MASS BUSINESS SERVICES,OPERATIONS MANAGEMENT,45 School ST,Boston,MA,02108
4/22/14 0:00,,4/22/18 0:00,PIZZERRA RICO,WITHDRAWAL (5/22/12),32 Bromfield ST,Boston,MA,02108
5/14/14 0:00,3/11/26 11:02,3/11/30 11:00,PLATINUM STUDIO BY Z,JEWELRY RETAIL AND MANUFACTURING,333 Washington ST,Boston,MA,02108
1/15/19 13:31,,1/15/23 13:30,Player One Amusement Group,Arcade Amusement Machines,44 School ST,Boston,MA,02108
3/5/21 13:09,3/14/25 16:19,3/14/29 16:17,Pokadot APL,Consultant,45 School ST,Boston,MA,02108
8/29/25 13:43,,8/29/29 13:15,Polar Mobile,wireless communications services,44 School ST,Boston,MA,02108
4/13/16 0:00,4/13/20 14:18,4/13/24 13:09,PONTUAL MONEY TRANSFER,MONEY TRANSMITTER,44 School ST,Boston,MA,02108
6/3/19 15:43,7/19/23 14:28,7/19/27 14:24,Power 10 Advisory Partners,Financial & Insurance Planning,1 Beacon ST,Boston,MA,02108
8/4/25 17:07,,8/4/29 17:06,POWERCAP FUNDING,mortgage lending service,44 School ST,Boston,MA,02108
1/23/25 16:17,,1/23/29 16:13,PowerPay Home Loans,Financial Services / Mortgage Lending,44 School ST,Boston,MA,02108
4/27/22 14:56,,4/27/26 11:00,Prairie Land Professional Services,Engineering Consulting Services,45 School ST,Boston,MA,02108
6/10/22 12:40,,6/10/26 12:31,PRECISION CORPORATE SERVICES,REGISTERED AGENT SERVICES,44 School ST,Boston,MA,02108
1/14/20 14:42,,1/14/24 14:41,PRECISION HEALTH ECONOMICS & OUTCOMES RESEARCH,Life Science Speciality Services,101 Tremont ST,Boston,MA,02108
3/2/18 13:31,2/13/26 13:17,2/13/30 12:41,PRECISION PROFESSIONAL INSTALLERS,MILLWORK INSTALATION,44 School ST,Boston,MA,02108
9/11/19 14:50,,9/11/23 14:49,Precision Xtract,Life Science Specialty Services,101 Tremont ST,Boston,MA,02108
3/19/24 15:37,,3/19/28 15:17,Premier Lighting of New England,Installation of holiday lighting,45 School ST,Boston,MA,02108
1/29/26 13:29,,1/29/30 13:09,Premium Prep,College Counseling,44 School ST,Boston,MA,02108
1/29/26 13:30,,1/29/30 13:12,Premium Prep College Counseling,College Counseling,44 School ST,Boston,MA,02108
6/22/18 12:21,6/2/22 13:36,6/2/26 10:35,Presley Law,Arbitrator,1 Boston PL,Boston,MA,02108
12/8/23 15:12,,12/8/27 15:09,PRIMO WATER NORTH AMERICA,BOTTLED WATER PROVIDER,44 School ST,Boston,MA,02108
6/9/22 15:22,,6/9/26 15:16,Prince Parker & Associates,Collection Agency,45 School ST,Boston,MA,02108
12/29/23 15:27,,12/29/27 11:57,Principle Lending,Mortgage Origination,44 School ST,Boston,MA,02108
6/2/23 10:51,,6/2/27 8:56,Private Client Insurance,Insurance Sales/Marketing,44 School ST,Boston,MA,02108
12/1/25 16:14,,12/1/29 15:49,Proact PBM,Pharmacy Benefit Manager,44 School ST,Boston,MA,02108
8/26/21 14:51,8/27/25 14:23,8/27/29 14:03,Professional Credit Service,Third Party Debt Collection,44 School ST,Boston,MA,02108
8/24/17 13:37,3/9/22 11:26,3/9/26 11:22,PROFESSIONAL PHYSICAL THERAPY,PHYSICAL THERAPY,44 School ST,Boston,MA,02108
4/29/14 0:00,5/1/18 14:18,5/1/22 13:05,PROJECT R & R RELEASE AND RESTITUTION FOR CHIMPANZEES IN US,NOT FOR PROFIT,333 Washington ST,Boston,MA,02108
1/22/24 14:17,,1/22/28 12:36,Project Solutions International,Property Management,44 School ST,Boston,MA,02108
12/18/24 10:06,,12/18/28 9:43,Prosper Network,Marketing Services,44 School ST,Boston,MA,02108
6/9/14 0:00,6/18/18 13:58,6/18/22 12:21,PSAV PRESENTATION SERVICES #3552,RENTAL OF AUDIO VISUAL EQUIPME,26 North ST,Boston,MA,02108
9/28/23 14:27,,9/28/27 14:03,PURE FINANCE GROUP,INDIRECT HOME IMPROVEMENT LENDING,45 School ST,Boston,MA,02108
8/31/18 15:12,,8/31/22 15:12,Purpleheart Cafe,Cafe,25 Sudbury ST,Boston,MA,02108
5/29/15 0:00,3/22/23 13:39,3/22/27 13:38,QMEDIC,MEDICAL ALERT DEVICE,44 School ST,Boston,MA,02108
8/26/21 16:13,11/20/25 9:38,11/10/29 0:00,Q's Nuts,retail specialty food,100 Hanover ST,Boston,MA,02108
3/14/16 0:00,3/2/20 12:39,3/2/24 11:54,R + D ALBERT,PEARL AND BEAD STRINGING,333 Washington ST,Boston,MA,02108
5/14/18 12:49,,5/14/22 12:41,R+DI,Marketing and Consulting,100 Cambridge ST,Boston,MA,02108
9/5/25 13:55,,9/5/29 13:28,Rago Insurance Agency,Insurance Agency,44 School ST,Boston,MA,02108
5/10/17 15:21,,,Ramirez Immigration Law,Legal Services,6 Beacon ST,Boston,MA,02108
11/19/18 14:12,,11/19/22 13:38,RAY'S CARPENTRY & HOME IMPROVEMENT,CONTRACTOR,44 School ST,Boston,MA,02108
1/26/15 0:00,12/1/22 11:08,12/1/26 11:08,RAY'S TOBACCO,CONVENIENCE STORE,57 Court ST,Boston,MA,02108
5/14/18 12:49,,5/14/22 12:40,RDI,Marketing and Consulting,100 Cambridge ST,Boston,MA,02108
5/14/18 12:49,,5/14/22 12:43,RDI - Research Data Insights,Marketing and Consulting,100 Cambridge ST,Boston,MA,02108
4/3/23 14:00,,4/3/27 13:07,Rebion,medical device company,100 Cambridge ST,Boston,MA,02108
6/6/23 12:21,,6/6/27 12:18,Recycling & Waste Equipment Division,Industrial Manufacturer of Recycling Equipment,44 School ST,Boston,MA,02108
9/9/21 13:30,8/22/25 13:03,8/22/29 12:13,Red Apple Farm,Retail Stall @ Boston Public Market,100 Hanover ST,Boston,MA,02108
2/25/22 15:42,,2/25/26 10:28,Refresh Physical Therapy,Physical Therapy Services,45 School ST,Boston,MA,02108
1/18/17 12:03,,,REGENCY MORTGAGE,CREATE MORTGAGES,44 School ST,Boston,MA,02108
7/5/18 11:35,,7/5/22 11:28,RELM Wireless,Wireless,44 School ST,Boston,MA,02108
6/26/18 16:04,12/28/22 12:08,12/28/26 11:51,remit2india,Money Transmitter,44 School ST,Boston,MA,02108
8/23/22 14:11,,8/23/26 10:28,ReNew Debt Relief,Debt Settlement,45 School ST,Boston,MA,02108
3/2/16 0:00,,3/2/20 0:00,RENTPAYMENT,PAYMENT SERVICE PROVIDER,44 School ST,Boston,MA,02108
4/28/16 0:00,,4/28/20 0:00,RENTPAYMENT,WITHDRAWAL 3/2/2016,44 School ST,Boston,MA,02108
5/14/18 12:49,,5/14/22 12:39,Research and Data Insights,Marketing and Consulting,100 Cambridge ST,Boston,MA,02108
5/14/18 12:49,,5/14/22 12:44,Research Data Insights,Marketing and Consulting,100 Cambridge ST,Boston,MA,02108
5/14/18 12:49,,5/14/22 12:38,Research+Data Insights,Marketing and Consulting,100 Cambridge ST,Boston,MA,02108
12/7/21 12:36,,12/7/25 12:29,RESICORRESPONDENT,MORTGAGE LENDER,44 School ST,Boston,MA,02108
5/16/23 13:46,,5/16/27 13:43,RethinkingDebt.org,Debt Adjuster,44 School ST,Boston,MA,02108
5/17/21 15:29,6/12/25 14:46,6/12/29 10:40,Revecore,Medical Account biling,45 School ST,Boston,MA,02108
4/24/24 16:03,,4/24/28 13:48,RFx Anatomical Solutions,Provide anatomical specimens and solutions,44 School ST,Boston,MA,02108
4/29/19 12:41,,4/29/23 12:41,Rhode Island Blood Center,Supplier of Blood & Blood Products/Blood Drives,28 State ST,Boston,MA,02108
3/18/19 9:31,4/24/23 13:57,4/24/27 11:11,Richard Gray Cabinetmaker,Cabinetmaking,37 Beacon ST,Boston,MA,02108
3/22/21 15:15,6/2/25 11:00,6/2/29 10:58,Rightpoint,Global Experience Agency,1 Beacon ST,Boston,MA,02108
1/18/17 12:00,,,RMC WHOLESALE,MORTGAGE LENDING,44 School ST,Boston,MA,02108
6/25/21 14:01,,6/25/25 13:40,RMP,Collection Agency,45 School ST,Boston,MA,02108
3/30/16 0:00,2/25/20 16:11,2/25/24 14:15,ROADVANTAGE BG,PROVIDES PRODUCTS AND SERVICES,44 School ST,Boston,MA,02108
11/6/24 16:09,,11/6/28 16:08,RockData,Data Solutions Consulting,24 School ST,Boston,MA,02108
10/23/15 0:00,9/28/23 13:28,9/28/27 11:31,ROCKLAND TRUST LEASING,EQUIPMENT LEASE FINANCING,44 School ST,Boston,MA,02108
9/11/13 0:00,7/31/25 14:33,7/31/29 14:30,ROMANOVSKY LAW OFFICES,LEGAL SERVICES,12 Marshall ST,Boston,MA,02108
3/13/15 0:00,6/30/23 15:57,6/30/27 11:22,ROOMESCAPERS,SOCIAL ENTERTAINMENT,7 Marshall ST,Boston,MA,02108
2/26/19 10:51,,2/26/23 10:49,RoomEscapers,Social Entertainment,3 School ST,Boston,MA,02108
8/24/23 9:21,,8/24/27 9:18,Roupen's Setting,Diamond Setting,333 Washington ST,Boston,MA,02108
9/6/19 14:42,,9/6/23 14:39,Roxanne's,Restaurant,6 Beacon ST,Boston,MA,02108
1/24/19 14:40,,1/24/23 13:44,Roy Mark Cruthird,Trust Management,3 Pemberton SQ,Boston,MA,02108
1/24/19 14:41,,1/24/23 13:41,Roy Mark Cruthird II,Trust Management,3 Pemberton SQ,Boston,MA,02108
11/23/15 0:00,10/25/23 13:37,10/25/27 11:54,ROYAL THAI CONSULATE OF THAILAND,HONORARY CONSULATE OF THAILAND,41 Union ST,Boston,MA,02108
1/13/23 10:51,,1/13/27 10:49,RSJB Consulting,Consulting Services,0 Beacon ST,Boston,MA,02108
7/14/16 14:16,7/17/20 14:38,7/17/24 12:41,RUTH'S CHRIS STEAK HOUSE,RESTAURANT,45 School ST,Boston,MA,02108
8/12/24 17:02,,8/12/28 16:58,Ruth's Chris Steakhouse #7332,Full-Services Restaurant,45 School ST,Boston,MA,02108
3/25/19 13:36,,3/25/23 13:35,RVI Planning + Landscape Architecture,Land Planning and Landscapie Architechture,45 School ST,Boston,MA,02108
3/2/26 14:24,,3/2/30 14:23,Ryo Hotta,Education Consulting,100 Cambridge ST,Boston,MA,02108
3/3/25 12:19,,3/3/29 12:05,Sage Mortgage,Residential Mortgage Lender/Servicer,44 School ST,Boston,MA,02108
8/19/21 10:39,7/18/25 15:45,7/18/29 15:42,Salsa's Mexican Grill,Restaurant,417 Washington ST,Boston,MA,02108
10/16/17 15:31,9/12/25 9:50,9/12/29 9:49,Sam LaGrassa's,Restaurant,27 Province ST,Boston,MA,02108
12/22/22 14:22,,12/22/26 14:21,Sandz Carribean Music Festival,Entertainment,1 Washington MA,Boston,MA,02108
4/22/25 14:13,,4/22/29 12:59,Sara Campbell,Women's Retail Clothing,84 Chestnut ST,Boston,MA,02108
9/22/14 0:00,8/10/22 14:25,8/10/26 11:38,SARKU JAPAN,PANESE F AST FOOD RETAIL,417 Washington ST,Boston,MA,02108
12/9/22 15:12,,12/9/26 12:33,Sarver Wireless,Telecommunications,44 School ST,Boston,MA,02108
4/11/16 0:00,3/21/24 14:10,3/21/28 14:08,SAUS BOSTON,RESTAURANT,33 Union ST,Boston,MA,02108
10/5/23 11:11,,10/5/27 11:08,Savi Home Loans,Residential Mortgage,44 School ST,Boston,MA,02108
12/1/25 14:37,,12/1/29 14:36,Scholars,Resturant,25 School ST,Boston,MA,02108
7/21/25 16:40,,7/21/29 16:16,School Street CoffeeHouse,Retail Gift Shop,60 School ST,Boston,MA,02108
9/15/20 13:17,9/17/24 16:07,9/17/28 13:58,School Street Coffeehouse,Retail gift shop,60 School ST,Boston,MA,02108
6/28/19 14:09,6/9/23 11:46,6/9/27 11:10,Sconset Wealth Management,Wealth Management,1 Beacon ST,Boston,MA,02108
8/23/23 9:32,,8/23/27 9:24,Scott Dunn,Travel Agency,41 Winter ST,Boston,MA,02108
1/22/20 13:40,,1/22/24 13:38,Scott Horsley,Short-Term Rental,39 Chestnut ST,Boston,MA,02108
5/14/25 11:18,,5/14/29 11:16,Security First Financial,Mortgage Lending,44 School ST,Boston,MA,02108
2/14/24 11:05,,2/14/28 10:49,SELECT JEWELERS,Jewelry Repair,333 Washington ST,Boston,MA,02108
8/20/21 14:16,11/24/25 14:54,11/24/29 14:52,Sentionix,Consulting And Computer Resale,15 Court SQ,Boston,MA,02108
6/18/18 14:52,2/14/23 15:00,2/14/27 14:59,Serge's Fine Jewelry,Jewelry Sales,333 Washington ST,Boston,MA,02108
4/12/16 0:00,8/8/24 12:24,8/8/28 12:23,SERJEO,JEWELRY AND REPAIR,333 Washington ST,Boston,MA,02108
4/9/21 14:37,6/18/25 16:02,4/15/06 0:00,SFone Wireless,telecom,44 School ST,Boston,MA,02108
1/23/26 14:35,,1/23/30 14:33,Shake Shack,Restaurant,322 Washington ST,Boston,MA,02108
12/27/16 10:52,2/29/24 15:46,2/29/28 14:58,Shirinian Bros,diamond setting,333 Washington ST,Boston,MA,02108
7/21/15 0:00,7/5/23 15:25,7/5/27 15:24,SHOMALI & RICHMOND OPTOMETRISTS,Eye Doctor Office,18 Tremont ST,Boston,MA,02108
7/28/25 10:00,,7/28/29 9:57,Shortt Stuff Studios,Multimedia,93 Beacon ST,Boston,MA,02108
4/23/14 0:00,3/28/18 12:39,3/28/22 12:39,SIDEBAR FOOD & SPIRITS,RESTAURANT AND BAR,4 Bromfield ST,Boston,MA,02108
10/23/24 16:38,,10/23/28 16:37,Sight Sphere,Career Consulting and Coaching Services,45 Province ST,Boston,MA,02108
7/12/16 16:05,,,Silvertone Bar & Grill,Restaurant,69 Bromfield ST,Boston,MA,02108
5/25/21 13:43,,5/25/25 13:39,SIMPLIST,MORTGAGE LENDING,44 School ST,Boston,MA,02108
4/3/17 14:19,4/2/21 14:00,4/2/25 9:31,SingleCare Administrators,Insurance,44 School ST,Boston,MA,02108
6/7/19 9:25,6/6/23 13:52,6/6/27 13:50,Sirius Bijoux,Jewelry,333 Washington ST,Boston,MA,02108
3/16/18 10:16,3/4/26 10:44,3/4/30 10:42,Skin Mastery,Skin Care,100 Cambridge ST,Boston,MA,02108
4/11/16 0:00,7/12/24 15:55,7/12/28 15:54,SKYLIGHT JEWELERS,JEWELRY & ART,44 School ST,Boston,MA,02108
11/17/25 14:33,,11/17/29 10:11,Skywire Networks,Telecommunications,44 School ST,Boston,MA,02108
2/25/21 14:55,,2/25/25 14:31,SLOANE PARTNERS,CONSULTANT,152 Mount Vernon ST,Boston,MA,02108
11/20/18 12:12,,11/20/22 11:41,Smile Software,Software,44 School ST,Boston,MA,02108
12/19/17 11:52,12/12/25 16:04,12/12/29 14:15,SnapCap,Financial Website,44 School ST,Boston,MA,02108
3/19/26 14:51,,3/19/30 14:44,So Rooted in Electrolysis,Electrolysis Services,8 City Hall AV,Boston,MA,02108
9/9/22 13:29,,9/9/26 12:57,Sodexo Live!,Food & Beverage Provider,1 Hamilton PL,Boston,MA,02108
3/13/23 13:56,,3/13/27 13:22,Solaris Diagnostics,Diagnostic Lab Services,45 School ST,Boston,MA,02108
12/5/22 14:00,,12/5/26 12:45,Solve Mortgage,Financial Services / Mortgage Lending,44 School ST,Boston,MA,02108
8/24/22 14:56,,8/24/26 14:55,Soothing Soul Soothing Souls,Wellness Center,1 Washington Mall,Boston,MA,02108
9/24/25 15:09,,9/24/29 15:06,Sound Planning Communications,"Audio, video lighting integrator",45 School ST,Boston,MA,02108
1/29/25 15:18,,1/29/29 15:17,SpeechByCC,Speech Therapy Services,2 Joy ST,Boston,MA,02108
10/24/24 15:13,,10/24/28 15:12,Splash Sports,Fantasy sports contest operator,44 School ST,Boston,MA,02108
8/17/22 14:37,,8/17/26 11:20,Sponsor Motion,Consulting,55 Court ST,Boston,MA,02108
6/25/19 10:09,,6/25/23 10:06,Sproutt,Insurance Producer,45 School ST,Boston,MA,02108
10/21/13 0:00,8/5/25 15:54,8/5/29 15:18,SSC,UNIFORMED SECURITY SERVICES,44 School ST,Boston,MA,02108
1/7/25 12:59,,1/7/29 12:43,Stack Mobile,Communications,44 School ST,Boston,MA,02108
9/7/23 14:45,,9/7/27 14:43,Stadium & Facility Evaluation (SAFE),Stadium and Facility Evaluation,44 School ST,Boston,MA,02108
3/11/20 11:07,4/25/24 11:35,4/25/28 11:33,Stage and Screen Travel Services,Travel Agency,41 Winter ST,Boston,MA,02108
8/28/15 0:00,9/18/23 12:38,9/18/27 11:31,STAPLES THE OFFICE SUPERSTORE,RETAIL OFTLCE SUPPLIES,1 Washington ST,Boston,MA,02108
7/15/14 0:00,9/1/22 13:42,9/1/26 12:41,STARBUCKS COFFEE #801,RETAIL/CAFE,65 Beacon ST,Boston,MA,02108
7/15/14 0:00,9/1/22 13:42,9/1/26 12:54,STARBUCKS COFFEE #883,RETAIL/CAFE,63 Court ST,Boston,MA,02108
8/28/15 0:00,8/8/19 15:54,8/8/23 11:07,STAY ALFRED,Hotel and Short-Term Rentals,44 School ST,Boston,MA,02108
6/20/17 12:30,8/8/24 12:33,8/8/28 12:33,Stepanian Jewelers,Jewelry and Repair,333 Washington ST,Boston,MA,02108
11/27/20 12:57,4/30/25 10:25,4/30/29 10:21,Stephen Neyman Boston Criminal Lawyer,criminal defense law firm,10 Tremont ST,Boston,MA,02108
11/27/20 12:57,4/30/25 10:25,4/30/29 10:23,Stephen Neyman Criminal Lawyer,criminal defense law firm,10 Tremont ST,Boston,MA,02108
2/21/24 14:14,,2/21/28 14:08,Steve Setting,Jewelry Shop,333 Washington ST,Boston,MA,02108
8/13/24 12:40,,8/13/28 12:37,Steven A. Tolman Recovery Fund,NON-PROFIT,8 Beacon ST,Boston,MA,02108
11/25/25 12:04,,11/25/29 11:19,Stinson,Fabric Distribution,45 School ST,Boston,MA,02108
9/13/22 15:46,,9/13/26 15:44,Stone Declicatessen,Food Service,100 Blackstone ST,Boston,MA,02108
4/28/16 0:00,,4/28/20 0:00,STORAGERENTPAYMENT,WITHDRAWAL 3/2/2016,44 School ST,Boston,MA,02108
9/23/20 12:41,,9/23/24 11:42,Stratus,Ambulatory Diagnostics Testing,44 School ST,Boston,MA,02108
4/9/20 14:15,,4/9/24 9:31,Stratus,ambulatory diagnostic testing,44 School ST,Boston,MA,02108
9/5/25 13:14,,9/5/29 11:08,Strike,Consumer Finance,44 School ST,Boston,MA,02108
2/18/26 12:17,,2/18/30 12:16,Strike Lending,Lending Services,44 School ST,Boston,MA,02108
10/19/18 12:04,10/17/22 15:40,10/17/26 13:30,Student Loan Hero,Financial Website,44 School ST,Boston,MA,02108
12/11/14 0:00,10/26/22 14:58,10/26/26 14:57,STUDIO DRAW,ARCHITECTURAL FIRM,330 Washington ST,Boston,MA,02108
1/27/17 12:38,,,STUDIO52,,52 Province ST,Boston,MA,02108
8/8/19 12:05,,8/8/23 12:03,Sub Rosa Productions,Production,44 School ST,Boston,MA,02108
8/8/23 14:40,,8/8/27 14:38,SubAgent,Real Estate Brokerage leasing software,55 Court ST,Boston,MA,02108
7/9/24 13:57,,7/9/28 13:55,Subway,Sub Shop,417 Washington ST,Boston,MA,02108
6/13/14 0:00,6/21/22 14:30,6/21/26 12:14,SUBWAY,SUB SHOP,417 Washington ST,Boston,MA,02108
2/12/14 0:00,2/3/26 13:56,2/3/30 13:55,SUFFOLK DENTAL GROUP,GENERAL DENTISTRY,128A Tremont ST,Boston,MA,02108
11/20/25 13:01,,11/20/29 12:43,Sukoon Finance,Mortgage Lending,44 School ST,Boston,MA,02108
9/5/14 0:00,8/8/24 11:23,8/8/28 11:22,SULGRAVE NEWS,CONVENIENCE STORE,413 Washington ST,Boston,MA,02108
7/19/16 13:51,9/16/24 13:22,9/16/28 13:21,SUPERIOR DIAMOND SETTING,JEWELRY STORE,333 Washington ST,Boston,MA,02108
7/25/23 15:07,,7/25/27 12:44,Supreme Team Lending,Mortgage Origination,44 School ST,Boston,MA,02108
10/13/23 16:00,,10/13/27 15:57,SW Consulting,Domestic Violence Consulting,45 School ST,Boston,MA,02108
8/15/16 15:01,,,Swan Jewelry,Jewelry,345 Washington ST,Boston,MA,02108
12/2/13 0:00,10/10/25 16:17,10/10/29 14:03,SWARTZ & SWARTZ,LAW FIRM,10 Marshall ST,Boston,MA,02108
4/21/16 0:00,6/12/25 11:59,6/12/29 11:57,SWEET RICKEY,FILM PRODUCTION,33 Union ST,Boston,MA,02108
8/10/15 0:00,9/11/23 15:02,9/11/27 15:01,SWEETGREEN WASHINGTON + SCHOOL,FAST CASUAL RESTAURANT,13 School ST,Boston,MA,02108
7/5/23 12:18,,7/5/27 12:06,Swish Capital,Mortgage Lending,44 School ST,Boston,MA,02108
5/6/25 15:50,,5/6/29 15:48,Taco Azul,Restaurant,21 Beacon ST,Boston,MA,02108
6/7/18 10:41,6/29/22 11:24,6/29/26 11:23,TacTile,Industrial Design,45 School ST,Boston,MA,02108
7/13/21 10:12,6/13/25 14:35,6/13/29 14:34,Tali Jewelry,Jewelry,345 Washington ST,Boston,MA,02108
5/3/24 15:16,,5/3/28 15:14,Taqueria Los Compadres Mexico Food,Restaurant,26 Province ST,Boston,MA,02108
9/21/20 12:26,10/9/24 16:50,10/9/28 16:38,Target Store T-3363,Retail Sales,100 Cambridge ST,Boston,MA,02108
6/28/23 16:10,,6/28/27 15:57,Tatte Bakery + Cafe,Bakery and Cafe,1 Boston PL,Boston,MA,02108
9/4/25 16:11,,9/4/29 15:58,TBC Communications,Telecommunications and Cloud Services,45 School ST,Boston,MA,02108
3/21/25 11:53,,3/21/29 11:37,TBF Insurance,The Sale Of Insurance as an Insurance Agency,44 School ST,Boston,MA,02108
2/13/26 11:51,,2/13/30 11:50,TCC Solutions,Provides Technology Solutions and Professional Services,44 School ST,Boston,MA,02108
2/16/23 9:47,,2/16/27 9:39,TEAMWORK MANAGEMENT,SOFTWARE SPECIALIST,45 Bromfield ST,Boston,MA,02108
6/28/22 13:35,,6/28/26 13:31,TECHSOL LIFE SCIENCES,GLOBAL TECHNOLOGY SERVICE PROVIDER,44 School ST,Boston,MA,02108
5/15/25 16:23,,5/15/29 16:08,TELCO CELLULAR,Telecommunications,44 School ST,Boston,MA,02108
11/12/15 0:00,11/8/19 11:38,11/8/23 10:40,TEN-X,REAL ESTATE RELATED SERVICES,44 School ST,Boston,MA,02108
9/17/12 0:00,,9/17/16 0:00,TEQUILA MEXICAN GRILL,WITHDRAWAL (9/22/08),53 Bromfield ST,Boston,MA,02108
4/7/15 0:00,5/15/23 14:50,5/15/27 14:48,THE ALLEY BAR,BAR/NIGHT CLUB,14 Pi AL,Boston,MA,02108
5/27/22 12:15,,5/27/26 12:12,The Black Bostonian,Professional & Support Services,1 Washington MA,Boston,MA,02108
1/14/15 0:00,12/1/22 13:26,12/1/26 11:04,THE BOLLARD GROUP,FINIANCIAL INVESTMENT FIRM,1 Joy ST,Boston,MA,02108
12/30/19 11:38,2/21/24 15:19,2/21/28 15:17,The Boston Threading,eyebrow threading,333 Washington ST,Boston,MA,02108
1/25/16 0:00,2/26/24 14:02,2/26/28 14:00,THE BOSTONIAN BOSTON - A MILLENNIUM HOTEL,HOTEL,26 North ST,Boston,MA,02108
3/14/13 0:00,,3/14/17 0:00,THE CHILDREN'S PLACE #960,RETAIL CHILDREN'S CLOTHING,349 Washington ST,Boston,MA,02108
6/30/14 0:00,,6/30/18 0:00,THE CHILDREN'S PLACE #960,WITHDRAWAL (3/14/13),349 Washington ST,Boston,MA,02108
6/17/19 12:26,5/24/23 10:19,5/24/27 10:08,The Diamond Spot,Retail and Second Had Dealer,333 Washington ST,Boston,MA,02108
6/22/22 10:19,,6/22/26 10:17,The Dubliner,Bar & Restaurant,6 Beacon ST,Boston,MA,02108
