license_num,historicallicensenum,status,license_category,license_type,issued,expires,business_name,dba_name,comments,location_comments,opening,closing,patronsout,capacity,descpremadd,applicant,manager,day_phone,evening_phone,address,city,state,zip,gpsx,gpsy
LB-102043,RETMW0073,Active,Misc,Retail Malt Wine,2013-11-08,2026-12-31,"EUROMART, INDIVIDUAL",,1 ALCOHOLIC BEVERAGES WILL BE PRIMARILY EUROPEAN IMPORTS 2 THERE NO EXTERIOR SIGNAGE WINDOW ADVERTISING SALE 3 OPERATING HOURS 8 00 AM TO PM MONDAY THROUGH SATURDAY SUNDAY WITH ALCOHOL NOT BEGIN BEFORE NOON ON SUNDAYS 4 LIMITED 12X12 FOOT FLOOR AREA WITHIN STORE,IN ONE LARGE ROOM ON THE FIRST FLOOR; STORAGE IN THE BASEMENT.,,8:00 PM,,0,," EUROMART, INDIVIDUAL", DENISE A. RADKO,,6172877850,808-  Dorchester AV,Dorchester,MA,2125,776070.8877483904,2943148.2993283123
LB-318029,,Active,Common Victualler,Common Victualler,2017-04-11,2027-12-31,"Ascia Foods, LLC.",,,Café on first floor with kitchen & storage in basement. Located inside the Mosque Building.,6:00 AM,11:00 PM,11:30 PM,61,," Ascia Foods, LLC",Yusuf Yassin,(617)959-3031,,100-  Malcolm X BL,Roxbury,MA,2120,766117.3079180568,2945872.503853649
LB-101644,INNAL0031,Active,Inn,Inn. All Alc.,2013-11-27,2026-12-31,"ELIOT HOTEL, INC.",ELIOT HOTEL,,"On nine floors, including lobby, dining area on first floor and secondly, unnumbered entrance on 83-85 Mass Ave and Alley of Newbury Street: For stock in two rooms with kitchen on first floor, stockroom in basement and rear exit off Newbury Street. Outdoor patio (+/- 366 sf.) with seating for eighte",,,,0,"On nine floors, including lobby, dining area on first floor and secondly, unnumbered entrance on 83-85 Mass Ave and Alley of Newbury Street: For stock in two rooms with kitchen on first floor, stockroom in basement and rear exit off Newbury Street. Outdoor patio (+/- 366 sf.) with seating for eighteen (18), located on public property, open seasonally from March to November with a closing hour of 1:00 AM."," ELIOT HOTEL, INC.", PASCALE SCHLAEFLI,,,370-  Commonwealth AV,Boston,MA,2115,767352.4908151329,2952323.1638525575
LB-100645,CVICT1585,Active,Common Victualler,Common Victualler,2013-10-31,2025-12-31,PHO EXPRESS LLC,PHO EXPRESS,,PART OF FOOD COURT,11:00 AM,9:00 PM,9:30 PM,0,PART OF FOOD COURT, PHO EXPRESS LLC,SHUN CHEN,(617)669-8381,,1095-  Commonwealth AV,Allston,MA,2134,757450.0001214743,2953660.0000896454
LB-101487,DRMTY0279,Active,Misc,Dormitory,2014-05-07,2026-04-30,TRUSTEES OF BOSTON UNIVERSITY,BOSTON UNIVERSITY,,Three story brick building.,,,,18,Three story brick building., TRUSTEES OF BOSTON UNIVERSITY,NISHMIN KASHYAP,,(617)353-3502,33-  Buswell ST,Boston,MA,2215,762596.705051139,2951903.495400563
LB-599862,,Active,Common Victualler,Common Victualler,2025-08-05,2026-12-31,BW Cafe LLC,Tradesman State Street,,"500SF Main lobby kiosk with a service counter, storage, and a dish table in the back. No seating.",7:00 AM,5:00 PM,5:30 PM,0,"500SF Main lobby kiosk with a service counter, storage, and a dish table in the back. No seating.", BW Cafe LLC, Ramses Neves. Rjuiere,(617)869-9018,,53-  State ST,Boston,MA,2109,776115.9998628944,2956069.999862805
LB-304333,,Active,Common Victualler,Common Victualler,2017-01-03,2025-12-31,"Anna's Cafe, LLC",Anna's Cafe,,"1 room on the first floor, kitchen in rear.",6:00 AM,7:00 PM,7:30 PM,32,," Anna's Cafe, LLC",Michael Rauseo,(617)482-6050,,267-281  Medford ST,Charlestown,MA,2129,774627.9611722976,2964276.2429647297
LB-99317,CV7AL0494,Active,Common Victualler,CV7 All Alc.,2013-11-25,2026-12-31,"TAVERN ROAD, INC.",The Smoke Shop BBQ,,"ON GROUND LEVEL IN TWO ROOMS; KITCHEN, BAR, TWO SEATING AREAS, RESTROOMS, OFFICE, AND STORAGE. (180 PERSONS TOTAL: 120 PERSONS SEATED; 60 PERSONS STANDING)",,2:00 AM,2:30 AM,180,"ON GROUND LEVEL IN TWO ROOMS; KITCHEN, BAR, TWO SEATING AREAS, RESTROOMS, OFFICE, AND STORAGE. (180 PERSONS TOTAL: 120 PERSONS SEATED; 60 PERSONS STANDING)"," TAVERN ROAD, INC.", AIMEE MAGNER,,(617)823-5932,343-  Congress ST,Boston,MA,2210,777974.8731136322,2953105.6911588907
LB-138033,,Active,Common Victualler,Common Victualler,2014-12-12,2026-12-31,"WatermarkDonut Company, Inc.",Dunkin Donuts,,"On ground floor; service and sales area in front; storage area, warewahing and office in rear. 405 D Street, Unit A.",5:00 AM,10:00 PM,10:30 PM,0,," Watermark Donut Company, Inc.",Sean Sullivan,(617)464-4001,,405-409A  D ST,Boston,MA,2210,779397.5169218928,2950755.855635479
LB-589060,,Active,Common Victualler,Common Victualler,2025-02-28,2026-12-31,TCC Brands Inc.,Cumin Club Indian Kitchen,,"200SF Food stall inside High Street Place Food Hall, 1st floor. The basement is used for storage. Shared bathroom. No seating and no patio.",11:00 AM,10:30 PM,11:00 PM,0,"200SF Food stall inside High Street Place Food Hall, 1st floor. The basement is used for storage. Shared bathroom. No seating and no patio.", TCC Brands Inc., Giovanni Perlloni Medina,(508)952-0133,,100-  High ST,Boston,MA,2110,776367.639451474,2954509.5800834
LB-101955,RETAL0171,Active,Misc,Retail All Alc.,2013-11-13,2026-12-31,"HOLLYWOOD WINE & SPIRITS, INC.",,,One room first floor at 216 Columbia Road; two rooms for storage at 212 Columbia Road.,,11:00 PM,,0,," HOLLYWOOD WINE & SPIRITS, INC.", IVAN A. PAYAMPS,(617)719-9357,,212-216   Columbia RD,Dorchester,MA,2121,,
LB-615712,,Active,Common Victualler,Common Victualler,2026-02-02,2026-12-31,"Golden Crust Bakery, Inc",Golden Crust Bakery,,"Garden-level business premises fronting on Hudson Street, containing approximately 3,200 square feet, with minimal food preparation and separate sales areas for prepared bakery food items, with egress from both the front and rear of the premises.",8:00 AM,10:00 PM,10:30 PM,10,"Garden-level business premises fronting on Hudson Street, containing approximately 3,200 square feet, with minimal food preparation and separate sales areas for prepared bakery food items, with egress from both the front and rear of the premises."," Golden Crust Bakery, Inc", Jimmy LI,(781)526-7175,,18-  Hudson ST,Boston,MA,2111,775115.12456806,2953065.250294894
LB-138400,,Active,Common Victualler,Common Victualler,2014-12-12,2026-12-31,"Hong Kong 888 Cafe, Inc.",Hong Kong 888 Cafe,Closed on Mondays,First floor premises located at 888 South Street; kitchen is approximately 700 sq. ft. and dining area is approximately 200 sq.ft.,11:00 AM,10:00 PM,10:30 PM,8,," Hong Kong 888 Cafe, Inc.",Changren Lin,(617)323-8122,,882-888  South ST,Roslindale,MA,2131,755112.2315030545,2930394.7424863875
LB-617063,,Active,Common Victualler,Common Victualler,2026-01-29,2026-12-31,TandoorTales LLC,TandoorTales,,"975SF Full-service restaurant with takeout on the same floor, featuring 40 seats and a full kitchen located at the back. Bathrooms are on the side of the first floor, with additional storage space located before the kitchen. There is no outdoor patio.",11:30 AM,11:00 PM,11:30 PM,40,"975SF Full-service restaurant with takeout on the same floor, featuring 40 seats and a full kitchen located at the back. Bathrooms are on the side of the first floor, with additional storage space located before the kitchen. There is no outdoor patio.", TandoorTales LLC, Umapathy Subam,(781)454-8400,,1035-  Tremont ST,Mission Hill,MA,2120,768200.7876749784,2947979.652854562
LB-98831,CLBALV0004,Active,Club,Clb. All Alc. Vet.,2013-12-05,2026-12-31,"JOHN P. MCKEON POST #146 AMVETS, INC.",,No Restrictions on Transfer 1991,In whole of said building.,,1:00 AM,1:30 AM,705,In whole of said building.," JOHN P. MCKEON POST #146 AMVETS, INC",STEPHEN FINN,,,4-   Hill Top ST,Dorchester,MA,2124,778447.707616702,2927634.81633845
LB-99073,CV7AL0211,Active,Common Victualler,CV7 All Alc.,2013-11-21,2026-12-31,ASSOCIATES AND LEISURE ACTIVITIES LLC,LIVE AT THE WILBUR,1 SHOWS TO END MIDNIGHT 2 WRITTEN APPROVAL MUST BE OBTAINED BOARD ENDING AFTER,"246 TREMONT STREET (UPPER LEVELS) IN WHOLE OF SAID BUILDING, EXCEPTING THEREFROM THE ROOM IN LOWER LEVEL WHICH IS THE ARIA NIGHTCLUB.",,2:00 AM,2:30 AM,1201,, ASSOCIATES AND LEISURE ACTIVITIES LLC, WILLIAM BLUMENREICH JR.,,6172516155,246-  Tremont ST,Boston,MA,2116,773842.0001458079,2953119.9998573065
LB-587128,,Active,Common Victualler,Common Victualler,2025-02-15,2026-12-31,Descendant Pizza Pru LLC,Descendant Pizza Detroit Style Pizza,,"1,778SF Single floor with a countertop for takeout, 8 tables, and 20 seats. There is 1 bathroom located at the front of the restaurant, and the kitchen is in the middle of the premises.",10:00 AM,10:00 PM,10:30 PM,20,"1,778SF Single floor with a countertop for takeout, 8 tables, and 20 seats. There is 1 bathroom located at the front of the restaurant, and the kitchen is in the middle of the premises.", Descendant Pizza Pru LLC, Alex Koutounidis,(617)544-0417,,800-  Boylston ST,Boston,MA,2199,769025.6134531349,2951810.16126965
LB-584424,,Active,Common Victualler,Common Victualler,2025-01-17,2026-12-31,NGAN PHAN TOGO LLC,EVAN TOGO,,"830SF Open-floor space with an open kitchen and sink, no rooms, no seating, and no patio.",8:00 AM,8:00 PM,8:30 PM,0,"830SF Open-floor space with an open kitchen and sink, no rooms, no seating, and no patio.", NGAN PHAN TOGO LLC, Ngan Phan,(617)331-6530,,411-   Adams ST,Dorchester,MA,2122,776182.198590592,2932925.29051939
LB-101406,DRMTY0162,Active,Misc,Dormitory,2014-05-07,2026-04-30,TRUSTEES OF BOSTON UNIVERSITY,BOSTON UNIVERSITY,,Four story brick building.,,,,7,Four story brick building., TRUSTEES OF BOSTON UNIVERSITY,NISHMIN KASHYAP,,(617)353-3502,115-  Bay State RD,Boston,MA,2215,764686.7248212248,2952973.7216065526
LB-99256,CV7AL0423,Active,Common Victualler,CV7 All Alc.,2013-11-22,2026-12-31,"DRAM, LLC",THE CITIZEN,PATIO CONDITIONS 1 ALCOHOLIC BEVERAGES TO BE SERVED ONLY IN CONJUNCTION WITH MEALS 2 11 00 P M CLOSING,"IN ONE ROOM ON GROUND FLOOR WITH KITCHEN, OFFICE/STORAGE AND RESTROOMS IN REAR; MAIN ENTRANCE ON BOYLSTON STREET. AND EMERGENCY EXITS TO BOYLSTON AND JERSEY STREETS; AND TO INCLUDE AN OUTDOOR PATIO ALONG BOYLSTON STREET FOR 36 PATRONS ON PRIVATE PROPERTY. INSIDE CAPACITY 80 SEATED, 33 STANDING.",,2:00 AM,2:30 AM,113,," DRAM, LLC", PHILIP J. ANDINO III,,(617)304-2980,1330-  Boylston ST,Boston,MA,2215,764631.7121359706,2950640.718398556
LB-99274,CV7AL0444,Active,Common Victualler,CV7 All Alc.,2013-11-22,2026-12-31,GRNA GRB of MA LLC,Gordon Ramsay Burger,,,,11:00 PM,11:30 PM,207,"Premises consist of a full-service restaurant on 2 levels. First floor is 4,082SF (+/-) with 3 dining areas, bar, kitchen, and 3 storage areas and restrooms. Second level with 676SF (+/-) interior space containing internal staircase, elevator and service station, and a year-round 1,811SF (+/-) outdoor terrace on private property with dining, lounge and seating for 89. Outdoor terrace hours no later than 11:00PM. Alcohol service from 11:00 AM Sundays. General hours of operation 10:00PM Sunday-Thursday, 11:00PM Friday and Saturday.



Capacity breakdown: Restaurant First Floor-110 Persons-Bar 42, Dining 56, 12 Standing-Patio-2nd floor-97 Persons-Lounge 19, Dining 70, 8 Standing", GRNA GRB of MA LLC, Michael Neil Grigioni,,427-6514,120-  John F. Fitzgerald Surface RD,Boston,MA,2109,776225.864800632,2957117.6112846434
LB-155925,,Active,Common Victualler,CV7 Malt Wine Restrict.,2016-01-12,2026-12-31,"Shin, Inc.",Oppa Sushi,,Approximately 800 s.f. two floors basement level and ground level 1 entrance 1 exit prep area in back 38 capacity.,,1:00 AM,1:30 AM,38,," Shin, Inc.", Kye Kim,(617)202-3808,,185-  Harvard AV,Allston,MA,2134,755768.611095801,2953118.6002538055
LB-98922,CV7AL0041,Active,Common Victualler,CV7 Malt Wine Liq.,2013-11-19,2026-12-31,"FLAGSHIP RESTAURANT GROUP, LLC",FORCELLA,,,,2:00 AM,2:30 AM,44,"In one room on ground floor at 33 North Square with dining area and kitchen in rear, basement for storage and restrooms, and in one additional room on ground floor at 37 North Square for additional seating, bar, and restrooms. Seasonal (May-October) outdoor patio on private property in rear."," FLAGSHIP RESTAURANT GROUP, LLC", SHANNON MACGOWAN,(617)834-6222,,33-  North SQ,Boston,MA,2113,776742.7489374727,2957798.334004566
LB-540101,,Active,Misc,Retail Malt Wine,2023-11-20,2026-12-31,"Patel Harvard, Inc.",Harvard Convenience,,"The premises to be licensed is 2,000sf: In one main room on ground floor, storage and offices in rear, additional basement storage. ",,11:00PM,,0,"The premises to be licensed is 2,000sf: In one main room on ground floor, storage and offices in rear, additional basement storage. "," Patel Harvard, Inc.", Tushar Kanubhai Patel,(857)250-1818,,157-  Brighton AV,Allston,MA,2134,755553.9999764711,2953970.0001258105
LB-101239,CVICT2473,Active,Common Victualler,Common Victualler,2013-10-30,2026-12-31,"POTBELLY SANDWICH WORKS, LLC",POTBELLY SANDWICH SHOP,,ON FIRST FLOOR WITH KITCHEN AND STORAGE IN THE REAR AND THE DINING ROOM IN THE FRONT.,6:00 AM,7:00 PM,7:30 PM,42,," POTBELLY SANDWICH WORKS, LLC",John DeMallistre,,(781)964-3910,1-  Federal ST,Boston,MA,2110,775918.196452722,2955102.9197759777
LB-101893,RETAL0077,Active,Misc,Retail All Alc.,2013-11-25,2026-12-31,"MCCARTHY BROTHERS, INC.",MCCARTHY LIQUORS,Board acknowledged granted petition to open 10 00 m on Sundays,"ONE ROOM FIRST FLOOR, REAR ROOM FOR STOCK.",,11:00 PM,,0,," MCCARTHY BROTHERS, INC.", RICHARD J. MCCARTHY,,(781)231-9044,9-  Moulton ST,Charlestown,MA,2129,776016.3799833804,2962626.719032809
LB-101323,DRMTY0030,Active,Misc,Dormitory,2014-05-07,2026-04-30,TRUSTEES OF BOSTON UNIVERSITY,BOSTON UNIVERSITY,,3 story brick building.,,,,16,3 story brick building., TRUSTEES OF BOSTON UNIVERSITY,NISHMIN KASHYAP,,(617)353-3502,184-  Bay State RD,Boston,MA,2215,763781.4366055578,2952914.8142440617
LB-598405,,Active,Common Victualler,Common Victualler,2025-06-27,2025-12-31,VAN LEEUWEN 86 VAN NESS FENWAY BOS LLC,VAN LEEUWEN ICE CREAM,Update ISD business name 2026 Renewal,"Premise A.K.A (1321–1341 Boylston Street) 1,143SF Ground-level ice cream shop suite 150 consisting of a dining area (13 seats), service counter, one public restroom, and a back room for storage and ware washing.",11:00 AM,12:00 AM,12:30 AM,13,"Premise A.K.A (1321–1341 Boylston Street) 1,143SF Ground-level ice cream shop suite 150 consisting of a dining area (13 seats), service counter, one public restroom, and a back room for storage and ware washing.", VAN LEEUWEN 86 VAN NESS FENWAY BOS LLC, Grant Jones,(617)845-7951,,90-  Van Ness ST,Boston,MA,2215,764484.1241765469,2950983.076309636
LB-146400,,Active,Club,Clb. All Alc. Airport,2016-03-14,2026-12-31,"Airist Boston, Co. Inc.",,,Airport Business & First Class Premier Lounge. (Air France lounge at Logan Airport Terminal E),,2:00 AM,2:30 AM,206,, Airist Boston Co Inc,Myriam Tiken,(617)866-3561,,500     Logan Airport Terminal E  ,East Boston,MA,2128,0.0,0.0
LB-99019,CV7AL0150,Active,Common Victualler,CV7 All Alc.,2013-11-26,2026-12-31,"Row 34 Kenmore, LLC",Row 34,Assembly Permits 194 Persons Breakdown Total Interior Seats 168 Occupancy Standing 26 occupancy 20 Staff Occupants,"Premises consisting of 7,321 sq. ft. on first floor of five-story mixed-use building, consisting of main dining area, bar, storage, private dining room, main entrance on Commonwealth Avenue, secondary entrance through adjacent hotel lobby, three means of egress.",,2:00 AM,2:30 AM,194,"Premises consisting of 7,321 sq. ft. on first floor of five-story mixed-use building, consisting of main dining area, bar, storage, private dining room, main entrance on Commonwealth Avenue, secondary entrance through adjacent hotel lobby, three means of egress."," Row 34 Kenmore, LLC", Cortlandt Avila,(617)678-3082,,498-  Commonwealth AV,Boston,MA,2215,765428.4165793061,2952278.929360971
LB-414772,,Active,Misc,Lodging Houses (Frat/Dorm),2019-12-17,2026-04-30,31-37 POPLAR STREET LLC,,,"2 story building with 6 rooms on the second floor with 2 bathrooms, 1 kitchen.",,,,6,, 31-37 POPLAR STREET LLC,Rafael Hernandez,(617)719-5099,,33-  Poplar ST,Roslindale,MA,2131,756552.1167466342,2929533.5253768116
LB-100377,CVICT1038,Active,Common Victualler,Common Victualler,2013-10-11,2026-12-31,"Selhi Associates, LLC",McDonald's,Operating hours 6 00 AM 3 with deliveries ONLY between 12,"In one room on the first floor; kitchen in rear, basement for storage. AKA 1513 Dorchester Avenue.",6:00 AM,,3:30 AM,49,," Selhi Associates, LLC",Vijay Selhi,(617)288-3468,,500-  Geneva AV,Dorchester,MA,2122,774400.8028339744,2934206.1567795575
LB-98946,CV7AL0066,Active,Common Victualler,CV7 All Alc.,2013-11-25,2026-12-31,"BBRG TR, LLC",ABE & LOUIE'S,1 Patio to close Midnight 2 No more than forty patrons 3 After 8PM all alcoholic beverages orders must be accompanied food 4 Barrier set off patio from side walk 5 All trash stored in dumpsters ALCOHOLIC BEVERAGES TO BE SERVED IN CONJUNCTION WITH BRUNCH ON SUNDAYS 10 00 M,"777-793 Boylston Street; stock in two rooms and one kitchen on the first floor, one room on the second floor, and two rooms in basement level with storage and seasonal patio (operating Apr-Nov with a capacity of 40) on private property with a 12 am closing hour.
",,2:00 AM,2:30 AM,425,"777-793 Boylston Street; stock in two rooms and one kitchen on the first floor, one room on the second floor, and two rooms in basement level with storage and seasonal patio (operating Apr-Nov with a capacity of 40) on private property with a 12 am closing hour.

Capacity breakdown: 222 First Floor, 180 Second Floor & 23 Basement"," BBRG TR, LLC", Perparim Sala,,(617)527-2836,777-793  Boylston ST,Boston,MA,2116,769309.6552078873,2952577.323449224
LB-358057,,Active,Common Victualler,Common Victualler,2018-09-05,2026-12-31,"Sol Taquerias, Inc.",Achilitos Taqueria,Mon Sat 7 00 AM 11 PM Sunday 8 9,"Open kitchen on first floor, bar seating at windows, dry storage in basement.",7:00 AM,11:00 PM,11:30 PM,14,," Sol Taquerias, Inc.",Margaret Pimentel,(617)987-5465,,38-  Hyde Park AV,Jamaica Plain,MA,2130,760598.0988121331,2934176.0039527267
LB-99356,CV7AL0548,Active,Common Victualler,CV7 All Alc.,2013-11-12,2026-12-31,Raceway Boston LLC,F1 Arcade,Board granted petition to sell alcoholic beverages on Sundays beginning 10 00 AM Capacity Breakdown Seating 240 Persons Standing 157 Simulator 69,,,2:00 AM,2:30 AM,466,"87 Pier 4 Blvd is the actual address: Premise located on floors 1 and 2 of 87 Pier4 Blvd., an 18-story mixed-used building. Includes a private dining room, main dining area, bathrooms. First floor: 680SF, second floor: 13,886SF.", Raceway Boston LLC, William Mills,,6175238496,81-91-  Pier 4 BL,Boston,MA,2210,779295.9045923054,2953158.449255482
LB-599561,,Active,Common Victualler,CV7 All Alc Comm Spaces Restricted,2025-11-10,2026-12-31,"American Repertory Theatre Company, Inc.",American Repertory Theatre,COMMUNITY SPACE RESTRICTED SPECIAL LEGISLATION CHAPTER 202 ACTS YEAR 20242026 TEMP CLOSED DO NOT ISSUE AWAIT DOCS,,,1:00 AM,1:30 AM,1,"The venue includes the West Stage theater with seating for up to 705 on three levels (first floor, mezzanine, second floor); storage spaces, restrooms, and rehearsal spaces; kitchen, café and bar located in the first floor lobby; additional annual enclosable exterior space adjacent to the first floor lobby (“yard”) located on private property with 112 seats and 1:00AM closing hour. The East Stage is a secondary performance space with a variety of flexible seating arrangements for up to 300 in total. All together comprised of 75,689 sf, with 8 entrances/exits. 1:00 AM closing hour."," American Repertory Theatre Company, Inc.", Anna Fitzloff,,,175- N Harvard ST,Allston,MA,2134,756377.4291038811,2957893.98834081
LB-98805,CLBAL0033,Active,Club,Clb. All Alc.,2013-12-02,2026-12-31,"THE TAVERN CLUB, INC.",,       ,In whole of said building.  Capacity breakdown: 1st fl - 117; 2nd fl - 113; 3rd fl - 83.  ,,1:00 AM,1:30 AM,313,In whole of said building.  Capacity breakdown: 1st fl - 117; 2nd fl - 113; 3rd fl - 83.," THE TAVERN CLUB, INC.", Anthony M. Fay,(617)338-9682,,4-6  Boylston PL,Boston,MA,2116,773433.9999775589,2953559.999961555
LB-382579,,Active,Common Victualler,BYOB Bring Your Own Bottle,2019-03-20,2026-12-31,"JJ and JP, Inc.",Vaisakhi Indian Kitchen,,"Has applied for a B.Y.O.B (Bring Your Own Bottle) License to be exercised on the above - First floor kitchen and dining; with bathroom and basement. Baljit Singh, Manager. Hours of Operation: Monday - Friday 11:30 AM-10:30 PM.",5:00 PM,10:30 PM,11:00 PM,28,," JJ and JP, Inc.",Baljit Singh,(617)505-5932,,157-  Sutherland RD,Brighton,MA,2135,751644.9999204725,2949520.0001675636
LB-99438,CV7AL0645,Active,Common Victualler,CV7 All Alc.,2013-11-26,2026-12-31,"BOSTON CULINARY GROUP, INC.",BOSTON OPERA HOUSE,,"IN WHOLE OF SAID BUILDING/THEATRE, WITH MAIN ENTRANCE ON WASHINGTON STREET AND LOADING EXIT/ENTRANCE ON MASON STREET. CONCESSION AGREEMENT BETWEEN BOSTON OPERA HOUSE VENTURES, LLC AND BOSTON CULINARY GROUP APPROVED BY BLB AND ABCC.",,2:00 AM,2:30 AM,2677,"IN WHOLE OF SAID BUILDING/THEATRE, WITH MAIN ENTRANCE ON WASHINGTON STREET AND LOADING EXIT/ENTRANCE ON MASON STREET. CONCESSION AGREEMENT BETWEEN BOSTON OPERA HOUSE VENTURES, LLC AND BOSTON CULINARY GROUP APPROVED BY BLB AND ABCC."," BOSTON CULINARY GROUP, INC.", Sean O'Dwyer,,(617)261-0065,539-  Washington ST,Boston,MA,2111,774463.5267898887,2954325.167394474
LB-101776,LDGHS0248,Active,Misc,Lodging Houses (Frat/Dorm),2014-04-04,2026-04-30,871 BEACON LLC,871 BEACON LLC,       ,"Four story building plus basement, 2 rooms on basement, 2 rooms on 1st floor, 3 rooms on 2nd floor, 3 rooms on 3rd floor, 4 rooms on 4th floor.",,,,21,"Four story building plus basement, 2 rooms on basement, 2 rooms on 1st floor, 3 rooms on 2nd floor, 3 rooms on 3rd floor, 4 rooms on 4th floor.", 871 BEACON LLC, Jonathan M. Katz,,6172662760,871-  Beacon ST,Boston,MA,2215,763141.6120977998,2951570.7440975606
LB-100051,CVICT0347,Active,Common Victualler,Common Victualler,2014-01-27,2026-12-31,"Washington Park Chicken, LLC",Popeyes,,Dining room with attached kitchen on first floor.,10:00 AM,10:00 PM,10:30 PM,48,," WASHINGTON PARK CHICKEN, LLC", AMISH PARIKH,,(617)442-3545,300-350   Martin Luther King Jr BLVD,Roxbury,MA,2119,769072.087959975,2941707.39004756
LB-202281,,Active,Inn,Inn. All Alc. Restrict.,2016-11-30,2026-12-31,"Colwen Management, Inc.",AC Hotel by Marriott South End,,"The AC Hotel by Marriott South End consists of a +/- 99,846 full-service hotel with 6 stories, 205 guest rooms, and room service. The first floor consists of +/- 10,070 SF; 272 seats of licensed area: breakfast/dining = +/- 861 SF, 44 seats; bar/lounge = +/- 1,049 SF, 39 seats; soft seating area = +",,2:00 AM,2:30 AM,0,"The AC Hotel by Marriott South End consists of a +/- 99,846 full-service hotel with 6 stories, 205 guest rooms, and room service. The first floor consists of +/- 10,070 SF; 272 seats of licensed area: breakfast/dining = +/- 861 SF, 44 seats; bar/lounge = +/- 1,049 SF, 39 seats; soft seating area = +/- 628 SF, 20 seats; meeting room 1 = +/- 798 SF, 64 seats; meeting room 2 = +/- 620 SF, 40 seats; board room = +/- 576 SF, 14 seats; two (2) media rooms= +/- 153 SF, 6 seats; pre-function = +/- 867 SF, 10 seats; Library = +/- 147 SF, 4 seats; lobby, kitchen, restrooms,  locked storage, and two (2) seasonal (March –November) patios on private property with +/- 689 SF, 10 seats and 497 SF, 16 seats. 2 Entrances and 5 Exits provided."," Colwen Management, Inc.", Kimberly Tobias,,,225-  Albany ST,Roxbury,MA,2118,774585.6174249649,2951086.255893305
LB-379514,,Active,Common Victualler,Common Victualler,2018-11-20,2026-12-31,Chilangos LLC,Hub Handcrafted Wrap & Juice,,"Ground floor, kitchen in the back, bathroom & mop washing station.",7:00 AM,12:00 AM,12:30 AM,13,Single floor of approx. 661SF with a counter for take out and seating for 13. Two Bathrooms in back and kitchen in rear of the building., Chilangos LLC, Felipe Duran,(857)654-7588,,656-660   Centre ST,Jamaica Plain,MA,2130,760607.548656091,2939259.75948529
LB-567232,,Active,Common Victualler,CV7 Malt Wine Liq by Zip Restricted,2024-12-26,2026-12-31,Jadu LLC,Jadu,Special Legislation Zip Code Restricted License CV7MWLZ Chapter 202 Year 2024,,,11:00 PM,11:30 PM,42,"980 SF restaurant space located on ground floor of building to include dining area with approximately 32 seats, kitchen, restroom and storage in rear, with one means of ingress and two means of egress, and additional 980 SF located in basement for storage", JADU LLC, Maya Mukhopadhaya,(917)318-8307,,767-  Centre ST,Jamaica Plain,MA,2130,760202.1839215606,2938295.0606752336
LB-99032,CV7AL0164,Active,Common Victualler,CV7 All Alc.,2013-11-29,2026-12-31,GALMIKE CORP.,HARP & BARD,ALCOHOLIC BEVERAGES TO BE SERVED ONLY IN CONJUNCTION WITH BRUNCH ON SUNDAYS FROM 11AM NOON Open on Sundays 9 00 M service food Only,"Side entrance 34 Savin Hill Ave., rear entrance for stock; in two rooms and kitchen first floor; cellar for stock.",,1:00 AM,1:30 AM,299,"Side entrance 34 Savin Hill Ave., rear entrance for stock; in two rooms and kitchen first floor; cellar for stock.", GALMIKE CORP., MICHAEL J. GALVIN,,265-2893,1099-  Dorchester AV,Dorchester,MA,2125,775870.0000268072,2939420.00002639
LB-99656,CV7MW0479,Active,Common Victualler,CV7 Malt Wine Liq.,2013-11-26,2026-12-31,Eel Point Cafe LLC ,The Shawmut Inn,,,,11:00 PM,11:30 PM,30,In one room on ground floor with dining area and seated bar/counter service; kitchen and storage in rear; seasonal sidewalk cafe (April-October) on DPW land with 18 seats and outdoor hours of operation between 11:00 AM-10:00 PM Sunday-Wednesday and 11:00 AM-10:30 PM Thursday-Saturday. Interior closing hour: 11:00 PM., Eel Point Cafe LLC, Quang Tran,,6174806393,477-  Shawmut AV,Roxbury,MA,2118,770813.9999682158,2948809.9999471456
LB-101397,DRMTY0140,Active,Misc,Dormitory,2014-05-07,2026-04-30,NORTHEASTERN UNIVERSITY,NORTHEASTERN UNIVERSITY,,"Building is brick, 3 floors with lounge and recreation facilities, no dining area.",,,,69,"Building is brick, 3 floors with lounge and recreation facilities, no dining area.", Northeastern University, Robert S. Austin,,(617)332-0268,81-83  Saint Stephen ST,Boston,MA,2115,767515.8001998067,2949853.134343803
LB-100714,CVICT1726,Active,Common Victualler,Common Victualler,2013-10-24,2026-12-31,"DUNKIN DONUTS, INC.","DUNKIN DONUTS, INC.",,IN ONE ROOM ON THE FIRST FLOOR WITH KITCHEN AND STORAGE IN THE REAR. ,5:00 AM,11:00 PM,11:30 PM,22,," DUNKIN DONUTS, INC.", STEVE ALEPEDE,,(617)699-6069,942-  Hyde Park AV,Hyde Park,MA,2136,759051.3607638925,2922759.938202232
LB-599554,,Active,Common Victualler,CV7 All Alc Comm Spaces Restricted,2025-10-03,2026-12-31,"Boston Center for the Arts, Inc.",Boston Center for the Arts,COMMUNITY SPACE RESTRICTED SPECIAL LEGISLATION CHAPTER 202 ACTS 2024 Place Assembly 1 400 Persons as Follows Typical Trade Show Standing Special Event 231 Table amp Chairs 168 Remove Obstructions from center exit when over 1000 persons Performance Tables 228 576 non Simultaneous Banquet Layout 540 Set Up according to plans approved,,,2:00 AM,2:30 AM,1542,"In one large room on ground floor of 539 Tremont Street known as the “Cyclorama” containing exhibition and performance space, with various different seating layouts per plans on file with Licensing Board, together with storage, restrooms, changing rooms and other back of house areas. Together with additional performance space (“Plaza Theatre” with 142 capacity and “Black Box Theatre” with 90 capacity) in the lower level, with additional restrooms, changing rooms and green room. All together comprised of approximately 23,000 sf with 8 entrances and 9 exits. 2:00AM closing hour."," Boston Center for the Arts, Inc.", Kristi Keefe,,,539-  Tremont ST,Boston,MA,2116,772036.9456850588,2950928.240461305
LB-100973,CVICT2176,Active,Common Victualler,Common Victualler,2013-10-29,2026-12-31,DAYIB CAFE,ASHUR RESTAURANT,,IN ONE ROOM ON THE FIRST FLOOR; KITCHEN AND STORAGE IN REAR.,5:00 AM,11:00 PM,11:30 PM,48,, DAYIB CAFÉ, ABDULLAH E. ANSHUR,,(617)699-5306,291-  Roxbury ST,Roxbury,MA,2120,765867.5121577978,2945690.7709493935
LB-99744,CV7MWL0070,Active,Common Victualler,CV7 Malt Wine Liq.,2013-11-27,2026-12-31,"HLHP BOSTON, LLC",HAPPY LAMB HOT POT,1 Malt Wine with Liqueurs to be served only in conjunction meals 2 Trash stored inside 3 NO CHANGE IN CAPACITY WITHOUT APPROVAL LICENSING BOARD Board granted permission serve alcohol 10 00 M on Sundays brunch,"FIRST FLOOR IN TWO LARGE ROOMS INTO ONE ROOM FOR DINING, USE THE BASEMENT FOR STORAGE.",,1:00 AM,1:30 AM,123,," HLHP BOSTON, LLC", KA LONG LEI,,,130-  Brighton AV,Allston,MA,2134,755678.944280386,2953789.488019645
LB-529347,,Active,Common Victualler,CV7 All Alc. Airp.,2023-11-30,2025-12-31,"SSP AMERICA, INC.",Boston Harbor Distillery,,"1,992 sq ft. restaurant located within Terminal E of Logan International Airport providing food and beverages to airline passengers. Premises is on-story with a kitchen, bar, and dining area. The seating count is 101 and the legal occupancy is 108. There is 1 entrance/exit to the premises.",8:00 AM,12:00 AM,12:30 AM,108,"1,992 sq ft. restaurant located within Terminal E of Logan International Airport providing food and beverages to airline passengers. Premises is on-story with a kitchen, bar, and dining area. The seating count is 101 and the legal occupancy is 108. There is 1 entrance/exit to the premises.  The Board granted alcohol service to begin at 10:00 AM on Sunday."," SSP America, Inc.", Jacqueline Genao,(703)723-7264,,500-  Terminal RD,East Boston,MA,2128,786028.4865995497,2960188.3233190626
LB-100038,CVICT0328,Active,Common Victualler,Common Victualler,2013-10-25,2025-12-31,BLANK STREET 97 CHARLES STREET BOSTON LLC,BLANK STREET COFFEE,Hours Operation Monday Friday 7 00 AM 4 PM Saturday Sunday 8 5 TEMPORARY LICENSE PENDING TRANSFER,ALSO ADDRESSED AS 123 PINCKNEY STREET - IN ONE ROOM ON THE FIRST FLOOR WITH KITCHEN IN THE REAR AND STORAGE IN THE BASEMENT.,7:00 AM,5:00 PM,5:30 PM,12,, BLANK STREET 97 CHARLES STREET BOSTON LLC, Nicholas Sandilands,(617)870-1643,899-4385,97-  Charles ST,Boston,MA,2114,772234.4761298895,2956100.835759148
LB-131728,,Active,Common Victualler,Common Victualler,2014-10-27,2026-12-31,"Xzelent, Inc.",Fiskie's Cafe,,"First floor dining are, kitchen and storage area.",7:00 AM,1:00 AM,1:30 AM,20,," XZelent, Inc.", Devarshi Patel,(617)282-8288,,27-  Harbor Point BL,Dorchester,MA,2125,779956.9272203892,2941561.8910838068
LB-99452,CV7AL0673,Active,Common Victualler,CV7 All Alc.,2013-11-13,2026-12-31,"1928 Rowes Wharf,LLC",1928 Rowes Wharf,,"5,303sf TOTAL: 2,953sf on ground floor with main dining area and bar seating; kitchen and storage in rear; mezzanine level for additional equipment and storage; 2 entrance/exits of Atlantic Ave.; additional entrance/exit on northern side of premises. 2,350sf annual patio on private property with sea",,1:00 AM,1:30 PM,72,"5,303sf TOTAL: 2,953sf on ground floor with main dining area and bar seating; kitchen and storage in rear; mezzanine level for additional equipment and storage; 2 entrance/exits of Atlantic Ave.; additional entrance/exit on northern side of premises. 2,350sf annual patio on private property with seating for 70, closing hour 11pm."," 1928 Rowes Wharf,LLC", Kristin Jenkins,,(240)476-1652,30     Rowes Wharf  ,Boston,MA,2110,0.0,0.0
LB-99330,CV7AL0509,Active,Common Victualler,CV7 All Alc.,2013-11-26,2026-12-31,"El Barco BackBay, LLC",EL BARCO,,"In one large room on ground floor with various dining areas with seating for 140 patrons, additional counter seating for 17, and bar with seating for 23, office, storage, restroom and kitchen located in rear. All together comprised of approximately 6,000 sf with 1 entrance and 2 exits.",,1:00 AM,1:30 AM,180,"In one large room on ground floor with various dining areas with seating for 140 patrons, additional counter seating for 17, and bar with seating for 23, office, storage, restroom and kitchen located in rear. All together comprised of approximately 6,000 sf with 1 entrance and 2 exits."," El Barco BackBay, LLC", Amanda Allen,,(617)469-2095,50B-  Dalton ST,Boston,MA,2115,768178.853007555,2951771.4116752297
LB-606468,,Active,Common Victualler,Common Victualler,2025-09-18,2026-12-31,NY Bagel & Coffee Co,NY BAGEL & COFFEE CO,,"1,350SF Sit-in and take-out café where all food is served in disposable containers. The first floor features 24 seats, a full kitchen located at the back, and bathrooms on the right side. The basement is used for storage only. There is no outdoor patio.",6:00 AM,2:00 AM,2:30 AM,28,"1,350SF Sit-in and take-out café where all food is served in disposable containers. The first floor features 24 seats, a full kitchen located at the back, and bathrooms on the right side. The basement is used for storage only. There is no outdoor patio.", NY BAGEL & COFFEE CO, GOPAL RUNGTA,(617)870-7937,,111-  Brighton AV,Allston,MA,2134,756038.0354257226,2953885.791632816
LB-99309,CV7AL0485,Active,Common Victualler,CV7 All Alc.,2013-11-26,2026-12-31,LaLaLand LLC,Blondie's,Open 10 00 M on Sundays service alcohol with brunch,,,2:00 AM,2:30 AM,170,"(4456 SF) On two floors: On the first floor in one room with bar and table seating for patrons and restrooms in the rear; in the basement and in two rooms bar and table seating for patrons and bathrooms in the front, with kitchen and storage in the rear.", LaLaLand LLC, Tyrone Di Stasi,,,458-  Western AV,Brighton,MA,2135,752865.0001051426,2957130.0000393987
LB-347421,,Active,Common Victualler,Common Victualler,2017-12-11,2026-12-31,"SWEETGREEN BOSTON, LLC",Sweetgreen,,Portion of first floor with kitchen and prep area in the rear. Also to include seasonal (June - August) outdoor patio on private property with 28 seats to operate the same hours as the restaurant.,10:00 AM,10:00 PM,10:30 PM,48,," Sweetgreen Boston, LLC", Bhola Pradhan,,,225-  Franklin ST,Boston,MA,2110,776697.0000132173,2955120.000122398
LB-101363,DRMTY0102,Active,Misc,Dormitory,2014-04-30,2026-04-30,NORTHEASTERN UNIVERSITY,NORTHEASTERN UNIVERSITY,,4 story brick building,,,,912,4 story brick building, Northeastern University, Robert S. Austin,,(617)332-0268,10-  Forsyth ST,Boston,MA,2115,766916.659993887,2949635.236813724
LB-617061,,Active,Common Victualler,Common Victualler,2026-01-29,2026-12-31,Golden Cons LLC,Fries before guys,,"762SF Two-floor space with a kitchen on the top floor and a storage room in the basement, including a walk-in cooler. There are 19 seats, and take-out is available. No patio.",11:00 AM,11:00 PM,11:30 PM,19,"762SF Two-floor space with a kitchen on the top floor and a storage room in the basement, including a walk-in cooler. There are 19 seats, and take-out is available. No patio.", Golden Cons LLC, Ahmet Guney,(949)668-8295,,485-  Cambridge ST,Allston,MA,2134,754196.0778235495,2954162.139177233
LB-101621,INNAL0008,Active,Inn,Inn. All Alc.,2013-11-26,2026-12-31,REMINGTON BOSTON EMPLOYERS LLC,HILTON BOSTON BACK BAY,,IN WHOLE OF SAID BUILDING SEE ISD CERTIFICATE FOR THE CAPACITY.,,2:00 AM,,0,IN WHOLE OF SAID BUILDING SEE ISD CERTIFICATE FOR THE CAPACITY., REMINGTON BOSTON EMPLOYERS LLC, Douglas Koenig,,(781)879-6599,40-  Dalton ST,Boston,MA,2115,768283.4771421403,2951547.796964973
LB-100670,CVICT1632,Active,Common Victualler,Common Victualler,2013-10-18,2026-12-31,"Six 88, LLC",,,IN ONE ROOM ON THE FIRST FLOOR WITH KITCHEN IN THE REAR AND STORAGE IN THE BASEMENT.,8:30 AM,10:00 PM,10:30 PM,0,," Six 88, LLC",Ian Vaz,(617)254-3099,,112-  Brighton AV,Allston,MA,2134,756051.999964714,2953729.999949649
LB-100081,CVICT0404,Active,Common Victualler,Common Victualler,2013-12-24,2026-12-31,"YANES BURRITO'S CORPORATION, INC.",BURRITOS PIZZERIA,,"In one room on the first floor with kitchen in the rear storage in the basement.  1282 HYDE PARK AVENUE, HYDE PARK, MA  02136",7:00 AM,11:00 PM,,5,In one room on the first floor with kitchen in the rear storage in the basement.," YANES BURRITO'S CORPORATION, INC.", JOSE O YANES,,6172933833,1282-  Hyde Park AV,Hyde Park,MA,2136,757957.0000917166,2918260.000023648
LB-102044,RETMW0074,Active,Misc,Retail Malt Wine,2013-11-15,2026-12-31,"FOODIE'S URBAN MARKET, LLC",FOODIE'S URBAN MARKET,Board acknowledges granted petition to open 10 m on Sundays,IN ONE ROOM ON THE FIRST FLOOR WITH STORAGE IN THE REAR.,,9:00 PM,,0,," FOODIE'S URBAN MARKET, LLC", Victor G. Leon,,7813296053,1421-  Washington ST,Roxbury,MA,2118,772248.1552363932,2949625.0160336494
LB-447986,,Active,Misc,Retail All Alc.,2021-07-20,2026-12-31,"86 Mass Ave Wild Duck, Inc.",Wild Duck,NO NIPS SINGLES,"on one floor (3096 SF), consisting of a sales area with beverages and food displays, wine tasting area with bar-top seating, product gondolas, sixteen (16) product coolers, walk-in cooler, storage area with employee kitchen and lounge, restroom, and office.",,11:00 PM,,0,," 86 Mass Ave Wild Duck, Inc.", Lalit Verma,(617)959-7932,,86-  Massachusetts AV,Boston,MA,2115,767493.000048548,2952360.000064984
LB-101128,CVICT2352,Active,Common Victualler,Common Victualler,2013-11-21,2026-12-31,"DNSA, INC.",LOS AMIGOS MEXICAN GRILL,,IN ONE ROOM ON THE FIRST FLOOR; KITCHEN IN REAR STORAGE IN BASEMENT.,10:00 AM,11:00 PM,11:30 PM,4,," DNSA, INC.", DANIEL USTAYEV,,6179596915,1743-  Centre ST,West Roxbury,MA,2132,750827.3152041435,2929972.1514680535
LB-100008,CVICT0274,Active,Common Victualler,Common Victualler,2013-10-16,2026-12-31,"Tezanlar, Inc.",Thornton's Restaurant,,"In two rooms on the first floor with kitchen, and storage: 66 indoor seats. Outdoor seasonal patio (march-Nov) on private property with 50 seats, same hours as the restaurant.",7:00 AM,11:00 PM,11:30 PM,66,," Tezcanlar, Inc.",Sazi Murat Tezcan,(617)267-6336,,150-  Huntington AV,Boston,MA,2115,769178.7489736378,2950969.3473344743
LB-369243,,Active,Common Victualler,Common Victualler,2019-01-15,2026-12-31,"Breeze Space, Inc.",The Sipping Room by Breeze,,"First floor with kitchen for prep of beverages only, no cooking range.",6:00 AM,11:00 PM,11:30 PM,12,," Breeze Space, Inc.", Andy LF Chan,(617)412-6668,,132-  Jersey ST,Boston,MA,2215,765233.010474056,2950064.524669066
LB-101480,DRMTY0272,Active,Misc,Dormitory,2014-04-25,2026-04-30,BOSTON COLLEGE MODULARS,,,Two story building. ,,,,483,Two story building., BOSTON COLLEGE MODULARS, George Arey,,6175523202,100-  Saint Thomas More RD,Brighton,MA,2467,746343.7241057158,2948286.3310469836
LB-101328,DRMTY0035,Active,Misc,Dormitory,2014-05-07,2026-04-30,TRUSTEES OF BOSTON UNIVERSITY,BOSTON UNIVERSITY,,4 story brick building.,,,,15,4 story brick building., TRUSTEES OF BOSTON UNIVERSITY,NISHMIN KASHYAP,,(617)353-3502,196-  Bay State RD,Boston,MA,2215,763648.8984848112,2952932.4172272235
LB-129848,,Active,Inn,Innholder No Liquor,2014-09-04,2026-12-31,"CHALET MOTOR LODGE OF BOSTON, INC.",RAMADA,,177 GUESTROOMS 3 FLOORS 1 ELEVATOR BREAKFAST ROOM BUSINESS CENTER/LIVING ROOM GUEST LAUNDRY & SNACK MACHINES ,,,,0,177 GUESTROOMS 3 FLOORS 1 ELEVATOR BREAKFAST ROOM BUSINESS CENTER/LIVING ROOM GUEST LAUNDRY & SNACK MACHINES," CHALET MOTOR LODGE OF BOSTON, INC.", JOSEPH A. SAMMARTINO,(617)740-1402,,800-  William T Morrissey BL,Dorchester,MA,2122,778739.2305088043,2932869.490161553
LB-101857,RETAL0025,Active,Misc,Retail All Alc.,2013-11-29,2026-12-31,740 Blue Hill Inc.,Brother's Wine and Spirits,,"Retail store located at 740-742 Blue Hill Avenue, Boston Containing approximately 1,900 square feet. Consists of two rooms on first floor: basement for stock. 1 Entrance and 1 Exit and 2 floors.",,11:00 PM,,0,"Retail store located at 740-742 Blue Hill  Avenue, Boston Containing approximately 1,900 square feet. Consists of two rooms on first floor: basement for stock. 1 Entrance and 1 Exit and 2 floors.", 740 Blue Hill Inc., Mital Patel,,6172658840,740-742  Blue Hill AV,Dorchester,MA,2121,768145.0000568926,2934510.000003889
LB-554156,,Active,Common Victualler,Common Victualler,2024-04-03,2026-12-31,Cacao South End LLC,Cacao,,"Premise known as 570 Columbus Ave Boston consists of 851SF café space with seating area, 2 entry doorways and restroom. Service area with chocolate station and pastry counter along with a prep area. A storage room is located on the same level. 330SF private outdoor seating area for seasonal use.",7:00 AM,7:00 PM,7:30 PM,28,"Premise known as 570 Columbus Ave Boston consists of 851SF café space with seating area, 2 entry doorways and restroom. Service area with chocolate station and pastry counter along with a prep area. A storage room is located on the same level. 330SF private outdoor seating area for seasonal use.", Cacao South End LLC, Leonardis Baez,(617)970-8030,,569-571  Columbus AV,Roxbury,MA,2118,769230.1468367279,2949557.6877562255
LB-409093,,Active,Common Victualler,Common Victualler,2020-06-29,2025-12-31,CRANBERRY CAFE INC.,,,"First floor café with seating at the front, food prep in the rear.",6:00 AM,10:00 PM,10:30 PM,19,," Cranberry Cafe, Inc.",Catherine Walsh,(617)268-3553,,704- E Broadway ,South Boston,MA,2127,781286.0000215471,2947730.0001386404
LB-99205,CV7AL0365,Active,Common Victualler,CV7 All Alc.,2013-11-27,2026-12-31,YOEVE CORP.,THE MASTER MCGRATH,BOARD GRANTED PERMISSION TO OPEN BEGIN SERVICE FOOD 9AM BRUNCH ALCOHOL 10AM ON SUNDAYS,Rear entrance for stock; in two rooms and kitchen on first floor; cellar for stock.,,1:00 AM,1:30 AM,65,Rear entrance for stock; in two rooms and kitchen on first floor; cellar for stock., YOEVE CORP., JAMES THOMAS,,7818309997,1152-1154  River ST,Hyde Park,MA,2136,758954.4282149673,2918713.5010851473
LB-99167,CV7AL0325,Active,Common Victualler,CV7 All Alc.,2013-11-26,2025-12-31,NEWBURY FINE DINING LIMITED PARTNERSHIP,SONSIE,ALCOHOLIC BEVERAGES TO BE SERVED IN CONJUNCTION WITH BRUNCH ON SUNDAYS 10 00 M,"One exit into Public Alleyway #430,unnumbered side passage- way and two exits onto Newbury St;in 4 rms,lounge service area,&stockroom on 1st fl;1rm,kitchen&stockroom in basement.   CAPACITY BREAKDOWN: UPPER LEVEL/1ST FL - 149; LOWER LEVEL/BASEMENT -  83.",,1:00 AM,1:30 AM,229,"One exit into Public Alleyway #430,unnumbered side passage- way and two exits onto Newbury St;in 4 rms,lounge service area,&stockroom on 1st fl;1rm,kitchen&stockroom in basement.   CAPACITY BREAKDOWN: UPPER LEVEL/1ST FL - 149; LOWER LEVEL/BASEMENT -  83.", NEWBURY FINE DINING LIMITED PARTNERSHIP, LEEYA BEETEN,,(413)348-0456,327-  Newbury ST,Boston,MA,2115,768006.0000068098,2952399.9999849796
LB-101477,DRMTY0269,Active,Misc,Dormitory,2014-04-25,2026-04-30,BOSTON COLLEGE VANDERSLICE,,,Six story building.,,,,464,Six story building., BOSTON COLLEGE VANDERSLICE, George Arey,,6175523202,70-  Saint Thomas More RD,Brighton,MA,2467,746203.9671673924,2948513.761694476
LB-102014,RETMW0021,Active,Misc,Retail All Alc.,2013-11-08,2026-12-31,"MARINO'S MARKET, INC.",MARINO'S MARKET & DELI,,,,11:00 PM,,0,"In one room on ground floor ,storage in basement entrance on vfw parkway. One entrance in front and one emergency exit in back on first level. One emergency exit in basement."," MARINO'S MARKET, INC.", PAUL A. MARINO,,,1245-  VFW PW,West Roxbury,MA,2132,744755.9549715519,2926296.5489111394
LB-587870,,Active,Misc,Retail All Alc.,2025-07-09,2026-12-31,"Liquor Story, Inc.",Liquor Story,,,,11:00 PM,,0,"On two floors: First level with 1,500 sf of retail floor space with service counter, shelving, and coolers for product. Lower Level with  283 sf for storage and bathroom for staff."," Liquor Story, Inc.", Setu Dave,(781)258-5825,,103-  State ST,Boston,MA,2109,776407.3847787976,2956147.7333031446
LB-587850,,Active,Common Victualler,Common Victualler,2025-03-27,2026-12-31,Columbus Specialty LLC,Gary’s Pizza,,"1,700SF on the second floor, serving takeout pizza, sandwiches, non-alcoholic drinks, and desserts, with cooking and baking in the rear. The first floor has three rooms, with a kitchen in the rear, a pastry section in the middle, and takeout retail in the front. The basement includes a locker room, ",9:00 AM,10:00 PM,10:30 PM,0,"1,700SF on the second floor, serving takeout pizza, sandwiches, non-alcoholic drinks, and desserts, with cooking and baking in the rear. The first floor has three rooms, with a kitchen in the rear, a pastry section in the middle, and takeout retail in the front. The basement includes a locker room, restroom, and storage.", Columbus Specialty LLC, Jennifer Luna,(617)830-3045,,1744-  Washington ST,Roxbury,MA,2118,770683.0556763113,2947937.181482807
LB-578799,,Active,Common Victualler,Common Victualler,2024-11-05,2026-12-31,"LITTLE MAX, INC.",Max's Deli Cafe,,"2,285 SF On the first floor, featuring a one-room kitchen and dining area with seating for 49. The basement includes three storage rooms.",6:00 AM,1:00 AM,1:30 AM,49,"2,285 SF On the first floor, featuring a one-room kitchen and dining area with seating for 49. The basement includes three storage rooms."," Little Max, Inc.", Jake Queen,(617)330-9790,,151-  Milk ST,Boston,MA,2109,776731.6029623896,2955653.802860558
LB-608264,,Active,Common Victualler,Common Victualler,2025-12-03,2026-12-31,China Tea Inc,Molly Tea,,"1,000SF Drink shop located on the first floor of the building. The service area is at the front, with the kitchen and storage area in the back. A single restroom is located in the rear. A.K.A 1 Hudson Street ",11:00 AM,11:00 PM,11:30 PM,6,"1,000SF Drink shop located on the first floor of the building. The service area is at the front, with the kitchen and storage area in the back. A single restroom is located in the rear. A.K.A 1 Hudson Street", China Tea Inc, LIna Zhu,(781)475-3003,,67-  Beach ST,Boston,MA,2111,775092.4097184688,2953276.5018408895
LB-144526,,Active,Common Victualler,Common Victualler,2015-07-14,2026-12-31,"Boston Pizza Grill, Inc.",Boston Pizza Grill,,"First floor seating in front, prep area in rear, basement storage. ",10:00 AM,2:00 AM,2:30 AM,38,," Boston Pizza Grill, Inc.",Aycan Gencoglu,(617)265-2222,,535-  Columbia RD,Dorchester,MA,2125,773563.000047639,2940360.000114888
LB-99390,CV7AL0586,Active,Common Victualler,CV7 All Alc.,2013-11-22,2026-12-31,THE BLUES CORPORATION,PORTER BELLYS,1 Rear alley to be kept locked 2 No signs in window 3 Trash stored inside pickup times week Alcoholic Beverages served conjunction with brunch on Sundays 10 00 M Noon,338 Washington Street; In one bi-level room on the first floor and storage in the basement.,,2:00 AM,2:30 AM,120,338 Washington Street; In one bi-level room on the first floor and storage in the basement., THE BLUES CORPORATION, THOMAS DEVLIN,,(617)630-1879,338-  Washington ST,Brighton,MA,2135,750095.0000677258,2952360.000064984
LB-592802,,Active,Common Victualler,Common Victualler,2025-04-17,2026-12-31,Dorchester Fried Chicken LLC,Dorchester Fried Chicken,,"One floor on approx 600SF: kitchen, dining for 15, one bathroom and basement for office and storage. ",10:00 AM,11:00 PM,11:30 PM,15,"One floor on approx 600SF: kitchen, dining for 15, one bathroom and basement for office and storage.", Dorchester Fried Chicken LLC, Fazal Qadeer,,,855-  Washington ST,Dorchester,MA,2124,772146.3106238097,2928033.405673638
LB-101976,RETAL0207,Active,Misc,Retail All Alc.,2013-11-05,2026-12-31,"NEW JAMAICA PLAIN MARKET, INC",RUGGIERO'S MARKET,Board acknowledges granted petition to open 10 m on Sundays,"In one room first floor, storage in rear.",,11:00 PM,,0,," NEW JAMAICA PLAIN MARKET, INC.",JIGAR V. PATEL,,(617)522-7184,3345-  Washington ST,Jamaica Plain,MA,2130,763119.9398970604,2938131.1827221364
LB-173360,,Active,Misc,Retail Malt Wine,2016-07-07,2026-12-31,"RBSBW, INC.",ROCHE BROS. SUPERMARKETS,,,,11:00 P.M,,0,"Keeping the same existing premise but will relocate the existing beer and wine storage area, consisting of a 368 sq. ft. “cage” located on the mezzanine level of the store, and make it two separate secure storage areas ( a total of 205 Sq. ft. ). Premise is comprised of two floors with 46,261 sq. ft. on the first floor and 9,797 sq. ft. in the mezzanine."," RBSBW, INC.", SCOTT JOSEPH CRISTI,(617)469-5747,,1800-  Centre ST,West Roxbury,MA,2132,750329.3125912249,2929547.0397854745
LB-434207,,Active,Common Victualler,Common Victualler,2021-08-17,2026-12-31,EMMA CORPORATION HUONG QUE VIETNAMESE RESTAURANT,,,"In two rooms on the first floor, kitchen and storage in rear.",10:00 AM,10:00 PM,10:30 PM,48,, EMMA CORPORATION HUONG QUE VIETNAMESE RESTAURANT,Vi Ngoc Yen Ta,(857)939-7939,,272-274   Adams ST,Dorchester,MA,2122,775635.593790084,2934614.11218496
LB-550137,,Active,Common Victualler,Common Victualler,2024-02-22,2025-12-31,Mago Mago Corp,Dot Cafe,,"1,100 SF first floor restaurant, fast casual dining with 1 kitchen, 10 seats, 1 counter.",7:00 AM,5:00 PM,5:30 PM,16,"1,100 SF first floor restaurant, fast casual dining with 1 kitchen, 10 seats, 1 counter.", Mago Mago Corp, Jack Tran,(617)533-7290,,1459-  Dorchester AV,Dorchester,MA,2122,775156.999997631,2934999.99999331
LB-423916,,Active,Common Victualler,Common Victualler,2020-08-20,2026-12-31,"Tatte Holdings, LLC",Tatte Bakery and Cafe,7 00 AM 8 PM Mon Fri opening on Sat amp Sun closing,"First floor; kitchen, restroom, and counter service with seating.",7:00 AM,8:00 PM,8:30 PM,113,," Tatte Holding, LLC",Tzurit Or,(508)292-0267,,80-  Boylston ST,Boston,MA,2116,773773.999953717,2953680.0000496507
LB-98973,CV7AL0094,Active,Common Victualler,CV7 All Alc.,2013-11-29,2026-12-31,"BDGA, LLC",,Board granted permission to provide Bottle Service,"In one room on the first floor; basement for stock, kitchen, restrooms office, function rooms and outside patio for 60 patrons seated or 180 patrons standing.",,2:00 AM,2:30 AM,295,"In one room on the first floor; basement for stock, kitchen, restrooms office, function rooms and outside patio for 60 patrons seated or 180 patrons standing."," BDGA, LLC", NICHOLAS FRATTAROLI,,,69-  Canal ST,Boston,MA,2114,775251.8014600575,2958003.9690919816
LB-587130,,Active,Common Victualler,CV7 All Alc by Zip Restricted,2025-07-18,2026-12-31,"Ravello, LLC",Molinari's,ZIP CODE RESTRICTED CV7ALZ SPECIAL LEGISLATION CHAPTER 202 YEAR 2024 ALL ALCOHOLIC BEVERAGES,,,11:00 PM,,48,"(4000SF) First floor area consists of single entrance with outside vestibule, open kitchen 326 sf., 12 seat bar and table seating for 36, 2 bathrooms, ware washing kitchen 113 sf., prep kitchen 232 sf. and basement for dry storage 2000 sf."," Ravello, LLC", Jeffrey Cincotta,(617)839-7022,,789-  Adams ST,Dorchester,MA,2124,776327.5456996411,2928547.029318303
LB-530949,,Active,Misc,Retail Malt Wine,2023-11-28,2026-12-31,Post Road Company LLC,Beacon Hill Wine Market,Conditions 1 No kegs 2 singles 3 malt liquor 4 Alcohol sales to cease 9 00 PM,"The premises are 1,600SF total, with one floor open to the public, and a basement for storage. There is one entrance, and two exits. There will be no seating, and the occupancy allows up to 20 guests at a time. ",,11:00 PM,,0,, Post Road Company LLC, Jason Indelicato,(508)958-3224,,55-  Anderson ST,Boston,MA,2114,772966.3854272217,2956210.2171020657
LB-101903,RETAL0091,Active,Misc,Retail All Alc.,2013-11-13,2026-12-31,"MARY CLIPPER SHIP, INC.",CLIPPER SHIP WINE & SPIRIT,Board acknowledges granted petition to open 10 00 m on Sundays,Emergency exit in rear; in one room on the first floor with cellar for stock.,,11:00 PM,,0,," MARY CLIPPER SHIP, INC.", KENI NGUYEN,,6178285204,17-  Maverick SQ,East Boston,MA,2128,780695.9998892248,2959839.999868721
LB-550556,,Active,Common Victualler,Common Victualler,2024-03-28,2026-12-31,Elsalam LLC,Mood,Sunday Wednesday 7 00 AM 11 PM Thursday Saturday 12,"1,212 SF Full-service restaurant with takeout on the first floor, 40 seats  kitchen in the back, and bathroom on the first floor. Storage and office space in the basement. ",7:00 AM,12:00 AM,12:30 AM,40,"1,212 SF Full-service restaurant with takeout on the first floor, 40 seats  kitchen in the back, and bathroom on the first floor. Storage and office space in the basement.", Elsalam LLC, Fatima Ibrahim,(617)259-6235,,115-  Salem ST,Boston,MA,2113,776328.9147913903,2958134.9222421497
LB-551179,,Active,Misc,Retail Malt Wine,2024-05-14,2026-12-31,Nilkant 957 Inc.,City Smoke Shop,Conditions 1 No sale kegs single serving containers beer or malt liquor 2 increase to amount floor space dedicated alcohol changes floorplan on file with Board without approval,,,11:00 PM,,0,"Retail space of approximately 2,526 sq. ft. on one floor, with one entrance and two exits. Beer and wine will be displayed to the left of the dashed line only and tobacco to be displayed on the right.", Nilkant 957 Inc., Nilesh Patel,(617)894-9226,,957-  Commonwealth AV,Boston,MA,2215,759183.4402241409,2953495.1168892235
LB-374292,,Active,Common Victualler,Common Victualler,2019-04-01,2027-12-31,"Aceituna Cafe, LLC",Aceituna Grill,10 30 AM 7 00 PM Mon Fri,"Kitchen in rear, serving line at front.",10:30 AM,7:00 PM,7:30 PM,0,," Aceituna Cafe, LLC",Constantine Pascal,(617)936-3005,,100-  Federal ST,Boston,MA,2110,776142.35348472,2954619.3948244005
LB-366458,,Active,Common Victualler,Common Victualler,2018-12-28,2026-12-31,"Austria Patrick Enterprises, LLC",Solid Ground Cafe,6 00 AM 10 PM Mon Fri,"Cafe on street level with kitchen, counter service and dining area. Basement for HVAC and storage not related to food service, one bathroom.",6:00 AM,10:00 PM,10:30 PM,19,," Austria Patrick Enterprises, LLC",Lucia Patrick,(617)487-5557,,742-  Huntington AV,Mission Hill,MA,2120,762849.8111722171,2946860.9995800555
LB-101534,DRMTY0335,Active,Misc,Dormitory,2014-04-07,2026-04-30,WENTWORTH INSTITUTE OF TECHNOLOGY,WENTWORTH INSTITUTE OF TECHNOLOGY,,FOUR STORY BUILDING.,,,,11,FOUR STORY BUILDING., WENTWORTH INSTITUTE OF TECHNOLOGY, Brighid Jensen,,6179894060,7-  Vancouver ST,Boston,MA,2115,765178.7723935544,2948384.260313064
LB-99392,CV7AL0588,Active,Common Victualler,CV7 All Alc.,2013-11-26,2026-12-31,E. R. ENTERPRISES,SAVVOR Restaurant & Lounge,LICENSING BOARD GRANTED PERMISSION TO PROVIDE BOTTLE SERVICE ON PREMISES,"IN ONE LARGE ROOM, KITCHEN AND STORAGE ON THE FIRST FLOOR, TWO ENTRANCES AND EXITS ON LINCOLN STREET BACK EXIT TO UTICA STREET; BASEMENT WITH PREP AREA AND EXTRA STORAGE. 3,000 SQ. FT. OF RESTAURANT SPACE WITH BASEMENT STORAGE.  THE RETAIL SPACE IS ON THE 1ST FLR OF 174-180 LINCOLN ST.",,2:00 AM,2:30 AM,185,, E. R. ENTERPRISES LLC,FRANCOIS FIRMIN,,(617)201-1632,174-180  Lincoln ST,Boston,MA,2111,775528.3064844757,2953091.073405981
LB-138437,,Active,Common Victualler,CV7 Malt Wine Liq.,2015-02-18,2026-12-31,LMPBTR LLC,Silver Dove Afternoon Tea,,"In one room on ground floor consisting of banquet seating, dining table(s), and two beverage service stations, restrooms and kitchen towards rear (1,148sf); storage in basement (200sf); together with an additional large room on ground floor with additional dining tables (963sf). All together compri",,10:00 PM,10:30 PM,48,"In one room on ground floor consisting of banquet seating, dining table(s), and two beverage service stations, restrooms and kitchen towards rear (1,148sf); storage in basement (200sf); together with an additional large room on ground floor with additional dining tables (963sf). All together comprised of 2,311sf with 1 entrance and 2 exits."," LMPBTR, LLC", Patrick Brewster,,,18-  Tremont ST,Boston,MA,2108,775202.1184885502,2956009.2909947336
LB-100823,CVICT1936,Active,Common Victualler,Common Victualler,2013-10-17,2026-12-31,"CACTUS MEXICAN GRILL, LLC",CACTUS GRILL,,"IN ONE ROOM ON THE FIRST FLOOR, KITCHEN & STORAGE IN REAR.",6:00 AM,12:00 am,12:30 AM,20,," CACTUS MEXICAN GRILL, LLC", MARVIN VILLANUEVA,,7812620283,42-44  Maverick SQ,East Boston,MA,2128,780698.9477179646,2960244.8445314765
LB-99795,CV7MWL0148,Active,Common Victualler,CV7 Malt Wine Liq.,2013-11-26,2026-12-31,"TREMONTE RESTAURANT NORTH END, LLC",TREMONTE RESTAURANT,,ENTRANCE-EXIT SIGN TO RIGHT OF DINING AREA THRU DINING ROOM ON LEFT EXIT SIGN LADIES AND MEN'S ROOM EXIT SIGN ON RIGHT THRU DOOR - FIRE DOOR EXIT - KITCHEN ON LEFT OF DINING ROOM.  SEE ATTACHED FLOOR PLAN.  ADDITIONAL SEATING IN BASEMENT FOR DINING.  ALSO STORAGE LOCATED IN BASEMENT.,,1:00 AM,1:30 AM,76,ENTRANCE-EXIT SIGN TO RIGHT OF DINING AREA THRU DINING ROOM ON LEFT EXIT SIGN LADIES AND MEN'S ROOM EXIT SIGN ON RIGHT THRU DOOR - FIRE DOOR EXIT - KITCHEN ON LEFT OF DINING ROOM.  SEE ATTACHED FLOOR PLAN.  ADDITIONAL SEATING IN BASEMENT FOR DINING.  ALSO STORAGE LOCATED IN BASEMENT.," TREMONTE RESTAURANT NORTH END, LLC", ANTHONY CONTARINO,,,76     Salem ST,Boston,MA,2113,0.0,0.0
LB-101849,RETAL0016,Active,Misc,Retail All Alc.,2013-11-07,2026-12-31,Bhagwan Corporation,Southie Liquor,Board acknowledges granted petition to open 10 m on Sundays,"(1500SF) On street level; in one room on the first floor; 1066 SF basement for storage. One customer entrance/exit on first floor, one staff exit in basement. ",,11:00 PM,11:30 PM,0,"(1500SF) On street level; in one room on the first floor; 1066 SF basement for storage. One customer entrance/exit on first floor, one staff exit in basement.", Bhagwan Corporation, Ravi V. Patel,,6172550329,399- W Broadway ,South Boston,MA,2127,778234.5556651354,2948168.439878553
LB-114808,,Active,Common Victualler,Common Victualler,2013-10-02,2026-12-31,"Wingz to Perfection, LLC",Bobby Fish,,"First floor lobby, kitchen, 1 bathroom. Basement has storage, office, electrical room & open space with freezer.",11:00 AM,11:00 PM,11:30 PM,0,," Wingz to Perfection, LLC",Wayne Atkinson,(617)828-7878,,312-  Bowdoin ST,Dorchester,MA,2125,773720.6043912172,2937547.4374985546
LB-358629,,Active,Common Victualler,Common Victualler,2018-04-20,2025-12-31,Siyam Corporation,New Yorker Fried Chicken,,"One room first floor kitchen in back, basement for storage.",10:30 AM,10:30 PM,11:00 PM,0,, Siyan Corporation,Sadiq Ahmad,(617)361-0709,,1251-  River ST,Hyde Park,MA,2136,758105.0647562146,2918556.6795483977
LB-595181,,Active,Common Victualler,Common Victualler,2025-05-16,2026-12-31,BBP SP 1 LLC,PopUp Bagels,,"737SF Take-out bagel shop with an employee restroom in the rear left, two walk-in refrigerators, and kitchen equipment. No basement and no seating.",7:00 AM,3:00 PM,3:30 PM,0,"737SF Take-out bagel shop with an employee restroom in the rear left, two walk-in refrigerators, and kitchen equipment. No basement and no seating.", BBP SP 1 LLC, Alex Rivero,(617)982-6783,,70-  Pier 4 BL,Boston,MA,2210,779337.2181579769,2952875.4790208936
LB-102009,RETMW0009,Active,Misc,Retail Malt Wine,2013-11-15,2026-12-31,"BRHANU REDDA, INDIVIDUAL",7-ELEVEN,Board acknowledges granted petition to open 10 m on Sundays,One story concrete block structure; one room first floor and storage.,,11:00 PM,,0,," BRHANU REDDA, INDIVIDUAL", BRHANU REDDA,,6172670793,1436-1438  Centre ST,Roslindale,MA,2131,754417.0265286416,2932131.4785142243
LB-128985,,Active,Common Victualler,Common Victualler,2014-05-29,2026-12-31,"Greenhouse Kitchen, LLC",Greenhouse Kitchen,,"One room, 1st floor, kitchen in rear, basement storage.",6:00 AM,1:00 AM,1:30 AM,18,," Greenhouse Kitchen, LLC",Jose Marquez,(617)254-7092,,435-  Faneuil ST,Brighton,MA,2135,745815.0952417254,2953188.171636984
LB-99800,CV7MWL0154,Active,Common Victualler,CV7 Malt Wine Liq.,2013-11-26,2026-12-31,121 Seaport Boulevard LLC,Museum of Ice Cream,Capacity Breakdown 1st Floor Exhibit Area 41 occ Bench Seating 20 2nd 122 Fixed 18 Bar Counter 21 Booth 15 Tables amp Chairs 48 Max Total Occupants 303,,,12:00 AM,12:30 AM,303,"In one room on first floor with main entry and general retail area; second floor comprised of various sensory and exhibition spaces, together with galley seating area, seated bar and various other seating areas; restrooms, storage, and kitchen/prep space, together with office and break room on second level. Total square footage 12,310 (comprised of 2,509 square feet on the first level, together with 9,801 square feet on the second level). One main entrance and two emergency exits.", 121 Seaport Boulevard LLC, Manish Vora,,,121-  Seaport BL,Boston,MA,2210,779266.8967763036,2953219.94552356
LB-385141,,Active,Misc,Dormitory,2019-08-09,2026-04-30,Emerson College,Emerson College,,13 Story Building.,,,,1041,, Emerson College,Christie Anglade,(617)824-8357,,80-  Boylston ST,Boston,MA,2116,773773.999953717,2953680.0000496507
LB-101417,DRMTY0182,Active,Misc,Dormitory,2014-04-25,2026-04-30,PI LAMBDA PHI,M.I.T,,Four story brownstone plus basement.,,,,42,Four story brownstone plus basement.," 450 BEACON STREET, INC.",JAMES C. GENTRY,(617)253-6030,,450-  Beacon ST,Boston,MA,2115,767690.3493913859,2953450.877804473
LB-101410,DRMTY0168,Active,Misc,Dormitory,2014-05-07,2026-04-30,TRUSTEES OF BOSTON UNIVERSITY,BOSTON UNIVERSITY,,Three story brick building.,,,,14,Three story brick building., TRUSTEES OF BOSTON UNIVERSITY,NISHMIN KASHYAP,,(617)353-3502,172-  Bay State RD,Boston,MA,2215,763916.6607445478,2952900.868733898
LB-542722,,Active,Common Victualler,Common Victualler,2023-11-02,2025-12-31,Jamaica's Best Restaurant II Inc.,Jamaica's Best Restaurant,,,7:00 AM,9:00 PM,9:30 PM,26,"2100 sq ft on 1 floor with full kitchen, 26 seats in the front. Kitchen in the center, dry storage, walk in freezer and fridge in the rear.", Jamaica's Best Restaurant II Inc., Nadine James,(617)690-3892,,1614-  Blue Hill AV,Mattapan,MA,2126,766230.9999478906,2923270.0001742244
LB-547046,,Active,Common Victualler,Common Victualler,2024-01-10,2025-12-31,Exequiel B Loja,Routing Nutrition,,,7:00 AM,5:00 PM,5:30 PM,10,"A 400SF area which consists of a bar and seating for 10. Bathroom, prep area and storage.", Exequiel B Loja, Exequiel B Loja,(508)326-6667,,112-114  Chelsea ST,East Boston,MA,2128,781632.8739997149,2961199.34787181
LB-99766,CV7MWL0099,Active,Common Victualler,CV7 Malt Wine Liq.,2013-11-19,2026-12-31,TEETOTAL LLC,Beacon Hill Books & Cafe,Capacity breakdown 19 persons standing 11 outside seating,,,10:00 PM,10:00 PM,30,"The premises consist of one large room on ground floor comprised of café space with dining area and banquet seating (30), service counter and kitchen located in rear (3,822 sf), and annual outdoor patio located on private property at rear of the building with seating for approximately 11 patrons. Indoor and outdoor closing hour 10:00 PM."," TEETOTAL, LLC", MELISSA FETTER,,(617)867-0084,71-  Charles ST,Boston,MA,2114,772315.02879031,2955845.2417821437
LB-98781,CLBAL0004,Active,Club,Clb. All Alc.,2013-11-26,2026-12-31,HARVARD CLUB OF BOSTON,,,,,1:00 AM,1:30 AM,1369,"Four rear entrance on Newbury Street; in whole building with 700 cap. at Harvard Hall, 351 capacity at assembly, 49 cap. at Veritas Lounge, 86 cap. at Veritas Dining room, 210 cap. 2nd floor banquet dining, 114 cap. at 3rd floor Club Room and 95 cap. lower level ClubPub with annual patio on private property with seating for 36 closing at 10:30pm.", HARVARD CLUB OF BOSTON,STEVEN P. CUMMINGS,(617)536-1260,,374-380  Commonwealth AV,Boston,MA,2215,767257.879127726,2952322.70781672
LB-574154,,Active,Common Victualler,CV7 Malt Wine Liq by Zip Restricted,2025-03-14,2026-12-31,"Florenza, Inc.",Florenza,Special Legislation Zip Code 02128 Restricted Wines amp Malt Beverages with Liqueurs License Chapter 202 year 2024,,,10:00 PM,10:30 PM,49,"1700 sq. ft. restaurant on ground floor of building, includes 1 entrance/2 exits. Front entrance with vestibule opens to display/payment counter and adjacent espresso bar. Counter seating with four (4) stools are provided near espresso bar. Front dining area with 27 seats is located opposite the payment counter. Kitchen and walk in cooler located at rear of space with rear exit. Two (2) restrooms provided. Storage area in basement."," Florenza, Inc.", Stefano Bruno,(781)962-9225,,164-170  Sumner ST,East Boston,MA,2128,780270.6710154712,2959997.173110813
LB-172928,,Active,Common Victualler,Common Victualler,2016-08-12,2026-12-31,VT Partners LLC,Gong Cha,," In one room in the basement level, undercounter and shelving for storage.",11:00 AM,8:00 PM,8:30 PM,10,, VT PARTNERS LLC,JASON VUONG,(774)505-9999,,270-  Newbury ST,Boston,MA,2116,768795.0154891312,2952530.6004455537
LB-99243,CV7AL0409,Active,Common Victualler,CV7 All Alc.,2013-11-26,2026-12-31,"KPC, INC.",MURPHY'S LAW,,Rear emergency exit; in one room and kitchen on first floor.,,2:00 AM,2:30 AM,65,Rear emergency exit; in one room and kitchen on first floor.," KPC, INC.", SCOTT PUMPHRET,,(617)268-8471,837-  Summer ST,South Boston,MA,2127,781702.9998437166,2948540.000159055
LB-603448,,Active,Common Victualler,Common Victualler,2025-09-05,2025-12-31,MBC of Boston LLC,Chick-fil-A BOS Terminal E,,"1,043SF Quick service restaurant space is located at Unit E3-A3 and features no seating or patio; bathrooms are maintained by the airport.",4:00 AM,10:00 PM,10:30 PM,0,"1,043SF Quick service restaurant space is located at Unit E3-A3 and features no seating or patio; bathrooms are maintained by the airport.", MBC of Boston LLC, Michael Gorospe,(301)625-9446,,500-  Terminal E ,East Boston,MA,2128,786026.2425095588,2960188.3036340624
LB-101789,LDGHS0283,Active,Misc,Lodging Houses (Frat/Dorm),2014-04-28,2026-04-30,PINE STREET INN,P. SULLIVAN HOUSING TRUST,       ,"Four story building with 2 rooms on first floor, 4 rooms on second floor, and 4 rooms on third floor. ",,,,12,"Four story building with 2 rooms on first floor, 4 rooms on second floor, and 4 rooms on third floor.", PINE STREET INN,Michael Kiley,,(617)524-6057,28-   Rockwell ST,Dorchester,MA,2124,771656.007450372,2928565.55573133
LB-99579,CV7MW0248,Active,Common Victualler,CV7 Malt Wine Liq.,2013-11-21,2026-12-31,CJ & BT Corporation,Saigon Chicken House,,,,12:00 PM,12:30 PM,60,"Premise consists of – The Restaurant has 2 exits, 1 in the front and 1 in the back of the building. The front of the restaurant is dine in with a capacity for 60 people. There are 2 restrooms on the right side of the restaurant. The back of the restaurant is divided into 2 parts, half is a kitchen area, the other half is a basement for storage with one walk-in cooler and 4 freezers with an ice machine.", CJ & BT Corporation, Phuong K. Huynh,,6172161110,223-  Adams St,Dorchester,MA,2122,775181.178903097,2935193.42800417
LB-596551,,Active,Common Victualler,Common Victualler,2025-05-31,2025-12-31,JT Fresh Local LLC,Bluefin,,"875SF First-floor unit. The space includes a kitchen and storage area located in the rear. There are four rooms total, including a restroom. The business will operate as a fish market and seafood takeout with a maximum of 18 seats. The bathroom will be shared by both guests and staff. ",8:00 AM,10:00 PM,10:30 PM,18,"875SF First-floor unit. The space includes a kitchen and storage area located in the rear. There are four rooms total, including a restroom. The business will operate as a fish market and seafood takeout with a maximum of 18 seats. The bathroom will be shared by both guests and staff.", JT Fresh Local LLC, Jason Tucker,(508)728-0992,,660B-  Centre ST,Jamaica Plain,MA,2130,760620.8189110607,2939235.3399626464
LB-99599,CV7MW0303,Active,Common Victualler,CV7 Malt Wine,2013-11-27,2026-12-31,"DAO AO, INC",SHAKING SEAFOOD,,"One story building, First floor, 7 rooms, 1 entrance, 2 exits, 4300 square feet.",,11:00 PM,11:30 PM,89,," DAO AO, INC.", SHI LIN,(917)254-2025,,19-  Poplar ST,Roslindale,MA,2131,756552.0875472277,2929639.2646666467
LB-405940,,Active,Common Victualler,Common Victualler,2020-02-05,2026-12-31,"Monumental Market Group, LLC",Monumental Market,,"Kitchen for food prep. in back,front room for café/bakery, small basement for storage.",7:00 AM,10:00 PM,10:30 PM,0,," Monumental Market Group, LLC",Kelsey Munger,(774)249-3023,,36-  South ST,Jamaica Plain,MA,2130,760209.1202593893,2937643.5603378117
LB-560848,,Active,Common Victualler,Common Victualler,2024-05-23,2026-12-31,Apex Dumpling Kitchen LLC,Dumpling Kitchen,,"791SF 1st Floor of a free standing building with basement and 8 seats all in one room, no public bathroom.",11:30 AM,11:00 PM,11:30 PM,8,"791SF 1st Floor of a free standing building with basement and 8 seats all in one room, no public bathroom.", Apex Dumpling Kitchen LLC, Wen Yan,(617)816-0528,,79-  River ST,Mattapan,MA,2126,771463.999980554,2924219.999914646
LB-544836,,Active,Common Victualler,Common Victualler,2024-02-21,2026-12-31,"WCH City Place, LLC",Dave's Hot Chicken,lobby inside must close 12 00 AM after that online orders pickups will be available until 2 VIA walk up window,,10:30 AM,2:00 AM,2:30 AM,30,"Quick service restaurant 2,498SF 1 floor. Kitchen in back. Bathrooms near the rear of dining room seating 30. Seasonal (March-October) private patio with seating for 10 with the same closing hours as inside. Inside hours of operation Sunday-Thursday 10:30 AM - 12:00 AM, Friday and Saturday 10:30 AM - 1:00 AM."," WCH City Place, LLC", David Medeiros,(617)312-7158,,123-  Stuart ST,Boston,MA,2116,773554.0000656396,2953370.00001347
LB-100870,CVICT2018,Active,Common Victualler,Common Victualler,2013-10-29,2026-12-31,"Little Miss Cupcape, Inc.",,1 OUTDOOR PATIO TO CLOSE 10 00 PM 2 TRASH amp GARBAGE BE STORED INSIDE PUT OUT NO MORE THAN HOUR BEFORE COLLECTION IN RODENT PROOF CONTAINERS,Food prep/kitchen at side area. Seating and waiting area at rear & side. Outdoor patio on private property with 12 seats. Patio to close at 10:00 PM.,10:00 AM,10:00 PM,10:30 PM,10,," Little Miss Cupcape, Inc.",Taylor Stump,,(614)565-6424,250-  Newbury ST,Boston,MA,2116,768997.3786014766,2952608.119647473
LB-571174,,Active,Common Victualler,Common Victualler,2024-08-08,2025-12-31,Aloe Natural LLC,Aloe Natural Acai & Coffee Shop,," 2,800SF Full service restaurant, on first floor, 25 seats and a full kitchen in the back. Bathroom in the rear of the first floor and bathroom on the second floor. Storage and office on the same floor next to the kitchen. Outdoor patio with 16  seats hours of operation for the patio is 7AM-11PM",6:00 AM,10:00 PM,10:30 PM,25,"2,800SF Full service restaurant, on first floor, 25 seats and a full kitchen in the back. Bathroom in the rear of the first floor and bathroom on the second floor. Storage and office on the same floor next to the kitchen. Outdoor patio with 16 seats hours of operation for the patio is 7:00 AM- 11:00 PM.", Aloe Natural LLC, Tanairi Garcia,(857)391-9523,,256-  Marginal ST,East Boston,MA,2128,782463.8454348892,2958110.3205853105
LB-569241,,Active,Common Victualler,Common Victualler,2024-08-02,2026-12-31,Mochinut Chinatown Inc.,Uncle Tetsu,,"900SF Open kitchen bakery, that specializes in cheesecakes. Front area baking, one furnace room, and in the back is a walk in cooler, kitchen, and storage.",8:00 AM,12:00 AM,12:30 AM,0,"900SF Open kitchen bakery, that specializes in cheesecakes. Front area baking, one furnace room, and in the back is a walk in cooler, kitchen, and storage.
", Mochinut Chinatown Inc., Bozan Yang,(781)888-6689,,19-  Hudson ST,Boston,MA,2111,774996.5946213901,2953113.389634311
LB-100191,CVICT0636,Active,Common Victualler,Common Victualler,2013-10-24,2025-12-31,WATERMARK DONUT CO.,DUNKIN DONUTS,,In one room on the first floor with kitchen in the rear and storage in the basement.,6:00 AM,10:00 PM,10:30 PM,0,, WATERMARK DONUT CO., SEAN SULLIVAN,,6174644001,1-  Winter ST,Boston,MA,2108,774986.2337497175,2954996.0577849746
LB-101076,CVICT2290,Active,Common Victualler,Common Victualler,2013-10-30,2026-12-31,EL PAS ENCHILADAS,,,Kiosk with counter on first floor with kitchen and storage in rear.,9:00 AM,9:00 PM,9:30 PM,0,, EL PAS ENCHILADAS, AHMED GHIAT,,6177234134,1-  Faneuil Hall SQ,Boston,MA,2109,776095.7649952173,2956538.119989559
LB-101733,LDGHS0101,Active,Misc,Lodging Houses (Frat/Dorm),2014-04-24,2025-04-30,PATRICIA A PETTIFORD,,       ,"Four story building with 1 room on 1st floor, 2 rooms on 2nd floor, 3 rooms on 3rd floor and 3 rooms on 4th floor.",,,,10,, PATRICIA A PETTIFORD, Patricia A. Pettiford,,6175369594,151- W Concord ST,Roxbury,MA,2118,770460.2752819657,2949244.369813308
LB-99378,CV7AL0574,Active,Common Victualler,CV7 All Alc.,2013-11-25,2026-12-31,"CALIFORNIA PIZZA KITCHEN,INC.",CALIFORNIA PIZZA KITCHEN,<STRONG><U></U></STRONG>,"800 Boylston St,Prudential Center #155; In one room on first floor, kitchen in rear, storage in basement. 175 patrons inside (168 seating, 7 standing), also, outdoor seasonal patio, for 26 patrons, which will close at 10:00 p.m.",,1:00 AM,1:30 AM,175,"800 Boylston St,Prudential Center #155; In one room on first floor, kitchen in rear, storage in basement. 175 patrons inside (168 seating, 7 standing), also, outdoor seasonal patio, for 26 patrons, which will close at 10:00 p.m."," CALIFORNIA PIZZA KITCHEN, INC.", Jose Grateraux,,,800-  Boylston ST,Boston,MA,2199,769309.8973333836,2951861.4098548144
LB-101571,GOPAL0011,Active,General on Premise,GOP All Alc.,2013-11-22,2026-12-31,"OLD TRAFFORD, INC.",PARADISE,PATIO CONDITIONS 1 ALCOHOL TO BE SERVED ONLY IN CONJUNCTION WITH FOOD 2 STAFFED ALL TIMES,IN WHOLE OF SAID BUILDING - BASEMENT FOR STORAGE IN ADDITION OF A MEZZANINE TO PARADISE ROOM AND TO INCLUDE AN OUTDOOR PATIO FOR 32 PATRONS BETWEEN THE HOURS OF 11:00 A.M. - 11:00 P.M.  Capacity breakdown: 1st fl - 576; mezzanine - 357; lounge - 66.,,2:00 AM,2:30 AM,999,IN WHOLE OF SAID BUILDING - BASEMENT FOR STORAGE IN ADDITION OF A MEZZANINE TO PARADISE ROOM AND TO INCLUDE AN OUTDOOR PATIO FOR 32 PATRONS BETWEEN THE HOURS OF 11:00 A.M. - 11:00 P.M.  Capacity breakdown: 1st fl - 576; mezzanine - 357; lounge - 66.," OLD TRAFFORD, INC.", PATRICK D. MEHIGAN,,(617)778-0089,967-  Commonwealth AV,Boston,MA,2215,759047.7219916433,2953515.6224256456
LB-170331,,Active,Common Victualler,Common Victualler,2016-10-04,2026-12-31,"SWEETGREEN BOSTON, LLC",SWEETGREEN,,"Portion of first floor,: kitchen, prep & storage in rear, seating at the front.",9:00 AM,11:00 PM,11:30 PM,33,," Sweetgreen Boston, LLC", Bhola Pradhan,,,87-  Summer ST,Boston,MA,2111,775487.0001366436,2954280.0001619756
LB-100091,CVICT0417,Active,Common Victualler,Common Victualler,2013-10-22,2026-12-31,STEPHEN J. CIRAME,THE BOSTON ICECREAM FAC,,12OO SQ. FEET ICE CREAM SHOP.  ,9:00 AM,10:00 PM,10:30 PM,0,12OO SQ. FEET ICE CREAM SHOP., STEPHEN J. CIRAME, STEPHEN J. CIRAME,,7816482288,777-  William T Morrissey BL,Dorchester,MA,2122,778364.000000626,2932779.99999125
LB-615767,,Active,Common Victualler,Common Victualler,2026-01-09,2026-12-31,Pho Town - Brighton LLC,Pho Town,,"1,500SF Full-service restaurant located on the first floor, with two handicap-accessible bathrooms (men’s and women’s). The space includes seating for 22 patrons, a 10-foot kitchen hood with eight stock burners and one pasta boiler, and two sandwich prep refrigerators. No basement or outdoor seating",10:30 AM,10:00 PM,10:30 PM,22,"1,500SF Full-service restaurant located on the first floor, with two handicap-accessible bathrooms (men’s and women’s). The space includes seating for 22 patrons, a 10-foot kitchen hood with eight stock burners and one pasta boiler, and two sandwich prep refrigerators. No basement or outdoor seating.", Pho Town - Brighton LLC, Benjamin Nguyen,(857)500-3131,,89-  Brighton AV,Allston,MA,2134,756282.5897266418,2953860.403560221
LB-101690,INNNL0015,Active,Inn,Innholder No Liquor,2013-11-18,2026-12-31,SANDEEP HOTEL LLC,HOLIDAY INN EXPRESS BOSTON,,"ALSO ADDRESSED AS 5 HOWARD JOHNSON PLAZA/69R BOSTON STREET, IN WHOLE OF SAID BUILDING (SEE ISD FOR A MORE COMPLETE DESCRIPTION).",,,,0,, SANDEEP HOTEL LLC, NAYAN C. PATEL,,5084271667,69-  Boston ST,Dorchester,MA,2125,775299.9998544753,2944589.9998569787
LB-589131,,Active,Common Victualler,Common Victualler,2025-02-28,2026-12-31,Bangel Groups Inc.,Starbucks Boston Long Wharf Marriott,," 445SF Take-out restaurant located in the hotel lobby, with two rooms and two storage areas. There is no kitchen. The hotel has 18 seats inside and 6 patio seats for the summer, all of which are owned by the hotel. The hotel is on private property, and the bathrooms are located on lower level.",6:00 AM,8:00 PM,8:30 PM,0,"445SF Take-out restaurant located in the hotel lobby, with two rooms and two storage areas. There is no kitchen. The hotel has 18 seats inside and 6 patio seats for the summer, all of which are owned by the hotel. The hotel is on private property, and the bathrooms are located on both the lower and upper levels.", Bangel Groups Inc., Monir Saji,(781)389-7634,,296-  State ST,Boston,MA,2110,777605.9476703852,2956611.144777894
LB-99505,CV7ALR0027,Active,Common Victualler,CV7 All Alc. Restrict.,2013-11-08,2026-12-31,"TANGIERINO LOUNGE, INC.",Boston Cigar Club,1 MUST MAINTAIN VALID PERMIT amp AGREEMENT OFF SITE VALET PARKING 2 REMAIN IN EFFECT,"MAIN ENTRANCE AT 73A MAIN STREET, SMOKING LOUNGE IN THREE ROOMS IN BASEMENT, PREP KITCHEN, STORAGE AND OFFICE.  CAPACITY BREAKDOWN: 60 SEATED; 80 STANDING.",,1:00 AM,1:30 AM,140,," TANGIERINO LOUNGE, INC.", ABDESSAMAD NAAMAD,(617)953-0300,(617)953-0300,73-  Main ST,Charlestown,MA,2129,774347.791457057,2961578.7536090612
LB-99298,CV7AL0472,Active,Inn,Inn. All Alc.,2013-11-22,2026-12-31,West Broadway Management LLC,Cambria Hotel,Closing Hours 10PM Patio 1AM Roof deck 2AM Interior,"In whole of said building consisting of 7426*, 14 floors, with the first floor consisting of hotel lobby and lounge with 36 seats, 18 bar stools and patio seating of 22 on private property, second floor including lounge area of 18 seats and service bar and function room for 100 persons, hotel rooms ",,2:00 AM,2:30 AM,0,"In whole of said building consisting of 7426*, 14 floors, with the first floor consisting of hotel lobby and lounge with 36 seats, 18 bar stools and patio seating of 22 on private property, second floor including lounge area of 18 seats and service bar and function room for 100 persons, hotel rooms on floors 3 through 13 with available room service; rooftop restaurant and lounge with 16 bar seats; storage in basement. **There is 1 entrance and 3 exits.
*Square footage, capacity, and occupancy numbers are for the first and second floor and the
rooftop bar where the public will be served.
**The number of entrances and exits are for the first floor. Other floors are reached by elevators
and stairs.
Approved Management Agreement between West Broadway Management, LLC and Essex House Hospitality, LLC", West Broadway Management LLC, Xiaowei Willie Guo,(617)860-6934,,6- W Broadway ,South Boston,MA,2127,775921.3447403908,2950338.7281888872
LB-439874,,Active,Common Victualler,CV7 Malt Wine Liq. Restrict.,2020-11-23,2026-12-31,"Cafe Bonjour, Inc.",Cafe Bonjour,,,,10:00 PM,10:30 PM,16,," Cafe Bonjour, Inc.", Driss Elmokri,(781)475-4024,,55-  Temple PL,Boston,MA,2111,774634.4349126369,2954667.114217147
LB-107618,,Active,Misc,Dormitory,2013-09-16,2026-04-30,TRUSTEES OF BOSTON UNIVERSITY,BOSTON UNIVERSITY,No Conditions,4 story plus basement apartment-style building. Each apartment unit has a kitchen and bathroom except third floor rooms which share a bathroom. Laundry machine are located in basement. There are no other common use facilities in the building.,,,,0,, Trustees of Boston University,NISHMIN KASHYAP,(617)353-2148,(617)353-2148,866-  Beacon ST,Boston,MA,2215,763108.2768626362,2951763.735837564
LB-99297,CV7AL0471,Active,Common Victualler,CV7 All Alc.,2013-11-22,2026-12-31,VAN LIN CORP,BARLOW'S,2026 PERM CLOSED DO NOT ISSUE PATIO CONDITIONS 1 CLOSING HOUR 10 00 P M 2 ALCOHOL SERVICE ONLY IN CONJUNCTION WITH FOOD 3 MUST BE STAFFED ALL TIMES Alcoholic Beverages to be served in conjunction with brunch on Sundays Noon,"IN ONE ROOM ON FIRST FLOOR; KITCHEN AND STORAGE IN CELLAR AND TO INCLUDE AN OUTDOOR PATIO ON PRIVATE PROPERTY BETWEEN THE HOURS OF 11:00 A.M. - 10:00 P.M.  Capacity breakdown: 1st fl - 142 seated, 23 standing; lower level - 40 seated; patio - 64.",,2:00 AM,2:30 AM,205,"IN ONE ROOM ON FIRST FLOOR; KITCHEN AND STORAGE IN CELLAR AND TO INCLUDE AN OUTDOOR PATIO ON PRIVATE PROPERTY BETWEEN THE HOURS OF 11:00 A.M. - 10:00 P.M.  Capacity breakdown: 1st fl - 142 seated, 23 standing; lower level - 40 seated; patio - 64.", VAN LIN CORP, THOMAS DEVLIN,,6179436210,241-  A ST,Boston,MA,2210,777489.0630616397,2951645.5037905574
LB-101720,LDGHS0044,Active,Misc,Lodging Houses (Frat/Dorm),2014-12-19,2026-04-30,"302 NEWBURY, LLC",,       ,"4 story brick building 3 rooms on first floor, 4 rooms on 2nd floor, 4 rooms on 3rd floor, 4 rooms on 4th floor.",,,,16,"4 story brick building 3 rooms on first floor, 4 rooms on 2nd floor, 4 rooms on 3rd floor, 4 rooms on 4th floor."," 302 NEWBURY, LLC", Antonio Giorgio Jr.,,6174214400,302-  Newbury ST,Boston,MA,2115,768344.6371248066,2952368.056807399
LB-101972,RETAL0195,Active,Misc,Retail All Alc.,2013-11-15,2026-12-31,MANDIR CORPORATION,BAY VIEW LIQUORS,Board acknowledges granted petition to open 10 m on Sundays,In one room on the first floor; cellar for stock.,,11:00 PM,,0,, MANDIR CORPORATION, TARUNKUMAR R. PATEL,(617)268-7612,,108-  Dorchester ST,South Boston,MA,2127,778925.4328923076,2947478.644998312
LB-583974,,Active,Common Victualler,Common Victualler,2025-02-15,2026-12-31,NR GROUP II LLC,KWENCH JUICE CAFE,MONDAY TO FRIDAY 7 00 AM PM SATURDAY SUNDAY 10 5,"955SF Single floor, featuring a counter for takeout, 13 dining seats, and a shared bathroom for both customers and employees. The prep and service areas are connected, with the kitchen located toward the rear of the building.",7:00 AM,7:00 PM,7:30 PM,0,"955SF Single floor, featuring a counter for takeout, 13 dining seats, and a shared bathroom for both customers and employees. The prep and service areas are connected, with the kitchen located toward the rear of the building.", NR GROUP II LLC, Rosa Fernandes Barbosa Dasilva,(617)212-7949,,667B-  VFW PW,Chestnut Hill,MA,2467,748969.2552719712,2933245.35719198
LB-101992,RETAL0230,Active,Misc,Retail All Alc.,2013-11-27,2026-12-31,"Commonwealth Cellars, Inc.",Commonwealth Cellars,1 NO SALE KEGS 2 NIPS OR SINGLES,"3529 square feet total with 1 entrance and 2 exits - to include approx. 2000 square feet in 1 room on the first floor with rear entry for deliveries, and approx. 1529 square feet in the basement for storage only. ",,11:00 PM,,0,"3529 square feet total with 1 entrance and 2 exits - to include approx. 2000 square feet in 1 room on the first floor with rear entry for deliveries, and approx. 1529 square feet in the basement for storage only."," Commonwealth Cellars, Inc.", Wondimu Abeje,,,1229-  Commonwealth AV,Allston,MA,2134,755800.816411972,2953047.3116824776
LB-571155,,Active,Common Victualler,Common Victualler,2025-09-17,2026-12-31,VANCARELLE CORPORATION,BOTTEGA DEL SUD,,"1,200SF On the first floor there is a counter with food display equipment, register for takeout, delivery and pick up. Dining area, with a kitchen in the back. Small market with Italian goods. Gender neutral bathroom with basement level for storage and office. ",7:00 AM,11:00 PM,11:30 PM,18,"1,200SF On the first floor there is a counter with food display equipment, register for takeout, delivery and pick up. Dining area, with a kitchen in the back. Small market with Italian goods. Gender neutral bathroom with basement level for storage and office.", VANCARELLE CORPORATION, Felipe Angeline,(781)656-2505,,645- E Second ST,South Boston,MA,2127,781258.614905715,2948236.288168058
LB-170324,,Active,Common Victualler,Common Victualler,2016-06-20,2026-12-31,"CHIPOTLE MEXICAN GRILL OF COLORADO, LLC",Chipotle Mexican Grill #2622,State property no Building Inspection Certificate required because do not serve alcohol have less than 50 seats,Portion of the first floor of a multi story building. Kitchen and storage in rear and side of the space with seating in front. Outdoor seasonal (April-Nov.) patio on private property with 28 seats same hours as restaurant.,11:00 AM,11:00 PM,11:30 PM,49,," Chipotle Mexican Grill of Colorado, LLC",Julie Gibson,,,8-  Park PZ,Boston,MA,2116,773294.5041935593,2953416.749263808
LB-99111,CV7AL0255,Active,Common Victualler,CV7 All Alc.,2013-11-26,2026-12-31,"CHICKADEE, LLC",CHICKADEE,,"Eight (8) floors in building with first floor premises to be licensed; consisting of approximately 3,935 sf including one (1) kitchen, two (2) bathrooms, kitchen storage, bar area and indoor seating capacity of approximately 102, with one (1) entrance and three (3) exits; indoor lobby seating area o",,11:00 PM,11:30 PM,115,"Eight (8) floors in building with first floor premises to be licensed; consisting of approximately 3,935 sf including one (1) kitchen, two (2) bathrooms, kitchen storage, bar area and indoor seating capacity of approximately 102, with one (1) entrance and three (3) exits; indoor lobby seating area of approximately 335 sf with seating for approximately 15 patron and outdoor seasonal patio terrace on private property (April-October) with seating for approximately 28 patrons (approximately 591 sf total outdoor patio). Total square footage of approximately 4,861 sf."," CHICKADEE, LLC", JOHN DASILVA,,,21-  Dry Dock AV,Boston,MA,2210,782919.7730007172,2950818.044815555
LB-99275,CV7AL0446,Active,Common Victualler,CV7 All Alc.,2013-12-01,2026-12-31,"La Flaca y el Gordo, Inc.",PEKA,1 SUNDAY OPENING 11 00 M SERVICE ALCOHOL,,,2:00 AM,2:30 AM,243,"On first floor and basement of building: first floor with kitchen, two bars, and seating for 243. Outdoor seasonal (March-October) patio on private property with seating for 42. Basement for storage.", LA FLACA Y EL GORDO INC., KATIUSKA VALIENTE,(617)953-4036,(,280-306  Washington ST,Brighton,MA,2135,750717.2107655555,2952068.594807893
LB-404401,,Active,Common Victualler,Common Victualler,2019-12-26,2026-12-31,"Poke by Love Art North End, LLC",Love art Poke,,"First floor with kitchen, and service area.",7:00 AM,11:00 PM,11:30 PM,0,," Poke by Love Art North End, LLC",Jessica Chiep,(301)742-6705,,103-  Beverly ST,Boston,MA,2114,775263.3883791417,2958590.4013180584
LB-100133,CVICT0511,Active,Common Victualler,Common Victualler,2013-10-22,2026-12-31,"OmegaAlpha, Inc.",Royal Roast Beef and Seafood,,In one room on the first floor with kitchen in the rear storage in the rear.,10:00 AM,11:00 PM,11:30 AM,27,In one room on the first floor with kitchen in the rear storage in the rear.," OmegaAlpha, Inc.",Sotirios Hios,(617)567-7779,(617)694-3504,752-  Bennington ST,East Boston,MA,2128,788319.5010463893,2965910.460496813
LB-98779,CLBAL0002,Active,Club,Clb. All Alc.,2013-11-14,2026-12-31,"ST. BOTOLPH CLUB, INC.",,,Rear emergency exits; in whole of said buiding.  CAPACITY BREAKDOWN: 1ST FL - 105; 2ND FL - 85; 3RD FL - 6; 4TH FL - 6.,,1:00 AM,1:30 AM,202,Rear emergency exits; in whole of said buiding.  CAPACITY BREAKDOWN: 1ST FL - 105; 2ND FL - 85; 3RD FL - 6; 4TH FL - 6.," ST. BOTOLPH CLUB, INC.", Megan Spies,,(617)536-7570,199-  Commonwealth AV,Boston,MA,2116,769444.7989664674,2953425.9034449756
LB-99319,CV7AL0497,Active,Inn,Inn. All Alc.,2013-11-14,2026-12-31,"SC JM BOSTON BEVERAGE COMPANY, INC.",FOUR SEASONS AT ONE DALTON,Board granted petition to serve alcohol with brunch on Sundays 10 AM,"Sixty-one story building, outdoor ground level patio is not to be licensed. Basement to be licensed on level 3, 6 rooms 2 entrances, 2 exits (21,919 Sq. Ft.); Floor 1 to be licensed, 6 rooms, 5 entrances 7 exits (15,148 Sq. Ft.); Floor 2 to be licensed, 3 rooms 2 entrances 2 exits (16,238 Sq. Ft.); ",,2:00 AM,2:30 AM,0,"Sixty-one story building, outdoor ground level patio is not to be licensed. Basement to be licensed on level 3, 6 rooms 2 entrances, 2 exits (21,919 Sq. Ft.); Floor 1 to be licensed, 6 rooms, 5 entrances 7 exits (15,148 Sq. Ft.); Floor 2 to be licensed, 3 rooms 2 entrances 2 exits (16,238 Sq. Ft.); Floor 3 to be licensed 6 rooms, 2 entrances 2 exits (16,160 Sq. Ft.); Floor 6 through 7 to be licensed 12 rooms on each floor, 2 entrances and 2 exits (14,465 Sq. Ft.); Floor 6 outdoor patio (1,695 Sq. Ft.); Floor 8 outdoor patio (920 Sq. Ft.)Floor 8 through 25 to be licensed, 12 rooms on each floor, 2 entrances and 2 exits (13,544 Sq. Ft.); Floor 26 through 48 to be licensed, 4 rooms on each floor, 2 entrances and 2 exits (13,365 Sq. Ft.); Floor 49 through 60 to be licensed, 4 rooms on each floor, 2 entrances and 2 exits (13,218 Sq. Ft.). Patios on floors 50 through 60 to be licensed are each 150 Sq. Ft. (Total=1650 Sq. Ft.); Floor 61 to be licensed, 3 rooms, 2 entrances and 2 exits (11,656 Sq. Ft.) Outdoor rooftop patio (1,710 Sq. Ft.); Indoor total = 856,359 Sq. Ft. Outdoor total = 5,975 Sq. Ft. Indoor hours of operation 8:00 A.M. – 2:00 A.M. Outdoor seasonal (March-October) patios including floors 6, 8 and 61 will have the same hours as indoors."," SC JM BOSTON BEVERAGE COMPANY, INC.", Ahmed Aly Yacout,(786)693-0741,,1-  Dalton ST,Boston,MA,2115,768622.2103885561,2951295.7006843984
LB-100999,CVICT2210,Active,Common Victualler,Common Victualler,2013-11-01,2026-12-31,"THE WALDWIN GROUP, INC.",DUNKIN DONUTS,,"IN ONE ROOM ON THE FIRST FLOOR; KITCHEN & STORAGE IN REAR. SPACE IN FOOD COURT.  TERMINAL B LOGAN AIRPORT- AMERICAN LANDSIDE, EAST BOSTON, MA  02128",,24 HOURS,,0,IN ONE ROOM ON THE FIRST FLOOR; KITCHEN & STORAGE IN REAR. SPACE IN FOOD COURT., THE WALDWIN GROUP, CLAYTON TURNBULL,,6175411911,      Logan Airport Terminal B  ,East Boston,MA,2128,0.0,0.0
LB-540652,,Active,Common Victualler,Common Victualler,2023-10-04,2026-12-31,BOSTON HOSPITALITY PARTNERS LLC,"Ariana, Big Grin, and Iris Mezze",,"Approximately 704 square feet on the ground floor of Winthrop Center located at 115 Federal Street. These contiguous food kiosks are located on street level in four rooms consisting of front service and sales counters, kitchen and prep area, and back room for storage.",10:00 AM,8:00 PM,,0,"Approximately 704 square feet on the ground floor of Winthrop Center located at 115 Federal Street. These contiguous food kiosks are located on street level in four rooms consisting of front service and sales counters, kitchen and prep area, and back room for storage.", Boston Hospitality Partners LLC, Sasha Nisenbaum,(617)451-0300,,115-  Federal ST,Boston,MA,2110,775995.602137804,2954560.603603393
LB-100419,CVICT1153,Active,Common Victualler,Common Victualler,2013-10-15,2026-12-31,"JAGDHAMBA, INC.",PRIMOS RESTAURANT,,In one room on the first floor with kitchen and emergency egress in the rear plus basement storage.,6:00 AM,11:00 PM,11:30 PM,30,," JAGDHAMBA, INC.",Suman Devi,,(617)437-9000,28-  Myrtle ST,Boston,MA,2114,773582.5347854644,2956227.9244157225
LB-359182,,Active,Common Victualler,Common Victualler,2018-05-23,2026-12-31,"Caffe Nero Americas, Inc.",Caffe Nero,,"First floor; seating at front, counter, and kitchen in rear. Outdoor seasonal patio (April - Nov) on private property with 78 seats. Same hours as the restaurant.",5:30 AM,10:00 PM,10:30 PM,78,," Caffe Nero Americas, Inc.",Allyson Brown,(617)245-8902,,114-  New Edgerly RD,Boston,MA,2115,767894.351550025,2950699.70323312
LB-100484,CVICT1288,Active,Common Victualler,Common Victualler,2013-11-01,2026-12-31,"Detroit Pizza,, Co.",,,"Ground level two rooms 1000 sq. ft. +/-. Kitchen on ground floor, storage in tiled floor basement.",11:00 AM,11:00 PM,11:30 PM,0,," Detroit Pizza, Co.",Anastasios Anastasiadis,(617)539-8809,(781)333-7200,600A-  Washington ST,Brighton,MA,2135,746220.6633282155,2952816.943704888
LB-525934,,Active,Misc,Retail All Alc.,2023-06-23,2026-12-31,"LLH, LLC",Trader Joe's,,,,9:00 PM,,0,"500 Boylston Street Boston, MA 02115 is composed of 16,512 SF of retail space on one floor, consisting of 3 entrances and exits."," LLH, LLC", Paul Lembo,(617)262-6505,,500-  Boylston ST,Boston,MA,2116,771346.9772487283,2953049.762793064
LB-99671,CV7MW0512,Active,Common Victualler,CV7 Malt Wine,2013-11-18,2026-12-31,"GOGLE MOGLE, INC.",Seabiscuit,2026 Perm Closed Do Not Issue,"Restaurant on one floor wth seating for 25, kitchen and storage indoors in 2,700SF with seating for 16 on an annual outdoor patio on private property in 1,000SF with a closing hour of 11:00 PM.",,11:00 PM,11:30 PM,28,"Restaurant on one floor wth seating for 25, kitchen and storage indoors in 2,700SF with seating for 16 on an annual outdoor patio on private property in 1,000SF with a closing hour of 11:00 PM."," GOGLE MOGLE, INC.", Andrew Platt,,7813691038,256-  Marginal ST,East Boston,MA,2128,782496.9998961389,2958100.0000678897
LB-101142,CVICT2368,Active,Common Victualler,Common Victualler,2013-10-31,2026-12-31,"FAULKNER HOSPITAL, INC.",THE ATRIUM CAFE AT FAULKNER HOSPITAL,CLOSED ON SAT amp SUN,IN ONE ROOM ON THE THIRD FLOOR; KITCHEN ON THE SECOND FLOOR.,6:30  AM,6:00 PM,6:30 PM,0,," FAULKNER HOSPITAL, INC.", Michael Hanley,,6179837265,1153-1153  Centre ST,Jamaica Plain,MA,2130,756780.0001491308,2935069.9998681396
LB-99337,CV7AL0519,Active,Common Victualler,CV7 All Alc.,2013-11-29,2026-12-31,"75 ARLINGTON STREET, INC.",DAVIO'S RESTAURANT,1 NO ALCOHOL SERVICE AFTER 12 30 M RESTAURANT BAR SHALL CEASE ALL OPERATIONS LATER THAN 00 2 FROM INGRESS EGRESS TO PREMISES BE THROUGH ATRIUM OR OTHER INTERIOR PASSAGE 10 ST JAMES STREET THERE DIRECTLY ARLINGTON STUART STREETS 3 LOBBY AREA CONDITIONS USED ONLY FUNCTIONS b WEEKDAYS 6PM c MAY WITHIN LICENSE PARAMETERS DURING WEEKEND BUT,"4 ROOMS, KITCHEN, STORAGE ROOM ON 1ST FLOOR; EXIT/ENTRANCEONTO ARLINGTON STREET, 2 EXITS/ENTRANCES INTO LOBBY OF BUILDING: ENTRANCE/EXIT FOR TAKE OUT DELIVERY AND TO INCLUDE THE ""ENTIRE EAST AND WEST LOBBIES"".",,2:00 AM,2:30 AM,234,"4 ROOMS, KITCHEN, STORAGE ROOM ON 1ST FLOOR; EXIT/ENTRANCEONTO ARLINGTON STREET, 2 EXITS/ENTRANCES INTO LOBBY OF BUILDING: ENTRANCE/EXIT FOR TAKE OUT DELIVERY AND TO INCLUDE THE ""ENTIRE EAST AND WEST LOBBIES""."," 75 ARLINGTON STREET, INC.", STEVEN DIFILLIPPO,,6177974810,75-  Arlington ST,Boston,MA,2116,772303.6016478091,2953109.225600645
LB-575867,,Active,Common Victualler,Common Victualler,2024-10-25,2025-12-31,Lakon Paris Inc,Lakon Paris Patisserie,,925SF Single floor with a counter for takeout 9 tables with a seating of 10 capacity. One bathroom in the back and one kitchen in the rear. ,7:00 AM,7:00 PM,7:30 PM,10,925SF Single floor with a counter for takeout 9 tables with a seating of 10 capacity. One bathroom in the back and one kitchen in the rear., Lakon Paris Inc, Anthony Grossi,(339)213-9112,,43-61-  Pier 4 BL,Boston,MA,2210,779160.146005556,2952921.2791261375
LB-101401,DRMTY0154,Active,Misc,Dormitory,2014-05-07,2026-04-30,TRUSTEES OF BOSTON UNIVERSITY,BOSTON UNIVERSITY,,Three story brick building.,,,,12,Three story brick building., TRUSTEES OF BOSTON UNIVERSITY,NISHMIN KASHYAP,,(617)353-3502,198-  Bay State RD,Boston,MA,2215,763627.2564677149,2952935.960855305
LB-101989,RETAL0225,Active,Misc,Retail All Alc.,2013-11-20,2026-12-31,"BRIX WINES, INC.",BRIX WINE SHOP,,IN UNIT B: IN TWO ROOMS ON THE FIRST FLOOR WITH STORAGE IN THE REAR.,,11:00 PM,11:30 PM,0,," BRIX WINES, INC.", CARRI L. WROBLEWSKI,,6175422749,103-105   Broad ST,Boston,MA,2110,,
LB-99974,CVICT0200,Active,Common Victualler,Common Victualler,2014-01-09,2026-12-31,Spoonless Ventures LLC,Papa's Pizza Company,,IN ONE ROOM ON THE FIRST FLOOR WITH KITCHEN IN THE REAR AND STORAGE IN THE BASEMENT.,10:30 AM,MIDNIGHT,12:30 AM,17,, Spoonless Ventures LLC,Konstantine Papadopoulos,(617)648-7272,,142-148  Smith ST,Mission Hill,MA,2120,763674.094642937,2947289.54941276
LB-515576,,Active,Misc,Retail All Alc.,2023-07-24,2026-12-31,"Whiskey Wine Brighton, LLC",Whiskey & Wine Brighton,,"A portion of the ground floor of a building located in the shopping center located at 207 Market Street, Brighton, MA. Consisting of approximately 7,887 square feet with a walk-in cooler, rear storage area and two restrooms.",,11:00 PM,,0,"A portion of the ground floor of a building located in the shopping center located at 207 Market Street, Brighton, MA. Consisting of approximately 7,887 square feet with a walk-in cooler, rear storage area and two restrooms."," Whiskey Wine Brighton, LLC", Michael J. Reardon,(617)413-4449,,207-  Market ST,Brighton,MA,2135,750767.4472136348,2954864.317890972
LB-475881,,Active,Common Victualler,Common Victualler,2022-05-03,2025-12-31,"Well Coffee House, Boston","The Well Coffee House, East Boston",Monday Friday 7 00 AM PM Saturday 9,"1st floor, café, kitchen (3bay sick, refrigerator, freezer, ice machine, storage racks). 2 bathrooms, mop closet, tech room, seat/venue area.",7:00 AM,7:00 PM,7:30 PM,41,," Well Coffee House, Boston",Matthew Love,(661)204-5399,,62-  William C Kelly SQ,East Boston,MA,2128,780480.2913311422,2961767.600016147
LB-595016,,Active,Misc,Retail Malt Wine,2025-07-09,2026-12-31,"Petrova Chocolates, LLC",Petrova Chcolates,,"Premise located at 61 Salem St. Boston, MA 02113",,7:00 PM,,0,"Premise located at 61 Salem St. Boston, MA 02113; 1,575 sf total: approx. 575sf on ground floor, one main entrance/exit on Salem St. 1000sf basement for storage, office, private restroom."," Petrova Chocolates, LLC", Blagovesta Petrova,(978)996-5746,,63-  Salem ST,Boston,MA,2113,776174.5604413003,2957695.9096687287
LB-518660,,Active,Common Victualler,Common Victualler,2023-01-26,2025-12-31,Suffolk Cafe LLC,,No fee Massachusetts Commission Blind,"In (3) three rooms on the second floor with kitchen, storage in the rear.",7:30 AM,2:30 PM,3:00 PM,0,, Suffolk Cafe LLC,Michael Hall,(774)279-9547,,3-  Pemberton SQ,Boston,MA,2108,774714.6427574754,2956299.3153490573
LB-98876,CV7ALA0683,Active,Common Victualler,CV7 All Alc. Airp.,2013-12-05,2025-12-31,"TASTES ON THE FLY BOSTON, LLC",BOSTON BEER WORKS,,"IN ONE ROOM OF APPROXIMATELY 1080 SQ FT WITH A BAR, DINING AREA AND A SEPARATE KITCHEN AND STORAGE AREA IN TERMINAL C, PIER C.",,2:00 AM,2:30 AM,60,"IN ONE ROOM OF APPROXIMATELY 1080 SQ FT WITH A BAR, DINING AREA AND A SEPARATE KITCHEN AND STORAGE AREA IN TERMINAL C, PIER C."," TASTES ON THE FLY BOSTON, LLC", Antonio Alicea,,(774)217-9871,      Logan Airport Terminal C  ,East Boston,MA,2128,0.0,0.0
LB-168877,,Active,Misc,Farmer Distillery Pouring License,2016-05-19,2025-12-31,"RoyalTen, LLC",RoyalTen,,Distillery tasting room approximately 1000 sf. High top tables with two exits front and back of room.,,Midnight,12:30 AM,49,," RoyalTen, LLC", Matthew Nuernberger,,,383-  Dorchester AV,South Boston,MA,2127,775889.1361433864,2947440.1723062247
LB-100702,CVICT1696,Active,Common Victualler,Common Victualler,2013-10-30,2026-12-31,"Brighton Pie, Inc.",Domino's Pizza,1 Must post signs telling patrons to use rear entrance 2 Delivery cars must 3 Only Sunday Wednesday 11 00 PM AM Thursday Saturday,"Reception area, food prep area, oven, supply area in rear.",10:00 AM,11:00 PM,11:30 PM,0,, Brighton Pie Inc.,Celal Gokdag,(617)782-5655,,464-  Washington ST,Brighton,MA,2135,748359.7561628819,2952280.365709811
LB-100327,CVICT0936,Active,Common Victualler,Common Victualler,2014-02-24,2026-12-31,"AYA PIZZA, LLC",RED LINE PIZZA,Delivery ONLY between 11 00 PM 2 AM,In one room on the first floor with kitchen in the rear storage in the basement.,5:00 AM,2:00 AM,2:30 AM,20,," AYA PIZZA, LLC", MOHAMED A. MOURAD,,(617)276-7012,580-582  Dorchester AV,South Boston,MA,2127,776014.0000668913,2945569.9998654723
LB-144812,,Active,Common Victualler,Common Victualler,2015-07-10,2026-12-31,"Lukes Lobster XVII, LLC",Luke's Lobster,Aun Thur 11 00 AM 10 PM Fri amp Sat,"First floor store front, kitchen in rear. Capacity breakdown: 44 inside, 12 outside.",11:00 AM,11:00 PM,11:30 PM,44,," Lukes Lobster XVII, LLC",Thomas Carlo Lookner,(857)350-4626,,77-  Exeter ST,Boston,MA,2199,769906.2796708047,2952317.713076055
LB-492447,,Active,Common Victualler,Common Victualler,2022-10-03,2026-12-31,Tori EB Food Inc.,Tori Japan,,"Ground level, front service kitchen, no storage. Prep kitchen is behind front service counter. One bathroom for customer.",11:00 AM,10:00 PM,10:30 PM,12,, Tori EB Food Inc.,Min Zhu,(781)609-8753,,62-  William C Kelly SQ,East Boston,MA,2128,780480.2913311422,2961767.600016147
LB-101154,CVICT2382,Active,Common Victualler,Common Victualler,2013-10-23,2026-12-31,"SULGRAVE, INC.",BOSTON NEWS CAFE,,"IN ONE ROOM ON THE FIRST FLOOR; KITCHEN IN REAR, BASEMENT STORAGE. ",7:00 AM,7:00 PM,7:30 PM,0,," SULGRAVE, INC.", NABIL SAFWAN,,6173067954,80-  Arch ST,Boston,MA,2110,775630.5759649724,2954795.3075303137
LB-100200,CVICT0662,Active,Common Victualler,Common Victualler,2013-10-23,2026-12-31,SUN PIZZA,,       ,IN ONE ROOM ON THE FIRST FLOOR WITH KITCHEN IN THE REAR STORAGE IN THE BASEMENT.,,10:00 PM,10:30 PM,19,, SUN PIZZA, CHARALAMPOS TOUMANIDIS,,(857)615-0744,46-56   Washington ST,Dorchester,MA,2121,769197.062456086,2937230.3114194
LB-100330,CVICT0939,Active,Common Victualler,Common Victualler,2013-10-11,2025-12-31,"Sathibhai, Inc.",Halal Indian Cuisine,,In one room on the first floor with kitchen in the rear storage in the basement. ,11:00 AM,11:00 PM,11:30 PM,18,," Sathibhai, Inc.",Lokesh Adhikari,,(617)232-5000,736-  Huntington AV,Mission Hill,MA,2120,762889.999986216,2946890.0000044
LB-101952,RETAL0166,Active,Misc,Retail All Alc.,2013-11-29,2026-12-31,"BEACON HILL WINE & SPIRITS, INC.",BEACON HILL WINE & SPIRITS,1 That all trash refuse from premises be stored only interior building until proper time that no there commercial or private least three days per week Charles Str,One room first floor; cellar for stock.,,11:00 PM,,0,," Beacon Hill Wine & Spirits, Inc.", Swati Patel,,7812319407,63-  Charles ST,Boston,MA,2114,772331.5116969645,2955755.918798059
LB-520240,,Active,Common Victualler,Common Victualler,2023-02-27,2026-12-31,"SODEXO OPERATIONS, LLC",Sodexo @ Young Family Cafe,,Cafeteria on 3rd floor inside new inpatient bldg. counter service and seating.,6:30 AM,9:00 PM,9:30 PM,64,," Sodexo Operations, LLC", Donna Spina - Thomas,(866)372-3035,,111-  Francis ST,Boston,MA,2215,761688.5027993023,2948274.1788403094
LB-102008,RETMW0003,Active,Misc,Retail Malt Wine,2013-11-22,2026-12-31,TESORITO MARKET LIMITED PARNERSHIP,TESORITO MARKET,Board acknowledges granted petition to open 10 m on Sundays No singles be sold,"ONE (1) FLOOR (+/-1,250 SF) WITH SALES AREA (+/-620 SF); WINE DISPLAY AT FRONT OF STORE; BEER COLLER (+/-165 SF) AT REAR OF STORE; KITCHEN AND STORAGE.  ENTRANCE IN FRONT OF MERIDIAN STREET.  ",,11:00 PM,,0,, TESORITO MARKET LIMITED PARTNERSHIP, ANA HILDA BENAVIDES,(617)816-9074,,465-  Meridian ST,East Boston,MA,2128,780693.5438573807,2964745.5386140645
LB-98707,BLRDS0017,Active,Misc,Billiards/Sippio,2014-05-06,2026-12-31,"J & J IRISH PUB & GRILLE,LTD.",KATIE'S,,In one room on the first floor with kitchen and storage in the rear.,,1:00 AM,1:30 AM,0,," J & J IRISH PUB & GRILLE,LTD.", Nora Mannion,,6172650753,1128-1130   Dorchester AV,Dorchester,MA,2125,0.0,0.0
LB-99598,CV7MW0301,Active,Common Victualler,CV7 Malt Wine,2013-11-18,2026-12-31,GAGAN CORPORATION,INDIA QUALITY RESTAURANT,1 MALT WINE BEVERAGES TO BE SERVED ONLY IN CONJUNCTION WITH MEALS 2 NO BAR,"In one room on first floor, kitchen in rear, storage in the basement, and to include an outdoor patio.",,1:00 AM,1:30 AM,58,"In one room on first floor, kitchen in rear, storage in the basement, and to include an outdoor patio.", GAGAN CORPORATION, PARMJIT SINGH,,-,484-  Commonwealth AV,Boston,MA,2215,765857.7126367241,2952297.782997817
LB-100821,CVICT1932,Active,Common Victualler,Common Victualler,2014-01-16,2026-12-31,"XJL Restaurant, LLC",Yummy Yummy,,Approximately 1090 Sq.Fr. on ground floor of building.,11:00 AM,11:00 PM,11:30 PM,10,," XJL Restaurant, LLC",Xue Jin Lin,,(617)983-8811,2360B-  Washington ST,Roxbury,MA,2119,768536.7696145475,2945322.7684045583
LB-100960,CVICT2157,Active,Common Victualler,Common Victualler,2013-11-04,2026-12-31,"PR Restaurants, LLC",Panera Bread,,"One room on first floor, kitchen & storage in rear 58 seats, One room in basement 48 seats. Outdoor patio on private property (year round weather permitting) with 6 seats. Patio same hours as restaurant.",6:00 AM,10:00 PM,10:30 PM,112,," PR Restaurants, LLC",James Liritzis,(617)425-8565,,289-  Huntington AV,Boston,MA,2115,768053.0150046349,2950016.082508728
LB-101376,DRMTY0120,Active,Misc,Dormitory,2014-05-07,2026-04-30,TRUSTEES OF BOSTON UNIVERSITY,BOSTON UNIVERSITY,,"5 story brick dwelling, no facilities, interconnected with 81 Bay State Road",,,,25,"5 story brick dwelling, no facilities, interconnected with 81 Bay State Road", TRUSTEES OF BOSTON UNIVERSITY,NISHMIN KASHYAP,,(617)353-3502,83-  Bay State RD,Boston,MA,2215,765194.5922438055,2952929.10653831
LB-408105,,Active,Common Victualler,CV7 All Alc. Airp.,2019-12-19,2026-12-31,"Delaware North Boston Flight, LLC",Mija Cantina,,"Restaurant/full bar concept in Terminal C, Space CB-A17/49A in Boston Airport. On one floor in one room one entrance one exit. Total Square Footage 2,560.",,2:00 AM,2:30 AM,125,," Delaware North Boston Flight, LLC", Mark V. Clemency,(716)828-5162,,      Logan Airport Terminal C  ,East Boston,MA,2128,0.0,0.0
LB-136996,,Active,Common Victualler,Common Victualler,2014-10-30,2026-12-31,"El Barrio Mx, LLC",El Barrio Mexican Grill,,First floor kitchen and dining room with basement for storage. .,6:00 AM,11:00 PM,11:30 PM,22,," El Barrio Mx, LLC",Joandry Vasquez,(617)297-5205,,809-811  Harrison AV,Roxbury,MA,2118,771295.7280073911,2947719.508033648
LB-99257,CV7AL0424,Active,Common Victualler,CV7 All Alc.,2013-11-29,2026-12-31,"CILL DARA, INC.",Eugene O'Neill's,,,,1:00 AM,1:30 AM,81,"Entrance from Washington Street; in one room on first floor, stock in basement; rear exit."," CILL DARA, INC.", MELISSA HUNT,,,3700-  Washington ST,Jamaica Plain,MA,2130,760912.1621603817,2934778.726172477
LB-100094,CVICT0421,Active,Common Victualler,Common Victualler,2013-10-25,2026-12-31,"D.E. FOODS, LLC",KENTUCKY FRIED CHICKEN,,In one room on the first floor with kitchen in the rear storage in the rear.,10:00 AM,12:00 AM,12:30 AM,48,," D.E. FOODS, LLC", DANIEL WHITNEY,,7819820755,695-  Columbia RD,Dorchester,MA,2125,774675.0001202226,2941929.99992764
LB-99776,CV7MWL0124,Active,Common Victualler,CV7 Malt Wine Liq.,2013-11-18,2026-12-31,"MURASAKI, INC.",UMAI JAPANESE RESTAURANT,11 00 P M CLOSING,IN ONE ROOM ON THE FIRST FLOOR; KITCHEN AND STORAGE IN THE REAR.,,11:00 PM,11:30 PM,32,IN ONE ROOM ON THE FIRST FLOOR; KITCHEN AND STORAGE IN THE REAR.," MURASAKI, INC.", FLORENCE W. LEE,,6177738951,224-  Newbury ST,Boston,MA,2116,769387.2554463893,2952748.4422014803
LB-100923,CVICT2114,Active,Common Victualler,Common Victualler,2013-10-25,2026-12-31,"EXPRESS FOOD SERVICES, INC.",D'BENNY'S SUBS & MORE,,IN ONE ROOM ON THE FIRST FLOOR; KITCHEN & STORAGE IN REAR.,11:00 AM,MIDNIGHT,12:30 AM,0,," EXPRESS FOOD SERVICES, INC.", BENAVIDEZ MEJIA& MALFA CRUZ,,6179136287,1433-  Dorchester AV,Dorchester,MA,2122,775203.3566750586,2935438.393488303
LB-614490,,Active,Common Victualler,Common Victualler,2026-01-09,2026-12-31,Venchi 123 Newbury LLC,Venchi,,"The premises consist of 1,284 SF of space located on the walk-down level of the building, including seating for 15 patrons, a restroom, storage, and a retail area.",10:00 AM,11:00 PM,11:30 PM,15,"The premises consist of 1,284 SF of space located on the walk-down level of the building, including seating for 15 patrons, a restroom, storage, and a retail area.", Venchi 123 Newbury LLC, Jeanie Davis,(786)943-3195,,123-  Newbury ST,Boston,MA,2116,770627.1282947212,2953375.256564647
LB-99294,CV7AL0465,Active,Common Victualler,CV7 All Alc.,2013-11-22,2026-12-31,"OZNEMOC, INC.",CENTERFOLDS,AS AGREED TO LICENSEE 1 3RD FLOOR PREMISES WILL NOT BE UTILIZED LARGE FUNCTIONS INCLUDING BUT LIMITED BACHELOR PARTIES NOR AVAILABILITY MARKETED OR PROMOTED SUCH PURPOSES 2 OZNEMOC INC SHALL FOREVER FORSAKE ANY REQUEST INCREASE CAPACITY FROM 394 BOARD GRANTED PETITION PROVIDE BOTTLE SERVICE ON,"ENTIRE FIRST, SECOND AND THIRD FLOORS, AND CELLAR FOR STOCK.  Capacity breakdown: 1st fl - 113 seated; mezzanine - 93 seated; 2nd fl - 108 seated; 3rd fl - 80 seated.",,2:00 AM,2:30 AM,394,," OZNEMOC, INC.", Nicholas S. DeFilippo,,(508)854-2498,12-18  Lagrange ST,Boston,MA,2116,774216.529252395,2953393.7197823077
LB-100390,CVICT1064,Active,Common Victualler,Common Victualler,2013-10-29,2025-12-31,"Mija QMB, LLC",Mija,Mon Sat 10 00 AM 9 PM Sunday 11 7,"Kiosk, approx.492 sf. located in Faneuil Hall Market Pl. Space #2040A.
",8:00 AM,9:00 PM,9:30 PM,0,," Mija QMB, LLC",Charles C. Larner III,,6173673322,200-  Faneuil Hall Marketplace ,Boston,MA,2109,776492.0000951439,2956600.0001151413
LB-564803,,Active,Common Victualler,Common Victualler,2024-06-06,2026-12-31,"BOSTON BREAD, LLC",Panera Bread,,"2,492SF First floor main entrance on the right. Kitchen in the back on the left side, freezer and cooler on the left side from the kitchen. Storage in the basement. ",,24 HOURS,,0,"2,492SF First floor main entrance on the right. Kitchen in the back on the left side, freezer and cooler on the left side from the kitchen. Storage in the basement."," Boston Bread, LLC", Simeon Shelton,(617)934-7107,,17-25  Blackfan ST,Boston,MA,2115,762682.3574388921,2948209.618601978
LB-545988,,Active,Common Victualler,CV7MWN - Neighborhood Restricted,2024-08-16,2026-12-31,Lepe Food Service LLC,La Cuchara,,,,9:00 PM,9:30 PM,16,"1597 SF situated on one floor. It has four rooms, including a dining room, kitchen and storage rooms. (Seating capacity of 12).", Lepe Food Service LLC, Antonio G Lepe,(617)593-3542,,381-  Blue Hill AV,Dorchester,MA,2121,769467.4767426401,2938900.7031647265
LB-101428,DRMTY0197,Active,Misc,Dormitory,2014-05-07,2026-04-30,TRUSTEES OF BOSTON UNIVERSITY,BOSTON UNIVERSITY,,Four story brick building.,,,,19,, TRUSTEES OF BOSTON UNIVERSITY,NISHMIN KASHYAP,,(617)353-3502,17-  Buswell ST,Boston,MA,2215,762885.4626757205,2952010.513887316
LB-101090,CVICT2305,Active,Common Victualler,Common Victualler,2013-10-29,2025-12-31,STEWARD ST. ELIZABETH'S MEDICAL CENTER,ST. ELIZABETH'S MEDICAL CENTER,,SEATON 4TH FLOOR CAFETERIA.,6:00 AM,8:00 PM,8:30 PM,155,, STEWARD ST. ELIZABETH'S MEDICAL CENTER, Ryan Lenhardt,,(617)448-7256,736-  Cambridge ST,Brighton,MA,2135,751323.9999063015,2952609.9998930544
LB-463819,,Active,Common Victualler,Common Victualler,2022-01-20,2026-12-31,"Thazia, LLC",,,Vendornspace inside the IDB building. 160 sq. ft. all equipment and storage together in the vendor space.,10:00 AM,5:00 PM,5:30 PM,0,, Thasia LLC, Nakhon Rungruangtanapol,(617)792-9356,,21-  Dry Dock AV,Boston,MA,2210,782919.7730007172,2950818.044815555
LB-138188,,Active,Common Victualler,Common Victualler,2014-12-18,2026-12-31,"L Street Donuts, LLC",Dunkin Donuts,,"One level, shared use with with convenience storee/Dunkin Donuts.",5:00 AM,10:00 PM,10:30 PM,0,," L Street Donuts, LLC",John Gillespie,(617)268-1792,,77-  L ST,South Boston,MA,2127,781692.0618734658,2947471.8165998906
LB-99253,CV7AL0420,Active,Common Victualler,CV7 All Alc.,2013-11-21,2026-12-31,"SIG HOSPITALITY, LLC",,,"FRONT ENTRANCE STREET LEVEL COMMERCIAL CONDOMINIUM WITH ONE ROOM ON THE GROUND FLOOR, SEASONAL OUTDOOR PATIO ON SIDEWALK IN FRONT OF PREMISES, WITH KITCHEN AND STORAGE IN THE REAR WITH REAR EMERGENCY EXIT TO THE ALLEY.  Capacity breakdown: 74 @ tables, 18 @ bar.",,2:00 AM,2:30 AM,92,," SIG HOSPITALITY, LLC", GEORGE AXIOTIS,,,493-495  Massachusetts AV,Roxbury,MA,2118,769541.1790230572,2948963.219128892
LB-99414,CV7AL0612,Active,Common Victualler,CV7 All Alc.,2013-11-08,2026-12-31,MARRIOTT'S RESORTS HOSPITALITY CORPORATION,MARRIOTT CUSTOM HOUSE,,"TWO ROOMS ON THE FIRST FLOOR, KITCHEN AND STORAGE IN REAR ROTUNDA AND EAST FOYER BALCONY ON FIRST FLOOR, ROTUNDA BALCONY ON SECOND FLOOR; AND OBSERVATION DECK ON 25TH FLR.",,1:00 AM,1:30 AM,205,"TWO ROOMS ON THE FIRST FLOOR, KITCHEN AND STORAGE IN REAR ROTUNDA AND EAST FOYER BALCONY ON FIRST FLOOR, ROTUNDA BALCONY ON SECOND FLOOR; AND OBSERVATION DECK ON 25TH FLR.", MARRIOTT RESORTS HOSPITALITY CORPORATION, WALID NAGDA,,(508)989-7019,3-  McKinley SQ,Boston,MA,2109,776828.8599857241,2956179.089867726
LB-598072,,Active,Common Victualler,CV7 All Alc by Zip Restricted,2025-09-09,2026-12-31,Tejeda Brothers Investment LLC,Miami Restaurant,Special Legislation Zip Code Restricted All Alcoholic Beverages License Chapter 202 Acts 2024,,,1:00 AM,1:30 AM,48,"3,638sf Total: 2,210sf in one main room on the first floor, kitchen and storage in the rear. 1,428sf additional storage in basement. Dining room seating for 40 and bar seating for 8. One main entrance/exit on Centre St., two additional emergency exits in rear of premises.", TEJEDA BROTHERS INVESTMENT LLC, Leandro Tejeda,(617)828-3381,,381-  Centre ST,Jamaica Plain,MA,2130,761832.999985233,2942730.00000052
LB-100360,CVICT0999,Active,Common Victualler,Common Victualler,2013-10-17,2026-12-31,"ALPOGUZ, INC.",NICK'S PIZZA & SEAFOOD,,ONE ROOM ON FIRST FLOOR WITH KITCHEN AND STORAGE IN THE REAR.,7:30 AM,11:00 PM,11:30 PM,0,," ALPOGUZ, INC.", OMUR K. APLOGUZ,,6172828805,1143-  Blue Hill AV,Dorchester,MA,2124,766744.6918338835,2929325.0126704723
LB-99037,CV7AL0172,Active,Common Victualler,CV7 All Alc.,2013-11-25,2026-12-31,"HAMACHI SERVERS, INC.",LOCAL 149,Board granted petition to begin serving alcohol 10 00 m on Sundays with brunch,"IN ONE ROOM ON FIRST FLOOR, WITH KITCHEN IN REAR; MAIN ENTRANCE ON EAST SIXTH STREET AND EMERGENCY EXIT ON P STREET AND CELLAR FOR STOCK AND OFFICE. (MANAGEMENT AGREEMENT APPROVED BY BLB AND ABCC BETWEEN HAMACHI SERVERS, INC. AND HAMACHI LLC).",,1:00 AM,1:30 AM,94,"IN ONE ROOM ON FIRST FLOOR, WITH KITCHEN IN REAR; MAIN ENTRANCE ON EAST SIXTH STREET AND EMERGENCY EXIT ON P STREET AND CELLAR FOR STOCK AND OFFICE. (MANAGEMENT AGREEMENT APPROVED BY BLB AND ABCC BETWEEN HAMACHI SERVERS, INC. AND HAMACHI LLC)."," HAMACHI SERVERS, INC.", ALEXANDER MICHAEL TAMARGO,,(857)753-7218,823-831 E Sixth ST,South Boston,MA,2127,783973.7269295603,2946769.452847138
LB-100920,CVICT2109,Active,Common Victualler,Common Victualler,2013-12-05,2026-12-31,"BARRYSON, INC.",LILLY'S GOURMET EXPRESS PASTA,,IN ONE ROOM ON THE FIRST FLOOR; KITCHEN IN THE REAR.  ,11:00 AM,MIDNIGHT,12:30 AM,0,," BARRYSON, INC.", MATTTHEW POSTAL,,9786182352,1526-1528  Tremont ST,Mission Hill,MA,2120,764314.761490678,2946363.51492695
LB-592801,,Active,Common Victualler,CV & All Alc Oak Sq Restricted,2025-11-28,2026-12-31,Con Rua LLC,Mo's Tavern & Kitchen,OAK SQUARE RESTRICTED ALL ALCOHOLIC BEVERAGES SPECIAL LEGISLATION CHAPTER 202 YEAR 2024Temp closed Do Not Issue Await Docs NOT OPEN YET,,,1:00 AM,1:30 AM,0,"Premise known as 575 Washington St, Brighton, MA 02135; 1200 Sq. ft upscale gastropub on a single story, with one main entrance and two exits. Will include an open floor plan with a long bar with up to 20 seats as well as booths, banquettes and high-top seating for up to 50 guests. There will be an open kitchen located in the rear of the space. There are 2 ADA compliant bathrooms. In the basement there will be an office, a walk-in cooler & storage.", Con Rua LLC, Candice Dowling,,,571-575  Washington ST,Brighton,MA,2135,746755.7560900599,2952830.9164459705
LB-143410,,Active,Common Victualler,Common Victualler,2016-01-05,2025-12-31,"Villa Mexico Cafe, LLC",Villa Mexico Cafe,,"First floor, kitchen and seating, basement storage",7:00 AM,10:00 PM,10:30 PM,16,," Villa Mexico Cafe, LLC",Julieta King,(617)957-0725,,121-  Water ST,Boston,MA,2109,776560.3559295535,2955838.766729474
LB-99498,CV7ALR0015,Active,Common Victualler,CV7 All Alc. Restrict.,2013-11-29,2026-12-31,"SOFI'S RESTAURANT GROUP, LLC",SOPHIA'S GROTTO,1 No Bar 2 Alcoholic Beverages to be served only in conjunction with meals 3 Patio Hours Noon Midnight,"Total 1,768 SQ FT first floor; Main Dining Room #1: 2 entrances/exits ( 22 Rear Birch Street) , bar seating for 5, dining room seating 42. Kitchen in center, 3 bathrooms located in connected hall. Room #2 (Corinth Street 2 entrance/exits) with bar seating for 12, seating for 6. 1281 SQ FT Basement :",,MIDNIGHT,12:30 AM,49,"Total 1,768 SQ FT first floor; Main Dining Room #1: 2 entrances/exits ( 22 Rear Birch Street) , bar seating for 5, dining room seating 42. Kitchen in center, 3 bathrooms located in connected hall. Room #2
(Corinth Street 2 entrance/exits) with bar seating for 12, seating for 6. 1281 SQ FT Basement :kitchen prep and storage. Annual outdoor dining on private property, seating for 65 from the hours of 12:00 PM- 12:00AM."," SOFI'S RESTAURANT GROUP, LLC", JOSEPH GARUFI,,6179479407,18-  Corinth ST,Roslindale,MA,2131,756237.5888323933,2929681.5726528913
LB-582213,,Active,Common Victualler,Common Victualler,2025-01-17,2026-12-31,BJM Group LLC,El Jefe's Taqueria of Kenmore Square,Patio closing hour 11 30 PM with all patrons off 12 AM," 2,432 SF fast casual restaurant with 25 seats inside, a full kitchen in the back, and a cookline and serving line in the front. There are two unisex bathrooms, one of which is ADA compliant. A private seasonal patio, used only from ( April to October ), offers 16 seats and operates during the same ",8:00 AM,3:00 AM,3:30 AM,36,"2,432 SF fast casual restaurant with 36 seats inside, a full kitchen in the back, and a cookline and serving line in the front. There are two unisex bathrooms, one of which is ADA compliant. A private seasonal patio, used only from ( April to October ) offers 16 seats and operating hours 8:00 AM - 11:30 PM.", BJM Group LLC, John Schall,(617)669-5955,,533-  Commonwealth AV,Boston,MA,2215,765219.9691615552,2952527.207079649
LB-612065,,Active,Common Victualler,Common Victualler,2026-02-17,2026-12-31,Sun Kin Inc,Gateway Canteen,,"800SF Basement-level restaurant is a Hong Kong–style café serving hot and cold Chinese teas, coffee, soft drinks, sandwiches, and snacks, with storage and a restroom located behind the counter.",6:00 AM,10:00 PM,10:30 PM,22,"800SF Basement-level restaurant is a Hong Kong–style café serving hot and cold Chinese teas, coffee, soft drinks, sandwiches, and snacks, with storage and a restroom located behind the counter.", Sun Kin Inc., Po Sang Tse,(617)331-3092,,19-23  Hudson ST,Boston,MA,2111,775025.5161514729,2953089.74434039
LB-100758,CVICT1806,Active,Common Victualler,Common Victualler,2013-10-23,2026-12-31,Juan Abiel Pelico De Leon,Raymundo Bakery,,"Service Counter in front, kitchen in middle, employee restroom and cooler in back.",6:00 AM,9:00 PM,9:30 PM,0,, Raymundo Bakery,Juan Pelico De Leon,(617)331-0561x,,1224-   Dorchester AVE,Dorchester,MA,2125,775772.462078214,2937853.82962798
LB-101358,DRMTY0095,Active,Misc,Dormitory,2014-04-25,2026-04-30,MASS DELTA ALUMNI CORP OF SIGMA PHI EPSILON,M.I.T,Mass Delta Alumni Corp Phi Epsil,"6 story brick townhouse with thirteen bedrooms, kitchen, laundry, alley parking, 4 bathrooms, steam heatd gas.",,,,40,"6 story brick townhouse with thirteen bedrooms, kitchen, laundry, alley parking, 4 bathrooms, steam heatd gas.", MASS DELTA ALUMNI CORP OF SIGMA PHI EPSILON,Eddie Chin,,(617)536-1300,518-  Beacon ST,Boston,MA,2215,766853.9580195546,2953122.5064139813
LB-101275,DRMTY0203,Active,Misc,Dormitory,2014-05-07,2026-04-30,TRUSTEES OF BOSTON UNIVERSITY,BOSTON UNIVERSITY,,Four story brick building.,,,,17,Four story brick building., TRUSTEES OF BOSTON UNIVERSITY,NISHMIN KASHYAP,,(617)353-3502,37-  Buswell ST,Boston,MA,2215,762556.2405651361,2951885.0873008966
LB-441473,,Active,Common Victualler,CV7 Malt Wine,2020-12-11,2026-12-31,"NEWPOINT USA, LLC",My Happy Hunan Kitchen,,"A single story building attached to the left and right units with a front entrance and a back entrance.  The units to be licensed consist of approximately 3.992 sq. ft.  There is a kitchen, two bathrooms, and one large room for dining and a second smaller room for dining, together holding approximat",,10:00 PM,10:30 PM,120,"A single story building attached to the left and right units with a front entrance and a back entrance.  The units to be licensed consist of approximately 3.992 sq. ft.  There is a kitchen, two bathrooms, and one large room for dining and a second smaller room for dining, together holding approximately 120 seats.  10:00 PM Closing Hour."," New Point USA, LLC", Frank Zhang,(646)637-4227,,1924-  Beacon ST,Brighton,MA,2135,750912.5965296328,2947814.7401266396
LB-99850,CV7MWR0002,Active,Common Victualler,CV7 Malt Wine Liq. Restrict.,2013-12-02,2026-12-31,"NICOLE'S PIZZA, INC.",,ALCOHOL WITH FOOD ONLY B NO BAR,"IN ONE ROOM ON THE FIRST FLOOR; KITCHEN AND STORAGE IN THE REAR, ALSO TO INCLUDE AN OUTDOOR SEASONAL PATIO FOR 16 PATRONS FROM APRIL THROUGH OCTOBER BETWEEN THE HOURS OF 10:00 A.M. - 11:00 P.M.",,11:00 PM,11:30 PM,11,"IN ONE ROOM ON THE FIRST FLOOR; KITCHEN AND STORAGE IN THE REAR, ALSO TO INCLUDE AN OUTDOOR SEASONAL PATIO FOR 16 PATRONS FROM APRIL THROUGH OCTOBER BETWEEN THE HOURS OF 10:00 A.M. - 11:00 P.M."," NICOLE'S PIZZA, INC.", GHASSAN SAMAHA,,6172660223,639-  Tremont ST,Roxbury,MA,2118,771026.6767082214,2950059.857027471
LB-537839,,Active,Common Victualler,Common Victualler,2023-08-18,2026-12-31,Al-Kar LLC,Naughty Waffle,,"202sqf food stall located on the ground floor of Quincey Market Food hall, at Faneuil Hall. The stall is divided into 2 sections, back of the house is where the sink and storage is located. The waffle irons and salad bar/fruit fridge as well as POS system are in the front of the house.",10:00 AM,9:00 PM,9:30 PM,0,"202sqf food stall located on the ground floor of Quincy Market Food Hall, at Faneuil Hall. The stall is divided into 2 sections, back of the house is where the sink and storage is located. The waffle irons and salad bar/fruit fridge as well as POS system are in the front of the house.", Al-Kar LLC, Cengiz Albayrak,(510)417-1070,,100     South Market ST,Boston,MA,2109,,
LB-99643,CV7MW0444,Active,Common Victualler,CV7 Malt Wine,2013-11-14,2026-12-31,"MIRAGE CHARCOAL KABOB, INC.",Zen Restaurant,OUTDOOR SEASONAL PATIO HOURS OPERATION 11 00 M P,IN ONE ROOM ON THE FIRST FLOOR WITH KITCHEN AND ONE ROOM ON THE SECOND FLOOR; BASEMENT FOR STORAGE.  INCLUDES AN OUTDOOR SEASONAL PATIO FROM MARCH THROUGH NOVEMBER.,,10:30 PM,11:00 PM,70,IN ONE ROOM ON THE FIRST FLOOR WITH KITCHEN AND ONE ROOM ON THE SECOND FLOOR; BASEMENT FOR STORAGE.  INCLUDES AN OUTDOOR SEASONAL PATIO FROM MARCH THROUGH NOVEMBER.," Mirage Charcoal Kabob, Inc.", Kevin Yi Zhang,,(617)325-2960,21A-  Beacon ST,Boston,MA,2108,774484.359097302,2955879.03863056
LB-99143,CV7AL0293,Active,Common Victualler,CV7 All Alc.,2013-11-22,2026-12-31,"ROSA MEXICANO BOSTON, LLC",ROSA MEXICANO,temporary removable seasonal outdoor patio service bar was approved provided Board,IN ONE (1) LARGE ROOM ON FIRST FLOOR WITH KITCHEN AND STORAGE; ENTRANCE ON SEAPORT BOULEVARD AND WITH OUTDOOR PATIO ON PRIVATE PROPERTY FOR 150 PATRONS.,,2:00 AM,2:30 AM,296,IN ONE (1) LARGE ROOM ON FIRST FLOOR WITH KITCHEN AND STORAGE; ENTRANCE ON SEAPORT BOULEVARD AND WITH OUTDOOR PATIO ON PRIVATE PROPERTY FOR 150 PATRONS.," ROSA MEXICANO BOSTON, LLC", BARRY YOUNG JR.,,(781)964-9698,155-  Seaport BL,Boston,MA,2210,779752.586749807,2952783.521527648
LB-100388,CVICT1061,Active,Common Victualler,Common Victualler,2013-11-18,2027-12-31,"Morton's Pizzeria, LLC",,,In one room on the first floor with kitchen in the rear storage in the basement.,7:00 AM,11:00 PM,11:30 PM,16,In one room on the first floor with kitchen in the rear storage in the basement.," Morton's Pizzeria, LLC",Jessica Jessica L. DaSilva,(617)287-1127,(401)641-3883,890-896   Morton ST,Mattapan,MA,2126,0.0,0.0
LB-100771,CVICT1827,Active,Common Victualler,Common Victualler,2013-11-05,2025-12-31,"Hello Yummy, LLC",Hello Yummy,,"Vendor in food court, street level with kitchen and storage. (aka 1095 Comm. Ave).",9:00 AM,9:00 PM,9:30 PM,0,," Hello Yummy, LLC",Kui Sun,(617)838-7608,,1-  Brighton AV,Allston,MA,2134,757442.0001374781,2953670.000069648
LB-338634,,Active,Common Victualler,Common Victualler,2017-08-02,2025-12-31,"Fruity Tea, INC.",Yukiya,,First floor with small dining area and kitchen area.,12:00 PM,11:00 PM,11:30 PM,14,," Fruity Tea, Inc.",Si M Situ,,,77-  Harvard AV,Allston,MA,2134,755516.8937514722,2954052.760787055
LB-99581,CV7MW0265,Active,Common Victualler,CV7 Malt Wine,2013-11-27,2026-12-31,"PHO RESTAURANT, INC.",PHO HOA RESTAURANT,1 NO BAR 2 ALCOHOLIC BEVERAGES TO BE SERVED ONLY IN CONJUNCTION WITH MEALS,ON THE ENTIRE FLOOR; KITCHEN AND STORAGE IN THE REAR.  ,,11:00 PM,11:30 PM,120,ON THE ENTIRE FLOOR; KITCHEN AND STORAGE IN THE REAR.," PHO RESTAURANT, INC.", THANH D. LE,,6172879746,1370-  Dorchester AVE,Dorchester,MA,2122,775443.052083334,2936129.56597222
LB-99069,CV7AL0207,Active,Common Victualler,CV7 All Alc.,2013-11-21,2026-12-31,"THE OCEANAIRE RESTAURANT COMPANY, INC.",THE OCEANAIRE SEAFOOD ROOM,       ,"ONE FLOOR AT STREET LEVEL AND ONE FLOOR AT BASEMENT LEVEL.  THE STREET LEVEL WILL CONSIST OF ONE OPEN DINING ROOM WITH A FIXED BAR, KITCHEN AND STORAGE IN BASEMENT LEVEL.  Capacity breakdown: 285 seated, 25 standing.",,1:00 AM,1:30 AM,310,"ONE FLOOR AT STREET LEVEL AND ONE FLOOR AT BASEMENT LEVEL.  THE STREET LEVEL WILL CONSIST OF ONE OPEN DINING ROOM WITH A FIXED BAR, KITCHEN AND STORAGE IN BASEMENT LEVEL.  Capacity breakdown: 285 seated, 25 standing."," THE OCEANAIRE RESTAURANT COMPANY, INC.", RUSSELL AYOUB,,6177422277,40-  Court ST,Boston,MA,2108,775270.4234700501,2956180.0065325648
LB-127363,,Active,Common Victualler,Common Victualler,2014-03-27,2026-12-31,"Thinking Cup Newbury, LLC",,Monday Wed 7 00 AM 10 PM Thur Sun 11,"Kitchen, seating area",7:00 AM,10:00 PM,10:30 PM,34,," Think Cup Newbury, LLC",Hugh Geiger,(617)247-3333,,85-  Newbury ST,Boston,MA,2116,771055.2209424675,2953554.8621765673
LB-99049,CV7AL0185,Active,Common Victualler,CV7 All Alc.,2013-11-26,2026-12-31,"425 BROADWAY, LLC",,       ,"IN TWO ROOMS ON GROUND FLOOR WITH OPEN KITCHEN IN REAR; MAIN ENTRANCE ON WEST BROADWAY, AND ALSO TO INCLUDE IN ONE ROOM IN BASEMENT WITH EMERGENCY EXIT AND STORAGE IN REAR.",,2:00 AM,2:30 AM,360,"IN TWO ROOMS ON GROUND FLOOR WITH OPEN KITCHEN IN REAR; MAIN ENTRANCE ON WEST BROADWAY, AND ALSO TO INCLUDE IN ONE ROOM IN BASEMENT WITH EMERGENCY EXIT AND STORAGE IN REAR."," 425 BROADWAY, LLC", WILL CLARK,,(617)529-3197,425- W Broadway ,South Boston,MA,2127,778473.8908163905,2947907.5148754716
LB-100513,CVICT1337,Active,Common Victualler,Common Victualler,2013-10-23,2026-12-31,"J.P. LICKS HOMEMADE ICE CREAM CO., INC.",J.P. LICKS,20 Outside seats 10 30 PM closing outdoor seating,"First floor kitchen, basement storage & 20 outside seats.",6:00 AM,1:00 AM,1:30 AM,86,," J.P. LICKS HOMEMADE ICE CREAM CO., INC.", Ian Mills,,6175249952,659-  Centre ST,Jamaica Plain,MA,2130,760454.9232454747,2939271.767055139
LB-99200,CV7AL0359,Active,Common Victualler,CV7 All Alc.,2013-11-21,2026-12-31,"PAIGE HOSPITALITY, INC.",Hava Lounge,,"ON ONE FLOOR IN LOWER LEVEL OF BUILDING, IN TWO ROOMS: FRONT LOUNGE/MAIN ROOM WITH MAIN BAR, OVERFLOW BAR AND LOUNGE SEATING; REAR LOUNGE WITH DEDICATED BAR AND ADDITIONAL SEATING.  KITCHEN AND STORAGE IN REAR.",,2:00 AM,2:30 AM,382,," PAIGE HOSPITALITY, INC.", MILLER THOMAS JR.,,(508)359-2544,246-  Tremont ST,Boston,MA,2116,773842.0001458079,2953119.9998573065
LB-518986,,Active,Common Victualler,Common Victualler,2024-02-07,2026-12-31,Hunan Gourmet LLC,,Hours Operation Sunday Thursday 11 30 AM 9 PM Friday Saturday 10,IN ONE DINING ROOM WITH KITCHEN ON FIRST FLOOR; STORAGE AND PREP AREA IN BASEMENT.,11:30 AM,10:30 PM,11:00 PM,60,, Hunan Gourmet LLC,Peng Ju Li,(857)233-2478,,45-  Beach ST,Boston,MA,2111,774889.6315807253,2953337.0450268984
LB-544839,,Active,Common Victualler,Common Victualler,2024-09-09,2025-12-31,Graffiti LLC,Graffiti Pizza Street Food,,,11:00 AM,12:00 AM,12:30 AM,0,660SF Takeout only restaurant. One bathroom on first floor for staff use only. Basement level used for dry storage. No dine-in seating. No patio. Food is passed through take out windows only., Graffiti LLC, David Dragani,(617)823-3994,,136-  Harvard AV,Allston,MA,2134,755749.99991256,2953549.9999815673
LB-100461,DRMTY0049,Active,Misc,Dormitory,2014-05-07,2026-04-30,TRUSTEES OF BOSTON UNIVERSITY,BOSTON UNIVERSITY,,5 story brick building.,,,,65,5 story brick building., TRUSTEES OF BOSTON UNIVERSITY,NISHMIN KASHYAP,,(617)353-3502,48-  Buswell ST,Boston,MA,2215,762527.2278278917,2951728.250016138
LB-102027,RETMW0043,Active,Misc,Retail Malt Wine,2013-11-14,2026-12-31,SUNILA CORPORATION,QUALITY MART,Board acknowledges granted petition to open 10 00 m on Sundays,"IN ONE ROOM ON FIRST FLOOR WITH STORAGE; FRONT EXIT WITH EMERGENCY DOOR EXIT.  MAIL IS UNDELIVEREABLE AT ADDRESS OF LICENSE LOCATION; CORRESPONDENCE TO BE SENT TO HOME ADDRESS OF NAVEEN KAPOOR, OWNER & MANAGER OF RECORD.",,11:00 PM,,0,, SUNILA CORPORATION, NAVEEN KAPOOR,(617)202-6044,,150- N Beacon ST,Brighton,MA,2135,751722.4374296367,2954505.6368498057
LB-424338,,Active,Common Victualler,CV7 All Alc. Restrict.,2020-12-01,2025-12-31,"Jamaica Mi Hungry, LLC",Jamaica Mi Hungry,,"Single floor operation with one dining room 32 person occupancy, Seasonal (April-October) outdoor patio on private property seating for 15 people (approx 150 sq. ft.).",,1:00 AM,1:30 AM,32,," Jamaica Mi Hungry, LLC",Ernie Campbell,(617)259-8017,,225-  Centre ST,Jamaica Plain,MA,2130,764594.7532203943,2943017.1969002336
LB-423824,,Active,Misc,Retail Malt Wine,2020-05-19,2026-12-31,"Nouria Energy Retail, Inc. ",Nouria 198 Western Avenue,NO SINGLES,,,11:00 PM,,0,"Single floor, 1104 sq. ft. foot metal building on slab foundation built in 1990, with single restroom, accessed from exterior of building. Consisting of sales floor, office area (approx. 10x8) and storage area (approx. 20x10)(Non-contiguous exterior storage accessed from outside also-not for storage of alcohol)", Nouria Energy Retail Inc., John Pszeniczny,,,198-  Western AV,Allston,MA,2134,756048.9172937274,2957500.571148649
LB-99209,CV7AL0368,Active,Common Victualler,CV7 All Alc.,2013-11-25,2026-12-31,Magnificent Seven Inc.,Layla’s American Tavern,ALCOHOLIC BEVERAGES TO BE SERVED IN CONJUNCTION WITH BRUNCH ON SUNDAYS 10 00 M Capacity Breakdown Bar Seats 23 occ Dining Area 24 Occ Remaining Floor 95 Standing 78 Total Occupants 220 6 Staff FA panel is located in attached bldg W Broadway,"A 4.880SF restaurant (with seating for 114), bar, 2 restrooms and kitchen on ground floor level. Basement has an office, liquor room, keg room and misc storage.",,1:00 AM,1:30 AM,220,, Magnificent Seven Inc., Seth Delury,,(617)770-9097,332- W Broadway ,South Boston,MA,2127,777864.213558048,2948668.1938003153
LB-359650,,Active,Common Victualler,Common Victualler,2018-06-15,2026-12-31,"Cava Mezze Grill, LLC",Cava Back Bay,,"Kitchen/dining room located on street level & basement. Outdoor seasonal patio (April - Nov) with 16 seats, same hours as restaurant.",10:45 AM,10:00 PM,10:30 PM,49,," Cava Mezze Grill, LLC",Patrick Cartier,,,667-669  Boylston ST,Boston,MA,2116,770017.7791197151,2952840.5388020575
LB-99778,CV7MWL0126,Active,Common Victualler,CV7 Malt Wine Liq.,2013-11-18,2026-12-31,"IL PANINO EXPRESS, INC.","QUATTRO RISTORANTE, GRILL & PIZZERIA",1 ALCOHOLIC BEVERAGES TO BE SERVED ONLY IN CONJUNCTION WITH MEALS CLOSING HOURS 11 00 P M SUNDAY THURSDAY MIDNIGHT FRIDAY SATURDAY,"IN ONE ROOM ON THE FIRST FLOOR, KITCHEN IN THE REAR, STORAGE IN THE BASEMENT, ONE ENTRANCE ON HANOVER STREET AND ONE ON PARMENTER STREET.",,11:00 PM,11:30 PM,48,"IN ONE ROOM ON THE FIRST FLOOR, KITCHEN IN THE REAR, STORAGE IN THE BASEMENT, ONE ENTRANCE ON HANOVER STREET AND ONE ON PARMENTER STREET."," IL PANINO EXPRESS, INC.", FRANK DEPASQUALE,,(617)880-9919,264-266  Hanover ST,Boston,MA,2113,776476.6126587242,2957859.875548139
LB-101900,RETAL0084,Active,Misc,Retail All Alc.,2013-11-21,2026-12-31,"KELLY'S LIQUOR MART, INC.",KELLY'S LIQUOR MART,Board acknowledges granted petition to open 10 00 m on Sundays,"871,873 Hyde Park Avenue; rear entrance for stock; One room first floor; Rear room first floor and cellar for stock",,11:00 PM,,0,," KELLY'S LIQUOR MART, INC.", JANET GIANNETTI,,(617)361-8443,871-873   Hyde Park AVE,Hyde Park,MA,2136,,
LB-100473,CVICT1263,Active,Common Victualler,Common Victualler,2013-10-29,2026-12-31,"YUEN SISTERS, INC.",YUEN BARBEQUE RESTAURANT,,IN ONE ROOM ON FIRST FLOOR WITH KITCHEN IN THE REAR.,8:00 AM,1:00 AM,1:30 AM,18,," YUEN SISTERS, INC.", YU OI WONG,,7813086688,1456B-  Dorchester AV,Dorchester,MA,2122,775264.7702661306,2935070.6412710547
LB-99937,CVICT0116,Active,Common Victualler,Common Victualler,2013-11-06,2026-12-31,"OMID'S DONUTS, INC.",DUNKIN DONUTS,,In one room on the first floor with kitchen in the rear storage in the basement.,5:00 AM,1:00 AM,1:30 AM,18,," OMID'S DONUTS, INC.", AFSHIN B. OMID,,6179268115,209-211 N Harvard ST,Allston,MA,2134,755971.5949418098,2957369.431647137
LB-99510,CV7MW0003,Active,Common Victualler,CV7 Malt Wine,2013-11-21,2026-12-31,"TSEM, INC.",TONY'S PLACE,,Two emergency exits in rear; One room and kitchen first floor.,,1:00 AM,1:30 AM,97,Two emergency exits in rear; One room and kitchen first floor.," TSEM, INC.", ELIO IMBORNONE JR.,,(617)323-3550,192-  Baker ST,West Roxbury,MA,2132,746226.6980930567,2925778.4643173963
LB-99622,CV7MW0398,Active,Common Victualler,CV7 Malt Wine,2013-11-26,2026-12-31,"QING MEI, INC.",VILLAGE SUSHI & GRILL,1 ALCOHOLIC BEVERAGES TO BE SERVED ONLY IN CONJUNCTION WITH MEALS 2 NO BAR 3 CLOSING HOUR 11 00P M PATIO CONDITIONS ALCOHOL SERVICE FOOD STAFFED ALL TIMES 4 00 P,"IN ONE ROOM ONT HE FIRST FLOOR; KITCHEN IN THE REAR, STORAGE IN THE BASEMENT AND SECONDLY, TO INCLUDE AN OUTDOOR PATIO ON PRIVATE PROPERTY FOR 30 PATRONS.",,11:00 PM,11:30 PM,45,"IN ONE ROOM ONT HE FIRST FLOOR; KITCHEN IN THE REAR, STORAGE IN THE BASEMENT AND SECONDLY, TO INCLUDE AN OUTDOOR PATIO ON PRIVATE PROPERTY FOR 30 PATRONS."," QING MEI, INC.", MIA HWANG,,6173191198,14-  Corinth ST,Roslindale,MA,2131,756237.5888323933,2929681.5726528913
LB-318027,,Active,Common Victualler,CV7 All Alc. Airp.,2017-04-21,2026-12-31,"EK Boston Lounge, LLC",Emirates,,"Airport Lounge on one floor, five rooms including airport waiting area with seating for one hundred twenty (120) patrons, kitchen, office, two (2) storage areas, one (1) entrance and three (3) exits",,Midnight,,312,, EK Boston Lounge LLC, James Francis Dykes,,,"      Logan Airport, Terminal E  ",East Boston,MA,2128,0.0,0.0
LB-99238,CV7AL0402,Active,Common Victualler,CV7 All Alc.,2013-11-21,2026-12-31,"GSTH INVESTMENT GROUP, LLC",Bijou and Rock & Rye,Permission to provide Bottle Service 1 No access from first floor restaurant into nightclub located on second third floors 2 First hours as follows 00 AM last call Last seating will be 15 with all patrons off premises 3 Champagne machine enclosed brass ruling no supervised time TIPS certified staff member 6oz bottles champagne only available through patron have ability purchase bottle except direct contact,,,2:00 AM,2:30 AM,820,"GSTH Investment Group, LLC will hold space on all three (3) floors and basement of building with one (1) entry on Stuart Street and three (3) exits. Lobby on first floor (+/- 1200 SF). First floor consisting of dining area with table seating for sixty seven (67) and bar seating for twenty three (23); champagne vending machine services; total seating for eighty nine (89) and standing room for sixty three (63); bathrooms and office; total occupancy for one sixty five (165)(+/- 2300 SF). Second Floor consisting of bar/lounge with bar seating for twenty five (25), lounge seating for seventy (70), and couch seating for eight (8); total seating for one hundred three (103) and standing for two hundred twenty (220); bathrooms, coat check, kitchen, and storage; total occupancy for three twenty three (323)(+/- 4000 SF). Third Floor consisting of bar/ dance floor with lounge seating for fifty one (51); bathrooms, coat check, and office; standing room for two hundred ninety four(294); total occupancy for three hundred forty five (345)(+/- 4000 SF). Basement for storage (+/- 4000 SF). Total seating on all three floors for two hundred forty three (243); total standing room for five hundred seventy seven (577); total capacity for eight hundred twenty(820)."," GSTH INVESTMENT GROUP, LLC", Joseph Ghanem,,(617)429-8162,51-  Stuart ST,Boston,MA,2116,773978.1337317973,2953305.504407555
LB-100293,CVICT0848,Active,Common Victualler,Common Victualler,2013-11-19,2026-12-31,"BOSTON SCOOP SHOPS, INC.",Boston Scoops,,@120 QUINCY MARKET: In one room on the first floor with kitchen in the rear and storage in the basement.,10:00 AM,11:00 PM,2:30 AM,0,," Boston Scoops Shop, Inc.",Barry Fulton,(617)536-5456,,120     Quincy Market  ,Boston,MA,2109,0.0,0.0
LB-99617,CV7MW0388,Active,Common Victualler,CV7 Malt Wine Liq.,2013-11-20,2026-12-31,"JTBC, Inc.",Jiang Nan,,,,1:00 AM,1:30 AM,126,"Premise consists of 3000SF: one room on first floor with kitchen in rear with 118 table seats and 8 bar seats; bathrooms, storage and employee areas in basement."," JTBC, Inc.", So Lim Ting,,,177-  Tremont ST,Boston,MA,2111,774004.9355154783,2953963.332160145
LB-308854,,Active,Common Victualler,Common Victualler,2016-12-27,2026-12-31,"Slicecop, Inc.",Bambu,,"Dining area, counter and kitchen on first floor.",8:00 AM,10:00 PM,10:30 PM,19,," Slicecorp, Inc.",Lien Nguyen,,,287-  Adams ST,Dorchester,MA,2122,775527.4091765583,2934534.373642817
LB-100019,CVICT0290,Active,Common Victualler,Common Victualler,2014-01-13,2026-12-31,Joseph's Pizzeria and Sub Shop,Joseph's Pizzeria and Sub Shop,TAKEOUT ONLY,In one room on the first floor with kitchen in the rear storage in the basement.,7:00 AM,3:00 AM,,0,, Joseph's Pizzeria and Sub Shop, CRISTIAN BELTRAN,,,1200-  Blue Hill AV,Mattapan,MA,2126,766733.999926135,2928580.000052899
LB-99281,CV7AL0451,Active,Common Victualler,CV7 All Alc.,2013-11-25,2026-12-31,"BROUGHTON ENTERPRISES, INC.",THE MIDWAY CAFE,,"3496,3498 WASHINGTON STREET; EMERGENCY EXIT FROM REAR OF DINING ROOM; BULKHEAD ENTRANCE TO CELLAR FOR STOCK - ONE LARGE ROOM AND KITCHEN FIRST FLOOR; CELLAR FOR STOCK.  Capacity breakdown: 35 seated, 64 standing.",,2:00 AM,2:30 AM,99,"3496,3498 WASHINGTON STREET; EMERGENCY EXIT FROM REAR OF DINING ROOM; BULKHEAD ENTRANCE TO CELLAR FOR STOCK - ONE LARGE ROOM AND KITCHEN FIRST FLOOR; CELLAR FOR STOCK.  Capacity breakdown: 35 seated, 64 standing."," BROUGHTON ENTERPRISES, INC.", JAY A. BALERNA,,(617)328-3886,3492-3498   Washington ST,Jamaica Plain,MA,2130,762357.671089709,2936880.77001107
LB-617049,,Active,Common Victualler,Common Victualler,2026-01-29,2026-12-31,EUCLIDES DASILVA,THE CAMRY CAFE,,"500SF Café with counter service and seating for 30, located within the busy Tasca Toyota Boston dealership. The café benefits from high customer traffic generated by the dealership. An adjacent office space is available for storage or administrative use. Ideal for a café operator seeking a turnkey.",7:00 AM,3:00 PM,3:30 PM,30,"500SF Café with counter service and seating for 30, located within the busy Tasca Toyota Boston dealership. The café benefits from high customer traffic generated by the dealership. An adjacent office space is available for storage or administrative use. Ideal for a café operator seeking a turnkey opportunity with built-in foot traffic.", EUCLIDES DASILVA, EUCLIDES DA SILVA,(617)265-4321x7810,,700-  William T Morrissey BL,Dorchester,MA,2122,778173.849290766,2934409.11994867
LB-596734,,Active,Common Victualler,Common Victualler,2025-06-10,2026-12-31,Hong Shun Inc,Nai Brother,,"Premise known as 42 Beach Street, AKA 40 Harrison Ave : 2,300 SF Unit 1B, located on the basement level. The space consists of one room with a capacity of 54 people, with a kitchen, bathrooms, and storage area in the rear. There is one entrance and one exit.",11:00 AM,11:00 PM,11:30 PM,54,"Premise known as 42 Beach Street, AKA 40 Harrison Ave : 2,300 SF Unit 1B, located on the basement level. The space consists of one room with a capacity of 54 people, with a kitchen, bathrooms, and storage area in the rear. There is one entrance and one exit.", Hong Shun Inc, Shizhong Lin,(917)535-3333,,40-  Harrison AV,Boston,MA,2111,774840.0001183003,2953480.0001215637
LB-99305,CV7AL0479,Active,Common Victualler,CV7 All Alc.,2013-11-27,2026-12-31,Crazy Tiger LLC,Kahaani On Broadway,Total 174 persons Breakdown 156 Seated amp 18 Standing,"Approximately 4,450 square feet for a full service restaurant to include: dining rooms, bathrooms, kitchen, prep, storage, office, walk-in cooler, all on one floor-ground floor of building.  And to include an outdoor seasonal patio on public property for 16 patrons with a 11:00 PM closing.",,2:00 AM,2:30 AM,174,"Approximately 4,450 square feet for a full service restaurant to include: dining rooms, bathrooms, kitchen, prep, storage, office, walk-in cooler, all on one floor-ground floor of building. And to include an outdoor seasonal patio on public property for 16 patrons with a 11:00 PM closing.", Crazy Tiger LLC, Swati Patel,,,22-26 W Broadway ,South Boston,MA,2127,776045.3464608938,2950263.7260423154
LB-101068,CVICT2282,Active,Common Victualler,Common Victualler,2013-10-28,2026-12-31,"Selhi Associates, LLC",McDonald's,,Space in third floor food court.,5:00 AM,MIDNIGHT,12:30 AM,0,," Selhi Associates, LLC",Vijay Selhi,,(617)261-3914,700-  Atlantic AV,Boston,MA,2111,776405.7230367213,2953628.8915560544
LB-127492,,Active,Common Victualler,Common Victualler,2014-04-24,2026-12-31,"Sharon Group, LLC",Sharon Korean Kitchen,Hours operation Tuesday Sunday 11 00 AM 8 PM,"Kitchen, café, seating area, office, employee changing room, two bathrooms, full basement.",11:00 AM,8:00 PM,8:30 PM,40,," Sharon Group, LLC",Richeng Piao,(781)990-8899,,1727-  Centre ST,West Roxbury,MA,2132,751087.1929652244,2929944.064910054
LB-101723,LDGHS0053,Active,Misc,Lodging Houses (Frat/Dorm),2014-04-25,2026-04-30,Bay Village Suites LLC,,,"Four story building with basement.  2 rooms on basement, 3 rooms on first floor, 4 rooms on second floor, 4 rooms on third floor and 4 rooms on fourth floor.",,,,20,, BAY VILLAGE SUITES LLC,Robert Weintraub,(617)610-2062,,1-  Cortes ST,Boston,MA,2116,772478.1065481305,2952275.564866394
LB-581825,,Active,Common Victualler,Common Victualler,2024-12-27,2026-12-31,"Yuen Mei Restaurant Group Allston, Inc",Clay Pot Cafe,,"1,200SF Chinese restaurant on the first floor, featuring a dining area, a full kitchen, one entrance, one exit, one bathroom, and 28 seats.",7:30 AM,10:00 PM,10:30 PM,28,"1,200SF Chinese restaurant on the first floor, featuring a dining area, a full kitchen, one entrance, one exit, one bathroom, and 28 seats."," Yuen Mei Restaurant Group Allston, Inc", Jing Qiao Mei,(617)860-9168,,70-  Brighton AV,Allston,MA,2134,756501.2333182245,2953661.857697472
LB-99636,CV7MW0431,Active,Common Victualler,CV7 Malt Wine,2013-11-20,2026-12-31,"SOUTH BOSTON CANDLEPINS, INC.",SOUTH BOSTON CANDLEPINS,ALCOHOL NOT TO BE SERVED UNTIL 1 00 P M B SATURDAY SERVICE BEGIN CHILDRENS LEAGUES HAVE COMPLETED PLAY,"INSIDE OF THE BOWLING ALLEY - IN ONE ROOM ON THE FIRST FLOOR WITH KITCHEN, STORAGE IN THE BASEMENT.",,12:00 AM,12:30 AM,186,"INSIDE OF THE BOWLING ALLEY - IN ONE ROOM ON THE FIRST FLOOR WITH KITCHEN, STORAGE IN THE BASEMENT."," SOUTH BOSTON CANDLEPINS, INC.", John Tunney,(617)268-3117,,543- E Broadway ,South Boston,MA,2127,779886.0454723835,2947557.9722674787
LB-383185,,Active,Common Victualler,CV7 Malt Wine Liq. Restrict.,2019-11-21,2026-12-31,"Nicholas Chen Sound, LLC",Tavern of Tales,,"In eight rooms on ground floor with kitchen and bar, and office and storage (2,798 sf). Seasonal outdoor patio (April-November) on private property with seating for 24 patrons.",,1:00 AM,1:30 AM,69,," Nicholas Chen Sound, LLC", Nicholas Chen,(857)600-6336,,1478-1484  Tremont ST,Mission Hill,MA,2120,764681.0568535477,2946174.733892232
LB-100468,CVICT1257,Active,Common Victualler,Common Victualler,2014-02-20,2026-12-31,CHEZ-VOUS SKATING RINK,,SEATING 24 BUILDING 915,SNACK BAR WITHIN ROLLER SKATING AND DANCING FACILITY.  KITCHEN IS IN REAR AREA OF DINNING/SEATING AREA.,8:00 AM,MIDNIGHT,12:30 AM,24,SNACK BAR WITHIN ROLLER SKATING AND DANCING FACILITY.  KITCHEN IS IN REAR AREA OF DINNING/SEATING AREA., Chez-Vous Skating Rink, EDWARD TONEY,,(617)825-6877,11-  Rhoades ST,Dorchester,MA,2124,766516.5413715541,2929276.5452477336
LB-598421,,Active,Common Victualler,Common Victualler,2025-06-27,2026-12-31,SHREE RAM KKS CORPORATION,Cappy's Pizza & Subs,,"Pizza shop that’s 2,500SF on the first floor with 40 seats , 1 check out counter, kitchen in rear with storage in the basement along with 2 restrooms.",7:00 AM,3:00 AM,3:30 AM,40,"2,500SF Pizza shop on the first floor with 40 seats , 1 check out counter, kitchen in rear with storage in the basement along with 2 restrooms.", Shree Ram KKS Corporation, Hardik R Patel,(617)247-8801,,82-  Westland AV,Boston,MA,2115,767120.0001383871,2950550.0000760555
LB-98911,CV7AL0023,Active,Common Victualler,CV7 All Alc.,2013-11-21,2026-12-31,BOSTON HOSPITALITY PARTNERS LLC,,2026 TEMP CLOSED NEED DOCS Do Not Issue Closing Hours Sunday Thursday Midnight Friday amp Saturday 1 00 AM,"600 sq. ft. on the ground floor with one entrance and one exit; 7075 sq. ft. on the second floor containing kitchen, seating and storage.   Management agreement between Boston Hospitality Partners LLC and MG-BOS, LLC.",,1:00 AM,1:30 AM,172,"600 sq. ft. on the ground floor with one entrance and one exit; 7075 sq. ft. on the second floor containing kitchen, seating and storage.   Management agreement between Boston Hospitality Partners LLC and MG-BOS, LLC.", BOSTON HOSPITALITY PARTNERS LLC, Desmond Yu Wai Chow,(801)309-6145,,1-  Franklin ST,Boston,MA,2110,775222.6617545485,2954981.4492183924
LB-541485,,Active,Common Victualler,Common Victualler,2023-12-27,2025-12-31,KAL YUMMY CORP,Cafe Lava and Bento,,,7:00 AM,9:00 PM,9:30 PM,60,"2,600 sq. ft., one floor coffee shop and take out. The location has 60 seats inside. Outdoor private, seasonal (April-October) patio with 11 seats. Outdoor patio hours of 7:00 a.m. to 9:00 p.m. Bathroom in the rear left corner, one small office, and kitchen.", Kal Yummy Corp,Kim Nguyen,(617)396-6255,,290-298  Washington ST,Brighton,MA,2135,750509.3634122163,2952337.567038983
LB-101267,CVICT2501,Active,Common Victualler,Common Victualler,2013-10-28,2026-12-31,"SPAULDING REHABILITATION HOSPITAL, CORP.",,,"KITCHEN, CAFETERIA-STYLE & PUBLIC DINING AREA ON THE MAIN FLOOR OF SPAULDING REHABILITATION HOSPITAL.",6:00 AM,8:00 PM,8:30 PM,80,"KITCHEN, CAFETERIA-STYLE & PUBLIC DINING AREA ON THE MAIN FLOOR OF SPAULDING REHABILITATION HOSPITAL."," SPAULDING REHABILITATION HOSPITAL, CORP.", Gregory Jackson,,6179525000,300     First AV,Charlestown,MA,2129,,
LB-537305,,Active,Misc,Fortune Teller,2024-01-31,2024-04-30,Angela's psychic readings,Angela's Psychic Readings,Services Provided Palm Reading 50Tarot Card 60Psychic 75Mediation 75 Crystal Sales 25,"One room 600SF with retail area, bathroom and storage in rear.",10:00 AM,8:00 PM,,0,"One room 600SF with retail area, bathroom and storage in rear.", Angela's psychic readings, Niki Mitchell,(978)836-3294,,205-  Portland ST,Boston,MA,2114,774566.9580134749,2958215.4545613974
LB-583866,,Active,Common Victualler,CV7 All Alc by Zip Restricted,2025-08-15,2026-12-31,"F&H, INC.",Mi Pueblito Restaurant,Zip Code Restricted Special Legislation Chapter 202 Acts 2024 All Alcoholic Beverages,,,11:00 PM,,49,"The premises includes a 2,565 s.f. restaurant on one level with 2 entrances and 3 exits. This includes both indoor and enclosed outdoor patio dining. The indoor dining area consists of a dining area for 49 patrons, a kitchen, 2 restrooms and storage. The year round patio is accessible from both outside and inside the restaurant with the same closing hour as the indoor portion and can seat up to 48."," F&H, INC.", Ferdy L. Argueta,(617)569-3787,,333-  Border ST,East Boston,MA,2128,780484.2066776305,2963483.475849479
LB-100396,CVICT1090,Active,Common Victualler,Common Victualler,2013-11-13,2026-12-31,"WATER STREET DELI, LLC",,,"Approximately 1,100 sq. ft., in one room on the first floor with kitchen in the rear and storage in the basement.",6:00 AM,7:00 PM,7:30 PM,20,," WATER STREET DELI, LLC", Israel Bernardo,,6175992520,82-  Water ST,Boston,MA,2109,776137.4653711319,2955684.369728565
LB-100806,CVICT1906,Active,Common Victualler,Common Victualler,2013-10-10,2025-12-31,"Fortune Palace, LLC",JP Kitchen,1 CLOSING HOUR FRIDAYS SUNDAYS IS 11 30 PM WITH ALL PATRONS OUT 12 00 AM 2 AGREEMENT NEIGHBORHOOD ASSOCIATION INCORPORATED HEREIN REFERENCE,"IN ONE ROOM ON THE FIRST FLOOR, KITCHEN IN REAR, STORAGE IN BASEMENT.",11:00 AM,10:00 PM,10:30 PM,40,," Fortune Palace, LLC",Hong Pan,,(617)524-6888,3510-   Washington ST,Jamaica Plain,MA,2130,762244.814833611,2936716.26005891
LB-117592,,Active,Common Victualler,Common Victualler,2016-09-22,2026-12-31,"Lukes Lobster XXII, LLC",Luke's Lobster,Sun Thur 11 00 AM 10 PM Fri amp Sat,First floor store front storage in basement.,10:00 AM,8:00 PM,8:30 PM,12,," Lukes Lobster XXII, LLC",Thomas Carlo Lookner,(857)317-4839,,290-  Washington ST,Boston,MA,2109,775783.4870764762,2955539.5353725553
LB-102050,RETMW0081,Active,Misc,Retail All Alc.,2013-11-14,2026-12-31,"BACCO'S WINE & CHEESE, INC.",BACCO'S WINE & CHEESE,No nips singles Board acknowledged request permission to open 10AM Sundays,,,11:00 PM,,0,"In one room on first floor (2,850 Sq. Ft.) with office and prep area; entrance/exit of St James Ave and to building lobby arcade.
"," BACCO'S WINE & CHEESE, INC.", ROBERT D. BACCO,,(617)947-4731,31-  Saint James AV,Boston,MA,2116,771891.1667771339,2953175.364575982
LB-98813,CLBAL0042,Active,Club,Clb. All Alc.,2013-11-12,2026-12-31,POLISH AMERICAN POLITICAL CLUB OF HYDE PARK,THE POLISH CLUB,       ,"First floor including a bar and 2 rear rooms for storage, also basement storage.",,1:00 AM,1:30 AM,49,, POLISH AMERICAN POLITICAL CLUB OF HYDE PARK, ROBERT HICKEY,,(617)364-9507,1391-  River ST,Hyde Park,MA,2136,756578.4401848018,2917879.457805723
LB-101811,LDGHS0323,Active,Misc,Lodging Houses (Frat/Dorm),2014-04-29,2026-04-30,"COMMONWEALTH  LAND TRUST, INC.",123 CRAWFORD STREET,,"Four story building with 14 rooms on the first floor, 6 rooms on the second floor and 4 rooms on the third floor.",,,,24,"Four story building with 14 rooms on the first floor, 6 rooms on the second floor and 4 rooms on the  third floor."," COMMONWEALTH  LAND TRUST, INC.",Monica Juscen,(617)445-4075,,123-   Crawford ST,Dorchester,MA,2121,766659.754293725,2940053.24476603
LB-99816,CV7MWL0170,Active,Common Victualler,CV7 Malt Wine Liq.,2013-11-27,2026-12-31,"Zazibar, Corp.",ZaZiBar,2026 Temp Closed Need Docs Do Not Issue,,,2:00 AM,2:30 AM,40,"On ground level and basement of mixed-use building. Public facing component on ground floor with bar seating, table seating, restroom, and pantry area. Kitchen, storage, and walk-in cooler located on lower level."," Zazibar, Corp.", Olrie A. Roberls,,,60-  Seaport BL,Boston,MA,2210,778587.1176240593,2953930.3542077243
LB-582756,,Active,Common Victualler,Common Victualler,2024-12-18,2026-12-31,My Diner Inc,My Diner,,"1,622SF Space with one room, featuring a counter and 15 tables. Two bathrooms are located beside the counter, and the kitchen is at the back of the counter.",6:00 AM,2:00 PM,2:30 PM,48,"1,622SF Space with one room, featuring a counter and 15 tables. Two bathrooms are located beside the counter, and the kitchen is at the back of the counter.", My Diner Inc, Oscar I Valle Portillo,(617)765-8654,,455- E First ST,South Boston,MA,2127,779942.5561861396,2948486.6039403975
LB-102890,SPCMWA0012,Active,Misc,SPCMWA,2013-10-02,2026-12-31,HARVARD BUSINESS SCHOOL,YEAR-ROUND RETAIL & CATER,REFER TO LBS 124757,,,1:00 AM,1:30 AM,2002,, HARVARD BUSINESS SCHOOL,Todd Mulder,,(781)334-2856,117-  Western AV,Boston,MA,2163,758260.0001418889,2958324.809985727
LB-99742,CV7MWL0065,Active,Common Victualler,CV7 Malt Wine Liq.,2013-11-13,2026-12-31,"MARNICO, INC.",NICO,1 ALCOHOLIC BEVERAGES TO BE SERVED ONLY IN CONJUNCTION WITH MEALS 2 FOLDING DOOR STYLE WINDOWS CLOSED 11 00 P M 3 LICENSEE AGREES HE WILL NOT SEEK AN EXTENSION HOURS 4 ALL BEVERAGE LICENSE 5 LIVE ENTERTAINMENT,"IN TWO ROOMS, KITCHEN AND STORAGE ON FIRST FLOOR AND IN ONE DINING ROOM AND STORAGE IN BASEMENT.",,MIDNIGHT,12:30 AM,48,," MARNICO, INC.", NICOLA VARANO,,(617)913-1018,417-419A  Hanover ST,Boston,MA,2109,777048.682380721,2958585.4764591455
LB-597499,,Active,Common Victualler,Common Victualler,2025-06-27,2026-12-31,BPF Restaurant LLC,ROSLINDALE HOUSE OF PIZZA,,"1,150SQ Pizza shop all on one floor. It features a dining area with 16 seats and a kitchen located at the back of the store on the left side. The bathroom is also in the rear. A prep area and storage space are located at the back right of the store.",11:00 AM,11:00 PM,11:30 PM,16,"1,150SQ Pizza shop all on one floor. It features a dining area with 16 seats and a kitchen located at the back of the store on the left side. The bathroom is also in the rear. A prep area and storage space are located at the back right of the store.", BPF RESTAURANT LLC, Popi Firat,(617)327-9170,,4168-  Washington ST,Roslindale,MA,2131,757255.9998532981,2930129.999905646
LB-418633,,Active,Misc,Retail All Alc.,2020-02-12,2026-12-31,"Shree Kano, Inc.",Jamie's Variety,1 No Nips 2 singles 3 increase to amount floor space dedicated alcohol or changes floorplan on file with Board without approval,On first floor of building; sales area with cooler (+/- 826 SF); basement for storage (+/- 582 SF).,,11:00 PM,,0,," Shree Kano, Inc.", Indravadan Patel,,,113-  H ST,South Boston,MA,2127,780086.000124976,2947049.9998582304
LB-162509,,Active,Common Victualler,Common Victualler,2016-04-28,2026-12-31,"Energize, LLC",Energize,,"Kitchen, customer seating area, bathroom, janitor closet & basement.",8:00 AM,8:00 PM,8:30 PM,22,," Energize, LLC",Ivaylo Dimitrov,(781)290-7769,,618-  Washington ST,Brighton,MA,2135,745888.9405664653,2952913.1380663067
LB-202482,,Active,Common Victualler,CV7 All Alc.,2016-11-29,2026-12-31,"MONUMENT 251, LLC",Monument,,ONE ROOM ON 1ST FLOOR WITH KITCHEN IN THE REAR; STORAGE IN THE BASEMENT.  ENTRANCE/EXIT IN THE FRONT OF BUILDING.,,1:00 AM,1:30 AM,90,," Monument 251, LLC",Adam Hawk,(617)242-7229,,251-  Main ST,Charlestown,MA,2129,773497.9017526358,2962654.33708781
LB-545166,,Active,Common Victualler,Common Victualler,2023-12-16,2026-12-31,"JZD Pizza, LLC",Domino's,,"AKA 695 Truman Hwy, Hyde Park 1.200SF In one room on the first floor with kitchen in the rear, storage in basement. Takeout only.",10:30 AM,1:00 AM,1:30 AM,0,"AKA 695 Truman Hwy, Hyde Park 1.200SF In one room on the first floor with kitchen in the rear, storage in basement. Takeout only."," JZD Pizza, LLC", James Z. Dec,(617)364-6550,,165-173  Fairmount AV,Hyde Park,MA,2136,759401.2993684709,2917339.8092787266
LB-101074,CVICT2288,Active,Common Victualler,Common Victualler,2013-10-29,2026-12-31,"THE CAPSTONE CAFE, INC.",BEAN & LEAF CAFE,,IN ONE ROOM ON BASEMENT LEVEL: KITCHEN & STORAGE IN REAR.,7:00 AM,4:00 PM,4:30 PM,12,," THE CAPSTONE CAFE, INC.",Christine Leone,(617)248-8600,6177427676,239-  Causeway ST,Boston,MA,2114,775229.0439596325,2958747.2878153026
LB-99758,CV7MWL0087,Active,Common Victualler,CV7 Malt Wine Liq.,2013-11-22,2026-12-31,LISA DIPRIZIO,POCKET BILLIARD CLUB,,IN ONE ROOM WITH KITCHEN AND STORAGE ON FIRST FLOOR.( 14 POOL TABLES ),,2:00 AM,2:30 AM,99,, LISA DIPRIZIO, LISA DIPRIZIO,,,981-  Bennington ST,East Boston,MA,2128,789253.0001636446,2966170.0000039786
LB-101277,CVICT2510,Active,Common Victualler,Common Victualler,2013-11-20,2026-12-31,"DESA GRILLE, LLC",THE AVENUE GRILLE,,"IN ONE ROOM FIRST FLOOR, KITHCEN IN THE REAR, STORAGE IN BASEMENT.",11:00 AM,10:00 PM,10:30 PM,18,," DESA GRILLE, LLC",Artan Mertiri,,(617)288-8000,856-860A  Dorchester AV,Dorchester,MA,2125,776087.151008526,2942460.81996523
LB-99338,CV7AL0521,Active,Inn,Inn. All Alc.,2013-11-27,2026-12-31,OSIB Boston Back Bay Operations LLC ,citizenM Back Bay Hotel,408 Newbury Street Boston AKA 1001 Boylston BostonRoof deck to close 1 00 AM Second level patio 12 Capacity breakdown Level 2 Hotel Amenity Space Seats 221 occ Standing 169 Terrace 50 26 Total Occupants 466 10 Staff,408 Newbury Street Boston AKA 1001 Boylston Street Boston,,2:00 AM,2:30 AM,0,"Premise consists of - In the whole of said building: a 13-story hotel consisting of approximately 167,094 sq. ft. and containing 399 guestrooms. The premises contains a basement for storage, a lobby and elevator on the street level, a mezzanine level, a second floor with an outdoor space, a third floor consisting of 19 guestrooms and an outdoor space, floors 4-13 consist of a total of 380 guest rooms and approximately 11,257 sq.ft. per floor, and a roof deck area above the 13th floor with an amenity area.", OSIB Boston Back Bay Operations LLC, Taylor Robert Maxwell Smith,,(617)872-0484,408-  Newbury ST,Boston,MA,2115,767402.2646657228,2952068.685358897
LB-99539,CV7MW0099,Active,Common Victualler,CV7 Malt Wine,2013-11-20,2026-12-31,SHAKE SHACK NEWBURY STREET BOSTON LLC,SHAKE SHACK,,"On two floors, including one large room on the ground floor, with storage, kitchen, office and private dining room; one large room on first floor with kitchen and dining; to include outdoor seating on private property for 15 patrons between the hours of 11:00 a.m.- Midnight; and an additional 375 sq",,1:00 AM,1:30 AM,142,"On two floors, including one large room on the ground floor, with storage, kitchen, office and private dining room; one large room on first floor with kitchen and dining; to include outdoor seating on private property for 15 patrons between the hours of 11:00 a.m.- Midnight; and an additional 375 square feet of seating to add 28 seats on lower level for total interior seating capacity of 157.", SHAKE SHACK NEWBURY STREET BOSTON LLC, Albert Garcia,(802)578-7012,,234-236   Newbury ST,Boston,MA,2116,0.0,0.0
LB-99440,CV7AL0649,Active,Common Victualler,CV7 All Alc.,2013-11-22,2026-12-31,"IWJ RESTAURANT GROUP, INC.",SOCIETY ON HIGH,CAPACITY SCENARIO 1 199 110 INTERIOR 89 EXTERIOR 2 360 161 BOARD GRANTED PERMISSION TO PROVIDE BOTTLE SERVICE ON LICENSED PREMISES,"IN ONE (1) ROOM ON GROUND FLOOR WITH KITCHEN AND STORAGE; OUTDOOR PATIO WITH SERVICE BAR ON PRIVATE PROPERTY; ENTRANCE ON HIGH STREET, EXIT THROUGH BUILDING LOBBY.",,2:00 AM,2:30 AM,199,"IN ONE (1) ROOM ON GROUND FLOOR WITH KITCHEN AND STORAGE; OUTDOOR ANNUAL (TENTED) PATIO WITH SERVICE BAR ON PRIVATE PROPERTY; ENTRANCE ON HIGH STREET, EXIT THROUGH BUILDING LOBBY."," IWJ RESTAURANT GROUP, INC.", IAN W. JUST,,(617)905-1520,99-  High ST,Boston,MA,2110,776492.0000951439,2954429.9998619705
LB-99503,CV7ALR0024,Active,Common Victualler,CV7 All Alc. Restrict.,2013-11-26,2026-12-31,"THE BACK DECK, INC.",,1 THIS IS RESTRICTED LICENSE 2 SERVICE ALCOHOL WITH FOOD ONLY,"IN ONE ROOM ON FIRST FLOOR WITH KITCHEN AND RESTROOMS IN REAR; OFFICES, STORAGE, PREP AREA AND STAFF LOCKER ROOM WITH BATHROOM IN BASEMENT; ONE ENTRANCE/EXIT EACH ON WASHINGTON STREET AND WEST STREET. CAPACITY BREAKDOWN: 142 TOTAL: 110-PERSONS SEATED DINING; 19-PERSONS SEATED BAR; 13-PERSONS STANDIN",,1:00 AM,1:30 AM,142,"IN ONE ROOM ON FIRST FLOOR WITH KITCHEN AND RESTROOMS IN REAR; OFFICES, STORAGE, PREP AREA AND STAFF LOCKER ROOM WITH BATHROOM IN BASEMENT; ONE ENTRANCE/EXIT EACH ON WASHINGTON STREET AND WEST STREET. CAPACITY BREAKDOWN: 142 TOTAL: 110-PERSONS SEATED DINING; 19-PERSONS SEATED BAR; 13-PERSONS STANDING"," THE BACK DECK, INC.", PAUL SUSSMAN,,6177974505,10-  West ST,Boston,MA,2111,774516.021107465,2954445.550027728
LB-100687,CVICT1656,Active,Common Victualler,Common Victualler,2013-12-27,2026-12-31,"Wendy's Properties, LLC",Wendy's,,"IN ONE ROOM ON THE FIRST FLOOR, KITCHEN AND STORAGE IN REAR.",10:30 AM,11:00 PM,11:30 PM,96,," WENDY'S PROPERTIES, LLC",Sergey Grigoryan,(617)983-2983,,530-  American Legion HW,Roslindale,MA,2131,762617.3578969687,2929932.8520059735
LB-100303,CVICT0874,Active,Common Victualler,Common Victualler,2014-03-12,2026-12-31,"REAL DEAL, LLC",THE REAL DEAL,,In one room on the first floor with kitchen in the rear and storage in the basement.,10:00 AM,9:00 PM,9:30 PM,0,," REAL DEAL, LLC", ERIC J. BATTITE,,6173250754,1882-  Centre ST,West Roxbury,MA,2132,749425.5017348081,2929346.9273248166
LB-309815,,Active,Common Victualler,CV7 Malt Wine Liq.,2017-02-01,2026-12-31,"Yoshida Omakase, LLC ",,,"The street level and lower level, containing approximately 2,276 square feet in total space including: First level, dining and kitchen and preparation areas; and on the lower level, s",,Midnight,12:30 AM,24,"Street level and basement level contain 2,276 sq. ft. The First level is for dining, ADA Compliant
Bathroom, kitchen and preparation areas; basement level is for storage, separate preparation area, and
dish cleaning/washing. Street level has one doorway for ingress and egress. The basement level has a
second doorway for ingress/egress for delivery of all supplies."," Yoshida Omakase, LLC", Gabrielle E. Morriseau,(978)486-9145,,51A-  Massachusetts AV,Boston,MA,2115,767209.9766644686,2952726.992113143
LB-98751,BLRDS0204,Active,Misc,Billiards/Sippio,2014-04-25,2026-12-31,OLD COLONY YACHT CLUB,,ALSO HAS CLUB LICENSE 98791,FIRST FLOOR,,1:00 AM,1:30 AM,0,FIRST FLOOR, The Old Colony Yacht Club, THOMAS CARLETON,,,235-   Victory RD,Dorchester,MA,2122,779420.074625611,2934567.69106491
LB-454336,,Active,Common Victualler,CV7 Malt Wine,2021-11-30,2026-12-31,"JIMERSON ENTERPRISES, LLC",Larry J's BBQ Cafe,Capacity breakdown 48 seats outside 10 inside,,,12:00 AM,12:30 AM,58,"500sqft space consisting of a full functioning kitchen and storage area. There is no indoor bar, dining area or seating inside. We are a full service take out establishment. The outdoor space is publicly owned by Massport Port Authority and is approx. 1,000SF with a seating capacity of 48. WE plan on cornering off 150sf of this area and have seating for apporx.10. It will be season (April-Nov) operating from 11:00AM-12:00AM.", Jimerson Enterprises LLC, LARRY JIMERSON,(617)348-9800,,600     D ST,South Boston,MA,2210,,
LB-547016,,Active,Misc,Retail All Alc.,2024-08-26,2026-12-31,Russ & Mimis LLC,Russ & Mimi's,,,,11:00 PM,,0,"In one room on ground level with main entrance on Birch Street, storage in basement and emergency exit in rear.", Russ & Mimis LLC, Kelly Walsh,(781)204-9313,,16-  Birch ST,Roslindale,MA,2131,756318.418067053,2929761.731941387
LB-101463,DRMTY0251,Active,Misc,Dormitory,2014-04-17,2026-04-30,BOSTON CONSERVATORY,,,Four story building.  ,,,,31,, BOSTON CONSERVATORY,Ryan Anderson,,(857)214-0852,40-  Fenway ,Boston,MA,2115,766928.5300488919,2951103.9356479794
LB-100678,CVICT1645,Active,Common Victualler,Common Victualler,2014-01-08,2026-12-31,"ROCK CITY PIZZA, INC",Rock City Pizza,Hours operation 10 00 AM 2 3 deliveries only,"IN ONE ROOM ON THE FIRST FLOOR, KITCHEN IN REAR, BASEMENT STORAGE.",10:00 AM,,2:30 AM,30,," Rock City Pizza, Inc.",JOSEPH J. CHARLES,(617)782-7625,,568-  Cambridge ST,Allston,MA,2134,753358.0001033843,2953609.9998615533
LB-582381,,Active,Common Victualler,CV7 All Alc by Zip Restricted,2025-11-25,2026-12-31,"Murl's Kitchen, LLC",Murl's Kitchen,Special Legislation Zip Code Restricted All Alcoholic Beverages License Chapter 202 year 20242026 Temp Closed Do Not Issue Needs Docs,,,2:00 AM,2:30 AM,1,"On one floor of mixed-use building 2,735 SF of contiguous space with dining area for 68 patrons and bar seating for 10 patrons. Bathrooms, kitchen and storage located in rear of space. 1 Entrance/Exit"," Murl's Kitchen, LLC", Shaniel Walker,,,10-18  Bowdoin ST,Dorchester,MA,2121,771714.2603068054,2934563.780408144
LB-98782,CLBAL0005,Active,Club,Clb. All Alc.,2013-11-19,2026-12-31,TRUSTEES OF BOSTON UNIVERSITY,,,In whole of said building except basement.  ,,2:00 AM,2:30 AM,4612,In whole of said building except basement., TRUSTEES OF BOSTON UNIVERSITY, Jonathan Webster,(617)353-2748,,775-  Commonwealth AV,Boston,MA,2215,761848.4063508809,2953082.1702085584
LB-587119,,Active,Common Victualler,Common Victualler,2025-02-19,2026-12-31,Jamaica Mi Hungry LLC,Jamaica MI Hungry LLC,,"3,580SF A full-service restaurant with takeout across two floors. The restaurant has a kitchen on the top floor and restrooms on the first floor, with seating for 20 people, and refrigeration and storage located in the basement.",9:00 AM,3:30 PM,4:00 PM,20,"3,580SF A full-service restaurant with takeout across two floors. The restaurant has a kitchen on the top floor and restrooms on the first floor, with seating for 20 people, and refrigeration and storage located in the basement.", Jamaica Mi Hungry LLC, Ernie Campbell,(617)259-8017,,289-  Devonshire ST,Boston,MA,2110,775654.276704967,2954394.5586598963
LB-99079,CV7AL0219,Active,Common Victualler,CV7 All Alc.,2013-11-14,2026-12-31,"THE FLORIAN ASSOCIATES, INC.",FLORIAN HALL,       ,In whole of said building.  CAPACITY BREAKDOWN: FUNCTION HALL - 450; LOUNGE - 239.,,2:00 AM,2:30 AM,689,," THE FLORIAN ASSOCIATES, INC.", GERALD F. CAHILL JR.,,(617)288-6666,55-  Hallet ST,Dorchester,MA,2124,778572.00000082,2928249.99998704
LB-318187,,Active,Common Victualler,Common Victualler,2017-06-26,2025-12-31,"Wow Tikka, LLC",Wow Tikka,,First floor; kitchen & prep with a basement; 5 seats.,11:00 AM,11:00 PM,11:30 PM,15,," Wow Tikka, LLC",Kannan kesavalu,(857)250-2062,,84-  Peterborough ST,Boston,MA,2215,764617.8299458921,2950322.188523814
LB-101306,DRMTY0003,Active,Misc,Dormitory,2014-04-24,2026-04-30,"ALPHA THETA CHAPTER OF SIGMA CHI, INC.",M.I.T,,Five story brick building.,,,,32,Five story brick building.," ALPHA THETA CHAPTER OF SIGMA CHI, INC.",MICHAEL GIBSON,,(617)899-4284,532-  Beacon ST,Boston,MA,2215,766685.0026488006,2953067.760460481
LB-385146,,Active,Common Victualler,Common Victualler,2019-03-06,2026-12-31,"Fomu Tremont Street, Inc.",FoMu Ice Cream,,"Ground level, 340 sq.ft., counter only fast casual with small back dishwashing area.",11:00 AM,11:00 PM,11:30 PM,0,," FoMu Tremont Street, Inc.",Deena Jalal,(413)563-8248,,140-  Brookline AV,Boston,MA,2215,764115.8283252269,2950971.712159142
LB-144629,,Active,Common Victualler,Common Victualler,2015-07-07,2026-12-31,Target Corporation,Starbuck's,Monday Sat 8 00 AM 12 Sunday 11 PM B use group no ISD required,Upscale discount retail sales with a Starbuck's inside.,8:00 AM,12:00 AM,12:30 AM,30,, Target Corporation, Michelle Clark,(857)317-5220,,1341-1355  Boylston ST,Boston,MA,2215,764407.7385025471,2950789.4900826365
LB-107601,,Active,Misc,Dormitory,2013-09-16,2026-04-30,TRUSTEES OF BOSTON UNIVERSITY,BOSTON UNIVERSITY,No Conditions,4 story plus basement apartment-style building. Each apartment unit has a kitchen and bathroom. There are no other common use facilities in the building.,,,,20,, Trustees of Boston University,NISHMIN KASHYAP,(617)353-2148,(617)353-2148,848-  Beacon ST,Boston,MA,2215,763299.8693272173,2951837.510624394
LB-358278,,Active,Common Victualler,Common Victualler,2018-08-21,2025-12-31,Flavor Boom LLC,Flavor Boom!,,"AKA 30 Batterymarch Street. Kitchen in rear, seating at front, basement storage.",11:00 AM,9:00 PM,9:30 PM,20,," Flavor Boom, LLC",Jose Gomez,(867)810-0022x1,,155-  Milk ST,Boston,MA,2109,776731.6029623896,2955653.802860558
LB-100346,CVICT0975,Active,Common Victualler,Common Victualler,2013-10-15,2026-12-31,"Boylston Fab, LLC",Finagle-A-Bagle,,"Kitchen, storage and bagel dough mixing in basement. Food service on the main floor with seating and dining room on the second floor; 58 Seats. Seasonal patio (March‑November) on private property with 22 seats. Patio hours are the same as restaurant.",6:00 AM,9:00 PM,9:30 PM,80,," Boylston FAB, LLC",Marcelo Mathias,(617)266-2500,,535-  Boylston ST,Boston,MA,2116,770919.6044158041,2953154.3987386376
LB-101453,DRMTY0235,Active,Misc,Dormitory,2014-04-25,2026-04-30,TAU EPSILON PHI,M.I.T,,"Five story brownstone with 2 kitchens, living room, dining room, 6 singles, 5 doubles, 3 triples and 4 quads.",,,,36,"Five story brownstone with 2 kitchens, living room, dining room, 6 singles, 5 doubles, 3 triples and 4 quads.","MIT ALUMNI OF TAU EPSILON PHI STUDENT AID FOUNDATION, INC.",Sean Josephson,(617)253-6030,(617)262-5090,253-  Commonwealth AV,Boston,MA,2116,768748.6510805488,2953168.12312065
LB-98906,CV7AL0018,Active,Common Victualler,CV7 All Alc.,2013-11-27,2026-12-31,ReelHouse Oyster Bar Seaport LLC,ReelHouse Oyster Bar,10 00 PM closing hours on outdoor patios,,,1:00 AM,1:30 AM,106,"Premise consisting of +/- 1,857 SF: On ground floor in one main room with bar area, bar dining area, and chef bar. Kitchen, storage, and restrooms located to left of bar and dining areas. Main entrance located on end of pier with one additional entrance/exit to right of bar and dining area and one additional entrance/exit located at rear off bar and dining area. Three annual outdoor patios consisting of +/- 1,058 SF located on private property (same hours).  

Capacity breakdown: 47 persons seating, 11 persons interior standing and 48 persons exterior patio.", ReelHouse Oyster Bar Seaport LLC, Thomas Baird Ferguson,,6173386859,10-  Waterside AV,Boston,MA,2210,779481.8750208914,2954592.6612820625
LB-99855,CV7MWR0013,Active,Common Victualler,CV7 Malt Wine Restrict.,2013-11-19,2026-12-31,"FLAMES RESTAURANT II, INC.",FLAMES RESTAURANT,1 NO BAR 2 ALCOHOLIC BEVERAGES TO BE SERVED ONLY IN CONJUNCTION WITH MEALS,"IN ONE ROOM ON THE FIRST FLOOR WITH KITCHEN ON RIGHT - SIDE, BASEMENT FOR STORAGE.",,MIDNIGHT,12:30 AM,40,," FLAMES RESTAURANT II, INC.", LINVAL A. CHAMBERS,,6172870741,746-748   Huntington AVE,Boston,MA,2115,762836.342578158,2946850.00438835
LB-101491,DRMTY0284,Active,Misc,Dormitory,2014-05-07,2026-04-30,NORTHEASTERN UNIVERSITY,NORTHEASTERN UNIVERSITY,,7 story brick building.  ,,,,222,7 story brick building., NORTHEASTERN UNIVERSITY, Robert S. Austin,,(617)332-0268,460R-  Parker ST,Boston,MA,2115,766401.0324162245,2948346.3394571394
LB-446754,,Active,Common Victualler,CV7 All Alc.,2021-06-30,2026-12-31,"Tall Ship Restaurant, LLC",,,"The premise consists of a permanently moored vessel pursuant to army corps of engineer definition and the adjacent contiguous private pier which is physically attached. All dining and service areas located on one floor of the vessel
and contiguous pier to which it is moored, the dining area on the S",,1:00 AM,1:30 AM,3000,"The premise consists of a permanently moored vessel pursuant to army corps of engineer definition and the adjacent contiguous private pier which is physically attached. All dining and service areas located on one floor of the vessel and contiguous pier to which it is moored, the dining area on the Ship is approximately 55,000 sq. ft. with an additional 10,000 sq. ft. on second deck of Ship; The contiguous Pier is approximately 165,000 sq. ft. The space has a kitchen located on the second deck of the Ship; A second kitchen located on the Pier; Four (4) additional food areas on the newly expanded “winter village” side of Pier. The Ship has three (3) bars, and the Pier has five (5) bars. Storage located in shipping containers both on the Pier and third deck of Ship; Total seating capacity of entire premises is 1,250; Total of four (4) entrances and eight (8) exits."," Tall Ship Restaurant, LLC", C. CHARLES LARNER III,(813)785-5466,,1-  East Pier DR,East Boston,MA,2128,780153.8425089717,2958352.769247398
LB-133944,,Active,Common Victualler,CV7ALN - Neighborhood Restricted,2014-12-11,2026-12-31,"FIRST BOSTON TEN PIN, INC.",Boston Bowl,Condition Licensee has notified Board use armed security,"In one room on the first floor; kitchen in the rear, storage, pizza patio inside of the bowling alley, boutique area with a bar and six stools.",,1:00 a.m.,1:30 a.m.,250,," First Boston Tenpin, Inc.", MATTHEW SAMMARTINO,(617)740-1403,,820-  William T Morrissey BL,Dorchester,MA,2122,778925.4706218839,2932444.103545144
LB-101850,RETAL0018,Active,Misc,Retail All Alc.,2013-11-20,2026-12-31,"ROYALE WINE & SPIRITS, INC.",FERNANDEZ LIQUOR 5,,Rear door for emergency; two rooms first floor; cellar for stock,,11:00 PM,,0,," ROYALE WINE & SPIRITS, INC.", ANYELINA RICOURT,,(857)383-8535,1050-  Blue Hill AV,Dorchester,MA,2124,767174.0000303835,2930419.9999818057
LB-101983,RETAL0218,Active,Misc,Retail All Alc.,2013-11-29,2026-12-31,"SHAW'S SUPERMARKETS, INC.",Star Market,MEZZANINE LEVEL WITH ALCOHOL MUST BE STAFFED ALL TIMES AN EMPLOYEE OVER 18 YEARS AGE B SECURITY POLICE NOT ONLY AREA IN FRONT PREMISES BUT ALSO NEIGHBORING BUILDINGS ON EACH SIDE TO PREVENT LOITERING C TASTINGS CONTAINED WHERE IS SOLD Board acknowledges granted petition to open 10 m on Sundays,"IN ONE ROOM ON THE FIRST FLOOR, STORAGE IN THE REAR OF THE PREMISES ALSO A LOADING DOCK TRUCK ENTRANCE IS ON EXETER STREET FOR PRODUCT DELIVERY.",,11:00 PM,,0,," SHAW'S SUPERMARKETS, INC.", Giuseppe Granata,,(617)236-4235,53-  Huntington AV,Boston,MA,2199,769796.2792346328,2952036.303533897
LB-154485,,Active,Common Victualler,CV7MWN - Neighborhood Restricted,2015-11-30,2025-12-31,"Bred Winner, LLC",Bred,,"Restaurant, 1200 square feet of floor space located on the first floor of 2255 Dorchester Avenue, Boston, MA 02124-5624. Open kitchen (700 sq ft), 5 tables, standing bar. Seating area (300 sq ft) One bathroom, 5 sinks (One bay sink, three hand wash sinks and one rinse sink). Also mop sink. One 200 s",,11:00 PM,11:30 PM,14,"Restaurant, 1200 square feet of floor space located on the first floor of 2255 Dorchester Avenue, Boston, MA 02124-5624. Open kitchen (700 sq ft), 5 tables, standing bar. Seating area (300 sq ft) One bathroom, 5 sinks (One bay sink, three hand wash sinks and one rinse sink). Also mop sink. One 200 sq ft storage area on the first floor and shared basement for storage (600 sq ft) and one office. The kitchen is located in the middle of the space, approximately 15ft from the entrance. The entrance/first exit is located on Dorchester Avenue and the second exit is in the back to the left and opens up to a private alley to the right of the entrance off of Dorchester Avenue."," Bred Winner, LLC",Tambo Barrow,(617)892-0231,,2255-  Dorchester AV,Dorchester,MA,2124,773097.7171855569,2924946.8081723154
LB-102061,RETMW0092,Active,Misc,Retail All Alc.,2013-11-29,2026-12-31,JAM SESSION LLC,AMERICAN PROVISIONS,Board acknowledges granted petition to open 10 00 m on Sundays Condition No nips no singles,RETAIL SPACE APPROXIMATELY 1000 SF WITH TWO EXITS.  THE EXITS ARE LOCATED AT THE FRONT AND REAR OF THE BUILDING.,,8:00 PM,,0,, JAM SESSION LLC, ANDY FADOUS,,(617)680-2770,613- E Broadway ,South Boston,MA,2127,780588.9397358894,2947576.695327148
LB-578144,,Active,Common Victualler,CV7 All Alc by Zip Restricted,2025-04-10,2026-12-31,Gelas Corp,Las Delicias Colombianas 2,Special Legislation Zipcode Restricted All Alcoholic Beverages License Chapter 202 year 2024,,,1:00 AM,1:30 AM,45,"The premises contains one floor which is roughly 850SF of occupied space. One kitchen, seating capacity for 45; 2 bathrooms; one entrance and one exit.", Gelas Corp, Miguel Angel Gallego,(857)928-4667,(857)342-7976,1231-  River ST,Hyde Park,MA,2136,758215.9290357977,2918586.3228618056
LB-99409,CV7AL0607,Active,Common Victualler,CV7 All Alc.,2013-11-26,2026-12-31,EC RESTAURANTS (BOSTON) CORP.,ELEPHANT & CASTLE,       ,"Entrances on Arch and Devonshire Street; In one room on the first floor; kitchen in the rear, function kitchen and storage, and three function rooms in the basement.  Capacity breakdown: 1st fl - 200; basement - 90.",,2:00 AM,2:30 AM,290,"Entrances on Arch and Devonshire Street; In one room on the first floor; kitchen in the rear, function kitchen and storage, and three function rooms in the basement.  Capacity breakdown: 1st fl - 200; basement - 90.", EC RESTAURANTS (BOSTON) CORP., UZAY TUMER,,(617)514-4451,161-  Devonshire ST,Boston,MA,2110,775768.9999007285,2955170.0000223964
LB-100193,CVICT0639,Active,Common Victualler,Common Victualler,2013-11-05,2026-12-31,"CHINA SEA RESTAURANT, INC.",CHINA SEA,,"Kitchen, basement, lobby, back alley.",8:00 AM,1:00 AM,1:30 AM,0,," CHINA SEA RESTAURANT, INC.", Zhigang Lei,(617)298-2421,,1202-  Blue Hill AV,Mattapan,MA,2126,766730.9999321401,2928560.000092894
LB-447984,,Active,Common Victualler,CV7 Malt Wine Liq.,2021-10-28,2026-12-31,SOBOBISTRO LLC,Chilacates,,"Restaurant on two floors (2,161 SF).  First floor to be occupied by a bar with seating, table seating (capacity 40), an open kitchen and food prep area and 2 bathrooms.  Basement to be occupied by refrigerators for food and beer storage, other storage, office, bathroom for staff, mechanical and prep",,1:00 AM,1:30 AM,40,"Restaurant on two floors (2,161 SF).  First floor to be occupied by a bar with seating, table seating (capacity 40), an open kitchen and food prep area and 2 bathrooms.  Basement to be occupied by refrigerators for food and beer storage, other storage, office, bathroom for staff, mechanical and prep space. The Board and the ABCC approved the Management Agreement between SOBOBISTRO LLC D/B/A Chilacates and Cocina Abreau 7, Inc.", SOBOBISTRO LLC, MICHAEL NORTON,(617)803-4712,,69-  L ST,South Boston,MA,2127,781832.9999118,2947529.9998824745
LB-99429,CV7AL0631,Active,Common Victualler,CV7 All Alc.,2013-12-12,2026-12-31,APPLE NEW ENGLAND LLC,APPLEBEE'S NEIGHBORHOOD GRILL & BAR,,"PREVIOUSLY KNOWN AS 1110 MASSACHUSETTS AVENUE @ SOUTH BAY SHOPPING CENTER - IN ONE LARGE ROOM ON THE FIRST FLOOR WITH BAR AREA, KITCHEN AND STORAGE IN THE REAR. ",,1:00 AM,1:30 AM,222,, APPLE NEW ENGLAND LLC, Frank G. Ripley Jr,,(978)657-0119,11A-  Allstate RD,Dorchester,MA,2125,774173.6576189697,2944156.480710894
LB-100099,CVICT0435,Active,Common Victualler,Common Victualler,2013-10-25,2026-12-31,Starbucks Corporation,STARBUCKS COFFEE #7377,,In one room on the first floor with kitchen in the rear storage in the basement.,6:00 AM,8:00 PM,8:30 PM,18,, STARBUCKS CORPORATION,DANIEL BRENNAN JR.,(206)594-7273,-,1     Financial CN,Downtown/Financial District,MA,2111,,
LB-99296,CV7AL0470,Active,Common Victualler,CV7 All Alc.,2013-11-20,2026-12-31,Mul’s Pub Inc.,AMRHEIN'S,PATIO CONDITIONS 1 ALCOHOLIC BEVERAGES TO BE SERVED ONLY IN CONJUNCTION WITH MEALS 2 MUST STAFFED ALL TIMES 3 11 00 P M CLOSING,"80,84 WEST BROADWAY; 61 A STREET EMERGENCY EXIT - IN THREE ROOMS, KITCHEN FIRST FLOOR, BASEMENT FOR STOCK AND TO INCLUDE (2) OUTDOOR SEASONAL PATIOS FROM MAY - OCTOBER FOR 48 PATRONS BETWEEN THE HOURS OF 11:30 A.M. - 11:00 P.M.  SIDEWALK PORTION OF PATIO IS ON DPW LAND.",,2:00 AM,2:30 AM,220,"@80-84 WEST BROADWAY: 80,84 WEST BROADWAY; 61 A STREET EMERGENCY EXIT - IN THREE ROOMS, KITCHEN FIRST FLOOR, BASEMENT FOR STOCK AND TO INCLUDE (2) OUTDOOR SEASONAL PATIOS FROM MAY - OCTOBER FOR 48 PATRONS BETWEEN THE HOURS OF 11:30 A.M. - 11:00 P.M.  SIDEWALK PORTION OF PATIO IS ON DPW LAND.", Mul’s Pub Inc., STEPHEN MULREY,,(617)268-6189,80- W Broadway ,South Boston,MA,2127,776407.3313012272,2949937.870394811
LB-593595,,Active,Common Victualler,Common Victualler,2025-05-08,2026-12-31,"SEOULTASTE, Inc",Coreanos,,"A Korean restaurant approximately 878.5SF, on the first floor with a basement. The restaurant is equipped with one full kitchen, one entrance, one exit, one bathroom, a storage area, and seating for 14.",9:00 AM,11:00 PM,11:30 PM,14,"A Korean restaurant approximately 878.5SF, on the first floor with a basement. The restaurant is equipped with one full kitchen, one entrance, one exit, one bathroom, a storage area, and seating for 14."," SEOULTASTE, Inc", Alezha Cai,(857)268-9754,,172-  Brighton AV,Allston,MA,2134,755386.783119306,2953842.8927684724
LB-101065,CVICT2279,Active,Common Victualler,Common Victualler,2013-10-18,2026-12-31,"PITA THYME, LLC",PITA THYME,,IN ONE ROOM ON THE FIRST FLOOR; KITCHEN & STORAGE IN REAR.,7:00 AM,6:00 PM,6:30 PM,10,IN ONE ROOM ON THE FIRST FLOOR; KITCHEN & STORAGE IN REAR.," PITA THYME, LLC", ELIAS KHOURY,,9784575440,112-  Water ST,Boston,MA,2109,776479.1205277145,2955867.4969869703
LB-440972,,Active,Common Victualler,Common Victualler,2021-03-09,2026-12-31,"AHL Group, LLC",El Jefe's Taqueria of Northeastern,,"Prep kitchen, Cook line, serving line, dining room, 2 bathrooms: All on the first floor.",8:00 AM,3:00 AM,3:30 AM,21,," AHL Group, LLC",John Schall,(617)669-5995,,269-  Huntington AV,Boston,MA,2115,768025.9999668002,2949989.9998837262
LB-99668,CV7MW0509,Active,Common Victualler,CV7 Malt Wine Liq.,2013-11-27,2026-12-31,"Picklebos South Boston, LLC",Picklebos,Capacity Breakdown refer to Boston Fire PLA Inspectional Services Building Certificate Inspection,"Premise consists of - A 26,000 square foot indoor pickleball facility with 11 professional courts, pro shop, bar area with 5 seats, a lounge area with 8 seats, an event space with 40 seats, and a locked storage room for alcohol storage. With 2 entrance and 2 exits.",,11:00 PM,11:30 PM,209,"Premise consists of - A 26,000 square foot indoor pickleball facility with 11 professional courts, pro shop, bar area with 5 seats, a lounge area with 8 seats, an event space with 40 seats, and a locked storage room for alcohol storage. With 2 entrance and 2 exits."," Picklebos South Boston, LLC", Alexander Karsos,,6174598818,379R-  Dorchester AV,South Boston,MA,2127,775558.6072768867,2947383.213758722
LB-355903,,Active,Common Victualler,Common Victualler,2018-05-29,2026-12-31,LSM Limited,Pavement Coffeehouse,,"Single story building; café office, kitchen, bakery in rear. Seasonal (April - Nov) patio on private property with 12 seats, same hours as the restaurant.",7:00 AM,6:00 PM,6:30 PM,49,, LSM Limited,Lawrence Margulies,(617)320-5183,,415-  Western AV,Brighton,MA,2135,753350.1182293892,2957411.437468648
LB-101434,DRMTY0210,Active,Misc,Dormitory,2014-05-07,2026-04-30,TRUSTEES OF BOSTON UNIVERSITY,BOSTON UNIVERSITY,,Four story brick building.,,,,15,Four story brick building., TRUSTEES OF BOSTON UNIVERSITY,NISHMIN KASHYAP,,(617)353-3502,50-  Buswell ST,Boston,MA,2215,762505.7026084661,2951706.2848369777
LB-313673,,Active,Common Victualler,Common Victualler,2019-05-16,2026-12-31,"Hellenic Soccer Club of Boston, Inc.",,,One room on second floor with a kitchen.,9:00 AM,12:00 AM,12:30 AM,19,," Hellenic Soccer Club of Boston, Inc.",Stellios Kyriakidis,(617)327-1476,,47-49  Poplar ST,Roslindale,MA,2131,756540.9015459716,2929436.9048351496
LB-99666,CV7MW0502,Active,Common Victualler,CV7 Malt Wine,2013-11-27,2026-12-31,"1844, INC.",COMELLA'S,1 ALCOHOL TO BE SERVED ONLY PATRONS DINING IN PREMISES 2 NO WAITING TAKE OUT 3 WAIT SERVICE PROVIDED TABLES 4 BAR,"IN ONE ROOM ON THE FIRST FLOOR; KITCHEN IN THE REAR, STORAGE IN THE BASEMENT.",,9:00 PM,9:30 PM,26,"IN ONE ROOM ON THE FIRST FLOOR; KITCHEN IN THE REAR, STORAGE IN THE BASEMENT."," 1844, INC.", JULI HAUCK,,6173278600,1844-  Centre ST,West Roxbury,MA,2132,749762.6391838938,2929552.368186891
LB-561991,,Active,Common Victualler,Common Victualler,2024-05-23,2026-12-31,"AUA168, Inc.",Nakhon,,"1,560SF One room on the first floor with one entrance and one exit, dining room, counter, and two bathrooms in the front with kitchen and storage towards the back.",6:30 AM,10:00 PM,10:30 PM,49,"1,560SF One room on the first floor with one entrance and one exit, dining room, counter, and two bathrooms in the front with kitchen and storage towards the back."," AUA168, Inc.", Piyapong Wongla,(617)208-0099,,296-  Washington ST,Brighton,MA,2135,750509.3525854647,2952331.124794647
LB-602028,,Active,Common Victualler,Common Victualler,2025-08-01,2026-12-31,Pena Bani Restaurant Inc,Pena Bani Restaurant,Please ensure name is corrected on ISD renewal,"2,891SF Full-service restaurant with takeout features 19 seats and a full kitchen at the rear of the main floor, customer restrooms in the back, and a basement for storage and office space.",8:00 AM,8:00 PM,8:30 PM,19,"2,891SF Full-service restaurant with takeout features 19 seats and a full kitchen at the rear of the main floor, customer restrooms in the back, and a basement for storage and office space.", Pena Bani Restaurant Inc, Fleming Pena Franco,(617)390-5230,,4541-  Washington ST,Roslindale,MA,2131,754327.745867297,2926633.051190898
LB-126176,,Active,Inn,Innholder No Liquor,2014-02-24,2025-12-31,"VISION HUNTINGTON, LLC",enVISION HOTEL BOSTON,,39 ROOM BOUTIQUE HOTEL WITH LOBBY AND FITNESS CENTER.,,,,0,39 ROOM BOUTIQUE HOTEL WITH LOBBY AND FITNESS CENTER.," VISION HUNTINGTON, LLC", GAUTAM SHARMA,(617)383-5229,,81- S Huntington AV,Jamaica Plain,MA,2130,761206.6973324716,2945486.860267982
LB-596585,,Active,Common Victualler,Common Victualler,2025-05-30,2026-12-31,Chafeo Boston Common Inc,CHA FEO,,"Premise AKA 54 Winter Street. 1,200SF Café shop that consists of two rooms totaling. The front room is used for serving tea and coffee, while the rear room is designated for storage and includes a half restroom. The café is located on the first floor and has seating for up to 16 people.",7:00 AM,10:00 PM,10:30 PM,16,"Premise AKA 54 Winter Street. 1,200SF Café shop that consists of two rooms totaling. The front room is used for serving tea and coffee, while the rear room is designated for storage and includes a half restroom. The café is located on the first floor and has seating for up to 16 people.", Chafeo Boston Common Inc, Linxun Lian,(617)953-7734,,130-  Tremont ST,Boston,MA,2111,774504.3688998073,2955104.0870964825
LB-101035,CVICT2247,Active,Common Victualler,Common Victualler,2013-10-29,2026-12-31,"HSI MCA BOS FB, LLC",Starbucks (A Annex),,"820 sq. ft. coffee shop with small kitchen., Term. A, Space AS2-A14.",4:00 AM,12:00 AM,12:30AM,0,," HSI MCA BOS FB, LLC",Saikou Boiro,(617)480-7380,,100     Logan Airport Terminal A  ,East Boston,MA,2128,0.0,0.0
LB-99774,CV7MWL0122,Active,Common Victualler,CV7 Malt Wine Liq.,2013-11-26,2026-12-31,"Table by Jen Royle, LLC",Table and Table Mercato,,,,11:00 PM,11:30 PM,49,"445 Hanover Street: D/B/A TABLE. On two floors, kitchen and storage in the basement, one restroom and seating for 35 on the first floor. One entrance and one exit. For 441 Hanover Street: D/B/A TABLE Mercato. On two floors with storage in the basement. Display and counters to prepare food and service customers for take-out and one restroom on the first floor. The combined spaces totaling +/- 2,036 square feet."," TABLE BY JEN ROYLE, LLC", JENNIFER ROYLE,(857)250-4286,,445-  Hanover ST,Boston,MA,2109,777063.7190960497,2958775.50593473
LB-101904,RETAL0093,Active,Misc,Retail All Alc.,2013-11-27,2026-12-31,"CASTILLO LIQUORS, INC.",CASTILLO LIQUORS,       ,228 Meridian St; front entrance - Front exit - One room first floor; one room in rear and in two rooms in basement; one room for retail stock and one room for import/whole sale beer and wine sales.,,11:00 PM,,0,," CASTILLO LIQUORS, INC.", RAFAEL CASTILLO,,(617)776-9247,228-  Meridian ST,East Boston,MA,2128,780638.5682455599,2962249.0970846415
LB-99222,CV7AL0385,Active,Common Victualler,CV7 All Alc.,2013-11-26,2026-12-31,"HE PUB, INC.",THE JEANIE JOHNSTON,,Rear entrance to utility room - from alley leading from hall for stock; One room and utility room first floor; cellar for stock.,,2:00 AM,2:30 AM,88,Rear entrance to utility room - from alley leading from hall for stock; One room and utility room first floor; cellar for stock.," HE PUB, INC.", HANK KIRCHNER,,(617)266-1816,144-  South ST,Jamaica Plain,MA,2130,760461.000015944,2936429.99999465
LB-537660,,Active,Common Victualler,CV7 All Alc.,2024-03-25,2026-12-31,"LSF LOGAN AIRPORT, LLC",Legal Sea Foods,Board granted service alcohol with food 10 00 AM on Sundays,"Space known as E3-A34 in Terminal E consisting of 4,610 +/- square feet. The premise consists of a 24 seat bar and full kitchen. ",,1:30 AM,2:00 AM,172,"Space known as E3-A34 in Terminal E consisting of 4,610 +/- square feet. The premise consists of a 24 seat bar and full kitchen.", LSF Logan Airport, Leo Leite,(617)530-9000,,1-  Harborside DR,East Boston,MA,2128,784350.1546543837,2957811.768360898
LB-461004,,Active,Common Victualler,Common Victualler,2022-06-17,2026-12-31,"Cantina Hospitality, LLC",Taco Bell,Sun Thur 9 00 AM 12 Fri amp Sat 1,"Restaurant on two floors, First floor; seating for 14, service counter, rest room for customers, and kitchen area. Basement; food storage and prep area.",9:00 AM,1:00 AM,1:30 AM,14,," Cantina Hospitality, LLC",Jamal Mercer,(678)993-0800,,449- W Broadway ,South Boston,MA,2127,778700.7443653047,2947767.632281229
LB-101774,LDGHS0244,Active,Misc,Lodging Houses (Frat/Dorm),2014-05-02,2026-04-30,"SHAR, LLC",,       ,"Three story building with basement,  4 rooms on basement, 4 rooms on 1st floor, 5 rooms on 2nd floor and 5 rooms on 3rd floor.",,,,18,"Three story building with basement,  4 rooms on basement, 4 rooms on 1st floor, 5 rooms on 2nd floor and 5 rooms on 3rd floor."," SHAR, LLC", Kenneth Shapiro,,(617)739-6826,53- S Huntington AV,Jamaica Plain,MA,2130,761126.9051692188,2945788.970228061
LB-610081,,Active,Common Victualler,Common Victualler,2025-10-28,2025-12-31,"GARCIA-MARTINEZ, LLC",LA MARINA RESTAURANT,TEMP CLOSED – DOCUMENTS COMPLETE,"480SF Single space featuring a take-out counter at the front, a kitchen area at the rear of the building, and one bathroom.",7:00 AM,11:00 PM,11:30 PM,0,"480SF Single space featuring a take-out counter at the front, a kitchen area at the rear of the building, and one bathroom."," GARCIA-MARTINEZ, LLC", Beronice A. Martinez Guerrero,(857)339-2145,,128A-  Harvard ST,Dorchester,MA,2124,769889.8499136418,2933327.087671563
LB-98949,CV7AL0069,Active,Common Victualler,CV7 All Alc.,2013-11-27,2026-12-31,"Mecha Noodle Bar Boston, LLC",Mecha Noodle Bar,11 00 PM closing hour Sunday Wednesday 12 30 AM Thursday Saturday, ,,12:00 AM,12:30 AM,105,"Premise consist of – 2,674 total square feet: On ground floor, in one main room with dining area, bar seating and mezzanine level seating, main entrance/exit on Thomson Place, additional exit in rear. Kitchen and storage in rear."," Mecha Noodle Bar Boston, LLC", Charith N. Jayasekera,,(781)862-2152,44-  Thomson PL,Boston,MA,2210,778518.1564758867,2953535.094499558
LB-123812,,Active,Misc,Billiards/Sippio,2013-11-20,2026-12-31,"EMANUEL ENTERPRISES, LLC",EL DIAMANTE,N,Entrance on first floor: one room on first floor with restroom and bar in rear;2 Pool Tables. One room on second floor with restroom and bar egress in rear; 2 Pool Tables. Storage in basement.,,2:00 AM,2:30 AM,26,," Emanuel Enterprises, LLC",Edgar Ospina,,,71-73  Meridian ST,East Boston,MA,2128,780787.8018709719,2960911.068592727
LB-593995,CVICT1594,Active,Common Victualler,Common Victualler,2025-05-07,2025-12-31,Viva burrito Boston Inc,Viva burrito,,"800 SF in one room on the first floor, with a kitchen in the rear and storage in the basement. Also includes an outdoor seasonal (April–October) private patio with 2 tables and a total of 8 seats. The patio will operate during the same business hours as the restaurant.",10:30AM,10:30 PM,11:00 PM,14,"800 SF in one room on the first floor, with a kitchen in the rear and storage in the basement.", Viva burrito Boston Inc, Ali A. Tokhi,,6177799060,92-  Peterborough ST,Boston,MA,2215,764617.8299458921,2950322.188523814
LB-130825,,Active,Common Victualler,Common Victualler,2015-06-15,2026-12-31,Edwin Medina,Yely's Restaurant,,1st floor kitchen in rear and storage in basement.,6:00 AM,11:00 PM,11:30 PM,45,,Edwin Edwin Medina,Edwin Medina,(617)866-3152,,830-  Blue Hill AV,Dorchester,MA,2124,767852.9999847263,2933239.999919221
LB-494678,,Active,Common Victualler,CV7 All Alc.,2024-08-01,2026-12-31,"Kitchen + Kocktails by Kevin Kelley Boston, LLC.",Kitchen + Kocktails by Kevin Kelley,Outdoor patio on Stuart Street only Temp Closed Need Docs Please don t give License out,"Premise consists of - Restaurant space on first floor of building totaling 9,232 sq. ft. with dining rooms, bar with 38 seats, bathrooms, and kitchen. Storage in basement. Seasonal April-October outdoor patio with 14 seats on 375 sq. ft. of private property, with a closing hour of 11:00 PM. Main ent",,11:00 PM,11:30 PM,0,"Premise consists of - Restaurant space on first floor of building totaling 9,232 sq. ft. with dining rooms, bar with 38 seats, bathrooms, and kitchen. Storage in basement. Seasonal April-October outdoor patio with 14 seats on 375 sq. ft. of private property, with a closing hour of 11:00 PM. Main entrance and two exits on Arlington Street, one exit on Stuart Street."," Kitchen + Kocktails by Kevin Kelley Boston, LLC.", Tyler Castro,,,100-  Arlington ST,Boston,MA,2116,772550.6821903884,2952830.985999644
LB-101430,DRMTY0199,Active,Misc,Dormitory,2014-02-28,2026-04-30,TRUSTEES OF BOSTON UNIVERSITY,BOSTON UNIVERSITY,,Four story brick building.,,,,41,Four story brick building., TRUSTEES OF BOSTON UNIVERSITY,NISHMIN KASHYAP,,(617)353-3502,24-  Buswell ST,Boston,MA,2215,762964.4812184721,2951876.041715309
LB-317915,,Active,Common Victualler,Common Victualler,2017-04-20,2026-12-31,"RRG Fenway, LLC",Blackbird Doughnuts,,"First floor, 345 Sq. feet with kitchen and counter for order pick-up.",7:00 AM,6:00 PM,6:30 PM,0,," RRG Fenway, LLC",Rebecca Gullo,(617)425-0200,,20-  Kilmarnock ST,Boston,MA,2215,764320.0615125597,2950775.177119136
LB-101447,DRMTY0227,Active,Misc,Dormitory,2014-05-02,2025-04-30,"NEWBURY ASSOCIATES, INC.","THE NEW ENGLAND INSTITUTE OF ART, LLC",Newbury Associates Inc c o HADCO 88 Black Falcon Avenue Suite 340 Boston MA 02210,Four story building.,,,,32,Four story building.," NEWBURY ASSOCIATES, INC.", ANDREA B. HADAYA,,(617)912-9113,523-  Newbury ST,Boston,MA,2215,766052.9330468029,2952174.80719389
LB-140277,,Active,Misc,Retail Malt Wine,2015-04-07,2026-12-31,"SOUTH BOSTON MARKET, INC.",K AND EIGHTH MARKET,No sale singles,"On first floor with one main entrance/exit and two more exits on the side. The store has two rooms; a front retail area with coolers and shelving, and a rear storage room also with a large walk-in cooler and storage space.",,10:00 p.m.,,0,," SOUTH BOSTON MARKET, INC.", Mst Naher,(617)269-9810,,362-  K ST,South Boston,MA,2127,781339.9999135584,2946110.000097811
LB-100135,CVICT0514,Active,Common Victualler,Common Victualler,2013-10-22,2026-12-31,"NBC GROUP, CORPORATION",BONNE CHANCE CAFE,,In one room on the first floor with kitchen in the rear storage in the rear.,5:00 AM,1:00 AM,1:30 AM,12,," NBC GROUP, CORPORATION", DONGWOOK SEO,,3392230260,77-  Canal ST,Boston,MA,2114,775208.0000384748,2958050.0001678914
LB-100566,CVICT1435,Active,Common Victualler,Common Victualler,2013-10-24,2025-12-31,WATERMARK DONUT COMPANY,DUNKIN DONUTS,,ONE ROOM FIRST FLOOR. KITCHEN IN BACK.,5:00 AM,10:00 PM,10:30 PM,18,ONE ROOM FIRST FLOOR., WATERMARK DONUT COMPANY, SEAN SULLIVAN,,6174644001,265-  Franklin ST,Boston,MA,2110,776898.5540720522,2955257.4486663938
LB-608529,,Active,Common Victualler,Common Victualler,2026-01-16,2026-12-31,Equis Pica Pollo Lawrence LLC,Equis Pica Pollo,,"622SF Small restaurant located on the first floor, featuring seating for 16. The layout includes a kitchen, a bathroom, a rear storage area, and additional storage space in the basement",7:00 AM,11:00 PM,11:30 PM,16,"622SF Small restaurant located on the first floor, featuring seating for 16. The layout includes a kitchen, a bathroom, a rear storage area, and additional storage space in the basement.", Equis Pica Pollo Lawrence LLC, Carlos Rijo Arcangel,(617)516-8313,,604-  Blue Hill AV,Dorchester,MA,2121,768502.9999970496,2935980.0000166446
LB-599551,,Active,Common Victualler,CV7 All Alc Unrestricted 2024,2026-01-14,2026-12-31,"The Comfort Collective, LLC",AMA,Dining Seating 35 occ Bench 23 B 6 66 Hall 11 Community 16 Total Occupants 163 15 Staff Hotel Rooftop Bar amp Deck Outdoor 63 Inside 107 170,"Property know as100 Western Avenue (a/k/a 30-40 Western Avenue) in one large room on ground floor, comprised over various dining areas, seated bar, kitchen and restrooms; All together with two entrances and three exits premise comprised of 6,959 SF on the ground floor.",,2:00 AM,2:30 AM,163," In the property known as 100 Western Avenue (a/k/a 30-40 Western Avenue) in one large room on ground floor, comprised over various dining areas, seated bar, kitchen and restrooms; together with seasonal (April-November) outdoor patio on private property with 20 seats and 11:00 PM closing hour; together with additional prep area and kitchen with annual rooftop terrace (on private property) for additional bar and dining with 12:00 AM closing hour. All together comprised 11,326sf indoors and 3,914 outdoors, with two entrances and three exits. Interior closing hour 2:00AM."," The Comfort Collective, LLC", Biplaw Rai,,,100-  Western AV,Allston,MA,2134,758028.2729150504,2957378.428020224
LB-402436,,Active,Common Victualler,CV7 All Alc. Airp.,2019-09-26,2026-12-31,"Delaware North Boston Flight, LLC",Monica's Mercato,,"Terminal E, Space E3-A14/FC-04 . On one floor in one room. Seating 7 stools at bar w/ 1 ADA seat, table seating for 8 and 14 tools at a counter top/rail and 1 ADA seat. Total seating 32. Total Square Footage 1,382",,2:00 AM,2:30 AM,47,," Delaware North Boston Flight, LLC", Mark V. Clemency,(716)858-5162,,"      Logan Airport, Terminal E  ",East Boston,MA,2128,0.0,0.0
LB-582659,,Active,Common Victualler,Common Victualler,2024-12-16,2026-12-31,Sira Corporation,Aurora Market And Bakery,,"2,000SF First floor includes only the kitchen, with a basement for storage and an employee bathroom, but no seating.",7:00 AM,10:00 PM,10:30 PM,0,"2,000SF First floor includes only the kitchen, with a basement for storage and an employee bathroom, but no seating.", Sira Corporation, Rabiul Islam,(857)449-4916,,570-  Tremont ST,Roxbury,MA,2118,771783.9999967217,2950439.9999679774
LB-126508,,Active,Misc,Retail All Alc.,2014-06-02,2026-12-31,"BOOZE N BOULA, LLC",BELLE ISLE WINE & SPIRITS,Board acknowledged granted petition to open 10 00 m on Sundays,"ONE ROOM; ENTRANCE IN FRONT; EGRESS IN REAR-SIDE; BATHROOM IN REAR, REFRIGERATION AND STORAGE IN REAR.",,11:00 P.M.,,0,"ONE ROOM; ENTRANCE IN FRONT; EGRESS IN REAR-SIDE; BATHROOM IN REAR, REFRIGERATION AND STORAGE IN REAR."," BOOZE N BOULA, LLC", JOSEPH RIZKALLAH,(617)669-7072,,1144-  Saratoga ST,East Boston,MA,2128,791171.7574809641,2965573.4949633926
LB-100921,CVICT2110,Active,Common Victualler,Common Victualler,2013-10-31,2025-12-31,JNK BEVERAGE SERVICES CORP,GONG CHA,,IN ONE ROOM ON THE FIRST FLOOR; KITCHEN & STORAGE IN REAR.,9:00 AM,9:00 PM,9:30 PM,16,, JNK BEVERAGE SERVICES CORP,JACK HAI TRAN,(617)470-5480,7146229238,1472-  Dorchester AV,Dorchester,MA,2122,775257.4067638069,2934924.833491817
LB-99824,CV7MWL0178,Active,Common Victualler,CV7 Malt Wine Liq.,2013-11-13,2026-12-31,STREGA PIZZERIA & CAFE CORP.,RINA'S,11 PM CLOSING SUNDAY THURSDAY amp MIDNIGHT HOUR FRIDAY SATURDAY ALCOHOLIC BEVERAGES TO BE SERVED ONLY IN CONJUCTION WITH MEALS,IN ONE ROOM ON GROUND FLOOR WITH STORAGE IN BASEMENT; ENTRANCE AT 373 HANOVER STREET; EXIT AT REAR AT 371 HANOVER STREET.,,11:00 PM,11:30 PM,10,, STREGA PIZZERIA & CAFÉ CORP., NICOLA R. VARANO,,(617)345-3992,371-373  Hanover ST,Boston,MA,2113,776928.5228441358,2958307.8799014837
LB-100516,CVICT1343,Active,Common Victualler,Common Victualler,2013-10-31,2026-12-31,"Cosi Restaurant Holdings, LLC.",Cosi,8 00 AM 3 PM Mon Fri Sat amp Sun open catering orders prep pickup delivery only,"First floor kitchen in back of house, seating at front of house, storage in back of house & basement.",8:00 AM,3:00 PM,3:30 PM,42,," Cosi Restaurant Holdings, LLC",Marcia Simmons,(857)557-8454,6177199859,133-  Federal ST,Boston,MA,2110,776016.282542631,2954432.880433649
LB-98787,CLBAL0014,Active,Club,Clb. All Alc.,2013-11-20,2026-12-31,"UNION CLUB OF BOSTON, INC.",,,"Entrance on Park street at the front of bldg: 1st. Floor, 2nd floor , 3rd floor, 4th floor, 5th floor and 6th floor for stock room.",,1:00 AM,1:30 AM,349,," UNION CLUB OF BOSTON, INC.", MEREDITH M. WAITES,,,7-8  Park ST,Boston,MA,2108,774380.0509069711,2955592.608101055
LB-100956,CVICT2153,Active,Common Victualler,Common Victualler,2013-10-25,2026-12-31,"Fuji Sky, Inc.",HOSHI YA,,IN ONE ROOM ON THE FIRST FLOOR; KITCHEN & STORAGE IN REAR.,11:30 AM,2:00 AM,2:30 AM,0,," Fuji Sky, Inc.",FANG LIANG LIN,(617)254-8808,,529-  Washington ST,Brighton,MA,2135,747277.674337551,2952457.398820311
LB-607843,,Active,Common Victualler,Common Victualler,2025-12-16,2026-12-31,EL Parche LLC,EL Parche,1 Trash must be brought inside overnight 2 pickup is to occur daily between 6 00 7 m 3 No third party delivery permitted,"1,086SF Full-service restaurant with take-out permitted. The basement level includes storage, an office, and a prep station. The first floor features a full kitchen, bar, ADA-compliant restroom, and seating for 20 guests.",8:00 AM,10:00 PM,10:30 PM,20,"1,086SF Full-service restaurant with take-out permitted. The basement level includes storage, an office, and a prep station. The first floor features a full kitchen, bar, ADA-compliant restroom, and seating for 20 guests.", EL Parche LLC, Mery Pereanez-Quintana,(781)518-3790,,636-638  Bennington ST,East Boston,MA,2128,787047.5990626365,2965282.93747364
LB-99979,CVICT0211,Active,Common Victualler,Common Victualler,2013-10-24,2026-12-31,WATERMARK DONUT COMPANY,DUNKIN DONUTS,,In one room on the first floor with kitchen in the rear storage in the basement.,6:00 AM,10:00 PM,10:30PM,0,In one room on the first floor with kitchen in the rear storage in the basement., WATERMARK DONUT COMPANY, SEAN SULLIVAN,,6174644001,350-  Longwood AV,Boston,MA,2115,762460.5924624652,2948590.227420807
LB-101362,DRMTY0101,Active,Misc,Dormitory,2014-05-07,2026-04-30,NORTHEASTERN UNIVERSITY,NORTHEASTERN UNIVERSITY,,6 story brick building.,,,,128,6 story brick building, NORTHEASTERN UNIVERSITY, Robert S. Austin,,(617)373-5808,96-  Fenway ,Boston,MA,2115,766669.540737465,2949863.640556395
LB-100545,CVICT1404,Active,Common Victualler,Common Victualler,2013-11-12,2025-12-31,"BANI RESTAURANT, LLC",BANI RESTAURANT,Closed on Sundays,"First floor kitchen, dinning, service area, restroom. Basement storage.",9:00 AM,5:00 PM,5:30 PM,19,," BANI RESTAURANT, LLC", MARIA BAEZ,,(617)469-0294,4541-  Washington ST,Roslindale,MA,2131,754327.745867297,2926633.051190898
LB-99164,CV7AL0322,Active,Common Victualler,CV7 All Alc.,2013-11-22,2026-12-31,"EDDIE V'S HOLDINGS, LLC",EDDIE V'S,PATIO CONDITIONS 1 CLOSING HOUR 10 00 PM SUNDAY THURSDAY 11 P M FRIDAY SATURDAY 2 ALCOHOLIC BEVERAGES TO BE SERVED ONLY IN CONJUNCTION WITH MEALS 3 STAFFED ALL TIMES BRUNCH ON SUNDAYS 2026 PERM CLOSED DO NOT ISSUE,IN ONE LARGE ROOM WITH KITCHEN & STORAGE ON BELVEDERE ARCADE/HUNTINGTON AVE SIDE OF PRUDENTIAL CENTER WITH AN OUTDOOR SEASONAL PATIO ON STREET LEVEL AREA REAR OF ALONG BELVEDERE ARCADE/HUNTINGTON AVE. SIDE OF PRUDENTIAL CENTER FROM APRIL - OCTOBER.  Capacity breakdown: street level - 61; arcade leve,,12:00 AM,12:30 AM,380,"IN ONE LARGE ROOM WITH KITCHEN & STORAGE ON BELVEDERE ARCADE/HUNTINGTON AVE SIDE OF PRUDENTIAL CENTER WITH AN OUTDOOR SEASONAL PATIO ON STREET LEVEL AREA REAR OF ALONG BELVEDERE ARCADE/HUNTINGTON AVE. SIDE OF PRUDENTIAL CENTER FROM APRIL - OCTOBER.  Capacity breakdown: street level - 61; arcade level - 184. TOTAL 344 PERSONS INDOOR SEATING, 36 PERSONS OUTDOOR."," EDDIE V'S HOLDINGS, LLC", Andrew Cregg,,,800-  Boylston ST,Boston,MA,2199,769309.8973333836,2951861.4098548144
LB-101666,INNAL0057,Active,Inn,Inn. All Alc.,2013-11-26,2026-12-31,"BAM HOSPITALITY, LLC",FENWAY MARRIOTT RESIDENCE INN,Board ABCC approved management agreement between BAM Hospitality LLC 365 Management Company,"IN WHOLE OF SAID BUILDING INCLUDING LOBBY BAR, 175 GUEST ROOMS, LOUNGE, MEETING SPACE AND OUTDOOR TERRACE ON 8TH FLOOR.  ENTRANCE ON BROOKLINE AVENUE WITH EMERGENCY EXITS ON BURLINGTON STREET.",,2:00 AM,2:30 AM,0,"IN WHOLE OF SAID BUILDING INCLUDING LOBBY BAR, 175 GUEST ROOMS, LOUNGE, MEETING SPACE AND OUTDOOR TERRACE ON 8TH FLOOR.  ENTRANCE ON BROOKLINE AVENUE WITH EMERGENCY EXITS ON BURLINGTON STREET."," BAM HOSPITALITY, LLC", Vincent Donato Sassone,,(617)557-9955,125-  Brookline AV,Boston,MA,2215,764192.6519904733,2951253.6919101477
LB-101232,CVICT2464,Active,Common Victualler,Common Victualler,2013-10-22,2026-12-31,"GARUDA IC, LLC",EMACK & BOLIO'S,,IN ONE ROOM ON THE FIRST FLOOR; PREP. AREA BEHIND COUNTER.,10:30 AM,MIDNIGHT,12:30 PM,0,IN ONE ROOM ON THE FIRST FLOOR; PREP. AREA BEHIND COUNTER.," GARUDA IC, LLC", JARRAD ROOK,,6172322753,290-  Newbury ST,Boston,MA,2115,768468.5003941357,2952412.3910363168
LB-101932,RETAL0134,Active,Misc,Retail All Alc.,2013-11-27,2026-12-31,CASTILLO EGLESTON LIQUORS LLC,,Board acknowledged granted petition to open 10 00 m on Sundays,One room first floor; Rear room and basement for storage  ,,11:00 PM,,0,," CASTILLO EGLESTON LIQUORS, LLC", CARLOS CASTILLO,,(617)482-3177,3086-  Washington ST,Roxbury,MA,2119,764746.8943203092,2940189.931885481
LB-99159,CV7AL0315,Active,Inn,Inn. All Alc.,2013-11-21,2026-12-31,"HAYMARKET PARCEL 9 INVESTOR, LLC",CANOPY BY HILTON BOSTON DOWNTOWN,,"In whole of said building. Six(6) floor hotel (+/- 145,000 square feet) including 212 quest rooms, reception area, lobby, offices and meeting room on ground floor, but specifically excluding +/- 10,169 square feet of retail space, +/- 1,615 square feet of Haymarket Pushcart Association space and +/-",,2:00 AM,2:30 AM,0,"In whole of said building. Six(6) floor hotel (+/- 145,000 square feet) including 212 quest rooms, reception area, lobby, offices and meeting room on ground floor, but specifically excluding +/- 10,169 square feet of retail space, +/- 1,615 square feet of Haymarket Pushcart Association space and +/- 1,776 square feet of Shared Trash Space, all on ground floor as shown on plan. Hotel café/lounge with bar area on 2nd floor (+/-3,970 square feet) with seating for 167."," HAYMARKET PARCEL 9 INVESTOR, LLC", Fanny Jean Louis,,,99-  Blackstone ST,Boston,MA,2109,776223.7739255577,2957083.3990827203
LB-100660,CVICT1614,Active,Common Victualler,Common Victualler,2013-11-08,2026-12-31,"DUFFICY ENTERPRIZES, INC.",DOMINOS PIZZA,DELIVERY SERVICE MUST CEASE 3 00 AM,IN ONE ROOM ON THE FIRST FLOOR WITH KITCHEN AND STORAGE IN THE REAR.,10:00 AM,1:00 AM,1:30 AM,0,," DUFFICY ENTERPRIZES, INC.", CHRIS COURTEMANCHE,,5085201000,205-207   Adams ST,Dorchester,MA,2122,0.0,0.0
LB-99442,CV7AL0651,Active,Common Victualler,CV7 All Alc.,2013-11-21,2026-12-31,"RAGLIN ROAD, INC.",THE MERCHANT,Upper level 212 amp Lower 41,"IN THE FIRST FLOOR, EXIT IN REAR, BAR AND SEATING AREA.  DOWN LOWER LEVEL, EXIT IN REAR, BATHROOMS, PRIVATE DINING ROOM AND KITCHEN.  WITH A 2:00 AM CLOSING HOUR.",,2:00 AM,2:30 AM,253,," RAGLIN ROAD, INC.", FRANCIS J. DELANEY,,(617)697-5215,60-  Franklin ST,Boston,MA,2110,775532.3094292283,2954980.6568971425
LB-99336,CV7AL0518,Active,Common Victualler,CV7 All Alc.,2013-11-25,2026-12-31,"J.J. FOLEY'S GRILL, INC.",J.J. FOLEY'S,1 To Open 10 00 M Food 11 on Sundays sale Alcoholic Beverages with Brunch,In one large room on the first floor with an enlarged kitchen area; one room on Mezzanine level; one large room in basement for stock.  Capacity breakdown: dining room - 134; bar - 85.,,2:00 AM,2:30 AM,219,In one large room on the first floor with an enlarged kitchen area; one room on Mezzanine level; one large room in basement for stock.  Capacity breakdown: dining room - 134; bar - 85.," J.J. FOLEY'S GRILL, INC.", JAMES F. FOLEY,,(617)695-2529,21-  Kingston ST,Boston,MA,2111,775323.5224452168,2954271.491976887
LB-581897,,Active,Common Victualler,Common Victualler,2025-01-23,2026-12-31,"Roslindale Organic Arts, LLC",Roslindale Market Kitchen,,"1,500SF Fast-casual restaurant in one room, offering takeout with 18 seats. The layout includes a front retail area, a full kitchen, and a back room for prep and dishwashing.",7:00 AM,5:00 PM,5:30 PM,18,"1,500SF Fast-casual restaurant in one room, offering takeout with 18 seats. The layout includes a front retail area, a full kitchen, and a back room for prep and dishwashing."," Roslindale Organic Arts, LLC", Cliff A Richard,(352)771-6438,,4198-4200   Washington ST,Roslindale,MA,2131,,
LB-101945,RETAL0155,Active,Misc,Retail All Alc.,2013-11-22,2026-12-31,"370 Western Ave Wild Duck, Inc.",The Wild Duck,Board acknowledged granted petition to open 10 00 m on Sundays,Rear emergency exit; One room and storeroom first floor  ,,11:00 PM,,0,," 370 Western Ave Wild Duck, Inc.", Jaldip Patel,,5087598194,370-  Western AV,Brighton,MA,2135,754102.0832608938,2956753.958468646
LB-98790,CLBAL0018,Active,Club,Clb. All Alc.,2013-11-26,2026-12-31,NORTHEASTERN UNIVERSITY,,Capacity breakdown Level 2 Classrooms 201 202 203 204 120 occ Total Occupants 480 Space 205 Seats 6 Standing 206 30 10 208 59 200S4 19 3 oc 100C19 8 Room 804 158 Faculty 805 44 Roof Garden 111 9 800 Event amp 100 22 452,,,1:00 AM,1:30 AM,932,"Premises (EXP) is primarily a research lab. The 2nd fl include multi-functional space for banquet events and a cap of 560 with 3500SF. 8th fl includes an indoor dining area, full kitchen, and a multifunctional space with cap of 530 in 3100SF. This includes an outdoor terrace for annual use (weather permitting) cap of 120 with 1800SF.", NORTHEASTERN UNIVERSITY, JOHN TOBIN,,,815-  Columbus AV,Boston,MA,2120,767657.7897452265,2948125.515095636
LB-100953,CVICT2150,Active,Common Victualler,Common Victualler,2013-10-15,2026-12-31,"TJM BROADVIEW, LLC",ESPRESSO LOVE,,IN ONE ROOM ON THE FIRST FLOOR; KITCHEN & STORAGE IN REAR.,6:00 AM,10:00 PM,10:30 PM,42,IN ONE ROOM ON THE FIRST FLOOR; KITCHEN & STORAGE IN REAR.," TJM BROADVIEW, LLC", THOMAS MCMANUS,,5122933546,33-  Broad ST,Boston,MA,2109,776575.9638379663,2955955.465643063
LB-99645,CV7MW0450,Active,Common Victualler,CV7 Malt Wine Liq.,2013-11-29,2026-12-31,"Evergreen Eatery, Inc.",Evergreen Eatery and Cafe,,"Premise consists of: 2200 SF ground level restaurant with a dining area, a kiosk area and kitchen with storage room. Also, a 1500 SF outdoor seasonal patio (March-October) patio on private property. Closing Hour 10:00 PM, both inside and outside.",,10:00 PM,10:30 PM,47,"Premise consists of: 2200 SF ground level restaurant with a dining area, a kiosk area and kitchen with storage room. Also, a 1500 SF outdoor seasonal patio (March-October) patio on private property. Closing Hour 10:00 PM, both inside and outside."," Evergreen Eatery, Inc.", Phil Paik,,(617)406-8714,154-  Green ST,Jamaica Plain,MA,2130,762534.1313573867,2938412.5204140544
LB-100775,CVICT1839,Active,Common Victualler,Common Victualler,2013-10-24,2026-12-31,"RAJU & MANIK, INC.",BOSTONIAN MARKET & CAFE,,"IN ONE ROOM ON THE FIRST FLOOR, KITCHEN AND STORAGE IN REAR.",6:00 AM,MIDNIGHT,12:30 AM,18,," RAJU & MANIK, INC.", SAMMY ISLAM,,6172673109,40-  Fay ST,Roxbury,MA,2118,773781.1045982987,2950430.31002672
LB-100130,CVICT0508,Active,Common Victualler,Common Victualler,2013-10-25,2026-12-31,"D.E. Foods, LLC","KENTUCKY FRIED CHICKEN""",,In one room on the first floor with kitchen in the rear storage in the basement.,10:00 AM,12:00 AM,12:30 AM,22,In one room on the first floor with kitchen in the rear storage in the basement.," D.E. Foods, LLC", DANIEL WHITNEY,,7819820755,30- N Beacon ST,Allston,MA,2134,753766.6288793087,2954083.7876278907
LB-419236,,Active,Common Victualler,Common Victualler,2020-01-31,2026-12-31,"G & V Restaurant, Inc.",Shah's Halal Food,,"Kitchen on first floor, basement for storage. ",10:00 AM,2:00 AM,2:30 AM,38,," G & V Restaurant, Inc.",Nitral Patel,(617)936-3955,,1124-  Boylston ST,Boston,MA,2115,767295.0132398009,2951629.016618803
LB-100218,CVICT0705,Active,Common Victualler,Common Victualler,2013-10-24,2026-12-31,"Secret Hidden Kitchen, Inc.",Hidden Kitchen,,In one room on the first floor with kitchen in the rear storage in the basement.,6:00 AM,3:30 PM,4:00 PM,10,," Secret Hidden Kitchen, Inc",Paulo da Cunha,(339)368-3127,,535-  Albany ST,Roxbury,MA,2118,773251.0000154674,2948639.9999590665
LB-100720,CVICT1744,Active,Common Victualler,Common Victualler,2013-11-22,2026-12-31,"Jedee, Inc.",SUBWAY,,"IN ONE ROOM ON THE FIRST FLOOR, KITCHEN & STORAGE IN REAR.  ",8:00 AM,MIDNIGHT,12:30 AM,19,"IN ONE ROOM ON THE FIRST FLOOR, KITCHEN & STORAGE IN REAR."," Jedee, Inc.",Jitendra Patel,,(508)243-4135,13-  William C Kelly SQ,East Boston,MA,2128,780786.4396689683,2961862.1861130595
LB-568760,,Active,Common Victualler,Common Victualler,2024-07-31,2025-12-31,Viva Taco Corp,Viva Taco,,"750SF First floor open floor plan building, with 12 seats capacity. Full kitchen with bathroom to the rear.  ",9:00 AM,10:00 PM,10:30 PM,12,"750SF First floor open floor plan building, with 12 seats capacity. Full kitchen with bathroom to the rear.  
", Viva Taco Corp, Nolber F Salguero,(617)910-8549,,378A-  Centre ST,Jamaica Plain,MA,2130,761836.4293407202,2942603.4870977253
LB-99316,CV7AL0492,Active,Common Victualler,CV7 All Alc.,2013-11-25,2026-12-31,BOSTON HOSPITALITY PARTNERS LLC,The Connector and the Collective,Capacity Breakdown Mezzanine Lounge Dining Bar Seats 159 Standing 63 occ Corridor 10 Restaurant Total occupants 232 Upper Ground Level 102 Lower 248 w total load not to exceed 350 3 Assembly amp Community Spaces 415 Persons,,,2:00 AM,2:30 AM,997,"One (1) main entrance on Federal Street, one (1) main entrance on Devonshire Street and four (4) exits. Approximately 28,600 square feet on four (4) floors. 10,811 square feet on the ground floor consisting of assembly/event/banquet space(+/-9,300 S.F.) with seating for 348, food kiosk known as Day Shift located in two (2) rooms consisting of front service and sales counter, kitchen and prep area, and back room for storage (+/-482 S.F.), food kiosk known as Ariana, Big Grin, and Iris Mezze located in four (4) rooms consisting of front service and sales counters, kitchen and prep area, and back room for storage(+/-704 S.F.), and food kiosk known as Gatto Pazzo located in two (2) rooms consisting of front service and sales counter, kitchen and prep area, and back room for storage(+/-325 S.F.). 5,685 square feet on the mezzanine consisting of kitchen(+/-1,085 S.F.), bar(+/-1,039 S.F.), lounge (+/-817 S.F.), north dining area(+/-960 S.F.), south dining area(+/- 1,784 S.F.) with aggregate seating for 203. 1,492 square feet on the second floor consisting of meeting room west(+/-660 S.F.) and meeting room east(+/-832) with aggregate seating for 129. 10,612 square feet on the third floor consisting of a kitchen(+/-567 S.F.), entry(+/-510), bar/dining area(+/-1,930 S.F.), lounge(+/- 1,475 S.F.), co-work area(+/-3,635 S.F.) game room(+/- 680 S.F.), sports simulator room (+/-440 S.F.) and meeting room (+/-1,375 S.F.) with aggregate seating for 269. Hours of operation from 8 AM to 2 AM. 

The Board and the ABCC approved the petition for an approval of a Management Agreement between Boston Hospitality Partners LLC D/B/A The Connector and The Collective and JFR Boston MP LLC.", Boston Hospitality Partners LLC, Derian Restrepo Mejia,,(617)242-9715,115-  Federal ST,Boston,MA,2110,775995.602137804,2954560.603603393
LB-546003,,Active,Common Victualler,CV7 Malt Wine,2024-07-29,2026-12-31,"Oda Bar & Bites, Inc.",Oda Bar & Bites,,,,11:00 PM,11:30 PM,17,700SF full-service restaurant featuring a fully equipped kitchen and indoor dining and bathroom with accommodations for up to 17 guests indoors. The total capacity expands to 57 with the Front (10 Seats) & Rear (30 Seats) seasonal patios (April-Oct) on private property from 6:00 AM to 11:00 PM. The restaurant has 3 entrances and 3 exits.," Oda Bar & Bites, Inc.", Ergys Struga,,,3840-  Washington ST,Roslindale,MA,2131,759863.9273802191,2933462.7924526483
LB-101520,DRMTY0321,Active,Misc,Dormitory,2014-04-30,2026-04-30,NORTHEASTERN UNIVERSITY,NORTHEASTERN UNIVERSITY,2 YEAR CONDITIONAL BASIS MASTERPLAN TO BE REVIEWED,,,,,230,, NORTHEASTERN UNIVERSITY, Robert S. Austin,,(617)332-0268,10-  Coventry ST,Mission Hill,MA,2120,768157.298588723,2948026.8171303123
LB-99597,CV7MW0300,Active,Common Victualler,CV7 Malt Wine,2013-12-09,2026-12-31,"Sweet Rice Thai Sushi, Inc.",,MALT WINE BEVERAGES TO BE SERVED ONLY IN CONJUNCTION WITH MEALS,"In one large room on the first floor, kitchen in the rear, storage in the basement.",,10:00 PM,10:30 PM,46,"In one large room on the first floor, kitchen in the rear, storage in the basement."," SWEET RICE THAI SUSHI, INC.", Natthasit Nitsakulchai,,(617)955-9319,187-  Main ST,Charlestown,MA,2129,773779.7010578066,2962345.882324144
LB-526461,,Active,Common Victualler,Common Victualler,2023-10-10,2026-12-31,"Lazy Bear Creamery, LLC",,,"First floor, Handicap access. Kitchen in rear, storage in basement.",12:00 PM,10:00 PM,10:30 PM,3,"First floor, Handicap access. Kitchen in rear, storage in basement."," Lazy Bear Creamery, LLC",Matthew Galvin,(617)913-8000,,383-  Neponset AV,Dorchester,MA,2122,779342.830023393,2929778.742734149
LB-101008,CVICT2219,Active,Common Victualler,Common Victualler,2019-07-12,2026-12-31,"Air Ventures, LLC",Otto Pizza,,970 square food quick service pizza kiosk in Terminal B/Pier A.,5:00 AM,11:00 PM,11:30 PM,0,," Air Ventures, LLC", Jennifer Clarke,,,300     Logan Airport Terminal Drive  ,East Boston,MA,2128,0.0,0.0
LB-598438,,Active,Common Victualler,Common Victualler,2025-06-30,2026-12-31,Sabores Autenticos Corp.,CHELO SABOR,,"560SF First-floor takeout-only space. One main room, a storage room, and an employee-only bathroom. No tables or seating.",7:00 AM,9:00 PM,9:30 PM,0,"560SF First-floor takeout-only space. One main room, a storage room, and an employee-only bathroom. No tables or seating.", Sabores Autenticos Corp., Jose Miguel Pimentel,(857)316-7766,,116-  Washington ST,Dorchester,MA,2121,769777.000073716,2936529.9999008924
LB-101415,DRMTY0177,Active,Misc,Dormitory,2014-05-07,2026-04-30,TRUSTEES OF BOSTON UNIVERSITY,BOSTON UNIVERSITY,,Four story brick building.,,,,9,Four story brick building., TRUSTEES OF BOSTON UNIVERSITY,NISHMIN KASHYAP,,(617)353-3502,214-  Bay State RD,Boston,MA,2215,763448.7322184741,2952960.639283642
LB-101918,RETAL0115,Active,Misc,Retail All Alc.,2013-11-19,2026-12-31,"LEE'S QUIK PIK, INC.",LEE'S MARKET,No singles nips,,,11:00 PM,,0,On first floor of building: sales area with multiple coolers and back room storage (+/- 1600 SF).," LEE'S QUIK PIK, INC", Anil Kumar M. Patel a/k/a AnilKamar Mafatal Patel,(617)833-3455,,1591-  Commonwealth AV,Brighton,MA,2135,752583.5449593812,2950649.55499506
LB-101433,DRMTY0209,Active,Misc,Dormitory,2014-05-07,2026-04-30,TRUSTEES OF BOSTON UNIVERSITY,BOSTON UNIVERSITY,,Four story brick building.,,,,20,Four story brick building., TRUSTEES OF BOSTON UNIVERSITY,NISHMIN KASHYAP,,(617)353-3502,47-  Buswell ST,Boston,MA,2215,762450.982245475,2951848.159225136
LB-99083,CV7AL0223,Active,Common Victualler,CV7 All Alc.,2013-11-19,2026-12-31,"STANZA DEI SIGARI, INC.",STANZA DEI SIGARI,       ,"ONE ROOM WITH KITCHEN AND STORAGE ON THE BASEMENT LEVEL, MAIN ENTRANCE AT 292 HANOVER STREET AND WESLEY PLACE.",,1:00 AM,1:30 AM,158,"ONE ROOM WITH KITCHEN AND STORAGE ON THE BASEMENT LEVEL, MAIN ENTRANCE AT 292 HANOVER STREET AND WESLEY PLACE."," Stanza dei Sigari, Inc.", GERALD RICCIO,,(617)527-0295,292-  Hanover ST,Boston,MA,2113,776597.5635323077,2958029.181968063
LB-98930,CV7AL0049,Active,Common Victualler,CV7 All Alc.,2013-11-29,2026-12-31,NANDO 393 HANOVER INC. ,NANDO'S TRATTORIA,,"In one large room on first floor with seating areas and bar (seating capacity of 42), kitchen and restrooms in rear, basement for storage and food preparation.  Total square footage 2,000 SF. There is one entrance and two exits. Closing hour 1:00 AM Friday-Saturday, 12:00 AM Sunday-Thursday. ",,1:00 AM,1:30 AM,43,"In one large room on first floor with seating areas and bar (seating capacity of 42), kitchen and restrooms in rear, basement for storage and food preparation.  Total square footage 2,000 SF. There is one entrance and two exits. Closing hour 1:00 AM Friday-Saturday, 12:00 AM Sunday-Thursday."," Nando 393 Hanover, Inc.", Palmira Giangregorio Firicano,,(617)437-6316,391-395  Hanover ST,Boston,MA,2113,776987.4620307237,2958406.585084647
LB-100579,CVICT1460,Active,Common Victualler,Common Victualler,2013-10-31,2026-12-31,"WILCOX EATER, INC.",VIGA ITALIAN EATERY & CATERER,,"@ 13 PI ALLEY LANE BOSTON MA 02108 ONE ROOM FIRST FLOOR, KITCHEN & STORAGE IN REAR. ADDITIONAL STORAGE SPACE, OFFICE AND 1 BATHROOM ON SECON FLOOR.",7:00 AM,7:00 PM,,48,," WILCOX EATER, INC.", EDWARD C. WILSON,,(617)542-7200,13-  Pi AL,Boston,MA,2108,775441.3794929683,2955832.477700054
LB-381261,,Active,Common Victualler,CV7 Malt Wine Liq.,2019-02-22,2026-12-31,Post Office Square Redevelopment Corporation,,BOARD ABCC APPROVED petitition an approval management agreement between Post Office Square Redevelopment Corporation ZAT LLC,"Cafe on one (1) floor including an outdoor deck and patio. Cafe consists of +/- 970 sq. ft. with seating for thirty (30) patrons. Year-round outdoor patio consists of +/- 515 sq. ft. with seating for twenty (20) patrons. Year-round outdoor deck consists of +/- 1,425 sq. ft. with seating for eighty-t",,11:00 PM,11:30 PM,132,"Cafe on one (1) floor including an outdoor deck and patio. Cafe consists of +/- 970 sq. ft. with seating for thirty (30) patrons. Year-round outdoor patio consists of +/- 515 sq. ft. with seating for twenty (20) patrons. Year-round outdoor deck consists of +/- 1,425 sq. ft. with seating for eighty-two (82) patrons, all on private property.", Post Office Square Redevelopment Corporation, Jared Maurice Mancini,(617)307-5064,,152-158  Congress ST,Boston,MA,2110,776364.8038272262,2955080.9381926507
LB-576307,,Active,Common Victualler,Common Victualler,2024-10-31,2026-12-31,HAOXING INC.,CHINA STATION,,"2,500 SF First-floor restaurant with a kitchen in the rear and storage in the basement. Two bathrooms inside, but no seating.",11:00 AM,11:00 PM,11:30 PM,0,"2,500 SF First-floor restaurant with a kitchen in the rear and storage in the basement. Two bathrooms inside, but no seating.", HAOXING Inc., Derong Wu,(347)469-5835,,532-  Washington ST,Dorchester,MA,2124,772068.999994755,2932069.99999058
LB-593977,,Active,Common Victualler,Common Victualler,2025-05-05,2026-12-31,CFH 35 Cambridgepark Drive LLC.,Drip by Craft Food Halls,,"1,200SF Fast-service coffee café offering light breakfast and lunch bites. Single-floor layout with an enclosed back kitchen and a guest-facing coffee service counter. Two bathrooms located in the lobby. Seating for 49 guests, including bar seating and surrounding areas.",7:00 AM,6:00 PM,6:30 PM,49,"1,200SF Fast-service coffee café offering light breakfast and lunch bites. Single-floor layout with an enclosed back kitchen and a guest-facing coffee service counter. Two bathrooms located in the lobby. Seating for 49 guests, including bar seating and surrounding areas.", CFH 35 Cambridgepark Drive LLC., Shaelyn McGrory,(413)588-8645,,2-  Dry Dock AV,Boston,MA,2210,781149.3467515558,2951071.0987713933
LB-101465,DRMTY0257,Active,Misc,Dormitory,2014-04-23,2026-04-30,SUFFOLK UNIVERSITY,,,Eleven story building.,,,,456,Eleven story building., SUFFOLK UNIVERSITY, Matthew Lemke,,(617)305-1774,150-  Tremont ST,Boston,MA,2111,774257.9999699742,2954620.0001381487
LB-98753,BLRDS0220,Active,Misc,Billiards/Sippio,2014-05-14,2026-12-31,"UNIQUE DESIGN CONCEPTS, LLC",KINGS,,BOWLING LANES AND POOL TABLES LOCATED ON THE FIRST FLOOR.,,2:00 AM,2:30 AM,0,," UNIQUE DESIGN CONCEPTS, LLC",Ashley Lynch,(781)329-6000,,50A-  Dalton ST,Boston,MA,2115,768178.853007555,2951771.4116752297
LB-99982,CVICT0218,Active,Common Victualler,Common Victualler,2013-10-10,2026-12-31,"John-Kevin Donuts, Inc.",DUNKIN DONUTS,,One room and kitchen in rear storage in basement.  ,,24 HOURS,,0,One room and kitchen in rear storage in basement.," John-Kevin Donuts, Inc.", JOHN  GILLISSPIE,,,510A     Southampton ST,South Boston,MA,2127,,
LB-100176,CVICT0598,Active,Common Victualler,Common Victualler,2013-10-17,2026-12-31,"THE CAPSTONE CAFE, INC.",THE BEAN & LEAF CAFE,,In one room on the first floor with kitchen and storage in the rear.,7:00 AM,5:00 PM,5:30 PM,19,In one room on the first floor with kitchen and storage in the rear.," THE CAPSTONE CAFE, INC.", CHRISTINE LEONE,,5089420923,20-  Custom House ST,Boston,MA,2110,776966.0001313835,2955849.9999747276
LB-177303,,Active,Common Victualler,Common Victualler,2017-08-08,2026-12-31,Starbucks Corporation,STARBUCKS COFFEE #29352,,"Beverage prep area, back workroom, dining area and two restrooms located on first floor. Outdoor seasonal patio (April 30th-Oct. 31st) on public property with 12 seats to operate the same hours as the restaurant.",5:00 AM,11:00 PM,11:30 PM,39,, STARBUCKS CORPORATION,DANIEL BRENNAN JR.,(206)594-7273,,50-  Park PZ,Boston,MA,2116,772568.7812355608,2953318.767504394
LB-99775,CV7MWL0123,Active,Common Victualler,CV7 Malt Wine Liq.,2013-11-27,2026-12-31,"VIRGINICA, LLC",Row 34,,In one (1) large room with kitchen and storage in rear; entrance on Congress Street with emergency exits to Boston Wharf Road and Congress Street to include an outdoor patio on private property for 48 patrons between the hours of 11:00 a.m. - Midnight.  Adding a service bar to the existing outdoor ,,2:00 AM,2:30 AM,156,In one (1) large room with kitchen and storage in rear; entrance on Congress Street with emergency exits to Boston Wharf Road and Congress Street to include an outdoor patio on private property for 48 patrons between the hours of 11:00 a.m. - Midnight.  Adding a service bar to the existing outdoor seasonal patio.  , Virginica L L C,John Shore Gregory Jr.,,(781)640-7215,381-389  Congress ST,Boston,MA,2210,778446.3419869691,2952742.3004814833
LB-457700,,Active,Common Victualler,CV7 All Alc.,2022-04-01,2026-12-31,Mello Vibez Restaurant LLC,,2026 Permanently Closed Do Not Issue,"Dining room (18 Seats), Bar (6 seats), bathroom, kitchen and office.  Total seating capacity 26, Total square footage is 1,000SF.  Hours of operation: Monday-Wednesday 11:00AM-9:00PM, Thursday-Friday 11:00AM-2:00AM, Saturday 5:00PM-2:00AM, Sunday 10:00AM – 2:00AM.
",,2:00AM,2:30AM,26,"Dining room (18 Seats), Bar (6 seats), bathroom, kitchen and office.  Total seating capacity 26, Total square footage is 1,000SF.  Hours of operation: Monday-Wednesday 11:00AM-9:00PM, Thursday-Friday 11:00AM-2:00AM, Saturday 5:00PM-2:00AM, Sunday 10:00AM – 2:00AM.", MELLO VIBEZ RESTAURANT LLC, Melissa Dell-Lamey,(774)712-3039,,473-  River ST,Mattapan,MA,2126,766324.0000899732,2923039.9999780655
LB-101511,DRMTY0304,Active,Misc,Dormitory,2014-05-07,2026-04-30,TRUSTEES OF BOSTON UNIVERSITY,BOSTON UNIVERSITY,,,,,,33,, TRUSTEES OF BOSTON UNIVERSITY,NISHMIN KASHYAP,,(617)353-3502,135-  Bay State RD,Boston,MA,2215,764427.1059178859,2952998.0109280646
LB-99412,CV7AL0610,Active,Common Victualler,CV7 All Alc.,2013-11-29,2026-12-31,"GMRI, INC.",THE OLIVE GARDEN ITALIAN RESTAURANT,CLOSING HOUR 11 00 PM FRIDAY SATURDAY 10 00PM SUNDAY THROUGH THURSDAY,"IN 4 DINING ROOMS, ONE LOUNGE AREA, KITCHEN AND STORAGE IN THE REAR. 230 SEATED, 30 STANDING.",,11:00 PM,11:30 PM,260,"IN 4 DINING ROOMS, ONE LOUNGE AREA, KITCHEN AND STORAGE IN THE REAR. 230 SEATED, 30 STANDING"," GMRI, INC.", Kenet Broslet Lemus Galicia,,(617)989-1371,11B-  Allstate RD,Dorchester,MA,2125,774310.3765056431,2944145.6300108135
LB-99557,CV7MW0166,Active,Common Victualler,CV7 Malt Wine,2013-11-26,2026-12-31,Pho Zabb Inc.,Pho Zabb,1 MALT WINE BEVERAGES TO BE SERVED ONLY IN CONJUNCTION WITH MEALS 2 NO BAR,1799 COMMONWEALTH AVENUE; IN ONE ROOM ON THE 1ST FLOOR WITH KITCHEN; STORAGE IN BASEMENT.  AND TO INCLUDE AN OUTDOOR SEASONAL PATIO ON PUBLIC PROPERTY FOR 10 PATRONS FROM MAY 1ST - NOVEMBER 1ST BETWEEN THE HOURS OF 11:00 AM - 11:00 PM,,11:00 PM,1:30 PM,45,"1799 COMMONWEALTH AVENUE; IN ONE ROOM ON THE 1ST FLOOR WITH KITCHEN; STORAGE IN BASEMENT.  AND TO INCLUDE AN OUTDOOR SEASONAL PATIO ON PUBLIC PROPERTY FOR 10 PATRONS FROM MAY 1ST - NOVEMBER 1ST BETWEEN THE HOURS OF 11:00 AM - 11:00 PM

Capacity breakdown: 45 Interior, 10 Persons exterior", Pho Zabb Inc., Sumalee Jaiprasert,,,1799-  Commonwealth AV,Brighton,MA,2135,750323.2013829648,2949362.352516979
LB-101531,DRMTY0332,Active,Misc,Dormitory,2014-04-07,2026-04-30,WENTWORTH INSTITUTE OF TECHNOLOGY,WENTWORTH INSTITUTE OF TECHNOLOGY,,FIVE STORY BUILDING.,,,,16,FIVE STORY BUILDING., WENTWORTH INSTITUTE OF TECHNOLOGY, Brighid Jensen,,6179894060,62-  Louis Prang ST,Boston,MA,2115,765210.9232478887,2948446.364847645
LB-100463,CVICT1251,Active,Common Victualler,Common Victualler,2014-01-31,2026-12-31,"POLLOS ALA BRASA EL CHULAN, INC.",,,In one room on the first floor; kitchen & storage in rear.,8:00 AM,2:00 AM,2:30 AM,19,," POLLOS ALA BRASA EL CHULAN, INC.", WILLIAM PUMA,,7815895802,405-  Chelsea ST,East Boston,MA,2128,783965.4428253919,2963771.1035550535
LB-605596,,Active,Misc,Lodging Houses (Frat/Dorm),2025-09-02,2026-04-01,"Healing Homes of Boston, LLC","Healing Homes of Boston, LLC",,,,,,24,"4 story building with 3 rooms in the basement, 3 rooms on the first floor, 3 rooms on the second floor, 3 rooms on the third floor. 12 rooms total with 27 Lodgers total. All units contain a living or sleeping area, kitchenette and bathroom. No common Space."," Healing Homes of Boston, LLC",Sean Mentzinger,,,185-  Saint Botolph ST,Boston,MA,2115,768803.1709846407,2950307.632122472
LB-100737,CVICT1773,Active,Common Victualler,Common Victualler,2013-10-17,2026-12-31,T. H. MCCOY RESTAURANT GROUP,MCDONALD'S RESTAURANT,24 HOUR DRIVE THRU,IN ONE ROOM ON FIRST FLOOR KITCHEN IN REAR STORAGE IN BASEMENT.,5:00 AM,2:00 AM,2:30AM,91,, T. H. MCCOY RESTAURANT GROUP,Mark Harding,,(617)783-9393,1750-  Soldiers Field RD,Brighton,MA,2135,749443.0000593811,2955909.9998547286
LB-99626,CV7MW0410,Active,Common Victualler,CV7 Malt Wine Liq.,2013-11-18,2026-12-31,"Jae’s Cafe and Grill, Inc.",Zaku,,,,2:00 AM,2:30 AM,111,"Premise consists of - 4,000 SF Restaurant with 800 SF on the 1st floor dining room, capacity of 68, and 800 SF in kitchen; 2,400 SF in the basement with sushi bar and tables, capacity of 43, including storage areas.

Capacity breakdown: 62 at Tables & Chairs-6 Persons at Bar Stools (First floor).  24 Persons at Tables & Chairs - 19 Persons at Bar Stools (Basement)"," Jae’s Cafe and Grill, Inc.", Song Yang Li,,(617)818-5702,520-  Columbus AV,Roxbury,MA,2118,769773.0624175519,2949893.2986335605
LB-101643,INNAL0030,Active,Inn,Inn. All Alc.,2013-11-21,2026-12-31,CHSP TRS BOSTON II LLC,HYATT REGENCY BOSTON,11 00 M ON SUNDAYS SALE ALCOHOLIC BEVERAGES WITH BRUNCH,"In building of 21 levels, occupies levels 3 thru 21 with storage on sublevel 3, main entrance/exit located on Avenue De LaFayette; entrance on level 3 to adjoin retail areas; emergency exits to Chauncy Street.  MANAGEMENT AGREEMENT APPROVED BY BLB AND ABCC BETWEEN CHSP TRS BOSTON II LLC AND",,2:00 AM,2:30 AM,0,"Building of 21 levels located at One Avenue de LaFayette, applicant to occupy levels 3 thru 21 In building of 21 levels, occupies levels 3 thru 21 with storage on sublevel 3, main entrance/exit located on Avenue De LaFayette; entrance on level 3 to adjoin retail areas; emergency exits to Chauncy Street.  MANAGEMENT AGREEMENT APPROVED BY BLB AND ABCC BETWEEN CHSP TRS BOSTON II LLC AND HYATT CORPORATION.", CHSP TRS BOSTON II LLC, Peter Henry Geurtze,,(617)422-5513,1-  Avenue De Lafayette ,Boston,MA,2111,774899.6466525495,2954110.5641491413
LB-101322,DRMTY0029,Active,Misc,Dormitory,2014-05-07,2026-04-30,TRUSTEES OF BOSTON UNIVERSITY,BOSTON UNIVERSITY,,4 story brick building.,,,,15,4 story brick building., TRUSTEES OF BOSTON UNIVERSITY,NISHMIN KASHYAP,,(617)353-3502,182-  Bay State RD,Boston,MA,2215,763803.0786226392,2952911.270944059
LB-458218,,Active,Common Victualler,Common Victualler,2021-10-20,2026-12-31,"Clover Fast Food, Inc.","Clover Food Lab, Inc.",,"Hynes Court, 3,120 Sq.Ft.1 main entrance from the Pru Center concourse, one exit to concourse, one to the egress corridor at the opposite end of the space. Kitchen, coffee bar, and dine-in seating area. 3 restrooms including 1 ADA within the premises.",7:00 AM,9:00 PM,9:30 PM,119,," Clover Fast Food, Inc.", Kevin Lawton-Smyth,(617)448-7960,,800-  Boylston ST,Boston,MA,2199,769309.8973333836,2951861.4098548144
LB-587845,,Active,Common Victualler,Common Victualler,2025-04-16,2026-12-31,RMYN LLC,Jersey Mike's,,"1,800SF Fast-casual restaurant on one floor with 30 dine-in seats. We have an open kitchen serving Italian-style subs, two restrooms, and a prep/dish area located in the back. There is a private seasonal patio (May - October) with a capacity of 12, same operating hours. ",10:00 AM,9:00 PM,9:30 PM,28,"1,800SF Fast-casual restaurant on one floor with 30 dine-in seats. We have an open kitchen serving Italian-style subs, two restrooms, and a prep/dish area located in the back.", RMYN LLC, Rachid Alaoui,(703)627-0048,,70-  Staniford ST,Boston,MA,2114,773955.4648138881,2957576.924342394
LB-98780,CLBAL0003,Active,Club,Clb. All Alc.,2013-11-22,2026-12-31,"ALGONQUIN CLUB HEXAGON, LLC",The 'Quin House,Conditions 1 10 pm close on roof deck 2 65 capacity 3 No smoking 4 live or background music 5 Courtyard to 00 AM if retractable is closed,,,1:00 AM,1:30 AM,1348,"In whole of said building, including three rooms on the ground floor, four rooms on the first floor, three rooms on the second floor, four rooms on the third floor and eight guest rooms on the fourth floor; also to include a spa/fitness center basement spa and a roof deck limited to a 65 capacity."," ALGONQUIN CLUB HEXAGON, LLC", Iveta Dragomirova,,(617)266-2400,217-  Commonwealth AV,Boston,MA,2116,769196.4710510522,2953352.5279355645
LB-581893,,Active,Common Victualler,Common Victualler,2024-11-26,2026-12-31,Gama Gastronomy LLC,Pasta Tana's,Operating Hours Monday Sunday Dine In 11 00 AM 10 PM amp Take Out 4,"6,000SF Full-service restaurant with takeout and delivery on the first floor, and a downstairs kitchen for food preparation and storage, along with two bathrooms. Food court...AKA... "" Foundation Kitchen"" ",11:00 AM,4:00 AM,4:30 AM,36,"6,000SF Full-service restaurant with takeout and delivery on the first floor, and a downstairs kitchen for food preparation and storage, along with two bathrooms.", Gama Gastronomy LLC, Yuri Gama,(305)510-7752,,32-  Cambridge ST,Charlestown,MA,2129,771165.2518903911,2965089.605511233
LB-100580,CVICT1461,Active,Common Victualler,Common Victualler,2013-10-24,2026-12-31,DUNKIN DONUTS,DUNKIN DONUTS,1 DUMPSTER AREA TO BE KEPT BEHIND BUILDING SURROUNDED STOCKADE FENCE ON 4 SIDES 2 LICENSEE REQUIRED PROVIDE LITTER PATROL PROPERY SURROUNDING SIDEWALK,"ONE ROOM FIRST FLOOR, KITCHEN & STORAGE IN REAR.  ",5:00 AM,11:00 PM,11:30 PM,16,"ONE ROOM FIRST FLOOR, KITCHEN & STORAGE IN REAR.", DUNKIN DONUTS, STEVE ALEPEDE,,6173876230,1800-  Hyde Park AV,Hyde Park,MA,2136,755783.5959739685,2911925.1432708055
LB-100237,CVICT0738,Active,Common Victualler,Common Victualler,2013-12-18,2026-12-31,NHU LAN CORPORATION,,       ,In one room on the first floor with kitchen in the rear and storage in the basement.,5:00 AM,8:00 PM,8:30 PM,18,In one room on the first floor with kitchen in the rear and storage in the basement., NHU LAN CORPORATION,Phuong Tran,,(617)755-1736,1155-  Dorchester AV,Dorchester,MA,2125,775700.0000387281,2938809.9999340624
LB-143818,,Active,Common Victualler,Common Victualler,2015-05-22,2026-12-31,"Sushi Brother, Inc.",Avana Sush II,,"In one room on the first floor with a dining area. Two restrooms. one kitchen, one office, one sushi bar. Hallway used for storage.",10:30 AM,10:00 PM,13:30 PM,41,," Sushi Brother, Inc.",Jin Teng Lin,(617)423-5000,,58-  Franklin ST,Boston,MA,2110,775513.0000846386,2954990.0000543147
LB-100339,CVICT0959,Active,Common Victualler,Common Victualler,2013-11-26,2026-12-31,ALLSTON NOODLES INC,TEN SECOND NOODLES,,In one room on the first floor with kitchen in the rear and storage in the basement.,8:00 AM,11:00 PM,11:30 PM,20,, ALLSTON NOODLES INC,QINLEI CHEN,(781)888-2119,,431-  Cambridge ST,Allston,MA,2134,755077.342137143,2954648.040764481
LB-100335,CVICT0950,Active,Common Victualler,Common Victualler,2013-11-25,2026-12-31,"HL DONUTS, LLC",DUNKIN DONUTS,,In one room on the first floor with kitchen in the rear storage in the basement.,500 AM,MIDNIGHT,12:30 AM,30,In one room on the first floor with kitchen in the rear storage in the basement.," HL DONUTS, LLC", LUIS C. REIS,,6176662083,179-  Brighton AV,Allston,MA,2134,755239.9999483079,2954059.9999458045
LB-202196,,Active,Common Victualler,CV7ALN - Neighborhood Restricted,2017-05-10,2026-12-31,BENNINGTON1004 LLC,Renegades Pub,,"Total Square Footage of premise = 1328 sq ft., In one room, on first floor, one entrance, two exits, basement for storage, kitchen in rear.",,1:00 AM,1:30 AM,43,"Total Square Footage of premise = 1328 sq ft., In one room, on first floor, one entrance, two exits, basement for storage, kitchen in rear.", Bennington1004 LLC, Valerie C. O'Connor,,,1004-  Bennington ST,East Boston,MA,2128,789408.1652076393,2966397.7807163894
LB-101569,GOPAL0007,Active,General on Premise,GOP All Alc.,2013-11-25,2026-12-31,"ATG Colonial, LLC",THE EMERSON COLONIAL THEATRE,,"Basement lobby, first, second and third floor, lobby and cellar for stock",,1:00 AM,1:30 AM,1658,"Basement lobby, first, second and third floor, lobby and cellar for stock"," ATG COLONIAL, LLC", ERICA PICHENY,,,98-106  Boylston ST,Boston,MA,2116,773661.2052318007,2953613.442768067
LB-100663,CVICT1617,Active,Common Victualler,Common Victualler,2013-11-22,2026-12-31,"Ethiopian Cafe, Inc.",Ethiopian Cafe & Pizza,,"600SF Seating for 30, kitchen on main floor. Preparation in basement.",7:00 AM,9:00 PM,9:30 PM,30,," Ethiopian Cafe, Inc", Firehiwot Zeleke,(617)319-6982,,152-156  Dudley ST,Roxbury,MA,2119,768868.334167778,2945142.26870677
LB-447985,,Active,Misc,Retail All Alc.,2021-06-18,2026-12-31,Anjana Corporation,Neighborhood Convenience,Conditions 1 No nips miniature bottles singles 2 increase to amount floor space dedicated alcohol or changes floorplan on file with Board without approval Licensee must have copy approved premises all times,"Retail Store on 1st Floor consisting of approximately 1100 square feet, storage located in basement and two arrears of egress. ",,11:00,,0,, Anjana Corporation, MICHAEL GANNON,(617)268-6691,,165-  D ST,South Boston,MA,2127,776982.4177494645,2948020.3424057215
LB-98847,CLBMW0003,Active,Club,"Club Malt, Wine & Liqueur",2013-11-29,2026-12-31,"THE COLLEGE CLUB OF BOSTON, INC.",THE COLLEGE CLUB OF BOSTON,,"IN TWO FUNCTION ROOMS ON THE FIRST FLOOR, KNOWN AS THE DRAWING ROOM AND THE MEMBERS ROOM; KITCHEN AND STORAGE IN THE BASEMENT; EMERGENCY EXIT IN REAR OF BUILDING OUT TO THE ALLEY.",,11:00 PM,11:30 PM,182,," THE COLLEGE CLUB OF BOSTON, INC.", Cara  Susan Spalla,,(978)594-5870,44-  Commonwealth AV,Boston,MA,2116,771491.6380486339,2953852.227723554
LB-135925,,Active,Common Victualler,Common Victualler,2014-10-16,2027-12-31,"Jai Ganesh, Inc.",Subway,,"IN one room on the first floor with kitchen , storage and basement  in the back.",6:30 AM,10:30 PM,11:00 PM,39,," Jai Ganesh, Inc.",Bhumi Shukla,(401)286-4870,,875-  William T Morrissey BL,Dorchester,MA,2122,778491.000000745,2932329.99999084
LB-101773,LDGHS0239,Active,Misc,Lodging Houses (Frat/Dorm),2014-04-25,2026-04-30,Bay Village Suites LLC,,,"Four story building with 3 rooms on first floor, 3 rooms on second floor, 4 rooms on third floor and 4 rooms on fourth floor.",,,,17,, BAY VILLAGE SUITES LLC,Robert Weintraub,(617)610-2062,,143-  Arlington ST,Boston,MA,2116,772520.8207015544,2952328.6221749783
LB-598595,,Active,Common Victualler,Common Victualler,2025-07-18,2026-12-31,"Pressed Cafe Seaport, LLC",Pressed Cafe,,"Premises known as 49 Pier 4 Blvd, Suite G — 4,525 SF fast-casual restaurant/café offering breakfast, lunch, and dinner. The restaurant is located on the first floor with a full kitchen in the back. There is a storage room on the mezzanine level of the second floor and three bathrooms.",5:00 AM,10:00 PM,10:30 PM,72,"Premises known as 49 Pier 4 Blvd, Suite G — 4,525 SF fast-casual restaurant/café offering breakfast, lunch, and dinner. The restaurant is located on the first floor with a full kitchen in the back. There is a storage room on the mezzanine level of the second floor and three bathrooms.  A private seasonal
patio is proposed to operate from May ‐ October, with seating for 44 and operating hours from 5:00
AM to 9:30 PM."," Pressed Cafe Seaport, LLC", Roi shpindler,(617)982-6370,,43-61-  Pier 4 BL,Boston,MA,2210,779160.146005556,2952921.2791261375
LB-99759,CV7MWL0088,Active,Common Victualler,CV7 Malt Wine Liq.,2013-11-29,2026-12-31,"NORTH STREET GRILLE & CAFE, INC.",,1 SUNDAY THURSDAY 11 00 P M CLOSING HOUR FRIDAY SATURDAY MIDNIGHT 2 ALCOHOLIC BEVERAGES TO BE SERVED ONLY IN CONJUNCTION WITH MEALS 3 NO BAR,"IN ONE ROOM ON THE FIRST FLOOR; KITCHEN IN THE REAR, STORAGE IN THE BASEMENT.",,11:00 PM,11:30 PM,40,"IN ONE ROOM ON THE FIRST FLOOR; KITCHEN IN THE REAR, STORAGE IN THE BASEMENT."," NORTH STREET GRILLE & CAFÉ, INC.", NEEL SCHMOLL,,6178466955,229-  North ST,Boston,MA,2113,777080.0271342993,2957762.0296152234
LB-99713,CV7MWL0018,Active,Common Victualler,CV7 Malt Wine Liq.,2013-11-21,2026-12-31,"FOXANDKNIFE, LLC",FOX AND THE KNIFE,,,,1:00 AM,1:30 AM,112,"On two floors with kitchen, dining room, bar with seating, two entrances, 2 exits & seating for 79 on first floor and lower level consisting of men's and women's restrooms, prep kitchen, office and storage. Outdoor seasonal patio on public property, to operate March to November with a closing hour of 10:00 PM seating for 14, +/- 160 Sq. Ft."," FOXANDKNIFE, LLC", KAREN AKUNOWICZ,(617)372-3190,,28- W Broadway ,South Boston,MA,2127,776059.9999748915,2950230.000059888
LB-99810,CV7MWL0164,Active,Common Victualler,CV7 Malt Wine Liq.,2013-11-14,2026-12-31,"WAGAMAMA BOSTON ONE, LLC",WAGAMAMA,OUTDOOR SEASONAL PATIO HOURS OPERATION NOON MIDNIGHT,"@ 200-299 QUINCY MARKET BLDG SPACE 2386 BOSTON, MA 02109: 4 ROOMS ON THE LOWER LEVEL, WITH 2 DINING ROOMS, 2 STORAGE AREAS AND AN OPEN KITCHEN.  INCLUDES AN OUTDOOR SEASONAL (APRIL-OCTOBER) PATIO ON PRIVATE PROPERTY FOR 54 PATRONS.  CAPACITY BREAKDOWN:",,MIDNIGHT,12:30 AM,148,"@ 200-299 QUINCY MARKET BLDG SPACE 2386 BOSTON, MA 02109: 4 ROOMS ON THE LOWER LEVEL, WITH 2 DINING ROOMS, 2 STORAGE AREAS AND AN OPEN KITCHEN.  INCLUDES AN OUTDOOR SEASONAL (APRIL-OCTOBER) PATIO ON PRIVATE PROPERTY FOR 54 PATRONS.  CAPACITY BREAKDOWN: 1st fl - 103 seated; lower level - 30 seated; 15 employees."," WAGAMAMA BOSTON ONE, LLC", Amir Dhungel,,(617)742-9242,200-299  Faneuil Hall Marketplace ,Boston,MA,2109,776492.0000951439,2956600.0001151413
LB-101001,CVICT2212,Active,Common Victualler,Common Victualler,2013-11-01,2026-12-31,"WALDWIN CONCESSION, LLC",DUNKIN DONUTS,,"IN ONE ROOM ON THE FIRST FLOOR; KITCHEN & STORAGE IN REAR. SPACE IN FOOD COURT.  TERMINAL E LOGAN AIRPORT, EAST BOSTON, MA  02128",,24 HOURS,,0,IN ONE ROOM ON THE FIRST FLOOR; KITCHEN & STORAGE IN REAR. SPACE IN FOOD COURT.," WALDWIN CONCESSIONS, LLC", CLAYTON TURNBULL,,(617)541-1911,"      Logan Airport, Terminal E  ",East Boston,MA,2128,0.0,0.0
LB-101188,CVICT2418,Active,Common Victualler,Common Victualler,2013-10-25,2026-12-31,Naimeh LLC,Boston News Cafe,Restaurant with takeout 26 Persons max capacity Breakdown Seating 11 Standing 15,"Premise Consists of Cafe located on the first floor 14,00SF. Seating for 26. Kitchen and storage in the rear.",7:00 AM,5:00 PM,5:30 PM,26,"Premise Consists of Cafe located on the first floor 14,00SF. Seating for 26. Kitchen and storage in the rear.", Naimeh LLC, Nabil Safwan,(617)306-7954,(617)298-1800,260-  Franklin ST,Boston,MA,2110,776716.6630316377,2955409.557286054
LB-98932,CV7AL0051,Active,Inn,Inn. All Alc.,2013-11-22,2026-12-31,"Omni Boston Seaport Entertainment, LLC",Omni Boston Hotel at the Seaport,,"The entirety of the Omni Boston Hotel at the Seaport, consisting of 811,371 total square feet of space on 22 floors, including 1,054 guest rooms; meeting and event space; spa; retail and fitness areas; terrace and pool bar; full service restaurants, to-go market, sporting club, brasserie and boulang",,2:00 AM,2:30 AM,0,"The entirety of the Omni Boston Hotel at the Seaport, consisting of 811,371 total square feet of space on 22 floors, including 1,054 guest rooms; meeting and event space; spa; retail and fitness areas; terrace and pool bar; full service restaurants, to-go market, sporting club, brasserie and boulangerie with dining areas and bars located on the ground floor, as well as lobby and lobby bar on the ground floor. 

The Board and ABCC approved  the petition for an approval of Management Services Agreement between Omni Boston Seaport Entertainment LLC and COJE LLC., and Omni Hotels Management."," Omni Boston Seaport Entertainment, LLC", Michael Charles Jorgensen,,(781)662-4119,450-  Summer ST,Boston,MA,2210,779780.8586748838,2951833.0214601457
LB-100784,CVICT1876,Active,Common Victualler,Common Victualler,2013-10-11,2026-12-31,TRIO MLP Corporation,180° Cafe,,"1st floor 1950 SF, 1 entrance at front, 1 exit at rear, seating at front, kitchen at rear, basement 1200 SF.",7:00 AM,8:00 PM,8:30 PM,19,, TRIO MLP Corporation, Wen Fang Huang,,(781)888-5010,21-23  Edinboro ST,Boston,MA,2111,775134.3423773944,2953531.8179313093
LB-100789,CVICT1887,Active,Common Victualler,Common Victualler,2014-02-10,2026-12-31,Plantatum Inc.,Sugar Baking Co.,Hours operation Monday Saturday 7 00 AM PM Sunday 8 5,"2,200SF First floor (two rooms): Front retail space with seating for 19 and rear kitchen; Basement (one room): Production area with storage.",7:00 AM,7:00 PM,7:30 PM,19,"2,200SF First floor (two rooms): Front retail space with seating for 19 and rear kitchen; Basement (one room): Production area with storage."," Plantatum, Inc.", Julie Freitas,(617)327-8427,6175154336,1884-  Centre ST,West Roxbury,MA,2132,749425.5017348081,2929346.9273248166
LB-99804,CV7MWL0158,Active,Common Victualler,CV7 Malt Wine Liq.,2013-11-22,2026-12-31,"KLK, INC.",TEN TABLES,ALCOHOLIC BEVERAGES TO BE SERVED ONLY IN CONJUNCTION WITH MEALS,IN ONE LARGE ROOM ON THE FIRST FLOOR; KITCHEN IN THE REAR; AND TO INCLUDE A SERVICE BAR FOR EMPLOYEES AND A BAR FOR PATRONS; STORAGE IN THE BASEMENT.,,,12:30 AM,36,," KLK, INC.", KRISTA L. KRANYAK,,(617)627-9482,597-  Centre ST,Jamaica Plain,MA,2130,760481.211250633,2939982.9349241406
LB-100760,CVICT1809,Active,Common Victualler,Common Victualler,2013-10-17,2026-12-31,"1107 Dot. Ave, LLC",Lucky Cafe Restaurant,1 TAKE OUT CONTAINERS MUST BE PRINTED WITH RESTAURANT LOGO,"Take out restaurant, kitchen occupies 80% of the space, seating, no basement.",9:00 AM,9:00 PM,9:30 PM,12,," 1107 Dot. Ave, LLC",Robert Eng,(617)822-9888,,1107-  Dorchester AV,Dorchester,MA,2125,775875.0137962997,2939298.1944957227
LB-98923,CV7AL0042,Active,Common Victualler,CV7 All Alc.,2013-11-26,2026-12-31,"Melcher Newco Holdings, LLC",Mooo Seaport,BOARD PERMITS BOTTLE SERVICE,,,2:00 AM,2:30 AM,460,"Main entrance and exit at 40 Melcher Street, with two additional exits on Necco Court. Three rooms on the first floor with storage, main entrance and exit on Melcher Street with an additional exit on Necco Court. One room and kitchen with office and storage on the street level with main entrance from Melcher Street and an additional exit on Necco Street."," Melcher Newco Holdings, LLC", COURTNEY HILLS,,(516)721-0016,49-  Melcher ST,Boston,MA,2210,777702.111520052,2952674.7356559783
LB-101355,DRMTY0086,Active,Misc,Dormitory,2014-05-09,2026-04-30,PRESIDENT & FELLOWS OF HARVARD UNIV.,HARVARD BUSINESS SCHOOL,Dedicated to Harvard Graduate School Business Administration students,Four story brick building commonly known as Hamilton Hall.,,,,72,, PRESIDENT & FELLOWS OF HARVARD UNIV.,Meredith Keaney,,(617)495-6443,700-  Soldiers Field RD,Boston,MA,2163,757976.3507748097,2959288.263767481
LB-615765,,Active,Common Victualler,Common Victualler,2026-03-02,2026-12-31,Nova eats LLC,Paku Katsuya,,"2,057SF Ground-floor restaurant with a kitchen in the rear, a storage room, two washrooms for customers, and two washrooms for employees. Seating for 44 patrons. No patio.",11:00 AM,10:00 PM,10:30 PM,44,"2,057SF Ground-floor restaurant with a kitchen in the rear, a storage room, two washrooms for customers, and two washrooms for employees. Seating for 44 patrons. No patio.", Nova eats LLC, Biao Wang,(778)680-9599,,145-  Tremont ST,Boston,MA,2111,774286.2817375511,2954801.0345529765
LB-529784,,Active,Common Victualler,Common Victualler,2023-08-08,2026-12-31,"DELTA AIR LINES, INC.",Delta Sky Club,Capacity Breakdown Airport Lounge 638 Delta One 131,"Logan Airport, Terminal E, Club Level East Boston, MA 02128. Premise consists of a 27,100SF total, that will be used as a Delta Sky Club (20, 763SF) and a Delta One Lounge (6,337SF), including assembly space with a bar, lounge and dining areas, and a commercial kitchen.",6:00 AM,11:00 PM,11:30 PM,769,"Logan Airport, Terminal E, Club Level East Boston, MA 02128. Premise consists of a 27,100SF total, that will be used as a Delta Sky Club (20, 763SF) and a Delta One Lounge (6,337SF), including assembly space with a bar, lounge and dining areas, and a commercial kitchen."," Delta Air Lines, Inc.",Rebecca Bassila,(617)568-2070,,"      Logan Airport, Terminal E  ",East Boston,MA,2128,0.0,0.0
LB-601399,,Active,Common Victualler,Common Victualler,2025-08-01,2025-12-31,Bakey FH LLC,Bakey,,"1,068SF On the first floor of the Quincy Market Building, Space No. Q-2015. Includes a kitchen and food preparation area in the rear, with a service counter in front.",8:00 AM,10:00 PM,10:30 PM,0,"1,068SF On the first floor of the Quincy Market Building, Space No. Q-2015. Includes a kitchen and food preparation area in the rear, with a service counter in front.", Bakey FH LLC, Or Ohana,(617)670-0114,,200-299   Faneuil Hall Market PL,Boston,MA,2109,0.0,0.0
LB-100766,CVICT1817,Active,Common Victualler,Common Victualler,2014-02-03,2026-12-31,"LAS VEGAS SEAFOOD RESTAURANT, INC.",,,"IN ONE ROOM ON THE FIRST FLOOR, KITCHEN IN REAR, STORAGE IN BASEMENT.",11:00 AM,11:00 PM,11:30 PM,34,," LAS VEGAS SEAFOOD RESTAURANT, INC.", CLAUDE DEIUDONNE,,(617)364-2772,6-  Maple ST,Hyde Park,MA,2136,758471.0000479668,2918459.99995172
LB-102051,RETMW0082,Active,Misc,Retail All Alc.,2013-11-19,2026-12-31,"Bell's Market, Inc.",BELL'S MARKET,NO NIPS SINGLES,"Approximately 5,313 sq ft on one floor consisting of a market and wine shop in 3 rooms with a market area for the display of groceries and alcohol and a register for sales, a wine shop for the display of alcohol, and storage in the rear.",,11:00 PM,,0,"Approximately 5,313 sq ft on one floor consisting of a market and wine shop in 3 rooms with a market
area for the display of groceries and alcohol and a register for sales, a wine shop for the display of
alcohol, and storage in the rear."," BELL'S MARKET, INC.", Mittal Kanubhai Patel,,5086539813,246-  Dorchester ST,South Boston,MA,2127,777496.0000556409,2946499.9999739826
LB-581945,,Active,Common Victualler,Common Victualler,2024-12-16,2026-12-31,Cmelatte Cafe LLC,Coffee Shop,,"830SF, Full-service take-out with 19 seats. Located on the first floor, it includes a lobby, a kitchen in the back, and a bathroom in the hallway.",7:00 AM,4:00 PM,4:30 PM,19,"830SF, Full-service take-out with 19 seats. Located on the first floor, it includes a lobby, a kitchen in the back, and a bathroom in the hallway.", Cmelatte Cafe LLC, Reina Melara,(617)241-7300,,197-  Eighth ST,Charlestown,MA,2129,777303.7606107146,2961504.309860304
LB-100140,CVICT0522,Active,Common Victualler,Common Victualler,2013-10-31,2026-12-31,"Panda One Zo, Inc.",One Zo,11 00 AM 12 Sun Thur 2 closing Fri amp Sat,"First floor with dining area at the front, kitchen at the back, and storage in basement.",11:00 AM,12:00 AM,12:30 AM,48,," Panda One Zo, Inc.",Ying Huang,(617)982-6985,,81-83  Harrison AV,Boston,MA,2111,774676.4538574666,2953212.406824723
LB-564578,,Active,Common Victualler,Common Victualler,2024-06-07,2026-12-31,PR RESTAURANTS L.L.C,PANERA BREAD,,"4,500SF Panera bread on 1st floor consisting of dining area (67 seats), 2 public restrooms, bakery area, food prep area, warewashing area, 2 walk in coolers storage room and with a small seasonal April-November private property patio with 6 seats same operating hours. ",6:00 AM,10:00 PM,10:30 PM,64,"4,500SF Panera bread on 1st floor consisting of dining area (67 seats), 2 public restrooms, bakery area, food prep area, warewashing area, 2 walk in coolers storage room and with a small seasonal April-November private property patio with 6 seats same operating hours.", PR RESTAURANTS L.L.C, Gregory Tresaloni,(978)660-8826,,121-  Brookline AV,Boston,MA,2215,764192.6519904733,2951253.6919101477
LB-99595,CV7MW0292,Active,Common Victualler,CV7 Malt Wine,2013-11-25,2026-12-31,ANTHONY OLIVIERO & LUIGI SODANO,II NIDO,,"On ground floor, dining room, with kitchen, office and storage on lower level.  CAPACITY BREAKDOWN: BASEMENT - 40; 1ST FL - 40.",,MIDNIGHT,12:30 AM,80,"On ground floor, dining room, with kitchen, office and storage on lower level.  CAPACITY BREAKDOWN: BASEMENT - 40; 1ST FL - 40.", ANTHONY OLIVIERO & LUIGI SODANO, ANTHONY OLIVIERO,,,257-259  North ST,Boston,MA,2109,777271.7865933031,2957866.0802601427
LB-101787,LDGHS0281,Active,Misc,Lodging Houses (Frat/Dorm),2014-04-10,2026-04-30,"6 Quint Ave, LLC",,,"Three story building with basement, 3 rooms in basement, 4 rooms on 1st floor, 5 rooms on 2nd floor, 4 rooms on 3rd floor.",,,,16,"Three story building with basement, 3 rooms on basement, 4 room on 1st floor, 5 rooms on 2nd floor, 4 rooms on 3rd floor."," 6 Quint Ave, LLC",John Sullivan,,6179300042,6-  Quint AV,Allston,MA,2134,755143.6212040484,2953816.3377034813
LB-107515,,Active,Misc,Dormitory,2013-09-16,2026-04-30,TRUSTEES OF BOSTON UNIVERSITY,BOSTON UNIVERSITY,,3 story plus basement apartment-style building. Each apartment unit has a kitchen and bathroom. Laundry machines are located on the basement level. There are no other common use facilities in the building.,,,,0,, Trustees of Boston University,NISHMIN KASHYAP,(617)353-2148,(617)353-2148,824-  Beacon ST,Boston,MA,2215,763564.7782462239,2951931.7971812338
LB-145544,,Active,Common Victualler,Common Victualler,2015-07-24,2026-12-31,"Mother Juice, Inc.","Mother Juice, Inc.",8 00 AM PM Wed Sunday,Prep space & retail stall within the Boston Public Market.,8:00 AM,8:00 PM,8:30 PM,0,," Mother Juice, Inc.",Ellen Fitzgerald,(617)945-7357,,136-  Blackstone ST,Boston,MA,2108,775759.6495257169,2957309.408473223
LB-99207,CV7AL0367,Active,Common Victualler,CV7 All Alc.,2013-11-25,2026-12-31,"MACUMBA LATINA, INC.",MACUMBA LATINA,ARMED SECURITY OUTSIDE PREMISES THURSDAY SUNDAY 10 PM THROUGH CLOSING,"Three emergency exits; in two rooms and kitchen on the first floor; cellar for stock.  Capacity breakdown: 208 standing, 52 seating.",,2:00 AM,2:30 AM,260,," MACUMBA LATINA, INC.", JOAO V. LOPES,,(617)427-4214,477-  River ST,Mattapan,MA,2126,766312.0667148829,2923017.712292969
LB-138836,,Active,Common Victualler,Common Victualler,2014-12-24,2026-12-31,Baran Yusuf Ak,Milano Pizzeria and Pasta,,"Street level pizza shop, One room with kitchen in rear.",11:00 AM,1:00 AM,1:30 AM,12,,Baran Yusuf Ak,Baran Yusuf Ak,(617)277-8277,,60-  Washington ST,Brighton,MA,2135,752849.8981012255,2950311.753833398
LB-349439,,Active,Common Victualler,Common Victualler,2017-12-05,2026-12-31,Kaizen Corp. VIII,Anna's Taqueria,,"Front line & serving area, hood and stoves, prep, storage and refrigeration. (the Prudential Center Plaza)",6:00 AM,2:00 AM,2:30 AM,0,, Kaizen Corp. VIII, Anthony Ackil,,,800-  Boylston ST,Boston,MA,2199,768945.5978651345,2951478.770200148
LB-99057,CV7AL0193,Active,Common Victualler,CV7 All Alc.,2013-11-29,2026-12-31,"JABC, LLC",The Playwright Bar,Open food only between hours 5 00 M 11 1 Licensee must always have full breakfast menu available as shown to Board 2 Door bar portion premises remain closed all times licensee is serving Capacity Breakdown 80 Patrons Bar Stools Seating 65 Tables amp Chairs 70 Booth Bench 123 Standing,,,1:00 AM,1:30 AM,338,"The (8000 SF) premises is made up of 2 floors. 1st floor has two separate bars, a kitchen and a handicap bathroom. Lower level has dry storage, men's and women's bathrooms, 3 coolers, office and storage area for employees."," JABC, LLC", JULIAN W. BOLGER,,(617)513-9879,658-660 E Broadway ,South Boston,MA,2127,781065.1960012168,2947769.974468142
LB-525352,,Active,Common Victualler,Common Victualler,2023-10-31,2026-12-31,"WCH South Bay, LLC",Dave's Hot Chicken,,"Premise is located at 10 District Ave, c10 aka 4 Lucy Street. One floor with kitchen and storage in the back.",11:00 AM,12:00 AM,12:30 AM,39,"Premise is located at 10 District Ave, c10 aka 4 Lucy Street. One floor with kitchen and storage in the back."," WCH South Bay, LLC",David Medeiros,(617)312-7158,,10-  District AV,Dorchester,MA,2125,774606.084903717,2943702.245070815
LB-446045,,Active,Common Victualler,Common Victualler,2021-04-30,2026-12-31,"Castle Island C2H, LLC","Castle Island Brewing, Co.",May open on Sundays sale service alcohol 10 00am in conjunctionwith brunch," In one large room on ground floor with bar, seating areas, retail area, kitchen and storage space (all together as the tasting room as show on plan); annual outdoor patio on private property (1,915SF) with 10:00PM closing hour and 39 seats; restrooms; In another large room on ground floor with tast",7:00 AM,12:00 AM,12:30 AM,207,"In one large room on ground floor with bar, seating areas, retail area, kitchen and storage space (all together as the tasting room as show on plan); annual outdoor patio on private property (1,915SF) with 10:00PM closing hour and 39 seats; restrooms; In another large room on ground floor with tasting bar and private/event seating areas, together with brewing equipment and storage in large room (all together as the event and brew areas, as Shown on plan). Total combined seating capacity 207. A food services agreement between Castle Island C2H, LLC and Lombardo’s of Randolph, Inc."," Castle Island C2H, LLC",Adam Romanow,(781)325-1892,,10-  Old Colony AV,South Boston,MA,2127,776197.9288328886,2948096.420009479
LB-101740,LDGHS0125,Active,Misc,Lodging Houses (Frat/Dorm),2014-04-30,2025-04-30,PARKVIEW LIMITED PARTNERSHIP,PARKVIEW SRO,       ,"32 furnished rms. w/kitchen facilities & 5 common baths, 6 rooms in basement, 5 room on 1st floor, 7 rooms on 2nd floor, 7 rooms on 3rd floor and 7 rooms on 4th floor.",,,,32,, PARKVIEW LIMITED PARTNERSHIP, Thomas Nee,,7818431242,85-  Westland AV,Boston,MA,2115,767190.0501951426,2950689.746187642
LB-101996,RETAL0235,Active,Misc,Retail All Alc.,2013-11-26,2026-12-31,"QUALITY MART, INC.",,FIVE 5 DAY SUSPENSION THREE 3 DAYS TO BE SERVED TWO 2 HELD IN ABEYANCE 10 28 24 30 CLOSED1 NO SALE SINGLES NIPS HALF PINTS OR KEGS ALCOHOL AFTER 11 00 P M MART OPERATING HOURS 6 MIDNIGHT SUNDAY WEDNESDAY amp THURSDAY SATURDAY WITH SALES COMMENCE 8 MONDAY THROUGH NOON ON,"ONE ROOM APPROXIMATELY 650 SQ. FT WITH STORAGE IN THE BASEMENT, ATTACHED TO EXISTING CONVENIENCE STORE.  ENTRANCE/EXIT ON CORNER OF MASSACHUSETTS AVENUE/BEACON STREET.",,11:00 PM,,0,," QUALITY MART, INC.", AYMEN RAJEH,,(781)558-5090,21-  Massachusetts AV,Boston,MA,2115,767105.9998383075,2953069.999957308
LB-101683,INNNL0004,Active,Inn,Innholder No Liquor,2013-11-26,2024-12-31,BRE Quad MA Owner LLC,CLUB QUARTERS BOSTON,NO ALCOHOLIC BEVERAGES TO BE SERVED,"SIXTEEN ROOMS ON THE SECOND FLOOR; EIGHTEEN ROOMS ON EACH FLOOR THREE THOUGH ELEVEN, FOR A TOTAL OF 178 ROOMS. (SEE ISD CERTIFICATE FOR MORE COMPLETE DESCRIPTION OF CAPACITY.)",,,,0,"SIXTEEN ROOMS ON THE SECOND FLOOR; EIGHTEEN ROOMS ON EACH FLOOR THREE THOUGH ELEVEN, FOR A TOTAL OF 178 ROOMS. (SEE ISD CERTIFICATE FOR MORE COMPLETE DESCRIPTION OF CAPACITY.)", BRE QUAD MA OWNER LLC,Christopher Elysee,,(617)960-9107,161-  Devonshire ST,Boston,MA,2110,775768.9999007285,2955170.0000223964
LB-558368,,Active,Common Victualler,Common Victualler,2024-04-26,2026-12-31,JuicyGreens Inc.,JUICYGREENS,,450SF Small Juice bar on a first floor with window for take out.,7:30 AM,10:00 PM,10:30 PM,0,450SF Small Juice bar on a first floor with window for take out., JuicyGreens Inc., Camilo Sanchez,(857)288-9776,,125-  Summer ST,Boston,MA,2111,775791.4286616445,2954008.9751134813
LB-101991,RETAL0229,Active,Misc,Retail All Alc.,2013-11-07,2026-12-31,"DEVONSHIRE WINE, LLC",BOSTON WINE EXCHANGE,1 NO NIPS OR REGULAR SINGLES TO BE SOLD,IN ONE LARGE ROOM ON THE FIRST FLOOR; AND TO INCLUDE ADDITIONAL STORAGE SPACE LOCATED IN THE BASEMENT FOR THE PURPOSES OF STORING GOODS AND STOCK OF AN ALCOHOLIC NATURE.,,10:00 PM,,0,IN ONE LARGE ROOM ON THE FIRST FLOOR; AND TO INCLUDE ADDITIONAL STORAGE SPACE LOCATED IN THE BASEMENT FOR THE PURPOSES OF STORING GOODS AND STOCK OF AN ALCOHOLIC NATURE.," DEVONSHIRE WINE, LLC", DIDIER MARIN,,(617)653-8038,181-185  Devonshire ST,Boston,MA,2110,775766.1140797138,2955085.002160892
LB-101838,LDGHS0358,Active,Misc,Lodging Houses (Frat/Dorm),2014-04-25,2026-04-30,TEMPLE PLACE SUITES LLC,,,"FIVE STORY BUILDING WITH 10 ROOMS ON THE SECOND FLOOR, 10 ROOMS ON THE THIRD FLOOR, 8 ROOMS ON THE FOURTH FLOOR, 8 ROOMS ON THE FIFTH FLOOR AND 8 ROOMS ON THE SIXTH FLOOR.",,,,85,"FIVE STORY BUILDING WITH 10 ROOMS ON THE SECOND FLOOR, 10 ROOMS ON THE THIRD FLOOR, 8 ROOMS ON THE FOURTH FLOOR, 8 ROOMS ON THE FIFTH FLOOR AND 8 ROOMS ON THE SIXTH FLOOR.", TEMPLE PLACE SUITES LLC,Russell Oken,(617)888-9469,,29-35  Temple PL,Boston,MA,2111,774520.2231988013,2954744.9621585608
LB-99065,CV7AL0202,Active,Common Victualler,CV7 All Alc.,2013-11-27,2026-12-31,"TOM ENGLISH'S COTTAGE, INC.",TOM ENGLISH'S TAVERN,       ,Side entrance to cellar from alley for stock; in one room and kitchen on first floor; cellar for stock.,,1:00 AM,1:30 AM,189,," TOM ENGLISH'S COTTAGE, INC.", THOMAS A. ENGLISH,,6172697264,112-118  Emerson ST,South Boston,MA,2127,780425.2172943056,2947803.5797158927
LB-566504,,Active,Common Victualler,Common Victualler,2024-12-19,2026-12-31,"Cantina Hospitality, LLC",Taco Bell,Operating Hours Thursday Sunday 8 00 AM To 2 amp Friday Saturday 30,"2,002SF of the entire restaurant space. First floor seating for 12 customers, restroom and counter for service in front. Kitchen, prep area and food storage in rear. Basement used for storage. ",8:00 AM,2:00 AM,2:30 AM,10,"2,002SF of the entire restaurant space. First floor seating for 12 customers, restroom and counter for service in front. Kitchen, prep area and food storage in rear. Basement used for storage."," Cantina Hospitality, LLC", Neika Thesalus,(203)850-7937,,1084-  Boylston ST,Boston,MA,2115,767496.0830476433,2951697.041417137
LB-302915,CV7MWR0005,Active,Common Victualler,CV7ALN - Neighborhood Restricted,2016-12-05,2026-12-31,SAGARMATHA CORPORATION,HIMALAYAN BISTRO,1 NO BAR 2 ALCOHOLIC BEVERAGES TO BE SERVED ONLY IN CONJUNCTION WITH MEALS,"In two rooms, on first floor; kitchen in the rear, storage in the basement.",,11:00 PM,11:30 PM,49,"In two rooms, on first floor; kitchen in the rear, storage in the basement.", SAGARMATHA CORPORATION, DAO THACH,,(857)544-0359,1735-1739  Centre ST,West Roxbury,MA,2132,750921.2425097227,2929975.3013961464
LB-101818,LDGHS0333,Active,Misc,Lodging Houses (Frat/Dorm),2014-04-25,2026-04-30,HALEY HOUSE,,,"13 single room reserved for permanent housing for homeless individuals as defined by the City of Boston.  2 rroms on first floor, 2 rooms on second floor, 3 rooms on third floor, 3 rooms on fourth floor & 3 rooms on fifth floor.",,,,13,"13 single room reserved for permanent housing for homeless individuals as defined by the City of Boston.  2 rroms on first floor, 2 rooms on second floor, 3 rooms on third floor, 3 rooms on fourth floor & 3 rooms on fifth floor.", HALEY HOUSE,Jill Kimmel,,(617)236-8132,503-  Columbus AV,Roxbury,MA,2118,769790.8018833846,2950133.908060476
LB-98726,BLRDS0060,Active,Misc,Billiards/Sippio,2014-04-01,2026-12-31,"FIRST BOSTON TEN PIN, INC.",BOSTON BOWL,1 SAT 12 00 AM CLOSING,Large room on the first floor with Bowling Alleys in the back and Pool Table area in the front.,,24 HOURS,,0,," FIRST BOSTON TEN PIN, INC.", JOSEPH A. SAMMARTINO JR.,,(617)740-1402,820-  William T Morrissey BL,Dorchester,MA,2122,778925.4706218839,2932444.103545144
LB-100106,CVICT0449,Active,Common Victualler,Common Victualler,2013-11-01,2026-12-31,Boston Halal LLC,Boston Halal,,"560SF store in the Faneuil Hall Market Place with no basement, no seating.",10:00 AM,9:00 PM,9:30 PM,0,, Boston Halal LLC, Babu Koganti,(269)267-0304,(,200-  Faneuil Hall Marketplace ,Boston,MA,2109,776492.0000951439,2956600.0001151413
LB-612055,,Active,Common Victualler,Common Victualler,2025-12-08,2026-12-31,Safrin Inc,Dorchester Pizza & Fried Chicken,Temporarily closed due to construction Doc Complete,"1,900SF Single-story restaurant features a customer service counter directly ahead upon entry, with a kitchen, employee-only restroom, and exit door located behind the counter.",10:00 AM,11:00 PM,11:30 PM,0,"1,900SF Single-story restaurant features a customer service counter directly ahead upon entry, with a kitchen, employee-only restroom, and exit door located behind the counter.", Safrin Inc, Sabbir Chowdhury,(857)395-6894,,159-  Washington ST,Dorchester,MA,2121,770008.5514478832,2936045.216093555
LB-590565,,Active,Common Victualler,Common Victualler,2025-03-28,2026-12-31,BU Donuts LLC,Dunkin Donuts,,"1,724SF One room on the first floor, three rooms with the kitchen at the rear, two bathrooms, and storage in the basement.",,24 Hours,,14,"1,724SF One room on the first floor, three rooms with the kitchen at the rear, two bathrooms, and storage in the basement.", BU Donuts LLC, Luis Reis,(617)816-6882,,214- N Beacon ST,Brighton,MA,2135,751061.308174476,2954903.6002927274
LB-100813,CVICT1918,Active,Common Victualler,Common Victualler,2014-02-04,2026-12-31,"ERDEM, LLC",El Triunfo Restaurant/Ali Baba,2 00AM 3 00 AM take out only,"First floor store front w/kitchen and prep area and 2 seating areas, one room with 8 seats, one room with 28 seats.",6:30 AM,2:00 AM,2:30 AM,28,," Erdem, LLC",Hatice Yagcioglu,,(617)542-8499,147- E Berkeley ST,Roxbury,MA,2118,773820.2413310558,2950502.3659849763
LB-99403,CV7AL0602,Active,Common Victualler,CV7 All Alc.,2013-11-25,2026-12-31,"DONAN, INC.",ARTU,       ,"FIRST FLOOR RESTAURANT WITH ADJOINING KITCHEN IN FOUR ROOMS; WITH BAR FOR TEN SEATS.  STORAGE ROOM IN BASEMENT.  RESTAURANT AND KITCHEN ON FIRST FLOOR WITH PASSAGEWAY JOINING DINING ROOMS  4-6-8 PRINCE STREET, BOSTON, MA  02113",,2:00 AM,2:30 AM,99,FIRST FLOOR RESTAURANT WITH ADJOINING KITCHEN IN FOUR ROOMS; WITH BAR FOR TEN SEATS.  STORAGE ROOM IN BASEMENT.  RESTAURANT AND KITCHEN ON FIRST FLOOR WITH PASSAGEWAY JOINING DINING ROOMS," DONAN, INC.", NANCY T. FRATTAROLI,,6177424336,4-  Prince ST,Boston,MA,2113,776786.873849228,2958004.6616759
LB-605594,,Active,Misc,Lodging Houses (Frat/Dorm),2025-09-02,2026-04-01,"Healing Homes of Boston, LLC","Healing Homes of Boston, LLC",,,,,,24,"4-story building with 3 rooms in the basement, 3 rooms on the first floor, 3 rooms on the second floor, 3 rooms on the third floor. 12 rooms total with 23 Lodgers total. All units contain a living or sleeping area, kitchenette and bathroom. No common Space."," Healing Homes of Boston, LLC",Sean Mentzinger,,,172-  Saint Botolph ST,Boston,MA,2115,768860.4950169772,2950194.9397625625
LB-100543,CVICT1401,Active,Common Victualler,Common Victualler,2013-10-21,2026-12-31,"Station Donuts, Inc.",DUNKIN DONUTS,,Takout with drive through service only.,5:00 AM,11:00 PM,11:30 PM,0,," STATION DONUTS, INC.", VICTORIANO SANTOS,,,4600-  Washington ST,Roslindale,MA,2131,753881.761523053,2925608.177912563
LB-574885,,Active,Common Victualler,Common Victualler,2024-10-01,2026-12-31,"JC & Friends, Inc.",K Chickin,,800SF total with the first floor being 740 SF. Basement for storage only. One bathroom and kitchen on the first floor. ,11:00 AM,11:00 PM,11:30 PM,19,800SF total with the first floor being 740 SF. Basement for storage only. One bathroom and kitchen on the first floor.," JC & Friends, Inc.", Chanatit Prawitsittikul,(617)372-5823,,86-  Peterborough ST,Boston,MA,2215,764604.6432924718,2950309.3716203123
LB-612182,,Active,Common Victualler,Common Victualler,2025-12-10,2026-12-31,"B and Y Foods, Inc",Deli Of Course,,"1,457SF Space consists of one room with tables located at the front near the left and right entrances, a counter positioned further back, and a door to the left of the kitchen.",6:00 AM,2:00 PM,2:30 PM,18,"1,457SF Space consists of one room with tables located at the front near the left and right entrances, a counter positioned further back, and a door to the left of the kitchen."," B and Y Foods, Inc", Brain Schweizer,(617)737-3242,,215-  Essex ST,Boston,MA,2111,775950.425718978,2953548.593160227
LB-463022,,Active,Misc,Lodging Houses (Frat/Dorm),2021-12-06,2026-04-30,"JC Botolph, LLC",,,"Four story Building. Four rooms in the basement, 3 rooms on 1st floor, 3 rooms on 2nd floor, 2 rooms on 3rd floor.",,,,11,Four story building with 12 rooms and 11 residents. Four rooms in the basement. 3 rooms on the 1st floor.Three on the 2nd floor. Two rooms on the 3rd floor.," The Ellie House, LLC",Paige Stone,,,169-  Saint Botolph ST,Boston,MA,2115,768913.4056723118,2950432.0760993063
LB-170291,,Active,Common Victualler,Common Victualler,2016-06-23,2026-12-31,"Plenty USA, Inc.",Hokkaido Ramen Santouka,,"Kitchen on first level, additional prep area and storage in basement.",11:00 AM,12:00 AM,12:30 AM,16,," Plenty USA, Inc.",Takahiro Igo,(617)372-7221,,66-  Hereford ST,Boston,MA,2115,768258.290184632,2952280.174109146
LB-101675,INNMW0004,Active,Inn,Innholder Malt & Wine,2013-11-15,2026-12-31,"MJ BACK BAY, LLC",COURTYARD BY MARRIOTT,,IN WHOLE OF SAID BUILDING.  ( SEE ISD CERTIFICATE FOR A MORE COMPLETE DESCRIPTION OF THE  PREMISES. ),,10:30 PM,11:00 PM,0,IN WHOLE OF SAID BUILDING.  ( SEE ISD CERTIFICATE FOR A MORE COMPLETE DESCRIPTION OF THE  PREMISES. )," MJ BACK BAY, LLC", TODD LINCOLN,,(617)244-4545,88-  Exeter ST,Boston,MA,2116,770020.9999138117,2952340.0001049787
LB-593379,,Active,Common Victualler,Common Victualler,2025-04-17,2026-12-31,Changfa LLC,New Golden Kitchen NO.1,,645SF Take-out only restaurant located on the first floor. The kitchen and an employee-only bathroom are located at the back of the building.,11:00 AM,10:00 PM,10:30 PM,0,645SF Take-out only restaurant located on the first floor. The kitchen and an employee-only bathroom are located at the back of the building., Changfa LLC, Wenjing Zheng,(815)566-7213,,1495-  Dorchester AV,Dorchester,MA,2122,775065.7992073894,2934504.669305891
LB-101874,RETAL0051,Active,Misc,Retail All Alc.,2013-11-08,2026-12-31,STANN LIQUORS CORPORATION,MACY'S,Board granted petition to open 10 00 m on Sundays,Rear door for stock; one room first floor; rear room and cellar for stock.,,11:00 PM,,0,, STANN LIQUORS CORPORATION, SOOK LEE HUYNH,,9789301665,1826-  Centre ST,West Roxbury,MA,2132,749951.6240421385,2929724.413774565
LB-101378,DRMTY0122,Active,Misc,Dormitory,2014-05-07,2026-04-30,TRUSTEES OF BOSTON UNIVERSITY,BOSTON UNIVERSITY,,9 story brick building with dining hall.,,,,416,9 story brick building with dining hall., TRUSTEES OF BOSTON UNIVERSITY,NISHMIN KASHYAP,,(617)353-3502,91-  Bay State RD,Boston,MA,2215,765103.1422954649,2952946.5310441405
LB-98967,CV7AL0088,Active,Common Victualler,CV7 All Alc.,2013-11-20,2026-12-31,CORK & TIPP TAVERN INC.,TAVERN AT THE END OF THE WORLD,,"Rear Entrance for stock; two rooms and kitchen on first floor; capacity 70 inside; cellar for stock; outdoor patio on private property 1,593 SF with 50 seats; patio hours will be from 10am-11pm for the months of March through November.
",,2:00 AM,2:30 AM,70,, CORK & TIPP TAVERN INC., WILLIAM O'BRIEN,,,108-  Cambridge ST,Charlestown,MA,2129,769811.4685087204,2964582.5264728963
LB-99678,CV7MW0527,Active,Common Victualler,CV7 Malt Wine Liq.,2013-11-13,2026-12-31,"Beza Mackenzie, LLC",Blue Nile,ALCOHOLIC BEVERAGES TO BE SERVED ONLY IN CONJUNCTION WITH MEALS ALCOHOL FOOD,"THE BUILDING SHARES A COMMON WALL BOTH TO THE RIGHT AND LEFT.  RESTAURANT IS LOCATED IN A ONE-STORY BUILDING.  FIRST FLOOR AT CURB LEVEL CONSISTS OF DINING AREA, BATHROOM, AND KITCHEN.  WITH FULL BASEMENT THAT WILL BE USED FOR STORAGE, FOOD PREP AND OFFICE SPACE.  ONE ENTRANCE ON CENTRE STREET.  ",,12:00 AM,12:30 AM,26,"THE BUILDING SHARES A COMMON WALL BOTH TO THE RIGHT AND LEFT.  RESTAURANT IS LOCATED IN A ONE-STORY BUILDING.  FIRST FLOOR AT CURB LEVEL CONSISTS OF DINING AREA, BATHROOM, AND KITCHEN.  WITH FULL BASEMENT THAT WILL BE USED FOR STORAGE, FOOD PREP AND OFFICE SPACE.  ONE ENTRANCE ON CENTRE STREET."," Beza Mackenzie, LLC", Thewodros Tesfaye,,(617)784-6243,389-  Centre ST,Jamaica Plain,MA,2130,761754.8156588078,2942708.7965983897
LB-582320,,Active,Common Victualler,CV7 All Alc by Zip Restricted,2025-10-15,2026-12-31,S & S RESTAURANT LLC,Harry's All American,ZIP CODE RESTRICTED SPECIAL LEGISLATION CHAPTER 202 ACTS 2024 ALL ALCOHOLIC BEVERAGES LICENSE,,,11:00 PM,11:30 PM,32,"1800 sq ft restaurant in the storefront space known as 1420 Centre Street on 2 floors with 1 entrance and 3 exits. First floor includes dining area with seating for 32, counter seating for 3, kitchen and prep area in rear, along with 1 restroom. Basement is for storage only; together with 2 seasonal (April - October) outdoor patios on private property (one on Knoll Street side and the other on Centre Street side) approximately 200 sq ft for a total of 24 outdoor seats and closing hour of 9pm for patio.", S & S Restaurant LLC, Edneia V. Santiago,(617)327-9256,(857)383-9101,1410-1420  Centre ST,Roslindale,MA,2131,754599.970716551,2932348.2966501415
LB-583877,,Active,Common Victualler,CV7 All Alc by Zip Restricted,2025-09-26,2026-12-31,"CabanaLV, Inc.",Cabana Grill,ZIP CODE RESTRICTED SPECIAL LEGISLATION CHAPTER 202 ACTS YEAR 2024,,,2:00 AM,2:30AM,87,"3,122 s.f. of restaurant/function space on 3 floors with 2 entrances and 2 exits; restaurant on the first floor includes dining area with seating for approximately 34, 2 restrooms and kitchen; function space on second floor includes bar with seating for 5 and various dining/standing areas, 3 additional restrooms. Basement includes office, walk in cooler, storage and additional kitchen."," CABANALV, INC.", PEDRO LOPEZ,(781)484-7569,,254-  Bennington ST,East Boston,MA,2128,783330.1330723912,2963345.942331895
LB-129110,,Active,Misc,Lodging Houses (Frat/Dorm),2014-09-17,2026-04-30,Sheila T. Losordo,The Copley Inn,N,Studio guestroom with kitchenette and private bath. 4 story building and basement.,,,,30,, Sheila T. Losordo, Sheila T. Losordo,(617)605-0240,,19-  Garrison ST,Boston,MA,2116,769747.0119447261,2951339.947315067
LB-101762,LDGHS0194,Active,Misc,Lodging Houses (Frat/Dorm),2014-04-28,2026-04-30,PINE STREET INN,BOWDITCH SCHOOL HOUSE,       ,"Four story building with basement.  4 rooms on basement, 14 rooms on first floor, 18 rooms on second floor and 14 rooms third floor.",,,,30,"Four story building with basement.  4 rooms on basement, 14 rooms on first floor, 18 rooms on second floor and 14 rooms third floor.", PINE STREET INN,Michael Kiley,(781)273-9470,(617)524-6057,82-   Green ST,Jamaica Plain,MA,2130,761821.083601221,2938868.06262092
LB-589750,,Active,Common Victualler,Common Victualler,2025-03-31,2026-12-31,THE GREEK GYRO LLC,THE GREEK GYRO,Name on ISD needs to be fixed before October Renewal,"1,100SF Space includes the first floor, which consists of the kitchen and dining area with seating for 9 people. There's also a countertop where customers can place orders. The kitchen located on this floor. Additionally, there is one bathroom on this level and a basement.",11:00 AM,10:00 PM,10:30 PM,9,"1,100SF space includes the first floor, which consists of the kitchen and dining area with seating for 9 people. There's a countertop where customers can place orders. This floor also features one bathroom and a basement downstairs.", THE GREEK GYRO LLC, Harout Abkarian,(781)325-3577,,88-  Peterborough ST,Boston,MA,2215,764617.8299458921,2950322.188523814
LB-101445,DRMTY0225,Active,Misc,Dormitory,2014-05-07,2026-04-30,TRUSTEES OF BOSTON UNIVERSITY,BOSTON UNIVERSITY,,Four story brick building.,,,,21,Four story brick building., TRUSTEES OF BOSTON UNIVERSITY,NISHMIN KASHYAP,,(617)353-3502,98-  Mountfort ST,Boston,MA,2215,762854.7009262145,2952154.2284948975
LB-100268,CVICT0804,Active,Common Victualler,Common Victualler,2013-10-24,2025-12-31,WATERMARK DONUT CO.,DUNKIN DONUTS,       ,Ground floor consisting of 480 sq. ft. to be used for sales area and for storage.,6:00 AM,MIDNIGHT,12:30 AM,6,, WATERMARK DONUT CO., SEAN SULLIVAN,,6174644001,1-  Deaconess RD,Boston,MA,2215,761842.731493473,2948493.5156719834
LB-101944,RETAL0154,Active,Misc,Retail All Alc.,2013-11-15,2026-12-31,SHIV PARK CORP,RICHARD'S WINE AND SPIRITS,Board acknowledges granted petition to open 10 m on Sundays,"Rear entrance for stock, one enlarged room first floor, cellar for stock, also add a number.  Premise is 3,000 sqft of retail  space.  At entrance is the counter with cash register.  Back wall has the walk-in cooler.  Wine shelves are scattered throughout remaining ",,11:00 PM,,0,"Rear entrance for stock, one enlarged room first floor, cellar for stock, also add a number.  Premise is 3,000 sqft of retail  space.  At entrance is the counter with cash register.  Back wall has the walk-in cooler.  Wine shelves are scattered throughout remaining floor space.  Hard liquors are all behind the counter.", SHIV PARK CORP, NAYNA PATEL,,,175-179  Wolcott SQ,Hyde Park,MA,2136,755692.5771271437,2911668.835384473
LB-98938,CV7AL0057,Active,Common Victualler,CV7 All Alc.,2013-11-26,2026-12-31,MCCARTHY'S INC. OF BOSTON,THE PUDDINGSTONE TAVERN,,,,1:00 AM,1:30 AM,73,"Rear entrance from yard; bulkhead entrance for stock; in one room on first floor; rear room on first floor and cellar for stock. Management agreement approved by BLB and ABCC between McCarthy’s, Inc. of Boston and P.T. O’Sullivan. Outdoor (year-round) patio on private property with 16 seats patio closing hour 11:30 PM.", MCCARTHY'S INC. OF BOSTON, HENRY WALSH,,(617)773-9266,1592-  Tremont ST,Mission Hill,MA,2120,763468.5235174745,2946789.5269539803
LB-124005,,Active,Common Victualler,Common Victualler,2013-12-27,2025-12-31,"KF Tea Symphony, LLC",Kung Fu Tea,,In one room on the first floor with prep area on the side and storage in the back; does not have a kitchen.,10:00 A.M.,11:00 P.M.,11:30 P.M.,16,," KF Tea Symphony, LLC", Jian Hua Tang,(617)350-6188,,334-  Massachusetts AV,Boston,MA,2115,768584.9998330474,2950149.9998918027
LB-584097,,Active,Common Victualler,CV7 Malt Wine by Zip Restricted,2025-05-28,2026-12-31,"Cholo Brothers, LLC",Peruvian Taste Restaurant,Special Legislation Zip Code Restricted Wines amp Malt Alcoholic Beverages License Chapter 202 year 2024,,,10:00 PM,10:30 PM,24,"1,200sf total: In one room on ground level, with one main dining area for seating and small bar with seating for 3. Kitchen in rear, storage in basement. Main entrance/exit on Arlington Ave. 1 additional emergency exit in rear of premises."," Cholo Brothers, LLC", Jose Villafranca,(617)242-5100,,78-  Arlington AV,Charlestown,MA,2129,770980.4035068005,2966400.6356975585
LB-101346,DRMTY0062,Active,Misc,Dormitory,2014-04-24,2025-04-30,XI SAM/FENWAY HOUSE ALUMNI CORPORATION,M.I.T,XI SAM FENWAY HOUSE ALUMNI CORPORATION,Four story brick building plus basement.,,,,26,Four story brick building plus basement., XI SAM/FENWAY ALUMNI CORPORATION,Marc D. Tanner,,(617)437-1043,34-  Fenway ,Boston,MA,2115,766952.5099878013,2951176.9361581504
LB-101882,RETAL0060,Active,Misc,Retail All Alc.,2013-11-26,2026-12-31,"JIMMY'S CORNER, INC.",JIMMY'S KORNER,Board granted petition to open 10 00 m on Sundays,IN ONE ROOM ON FIRST FLOOR WITH CELLAR FOR STOCK.,,11:00 PM,,0,," JIMMY'S CORNER, INC.", JEWEL SAEED,,(781)632-0113,143-  P ST,South Boston,MA,2127,783974.9998928905,2946859.999910146
LB-595045,,Active,Common Victualler,CV7 All Alc by Zip Restricted,2025-11-18,2026-12-31,"FAS, LLC",Mesob Restaurant,Manually edited address to 1746 1752 Washington Street Suite C Boston MA 02118ZIP CODE RESTRICTED CV7ALZ SPECIAL LEGISLATION CHAPTER 202 YEAR 2024 ALL ALCOHOLIC BEVERAGESApproved Renewal accident CH waiting on documents,"Premise identified as: 1746-1752 Washington St, Suite C, Boston, MA 02118; 983sf total: in three rooms on ground floor, including one main dining area for seated guests, kitchen, and a back room housing a walk-in refrigerator and sinks. Main entrance/exit on Washington Street. Emergency exit in rear",,1:00 AM,,36,"Premise identified as: 1746-1752 Washington St, Suite C, Boston, MA 02118; 983sf total: in three rooms on ground floor, including one main dining area for seated guests, kitchen, and a back room housing a walk-in refrigerator and sinks. Main entrance/exit on Washington Street. Emergency exit in rear."," FAS, LLC", Ariam Berhane,,,1746-1748  Washington ST,Roxbury,MA,2118,770661.5166773945,2947918.853107393
LB-101400,DRMTY0153,Active,Misc,Dormitory,2014-05-07,2026-04-30,TRUSTEES OF BOSTON UNIVERSITY,BOSTON UNIVERSITY,,Four story brick building.,,,,55,Four story brick building., TRUSTEES OF BOSTON UNIVERSITY,NISHMIN KASHYAP,,(617)353-3502,195-  Bay State RD,Boston,MA,2215,763680.673355639,2953074.692205146
LB-99594,CV7MW0291,Active,Common Victualler,CV7 Malt Wine,2013-11-07,2026-12-31,"TRIDENT BOOKSELLERS, INC.",TRIDENT BOOKSELLERS,MALT WINE BEVERAGES TO BE SERVED ONLY IN CONJUNCTION WITH MEALS PATIO CONDITIONS 1 ALCOHOLIC 2 STAFFED ALL TIMES 3 CLOSING HOUR 11 00 P M INSIDE 12 AM,"ONE LARGE ROOM ON FIRST FLOOR WITH KITCHEN, STORAGE IN REAR AND BASEMENT; ONE HALF OF THE 2ND FLOOR; APPROX. 1900 SQUARE FEET W/ RETAIL, DINING AND FOOD PREP. AND TO INCLUDE AN OUTDOOR SEASONAL PATIO FROM APRIL - OCTOBER FOR 14 PATRONS ON PRIVATE PROPERTY BETWEEN THE HOURS OF 9:00 A.M. - 11:00 P.M. ",,,12:30 AM,224,"ONE LARGE ROOM ON FIRST FLOOR WITH KITCHEN, STORAGE IN REAR AND BASEMENT; ONE HALF OF THE 2ND FLOOR; APPROX. 1900 SQUARE FEET W/ RETAIL, DINING AND FOOD PREP. AND TO INCLUDE AN OUTDOOR SEASONAL PATIO FROM APRIL - OCTOBER FOR 14 PATRONS ON PRIVATE PROPERTY BETWEEN THE HOURS OF 9:00 A.M. - 11:00 P.M. ENTRANCE/EXIT ON NEWBURY STREET. (STORE/CAFE - 224 PERSONS BAR-STOOLS 1ST FLOOR - 24 PERSONS TABLES & CHAIRS 1ST FLOOR - 91 PERSONS STANDING 1ST FLOOR - 35 PERSONS BAR STOOLS 2ND FLOOR - 13 PERSONS TABLES & CHAIRS 2ND FLOOR - 58 PERSONS STANDING 2ND FLOOR - 23 PERSONS)"," TRIDENT BOOKSELLERS, INC.", MICHAEL LEMANSKI,,(631)478-8005,338-  Newbury ST,Boston,MA,2115,767918.0936865509,2952194.7044638097
LB-459198,,Active,Misc,Lodging Houses (Frat/Dorm),2023-01-20,2026-04-30,Worcester Tremont LLC,CAJ House,,"This is a 6 level building. There is 1 room on the garden level as well as a laundry room and utility room. The street level contains an entrance and commercial space. The 1st fl contains the main entrance and two rooms, each with their own bathroom and kitchen facility. 2nd, 3rd, 4th w/own ",,,,0,"This is a 6 level building. There is 1 room on the garden level as well as a laundry room and utility room. The street level contains an entrance and commercial space. The 1st fl contains the main entrance and two rooms, each with their own bathroom and kitchen facility. 2nd, 3rd, 4th with own bathrooms and kitchen facilities.", WORCESTER TREMONT LLC,Barry Samuels,,,677-  Tremont ST,Roxbury,MA,2118,770681.8466892242,2949813.9756294787
LB-101440,DRMTY0218,Active,Misc,Dormitory,2014-05-07,2026-04-30,TRUSTEES OF BOSTON UNIVERSITY,BOSTON UNIVERSITY,,Five story brick building.,,,,81,Five story brick building., TRUSTEES OF BOSTON UNIVERSITY,NISHMIN KASHYAP,,(617)353-3502,728-  Commonwealth AV,Boston,MA,2215,762552.5919503868,2952675.8780421466
LB-100359,CVICT0994,Active,Common Victualler,Common Victualler,2014-01-16,2025-12-31,"NSL, CORP.",BOSTON KITCHEN PIZZA,MIDNIGHT CLOSING SUN THUR 2 00 AM FRI amp SAT,"ONE ROOM FIRST FLOOR.  ONE STUART STREET, BOSTON, MA  02111",8:00 AM,MIDNIGHT,12:30 AM,39,ONE ROOM FIRST FLOOR.," NSL, CORP.", LINHVU NGUYENZIAD ODEH,,6174709899,1-  Stuart ST,Boston,MA,2116,774270.9999439716,2953259.9999053925
LB-101907,RETAL0098,Active,Misc,Retail All Alc.,2013-11-29,2026-12-31,"Sisters Markets, Inc. ",Deluca's Market,Go to document ID 0004R,"One room first floor, two rooms basement and one room basement for stock",,11:00 PM,,0,," Sisters Markets, Inc.", Victoria Aiello,,,239-  Newbury ST,Boston,MA,2116,769039.8263512254,2952772.3201064765
LB-101189,CVICT2419,Active,Common Victualler,Common Victualler,2013-11-01,2026-12-31,"COFFEE CULTURE, INC.",CUPPACOFFEE,,IN ONE ROOM ON THE FIRST FLOOR WITH KITCHEN AND PREP AREA IN THE REAR.,6:30 AM,10:30 PM,11:00 PM,7,," COFFEE CULTURE, INC.", TODD MOORE,,5089306297,1-  Merrimac ST,Boston,MA,2114,775135.8499203026,2957681.875576064
LB-100139,CVICT0520,Active,Common Victualler,Common Victualler,2013-10-29,2026-12-31,"I Fresh Noodle, LLC",i Fresh Noodle,,"One room on the first floor, kitchen and bathroom in rear, basement storage.",11:00 AM,11:00 PM,11:30 PM,19,," iFresh Noodle, LLC",Quanhu Xia,(857)294-2634,,182-  Brighton AV,Allston,MA,2134,755186.1148854643,2953881.7283207327
LB-101458,DRMTY0243,Active,Misc,Dormitory,2014-05-05,2026-04-30,TRUSTEES OF BOSTON UNIVERSITY,BOSTON UNIVERSITY,,Three story brick building.,,,,130,, TRUSTEES OF BOSTON UNIVERSITY,NISHMIN KASHYAP,(617)353-2148,,162-  Riverway ,Boston,MA,2215,762749.5889317244,2950108.26933223
LB-100025,CVICT0301,Active,Common Victualler,Common Victualler,2013-10-28,2026-12-31,OMEGA FOODS,DUNKIN DONUTS,       ,In one room on the first floor with kitchen in the rear storage in the basement.,7:00 AM,11:00 PM,11:30 PM,20,In one room on the first floor with kitchen in the rear storage in the basement., OMEGA FOODS, Efharis Alepedis,,267-7153,715-  Boylston ST,Boston,MA,2116,769696.9582390487,2952720.8822172284
LB-130760,,Active,Misc,Retail All Alc.,2014-11-20,2026-12-31,"WHOLE FOODS MARKET GROUP, INC.",Whole Foods Market,Board acknowledged granted petition to open 10 00 m on Sundays,Supermarket on the first floor with the display of alcohol to occur on shelves and in display cases; point of sale of alcohol will be at the cash registers.,,10:00 PM,,0,," WHOLE FOODS MARKET GROUP, INC.", WHOLE FOODS MARKET GROUP INC.,(617)492-5500,,348-  Harrison AV,Roxbury,MA,2118,774348.7655364722,2951104.9061184824
LB-101889,RETAL0070,Active,Misc,Retail All Alc.,2013-11-25,2026-12-31,"HANOVER STREET LIQUORS, LLC",HANOVER WINE & SPIRITS,Board acknowledged granted petition to open 10 00 AM on Sundays,Two rooms first floor; rear room and basement for stock.,,11:00 PM,,0,," HANOVER STREET LIQUORS, LLC", JOSEPH F. GIANGREGORIO,,6177233663,363-365   Hanover ST,Boston,MA,2113,,
LB-100242,CVICT0746,Active,Common Victualler,Common Victualler,2013-11-27,2026-12-31,"UNIVERSITY HOUSE OF PIZZA, INC.",,,In one room on the first floor with kitchen in the rear storage in the rear.,9:00 AM,2:00 AM,2:30 AM,16,," UNIVERSITY HOUSE OF PIZZA, INC.", PARTHENA SAVVIDIS,,(617)327-7223,452-  Huntington AV,Boston,MA,2115,766253.9999018908,2948659.999919057
LB-101066,CVICT2280,Active,Common Victualler,Common Victualler,2013-11-18,2025-12-31,"PMK FOODS, INC.",Citra Cafe,7 00 AM 5 PM Mon Fri,One room with kitchen in the back,7:00 AM,5:00 PM,5:30 PM,14,," PMK Foods, Inc",Prakash Shrestha,(617)283-5353,7819790362,15     Francis ST,Boston,MA,2115,0.0,0.0
LB-589341,,Active,Common Victualler,Common Victualler,2025-03-10,2026-12-31,Mr Tamole LLC,Mr Tamole,,10 x 20SF On the first floor inside the Boston public market location. Stall with a counter table and 4 seats built into the floor. The Boston Public Market has two bathrooms: one near the loading dock and the other near the elevator.,10:00 AM,8:00 PM,8:30 PM,0,10 x 20SF On the first floor inside the Boston public market location. Stall with a counter table and 4 seats built into the floor. The Boston Public Market has two bathrooms: one near the loading dock and the other near the elevator., Mr Tamole LLC, Andres Medina Carreto,(617)602-8277,,100-  Hanover ST,Boston,MA,2108,775748.2978423834,2957333.8142643124
LB-577182,,Active,Common Victualler,CV7 Malt Wine Liq by Zip Restricted,2025-03-20,2026-12-31,"Con Sabor A Colombia, Inc.",,Special Legislation Zip Code Restricted Wines amp Malt Beverages with Liqueurs License Chapter 202 year 2024,"1188SF restaurant on ground floor with 1 entrance/ 2 exits. The dining room is in the front with seating for 30; bar seating for 3. The kitchen is in the rear of the restaurant, along with a bathroom and storage area on the left side of the restaurant.",,11:00 PM,11:30 PM,25,"1188SF restaurant on ground floor with 1 entrance/ 2 exits. The dining room is in the front with seating for 30; bar seating for 3. The kitchen is in the rear of the restaurant, along with a bathroom and storage area on the left side of the restaurant."," Con Sabor A Colombia, Inc.", Jose Dario Gomez,(617)418-5610,,244-  Meridian ST,East Boston,MA,2128,780638.9117488116,2962354.5742358863
LB-404402,,Active,Common Victualler,Common Victualler,2021-01-11,2026-12-31,"Love Art Poke Congress, LLC",Love Art Poke,,"First floor with kitchen (cold kitchen, no hood), service area, and dining space.",6:00 AM,11:00 PM,11:30 PM,16,," Love Art Poke Congress, LLC",Jessica Chiep,(301)742-6705,,40-  Water ST,Boston,MA,2109,775960.9998448044,2955699.999946639
LB-101760,LDGHS0189,Active,Misc,Lodging Houses (Frat/Dorm),2014-04-09,2026-04-30,ROBERT TERWILLIGER,THE FARRINGTON INN,       ,"Three story building with 6 rooms on first floor, 6 rooms on second floor and 6 rooms on third floor.",,,,26,"Three story building with 6 rooms on first floor, 6 rooms on second floor and 6 rooms on third floor.", ROBERT TERWILLIGER, ROBERT TERWILLIGER,,6177827740,19-21  Farrington AV,Allston,MA,2134,755879.3697325587,2954322.4177280664
LB-101544,DRMTY0346,Active,Misc,Dormitory,2014-07-17,2026-04-30,FISHER COLLEGE,,,5 story brown stone building.,,,,34,5 story brown stone building., FISHER COLLEGE, Paul McBrine,,7813213258,133-  Beacon ST,Boston,MA,2116,771325.7440234721,2954594.8328656405
LB-301847,,Active,Misc,Retail All Alc.,2017-02-23,2026-12-31,Highsky Market Inc.,,,,,11:00 PM,,0,"2,745 square feet on the first floor (of a 15 story building) containing retail space, service counter, kitchen and storage area. Retail space operates as a retail package store, market and takeout restaurant.", HIGHSKY MARKET INC, Pranavi Chekuri,,,50-  Northern AV,Boston,MA,2210,778812.5784592181,2954152.0929374695
LB-562053,,Active,Common Victualler,Common Victualler,2024-07-03,2025-12-31,Sammys Carlo's Delicatessen & Catering,Sammys Carlo's Delicatessen & Catering,,"1100SF Open floor plan that seats 30 people, with a cold prep/sandwich area and a grill towards the back, kitchen, bathroom and freezer rear of the restaurant. ",7:00 AM,11:00 PM,11:30 PM,30,"1100SF Open floor plan that seats 30 people, with a cold prep/sandwich area and a grill towards the back, kitchen, bathroom and freezer rear of the restaurant.", Sammys Carlo's Delicatessen & Catering, Stephen Scire,(617)567-0058,,567-  Bennington ST,East Boston,MA,2128,786350.9731592983,2964776.804299563
LB-100309,CVICT0885,Active,Common Victualler,Common Victualler,2013-10-30,2026-12-31,AGRON JOCA,OLYMPIC HOUSE OF PIZZA,,In one room on the first floor with kitchen in the rear storage in the basement.  ,11:00 AM,12:00 AM,12:30 AM,19,, AGRON JOCA, DOMNA MISITSAKIS,,7818881363,655A- E Broadway ,South Boston,MA,2127,780975.5364036411,2947586.072933063
LB-541579,,Active,Common Victualler,CV7ALN - Neighborhood Restricted,2024-01-02,2026-12-31,General Admission LLC,Victoria's Diner,Neighborhood Restricted Special Legislation Chap 287 Acts Year 2014Capacity Breakdown 45 Basement 61 Dining Room 92 existing Rear Function Rm amp Bsmt Area,"First floor (+/- 3,476 S.F.) consisting of two dining rooms with seating for 142, kitchen, office, and two (2) restrooms. Basement (+/- 3,419 S.F.) consisting of function room with seating for 34, prep kitchen, storage rooms, office, and two (2) restrooms. ",,2:00AM,2:30 AM,198,"First floor (+/- 3,476 S.F.) consisting of two dining rooms with seating for 142, kitchen, office, and two (2) restrooms. Basement (+/- 3,419 S.F.) consisting of function room with seating for 34, prep kitchen, storage rooms, office, and two (2) restrooms. Offering 24-Hour food service.", General Admission LLC, Henry Mu,(617)442-5965,,1024-  Massachusetts AV,Roxbury,MA,2118,773306.8985257149,2944510.1706203073
LB-99301,CV7AL0475,Active,Common Victualler,CV7 All Alc.,2013-12-01,2026-12-31,"PIER 50, LLC",COMMITTEE,,,,2:00 AM,2:30 AM,237,"Open dining and bar area in one room +/- 3104 square feet; private dining area located in the rear +/- 201 square feet. Kitchen and storage to the left of main entrance. Outdoor bar and patio area: bar seating for 8 patrons; dining seats for 58 patrons; and lounge seating for 16 patrons , all located on private property; outdoor total +/ - 1,145 square feet."," PIER 50, LLC", GEORGE ABOUJAOUDE,(617)792-4407,,50-  Northern AV,Boston,MA,2210,778812.5784592181,2954152.0929374695
LB-100490,CVICT1297,Active,Common Victualler,Common Victualler,2013-10-30,2026-12-31,EL PELON TAQUERIA CORP.,EL PELON TAQUERIA,,IN ONE ROOM ON THE FIRST FLOOR WITH KITCHEN AND STORAGE IN THE BASEMENT. ,11:00 AM,11:00 PM,11:30 PM,12,, EL PELON TAQUERIA CORP., JAMES HOBEN,,6177799090,2197-  Commonwealth AV,Brighton,MA,2135,746330.3540537208,2949189.687507972
LB-99741,CV7MWL0064,Active,Common Victualler,CV7 Malt Wine Liq.,2013-11-25,2026-12-31,VERVEINE CORP.,COPPA,PATIO CONDITIONS 1 10 00 P M CLOSING ALL PATRONS TO BE CLEARED OUT EVERY NIGHT 2 24 SEATS ON 3 ALCOHOL SERVED IN CONJUNCTION WITH FOOD ONLY 4 PLANTERS SCREEN SHAWMUT AVENUE SIDE,"IN ONE ROOM ON THE FIRST FLOOR WITH KITCHEN AND STORAGE IN THE REAR, ALSO TO INCLUDE A SEASONAL OUTSIDE PATIO/CAFE FROM  MAY 1ST THROUGH OCTOBER 31ST.",,1:00 AM,1:30 AM,40,"IN ONE ROOM ON THE FIRST FLOOR WITH KITCHEN AND STORAGE IN THE REAR, ALSO TO INCLUDE A SEASONAL OUTSIDE PATIO/CAFE FROM  MAY 1ST THROUGH OCTOBER 31ST.", VERVEINE CORP., Kenneth Oringer,,(617)536-4300,253-  Shawmut AV,Roxbury,MA,2118,772763.7516461313,2950475.6403166503
LB-562753,,Active,Common Victualler,Common Victualler,2024-05-23,2026-12-31,goldberg food enterprises LLC,hows your meat,,"935SF Space that has a kitchen in the front separated by at take out counter. In the back is the kitchen prep area, employee changing room/ bathroom and a basement for dry storage. ",8:00 AM,10:00 PM,10:30 PM,10,"935SF Space that has a kitchen in the front separated by at take out counter. In the back is the kitchen prep area, employee changing room/ bathroom and a basement for dry storage.", goldberg food enterprises LLC, Stephen Goldberg,(781)492-6730,,5272-  Washington ST,West Roxbury,MA,2132,748414.3016574681,2919660.2091654837
LB-101636,INNAL0024,Active,Inn,Inn. All Alc.,2013-11-14,2026-12-31,ICONIC COPLEY PLAZA HOTEL LLC,FAIRMONT COPLEY PLAZA HOTEL,10 00 M ON SUNDAYS SALE ALCOHOLIC BEVERAGES WITH BRUNCH,"9-story hotel building, approx. 370,000sf, 383 guest rooms/suites, restaurant, bar, 3 lounges, 2 kitchens, gift shop, fitness center, grand ballroom, 15 meeting room/function spaces, lobby & other common spaces. Seasonal sidewalk cafe (Apr.30-Nov.15) on section of public sidewalk in front of 138 St.",,2:00 AM,2:30 AM,0,"9-story hotel building, approx. 370,000sf, 383 guest rooms/suites, restaurant, bar, 3 lounges, 2 kitchens, gift shop, fitness center, grand ballroom, 15 meeting room/function spaces, lobby & other common spaces. Seasonal sidewalk cafe (Apr.30-Nov.15) on section of public sidewalk in front of 138 St. James Ave.(50 patrons; 11:30 AM-Midnight).", ICONIC COPLEY PLAZA HOTEL LLC, Tabish Siddiquie,,,138-150   Saint James AV,Boston,MA,2116,,
LB-596573,,Active,Common Victualler,Common Victualler,2025-05-29,2025-12-31,Biatturi LLC,HEYTEA Newbury,,"800SF Take-out only tea shop (beverage store). The first floor includes a small food preparation area and a pickup counter at the front. There is an additional small prep area in the back, along with an employee-only bathroom.",11:00 AM,9:30 PM,10:00 PM,0,"800SF Take-out only tea shop (beverage store). The first floor includes a small food preparation area and a pickup counter at the front. There is an additional small prep area in the back, along with an employee-only bathroom.", Biatturi LLC, Kaan Miao,(424)480-8848,,223-  Newbury ST,Boston,MA,2116,769263.7399453819,2952864.524646476
LB-100274,CVICT0814,Active,Common Victualler,Common Victualler,2013-12-30,2026-12-31,"MY SISTER'S CRAWFISH RESTAURANT III, INC",,,In one room on the first floor with kitchen in the rear storage in the basement.,8:00 AM,9:00 PM,9:30 PM,17,In one room on the first floor with kitchen in the rear storage in the basement.," MY SISTER'S CRAWFISH RESTAURANT III, INC",VIVIAN VETH,(617)282-9791,,1487-  Dorchester AV,Dorchester,MA,2122,775079.999997556,2934629.99999297
LB-100365,CVICT1013,Active,Common Victualler,Common Victualler,2013-11-12,2026-12-31,"Canton Eatery, Inc.",CANTON EATERY,,In one room on the first floor with kitchen in the rear storage in the rear.,11:30 AM,4:00 AM,4:30 AM,8,," Canton Eatery, Inc.",Biyan Luu Huang,,(617)569-3400,339-  Meridian ST,East Boston,MA,2128,780731.4962093085,2963222.420597315
LB-471198,,Active,Common Victualler,CV7ALN - Neighborhood Restricted,2022-05-31,2026-12-31,Bella Haven Restaurant Group,The Haven at the Brewery,,,,1:00AM,1:30 AM,174,"In two rooms on first floor with kitchen and storage in rear left of remiss: 2 entrances on Amory Street and 3 emergency exits and to include seasonal outdoor dining on an enclosed private patio from April-October for 48 patrons from 10am-11-pm. Capacity breakdown – 116 Seated, 10 Stage & 48 Outside Seating", Bella Haven Restaurant Group, Jason Waddleton,(617)792-9092,,284-  Amory ST,Jamaica Plain,MA,2130,763321.2915284783,2939914.8090761453
LB-100502,CVICT1319,Active,Common Victualler,Common Victualler,2013-10-22,2026-12-31,JORDAN TSE & JOHN J. MANNING,,,800 sq. ft. street level with double doors and unisex restroom & handicap acessable.,7:00 AM,11:00 PM,11:30 PM,20,, Jordan Tse & John J. Manning, JORDAN TSE,,6174260673,69-  Berkeley ST,Boston,MA,2116,772243.1785403043,2951687.65167214
LB-100128,CVICT0505,Active,Common Victualler,Common Victualler,2013-11-21,2026-12-31,"Soup Shack, Inc.",Asian Noodle Soup,,"One room first floor, kitchen in rear.",11:30 AM,10:00 PM,10:30 PM,16,," Soup Shack, Inc.", Chainarest Chounchaisit,(617)522-0277,,779-  Centre ST,Jamaica Plain,MA,2130,760141.7276776433,2938209.0290231407
LB-100427,CVICT1176,Active,Common Victualler,Common Victualler,2013-11-01,2026-12-31,"BOSTON SCOOP SHOPS, INC.",BEN & JERRY'S,,FIRST FLOOR IN FOOD COURT.,11:00 AM,10:00 PM,10:30 PM,0,," BOSTON SCOOP SHOPS, INC.", JASON SWEENEY,,6178770252,800-  Boylston ST,Boston,MA,2199,769309.8973333836,2951861.4098548144
LB-173554,,Active,Common Victualler,Common Victualler,2016-11-17,2025-12-31,"Fomu Tremont Street, Inc.",Fomu Ice Cream,,"In one room on the first floor, kitchen and storage in rear.",10:00 AM,11:00 PM,11:30 PM,19,, Fomu Tremont Street,Deena Jalal,(781)608-3395,,655-  Tremont ST,Roxbury,MA,2118,770879.7937998921,2949961.7118825614
LB-99357,CV7AL0550,Active,Common Victualler,CV7 All Alc.,2013-11-21,2026-12-31,DECIBEL ENTERPRISES LLC,dbar,Open 10 00 AM service food only alcohol with brunch 11 on Sunday,"IN ONE ROOM AND KITCHEN ON THE FIRST FLOOR; CELLAR FOR STOCK AND TO INCLUDE AN OUTDOOR PATIO FOR 40 PATRONS ON PRIVATE PROPERTY.  Capacity breakdown: 180 inside, 40 outside.",,2:00 AM,2:30 AM,180,, DECIBEL ENTERPRISES LLC, BRIAN PICCINI,,(617)797-2966,1238-1242   Dorchester AV,Dorchester,MA,2125,0.0,0.0
LB-126385,,Active,Misc,Retail All Alc.,2014-05-06,2026-12-31,"STAR MARKETS COMPANY, INC.",STAR MARKET,No nips singles Board granted petition to open 10 00 AM on Sundays, ,,11:00 P.M.,,0,"Retail sales of packaged all alcoholic beverages (for off-premise consumption) located inside of an approximately 56,568 square foot supermarket with approximately 1,661 square feet of total retail sales display and storage of alcohol; on ground floor and basement levels of a 39 story building, with alcohol display and storage located entirely in lower basement level."," STAR MARKETS COMPANY, INC.", ROBERT JOSEPH KELLY,(617)267-4684,,90-  Causeway ST,Boston,MA,2114,774628.6068402976,2958563.425978303
LB-101767,LDGHS0212,Active,Misc,Lodging Houses (Frat/Dorm),2014-05-21,2026-04-30,1650 Commonwealth LLC,Hotel Boston,,Two story building with 12 rooms on first floor and 6 rooms on second floor.  ,,,,36,, 1650 Commonwealth LLC,Demitrus Glover,,(781)934-0794,26-  Mount Hood RD,Brighton,MA,2135,752710.8593373001,2949773.203401312
LB-513632,,Active,Common Victualler,Common Victualler,2022-12-27,2025-12-31,"Banh Mi Chi Toi, Inc.",My Sister's Sandwich Cafe,,"First floor with dining area and prep area, two bathrooms and two storage rooms in the back of restaurant.",6:00 AM,6:00 PM,6:30 PM,20,," Banh Mi Chi Toi, Inc.",Junior Pena,(617)265-1000,,1544-   Dorchester AVE,Dorchester,MA,2122,775041.096989527,2933852.31029625
LB-99264,CV7AL0433,Active,Common Victualler,CV7 All Alc.,2013-11-14,2026-12-31,OLD COLONIAL CORPORATION,BELL IN HAND,       ,,,2:00 AM,2:30 AM,496,Unnumbered entrance and exit on Marshall Street; in three rooms and kitchen on the first floor; cellar for stock and one large room on the second floor. Capacity breakdown: 1st fl - 296; 2nd fl - 200. Seasonal (April-October) outdoor patio on public property along eaterly side of Union Street (+/- 733 square feet)., OLD COLONIAL CORPORATION, DEBRA E. KESSLER,,(617)227-2098,45-55  Union ST,Boston,MA,2108,775878.0564411432,2957107.071935639
LB-99344,CV7AL0533,Active,Common Victualler,CV7 All Alc.,2013-11-15,2026-12-31,"SHANNON TAVERN, INC.",SHANNON TAVERN,,Bulkhead entrance to cellar from yard in rear for stock; in two rooms on first floor; cellar for stock.,,1:00 AM,1:30 AM,45,," SHANNON TAVERN, INC.", JEREMIAH P. BOWEN JR.,,(617)848-0018,558- E Third ST,South Boston,MA,2127,781273.8583135605,2948018.0783026367
LB-127010,,Active,Common Victualler,Common Victualler,2014-10-20,2026-12-31,"Tea Do, LLC",Tea Do,CLOSING HOUR ON FRIDAYS SATURDAYS IS 1 00 AM,In one room on the first floor with kitchen in the rear.,10:00 AM,12:00 AM,12:30 AM,30,," Tea Do, LLC",Shi Poon,(617)988-8002,,8-  Tyler ST,Boston,MA,2111,774987.0001523942,2953249.99992539
LB-99427,CV7AL0629,Active,Common Victualler,CV7 All Alc.,2013-11-25,2026-12-31,"CARMAC, INC.",6B/Emmetts,,IN TWO ROOMS ON  FIRST FLOOR; KITCHEN AND STORAGE IN TWO ROOMS IN BASEMENT.  Capacity breakdown: 120 @ Emmetts; 120 @ 6-B Side.,,2:00 AM,2:30 AM,240,IN TWO ROOMS ON  FIRST FLOOR; KITCHEN AND STORAGE IN TWO ROOMS IN BASEMENT.  Capacity breakdown: 120 @ Emmetts; 120 @ 6-B Side.," CARMAC, INC.", Oran McGonagle,,(781)631-6263,6-  Beacon ST,Boston,MA,2108,774679.1651381403,2955839.9524226487
LB-363921,,Active,Common Victualler,Common Victualler,2018-10-17,2026-12-31,"iPot Boston, LLC",Happy Lamb Hot Pot,11 00 AM 10 30 PM Mon Thur 1 Fri Sun,"Reception, dining room and kitchen on first floor. Storage in basement.",11:00 AM,10:30 PM,11:00 PM,98,," ipot Boston, LLC",Michael Luk,(858)688-2737,,693-  Washington ST,Boston,MA,2116,774255.7378353924,2953285.5106811374
LB-100095,CVICT0422,Active,Common Victualler,Common Victualler,2013-10-28,2025-12-31,Ivonnella C. Villarroel,Joseph's Pizza & Sub Shop,,"First floor, kitchen, dining area, basement storage.",10:00 AM,3:00 AM,3:30 AM,20,, Ivonnella Villarroel,Ivonnella Villarroel,(617)731-9880,,8- S Huntington AV,Mission Hill,MA,2130,761143.596736893,2946156.53609398
LB-582291,,Active,Common Victualler,CV7 All Alc Comm Spaces Restricted,,2025-12-31,Jeffries Yacht Club,,Special Legislation Community Space Restricted All Alcoholic Beverages License Chapter 202 year 2024 02128 Needs Docs Do Not Issue,"One Floor that is approximately 440 sq ft., with rooms, 2 entrances and 2 exits (seating capacity of 20).",,1:00 AM,1:30 AM,1,"One Floor that is approximately 440 sq ft., with rooms, 2 entrances and 2 exits (seating capacity of 20).", Jeffries Yacht Club, Brian George,(617)567-9656,,565-  Sumner ST,East Boston,MA,2128,783592.8917332143,2957998.670874223
LB-99942,CVICT0125,Active,Common Victualler,Common Victualler,2013-10-28,2026-12-31,"NORTH END BAKERY, CORP.",,,Kiosk with counter on the first floor with kitchen and storage in the rear.,10:00 AM,MIDNIGHT,12:30 AM,0,," North End Bakery, Corp.", VINCENT FRATTURA,,,70-72   Faneuil Hall SQ,Boston,MA,2109,,
LB-100263,CVICT0792,Active,Common Victualler,Common Victualler,2013-10-21,2026-12-31,"ETHEL'S & ANDY'S COFFEE SHOP, INC.",,,In one room on the first floor with kitchen in the rear storage in the basement.,6:00 AM,8:00 PM,,0,In one room on the first floor with kitchen in the rear storage in the basement., Ethel & Andy's Coffee Shop, ROBERT REKOWSKI,(617)268-3027,,134-  K ST,South Boston,MA,2127,781254.0000855476,2948619.999999061
LB-139775,,Active,Misc,Retail Malt Wine,2015-03-31,2026-12-31,"Nguyenvu Pham Vo, Individual",777 Convenience Store,No singles to be sold,1300 square feet in one room with storage in back with one entrance and one exit.,,10:00 p.m.,,0,," Nguyenvu Pham Vo, Individual", Nguyenvu Pham Vo,(857)205-3290,,267-269  Main ST,Charlestown,MA,2129,773335.688822478,2962782.7594031394
LB-403973,,Active,Common Victualler,Common Victualler,2019-08-14,2026-12-31,Nouria Energy Corporation,Starbucks,,"1850 sq. ft, coffee shop with kitchen inside the convenience & filling station at the corner of Tomahawk Drive and Jeffries St.",,24 Hours,,0,, Nouria Energy Corporation,Joshua Clark,(617)418-7032,,45-  Transportation WY,East Boston,MA,2128,783797.1659309715,2958998.8844249696
LB-138349,,Active,Misc,Lodging Houses (Frat/Dorm),2014-12-09,2026-04-30,"AMERICAN YOUTH HOSTELS-BOSTON HOSTEL, INC",HOSTELLING INTERNATIONAL BOSTON,,"ON 6 FLOORS WITH THE MAIN ENTRANCE/EXIT AT 19 STUART STREET, WITH EMERGENCY EGRESS TO STUART STREET, AND AN ALLEY ON THE EASTERN SIDE OF THE PREMISES. THE HOSTEL WILL ACCOMODATE UP TO 485 OVERNIGHT GUESTS IN 99 GUEST ROOMS. 6TH FLOOR FOR DORMITORY PURPOSES FROM FIRST SATURDAY IN SEPTEMBER UNTIL SUNS",,,,485,"ON 6 FLOORS WITH THE MAIN ENTRANCE/EXIT AT 19 STUART STREET, WITH EMERGENCY EGRESS TO STUART STREET, AND AN ALLEY ON THE EASTERN SIDE OF THE PREMISES. THE HOSTEL WILL ACCOMODATE UP TO 485 OVERNIGHT GUESTS IN 99 GUEST ROOMS. 6TH FLOOR FOR DORMITORY PURPOSES FROM FIRST SATURDAY IN SEPTEMBER UNTIL SUNDAY CLOSEST TO MAY 15 OF EACH YEAR UNTIL MAY 2017."," AMERICAN YOUTH HOSTELS-BOSTON HOSTEL, INC",Cali O'Connor,(617)536-9455,,19-  Stuart ST,Boston,MA,2116,774132.6855880618,2953297.0815241486
LB-593173,,Active,Common Victualler,Common Victualler,2025-04-19,2026-12-31,Make Life Sweeter LLC,Flour Bakery + Cafe,Hours Operation Monday Friday 7 00 AM to 9 PM amp Saturday Sunday 8,"600SF 1st Floor includes a coffee station, pastry station, and sandwich station. Upstairs is storage, a dish area, and a bathroom.",7:00 AM,9:00 PM,9:30 PM,0,"600SF 1st Floor includes a coffee station, pastry station, and sandwich station. Upstairs is storage, a dish area, and a bathroom.", Make Life Sweeter LLC, Carro Oldham,(857)449-0865,,1B-  Charles ST,Boston,MA,2116,773361.999465391,2954430.2019613087
LB-348560,,Active,Common Victualler,Common Victualler,2017-10-26,2026-12-31,"Tatte Holdings, LLC",Tatte Bakery & Cafe,Mon Fri 7 00 AM 9 PM Sat 8 Sun,Café with kitchen on ground level. Also to include a seasonal patio (March - Nov.) on private property with 16 seats.,7:00 AM,9:00 PM,9:30 PM,39,," Tatte Holdings, LLC",Tzurit Or,(617)366-1800,,1346-1352  Boylston ST,Boston,MA,2215,764471.433913216,2950576.293658644
LB-145480,,Active,Common Victualler,CV7ALN - Neighborhood Restricted,2016-02-05,2026-12-31,TPN CORP.,THE BRIGHTON BODEGA,,"In two rooms on first floor, with a bar in the front room and kitchen and storage in rear; one dining room in basement, with bathrooms and storage.",,1:00 AM,1:30 AM,99,, TPN Corp.,Thomas Devlin,(617)943-6210,,328-  Washington ST,Brighton,MA,2135,750194.3496065587,2952348.847856313
LB-99099,CV7AL0239,Active,Common Victualler,CV7 All Alc.,2013-11-26,2025-12-31,"CARDONA'S, INC.",BARNEY'S GRILL,       ,Rear exit to alleyway; in one room and kitchen on first floor; basement for stock,,1:00 AM,1:30 AM,62,Rear exit to alleyway; in one room and kitchen on first floor; basement for stock," CARDONA'S, INC.", KILDER A. CARDONA,,567-7170,299-  Havre ST,East Boston,MA,2128,782134.999963969,2962579.999966145
LB-375375,,Active,Common Victualler,CV7 All Alc. Airp.,2018-11-08,2026-12-31,"HSI MCA BOS FB, LLC",Kelly's Roast Beef,Alcohol served with Brunch on Sundays starting 10 00 AM,"Two-story Airport Terminal building at Logan International Airport; area to be licensed consists of two rooms on level two, Pier B of Terminal B, near Gate 7, and includes Space #BB2-A19 (1,601 square feet) and adjoining seating area (1,966 square feet), for a total of 3,567 square feet.",,2:00 AM,2:30 AM,44,," HSI MCA BOS FB, LLC", Douglas Runge,(617)480-7380,,      Logan Airport Terminal B  ,East Boston,MA,2128,0.0,0.0
LB-100127,CVICT0503,Active,Common Victualler,Common Victualler,2013-10-18,2026-12-31,BROTHER'S MATTAPAN HOUSE OF PIZZA,,       ,In one room on the first floor with kitchen and storage in the rear.,7:00 AM,11:00 PM,11:30 PM,44,, BROTHER'S MATTAPAN HOUSE OF PIZZA, ISIDOROS POULOPOULOS,,6172985810,1631-  Blue Hill AV,Mattapan,MA,2126,765996.6477262974,2923093.466734648
LB-595019,,Active,Misc,Retail Malt Wine,2025-07-21,2026-12-31,"Flores Mantilla, Inc.",Flores Mantilla,,,,7:00 PM,,0,Retail store on lower level of building located at 595 Tremont Street; Retail space is approximately 750 sq. ft. with storage in the basement that is approximately 750 sq. ft.; Two entrances and two exits.," Flores Mantilla, Inc.",Nancy Mantilla,,,595-  Tremont ST,Roxbury,MA,2118,771514.2160874754,2950419.4294710606
LB-584634,,Active,Common Victualler,Common Victualler,2025-03-18,2026-12-31,Pizza Box LLC,Little Steve's Pizzeria,Granted with closing hour 2 00 AM Monday Thursday 30 Friday Sunday,"4,723SF restaurant with a dining area seating 43, a service counter, kitchen, and two public restrooms on the first floor; storage and a walk-in cooler in the basement; and a seasonal private patio (April - November) with 16 seats, operating from 8:00 AM to 11:00 PM.",7:00 AM,2:00 AM,2:30 AM,45,"4,723SF restaurant with a dining area seating 43, a service counter, kitchen, and two public restrooms on the first floor; storage and a walk-in cooler in the basement.", Pizza Box LLC, Koushik Babu Koganti,(269)267-0304,,1114-  Boylston ST,Boston,MA,2115,767350.2473812997,2951667.18353723
LB-101432,DRMTY0201,Active,Misc,Dormitory,2014-05-07,2026-04-30,TRUSTEES OF BOSTON UNIVERSITY,BOSTON UNIVERSITY,,Four story brick building.,,,,13,Four story brick building., TRUSTEES OF BOSTON UNIVERSITY,NISHMIN KASHYAP,,(617)353-3502,35-  Buswell ST,Boston,MA,2215,762575.1296349764,2951892.463270396
LB-433376,,Active,Common Victualler,CV7 Malt Wine,2021-03-05,2026-12-31,"Eagles Deli,Inc.",Eagles Deli,,First floor with basement for storage + two bathrooms. 6:00 AM to 11:00 PM,6:00 AM,11:00 PM,11:30 PM,60,," EAGLES DELI, INC.", Yousaf Osmani,,(617)731-3232,1918-  Beacon ST,Brighton,MA,2135,750989.1951297224,2947855.08551839
LB-142552,,Active,Common Victualler,CV7ALN - Neighborhood Restricted,2015-08-12,2026-12-31,"JAHO INDUSTRIES, LLC",Jaho Coffee,,On one  (1) floor (+/- 2500 sf) with kitchen and storage in rear. First Floor: indoor dining area #1 (+/- 371 SF) with seating for seventeen (17) and indoor dining area #2 (+/- 682 SF) with seating for forty-one (41); outdoor patio (+/- 223 SF) with seating for eighteen (18).,,1:00 AM,1:30 AM,59,Annual Outdoor patio located on private property with a 12:00 AM closing hour. Main entrance/exit on Washington Street.," Jaho Industries, LLC", Anil Mezini,(978)223-8982,(978)223-8982,661-665  Washington ST,Boston,MA,2116,774242.8277562261,2953508.776310727
LB-308265,,Active,Common Victualler,Common Victualler,2016-12-12,2026-12-31,HJS Trading Company,Kimchipapi Kitchen,Mon Wed 11 00 AM PM Thur Sun 2,First floor; kitchen and take-out area. Basement; office and dry storage room.,11:00 AM,2:00 AM,2:30 AM,0,, HJS Trading Company Inc.,Joon Son,(617)208-8005,,75-87  Harvard AV,Allston,MA,2134,755525.6778546423,2954103.691787556
LB-101567,GOPAL0003,Active,General on Premise,GOP All Alc.,2013-11-26,2026-12-31,"Sullivan's Saloon, LLC",SULLIVAN'S TAP,,Also addressed as 168 1/2 Canal Street - In one room on the first floor with kitchen and exit in the rear and cellar for stock.,,2:00 AM,2:30 AM,341,," SULLIVAN'S SALOON, LLC", Stephanie Scione,,,168-  Canal ST,Boston,MA,2114,774758.2893237174,2958346.1987224817
LB-149186,,Active,Common Victualler,Common Victualler,2015-10-06,2026-12-31,Vasquez Food Service Inc.,Vasquez Restaurant,MONDAY THURSDAY 7 00 AM 10 PM FRIDAY SATURDAY MIDNIGHT SUNDAY 8,"Take-out restaurant with kitchen, rest room, seating 10 and 5 standing and an office.",7:00 AM,10:00 PM,12:30 AM,15,, Vasquez Food Service Inc.,Juan Vasquez,(617)708-1279,,258-262   Dudley ST,Roxbury,MA,2119,770005.062392831,2945065.78729869
LB-566489,,Active,Common Victualler,Common Victualler,2024-07-16,2025-12-31,The Stop & Shop Supermarket Co LLC,Starbucks @ Stop & Shop #2489,,"808SF Dedicated Starbucks area located within Stop & Shop. On the second floor of a six-floor mixed use building. 
",7:00 AM,7:00 PM,7:30 PM,14,808SF Dedicated Starbucks area located within Stop & Shop.  On the second floor of a six-floor mixed use building.,Suzanne Kester, Francis Baillargeon,(617)770-8708,,305-  Guest ST,Brighton,MA,2135,753433.4477871358,2954974.0561885536
LB-100981,CVICT2187,Active,Common Victualler,Common Victualler,2013-10-30,2026-12-31,KADHIM ALZUBAIDY,FALAFEL KING,,IN ONE ROOM ON THE FIRST FLOOR WITH KITCHEN ON THE SIDE AND STORAGE IN THE REAR.,7:00 AM,10:00 PM,10:30 PM,36,, KADHIM ALZUBAIDY, KADHIM ALZUBAIDY,(616)869-2741,6178692741,262-268  Washington ST,Boston,MA,2109,775665.6884275526,2955693.246351227
LB-596116,,Active,Common Victualler,Common Victualler,2025-05-29,2026-12-31,Hibachi2U MA Corp,Hibachi2U,,600SF First floor with an open kitchen. Shelf storage available on the upper floor and in the basement. Includes one bathroom.,12:00 PM,3:00 PM,3:30 PM,0,600SF First floor with an open kitchen. Shelf storage available on the upper floor and in the basement. Includes one bathroom., Hibachi2U MA Corp, Yurong Feng,(973)566-1360,,1728-  Dorchester AV,Dorchester,MA,2124,774507.0788681358,2931418.8569079787
LB-101549,DRMTY0351,Active,Misc,Dormitory,2014-04-23,2026-04-30,SUFFOLK UNIVERSITY,SUFFOLK UNIVERSITY,,A 12 story building.,,,,205,A 12 story building., SUFFOLK UNIVERSITY, Matthew Lemke,,(617)305-2500,523-525  Washington ST,Boston,MA,2111,774512.2199339718,2954393.3828092217
LB-100560,CVICT1427,Active,Common Victualler,Common Victualler,2013-10-23,2026-12-31,NEW YORK FRIED CHICKEN AND PIZZA,,1 TAKE OUT ONLY,ONE ROOM FIRST FLOOR.,6:30 AM,1:00 AM,,0,ONE ROOM FIRST FLOOR., NEW YORK FRIED CHICKEN AND PIZZA, AYAZ ALI SHAH,,6177873169,531-  Columbia RD,Dorchester,MA,2125,773476.9998915493,2940269.999966815
LB-100289,CVICT0843,Active,Common Victualler,Common Victualler,2013-10-29,2026-12-31,"Selhi family Group, LLC",McDonald's,,IN ONE ROOM ON THE FIRST FLOOR KITCHEN & STORAGE IN REAR. Also a drive through window.,6:00 AM,1:00 AM,1:30 AM,133,," Selhi Family Group, LLC",Cherag Selhi,(617)325-2709,,1650-  VFW PW,West Roxbury,MA,2132,746081.4808638096,2921550.497051567
LB-99028,DRMTY0042,Active,Misc,Dormitory,2014-05-07,2026-04-30,TRUSTEES OF BOSTON UNIVERSITY,BOSTON UNIVERSITY,,Four story brick building.,,,,26,, TRUSTEES OF BOSTON UNIVERSITY,NISHMIN KASHYAP,,(167)353-5302,517-  Beacon ST,Boston,MA,2115,766850.3851920515,2952965.7852707207
LB-99396,CV7AL0594,Active,Common Victualler,CV7 All Alc.,2013-11-25,2026-12-31,"COLUMBUS FISH AND OYSTER, LLC",OSTRA,CONDITIONS AS AGREED WITH BVNA 12 30 M CLOSING HOUR 1 RATIO BAR STOOLS TO DINING TABLE SEATS SHALL NOT EXCEED ONE EIGHT 8 2 LICENSEE PROVIDE THAT ALL TIMES WHEN ALCOHOL IS SERVED FULL BREAKFAST LUNCH OR DINNER MENU BE MADE AVAILABLE IN AREAS WHERE 3 HAS ENTERED INTO SIGNED AN AGREEMENT BAY VILLAGE NEIGHBORHOOD ASSOCIATION SAID HEREBY INCORPORATED REFERENCE,"FOUR ROOMS ON FIRST FLOOR WITH MAIN DINING, BAR, AND KITCHEN AREA, PRIVATE DINING AND STORAGE TO INCLUDE OUTDOOR SEASONAL DINING FROM APRIL THROUGH OCTOBER ON PRIVATE PROPERTY FOR 48 PATRONS.  ONE CHARLES STREET SOUTH, BOSTON, MA  02116",,12:30 AM,1:00 AM,323,"FOUR ROOMS ON FIRST FLOOR WITH MAIN DINING, BAR, AND KITCHEN AREA, PRIVATE DINING AND STORAGE TO INCLUDE OUTDOOR SEASONAL DINING FROM APRIL THROUGH OCTOBER ON PRIVATE PROPERTY FOR 48 PATRONS."," COLUMBUS FISH AND OYSTER, LLC",MITCHELL RANDALL,,(617)797-4810,1     Charles Street South  ,Boston,MA,2116,0.0,0.0
LB-99835,CV7MWL0189,Active,Common Victualler,CV7 Malt Wine Liq.,2013-11-27,2026-12-31,"LOS ARRIEROS RESTAURANT, INC.",LOS ARRIEROS RESTAURANT,,"IN ONE ROOM ON THE GROUND FLOOR, KITCHEN AREA IN THE REAR, STORAGE IN THE BASEMENT.",,MIDNIGHT,12:30 AM,39,"IN ONE ROOM ON THE GROUND FLOOR, KITCHEN AREA IN THE REAR, STORAGE IN THE BASEMENT."," LOS ARRIEROS RESTAURANT, INC.", ANTONIO OSPINA,,(617)569-1666,13-15  Meridian ST,East Boston,MA,2128,780808.5616719723,2960413.439666733
LB-139598,,Active,Misc,Retail All Alc.,2015-04-07,2026-12-31,"Akiki Fine Wines, LLC",,Condition No sale singles,"Located in a foodmart/gasoline service station that sells food, groceries and other items. The main entrance is located in the front center of the store and will be used as ingress and egress, with 2 other means of egress being located to the right front and right rear of premises. Beer & wine coole",,10:00 p.m.,10:30 p.m.,0,"Located in a foodmart/gasoline service station that sells food, groceries and other items. The main entrance is located in the front center of the store and will be used as ingress and egress, with 2 other means of egress being located to the right front and right rear of premises. Beer & wine coolers will be located in the front right portion of the store approximately 10' from the main ingress, with wine and beer racks in the center of the store approximately 10' feet from the ingress and on the back wall.  Storage in rear."," Akiki Fine Wines, LLC", Elias K. Akiki,(617)361-2008,,1171-  Hyde Park AV,Hyde Park,MA,2136,758011.1591041386,2919592.3116634786
LB-101620,INNAL0007,Active,Inn,Inn. All Alc.,2013-11-21,2026-12-31,39 Dalton License LLC,Sheraton,11 00 M ON SUNDAYS SALE ALCOHOLIC BEVERAGES WITH BRUNCH,"In the whole of said building (750,100SF), with 28 floors and guest rooms, including North Tower, exhibition area on basement level, pool deck, function rooms and ballrooms, restaurant (225 seats) and lobby bar (180 seats), and lounge space. See ISD Certificates of Inspection for a more complete des",,2:00 AM,2:30 AM,0,"In the whole of said building (750,100SF), with 28 floors and guest rooms, including North Tower, exhibition area on basement level, pool deck, function rooms and ballrooms, restaurant (225 seats) and lobby bar (180 seats), and lounge space. See ISD Certificates of Inspection for a more complete description of capacities on file with the Licensing Board.

The Board and ABCC approved the petition for an approval of a management agreement between 39 Dalton License, LLC. and Sheraton License Operating Company, LLC (as assigned to 39 Dalton License LLC."," 39 Dalton License, LLC", Daniel Kakabeeke,,(617)792-8657,39-  Dalton ST,Boston,MA,2199,768667.130246222,2951593.396939397
LB-558561,,Active,Common Victualler,Common Victualler,2024-05-02,2025-12-31,273 Huntington Ave Inc,Boston Halal,,"1,600SF Fast food casual restaurant, open floor space with kitchen and prep room at the back. ",11:00 AM,11:00 PM,11:30 PM,42,"1,600SF Fast food casual restaurant, open floor space with kitchen and prep room at the back.", 273 Huntington Ave Inc, Niral Patel,(269)267-0304,,273-  Huntington AV,Boston,MA,2115,768007.0000047982,2949969.999923721
LB-149008,,Active,Common Victualler,Common Victualler,2015-09-10,2026-12-31,"STAR MARKETS COMPANY, INC.",Star Market #3588,1 Market 24 hours Out door seasonal patio April Nov with seats 8 00 AM 7 PM 2 No ISD Certificate required Group B occupancy accessory to another,"Retail grocery store, outdoor seasonal patio (April-Nov) on private property with 24 seats between 8:00 AM - 7:00 PM and 12 seats inside.",6:00 AM,11:00 PM,11:30 PM,12,," Star Markets Company, Inc.", Johanna Chacon,(617)783-5878,,1065-  Commonwealth AV,Allston,MA,2134,757982.0453172177,2953770.3893045634
LB-359625,,Active,Common Victualler,Common Victualler,2018-05-04,2026-12-31,"J.P. Licks at South Bay, Inc.",JP Licks,,Ground floor; kitchen in the rear.,8:00 AM,12:00 AM,12:30 AM,49,," J.P. Licks at South Bay, Inc.", Grace Bruce,(617)524-2020,,24-  District AV,Dorchester,MA,2125,774399.6309203058,2943936.3243270665
LB-154430,,Active,Misc,Retail Malt Wine,2016-01-04,2026-12-31,"C&G CORP., INC",L STREET MARKET,BOARD GRANTED PERMISSION TO OPEN 10 00 AM ON SUNDAYS,A ONE LEVEL BLDG (1 ROOM) WITH COOLERS ON THE BACK WALL AND STORAGE ON THE 1ST FLOOR. TWO MEANS OF EGRESS BOTH OFF OF THE PARKING LOT.,,11:00 PM,,0,," C&G CORP., INC", CHRISTOPHER CASTAGNA,(617)269-9551,(617)710-0985,77-  L ST,South Boston,MA,2127,781692.0618734658,2947471.8165998906
LB-99540,CV7MW0102,Active,Common Victualler,CV7 Malt Wine,2013-11-21,2026-12-31,"THE ISABELLA STEWART GARDNER MUSEUM, INCORPORATED",THE GARDNER MUSEUM,CAPACITY BREAKDOWN CAFE 101 62 PERSONS LIVING ROOM 102 20 STUDIO CLASSROOM 36 MUSEUM EXPANSION 2ND FLOOR 154 CALDERWOOD HALL 91 SPECIAL EXHIBITION 202A 3RD 60 1ST BALCONY 4TH 5TH TOTAL 1 293 HISTORICAL BUILDING 750 NEW WING 543,ENTIRE FIRST FLOOR AND MONKS GARDEN FOR FUNCTIONS (EXISTING CAFE AND OUTSIDE TERRACE TO REMAIN); IN ONE (1) ROOM ON 2ND FLOOR FOR FUNCTIONS; IN TWO (2) ROOMS ON 4TH FLOOR FOR FUNCTIONS; BASEMENT FOR STORAGE. (ALL PER PLANS ON FILE WITH BOARD) AND TO ADD A NEW WING OF THE MUSEUM (A/K/A 25 EVANS WAY),,1:00 AM,1:30 AM,1293,ENTIRE FIRST FLOOR AND MONKS GARDEN FOR FUNCTIONS (EXISTING CAFE AND OUTSIDE TERRACE TO REMAIN); IN ONE (1) ROOM ON 2ND FLOOR FOR FUNCTIONS; IN TWO (2) ROOMS ON 4TH FLOOR FOR FUNCTIONS; BASEMENT FOR STORAGE. (ALL PER PLANS ON FILE WITH BOARD) AND TO ADD A NEW WING OF THE MUSEUM (A/K/A 25 EVANS WAY) TO THE LICENSED PREMISES.," THE ISABELLA STEWART GARDNER MUSEUM, INCORPORATED", PETER J. CROWLEY,,(617)822-3064,280-  Fenway ,Boston,MA,2115,764624.3374788016,2948729.36264123
LB-564327,,Active,Common Victualler,Common Victualler,2024-06-06,2026-12-31,Sweeties LLC,Sweeties,Monday Friday 12 00 PM 8 PMSaturday 11 AM amp Sunday 6,"575SF Ice cream shop on one floor, at street level, with 12 seats, 1 bathroom in the rear of the shop and basement for storage and office space.",11:00 AM,9:00 PM,9:30 PM,12,"575SF Ice cream shop on one floor, at street level, with 12 seats, 1 bathroom in the rear of the shop and basement for storage and office space.", sweeties LLC, Anika Gramsey,(518)605-2299,,48-  Corinth ST,Roslindale,MA,2131,756517.289060384,2929453.201062396
LB-100494,CVICT1303,Active,Common Victualler,Common Victualler,2013-11-14,2026-12-31,"BSC LONGWOOD GALLERIA, INC.",BOURBON STREET CAFE,,"Food court space, customer walk up counter kitchen in rear.",9:30 AM,9:30 PM,10:00 PM,0,," BSC LONGWOOD GALLERIA, INC.", QIU CHAN LIU,,6175660804,350-  Longwood AV,Boston,MA,2115,762460.5924624652,2948590.227420807
LB-573368,,Active,Common Victualler,Common Victualler,2024-09-27,2026-12-31,Akkoyun LLC,Oba Bakery,,"1,195SF Ground floor restaurant with take out, front is counter and customer entrance / waiting area. Kitchen / prep area is in the back, along with the office / storage area. Employee bathroom in the rear of the first floor. Premise located at 16 Brighton Ave, AKA 1103-1115 Commonwealth Ave ",7:00 AM,9:00 PM,9:30 PM,0,"1,195SF Ground floor restaurant with take out, front is counter / display cases, and customer entrance / waiting area. Kitchen / prep area is in the back, along with the office / storage area. Employee bathroom in the rear of the first floor.", Akkoyun LLC, Atabey Akkoyun,(617)458-0235,,16-  Brighton AV,Allston,MA,2134,757110.445682466,2953539.856629148
LB-101265,CVICT2499,Active,Common Victualler,Common Victualler,2013-11-06,2026-12-31,"Hyde Prk BHurgers, LLC",Five Guys,,"In one room on the first floor with kitchen and storage in the rear, and restrooms.",11:00 AM,10:00 PM,10:30 PM,37,," Hyde Park Burgers, LLC",Soufiane Ouaker,(617)572-2074,,263-289   Huntington AV,Boston,MA,2115,0.0,0.0
LB-99386,CV7AL0581,Active,Common Victualler,CV7 All Alc.,2013-11-26,2026-12-31,"THE CATERED AFFAIR, INC.",THE CATERED AFFAIR,DETAILS REGARDING CAPACITY SEE ISD CERTIFICATES,"Boston Public Library, in whole of said building including lower level, first floor, mezzanine, second and third floors and courtyard with entrance and exits on Dartmouth Street, Boylston Street and Exeter Street to include cafes and dining room on first floor, function rooms on lower level, first f",,1:00 AM,1:30 AM,2727,"Boston Public Library, in whole of said building including lower level, first floor, mezzanine, second and third floors and courtyard with entrance and exits on Dartmouth Street, Boylston Street and Exeter Street to include cafes and dining room on first floor, function rooms on lower level, first floor, mezzanine, second and third floors and courtyard, and seasonal (April-October) outdoor seating (54 seats) with Monday-Friday 8pm closing hour and Saturday-Sunday 5pm closing hour."," THE CATERED AFFAIR, INC.", Karen Lynn Patten,,7814765707,700-  Boylston ST,Boston,MA,2116,770062.9998297989,2952569.9999730587
LB-100705,CVICT1703,Active,Common Victualler,Common Victualler,2013-10-24,2026-12-31,"FLAMES RESTAURANT, INC.",FLAMES RESTAURANT,,"IN ONE ROOM ON THE FIRST FLOOR, KITCHEN AND STORAGE IN REAR.",7:00 AM,MIDNIGHT,12:30 AM,16,"IN ONE ROOM ON THE FIRST FLOOR, KITCHEN AND STORAGE IN REAR."," FLAMES RESTAURANT, INC.", RAPHAEL LESLIE,(617)296-4972,,663-  Morton ST,Mattapan,MA,2126,766213.7421083897,2929220.436436057
LB-99000,CV7AL0128,Active,Common Victualler,CV7 All Alc.,2013-11-13,2026-12-31,ANCHOVIES ACQUISITION LIMITED PARTNERSHIP,ANCHOVIES,,Rear entrance to basement from yard; in one room and kitchen on first floor; cellar for stock.,,2:00 AM,2:30 AM,64,, ANCHOVIES ACQUISITION LIMITED PARTNERSHIP, RICHARD A. TALIERI,,(617)523-8026,433-  Columbus AV,Boston,MA,2116,770285.8428880572,2950674.612031564
LB-98809,CLBAL0038,Active,Club,Clb. All Alc.,2013-11-22,2026-12-31,"PORT NORFOLK YACHT CLUB,INC.",,PATIO CONDITIONS 10 30 LAST CALL ALL PATRONS OFF 11 00 P M B MEMBERS GUESTS,"179-181 WALNUT STREET, IN WHOLE OF SAID DINING ROOM, KITCHEN ON FIRST FLOOR AND IN WHOLE OF LOCATION ON 2ND FLOOR.  AND TO INCLUDE AN OUTDOOR PATIO ON PRIVATE PROPERTY FOR 25 PATRONS.120 SEATED @ FUNCTION HALL, 2'ND FLOOR 27 SEATED.",,2:00 AM,2:30 AM,120,"179-181 WALNUT STREET, IN WHOLE OF SAID DINING ROOM, KITCHEN ON FIRST FLOOR AND IN WHOLE OF LOCATION ON 2ND FLOOR.  AND TO INCLUDE AN OUTDOOR PATIO ON PRIVATE PROPERTY FOR 25 PATRONS.120 SEATED @ FUNCTION HALL, 2'ND FLOOR 27 SEATED."," PORT NORFOLK YACHT CLUB,INC.", Michael Sweeney,,6176861771,179-181  Walnut ST,Dorchester,MA,2122,780921.175282684,2931588.6047664
LB-423913,,Active,Common Victualler,Common Victualler,2020-11-12,2026-12-31,"Pollos a la Brasa Batos, Corp.",Pollos a la Brasa Batos,,"Kitchen, basement, bathroom, small salon to eat.",10:00 AM,10:00 PM,10:30 PM,7,," Pollos a la Brasa Betos, Corp.",Alberto Pastor Torre-Perez,(617)561-6005,,294-  Bennington ST,East Boston,MA,2128,783577.4764097184,2963521.142112732
LB-99831,CV7MWL0185,Active,Common Victualler,CV7 Malt Wine Liq.,2013-11-25,2026-12-31,UMAMI CRUDO INC.,UMAMI CRUDO,BASEMENT 3 STAFF FIRST FLOOR 28 SEATED STANDING SECOND 42 amp,ONE ROOM ON THE FIRST FLOOR DINING AREA WITH 28 SEATS (INCLUDING DINING BAR WITH 10 SEATS); ONE ROOM ON THE SECOND FLOOR DINING AREA WITH APPROXIMATELY 54 SEATS (INCLUDING DINING BAR WITH 10 SEATS); STORAGE ON THIRD FLOOR AND ONE ROOM IN BASEMENT FOR KITCHEN & STORAGE. 11:30 CLOSING SUNDAY & WEDNESD,,12:30 AM,1:00 AM,76,2382 SQ. FT.; One room on the first floor dining area with 28 seats (including dining bar 10 seats); One room on the second floor dining area with approximately 42 seats (including dining area with 10 seats); Storage on the third floor and one room in the basement for kitchen and storage, UMAMI CRUDO INC., Huipeng Lei,(617)888-9718,,78-80  Salem ST,Boston,MA,2113,776184.8937539756,2957870.3250023127
LB-413600,,Active,Common Victualler,Common Victualler,2020-01-24,2026-12-31,"The Scoop N Scootery #2, LLC",The Scoop N Scootery,12 00 PM AM Mon Thur 1 closing on Fri amp Sat 10 Sunday,"First floor service, and prep area, with a basement. 10:00 PM closing on Sun., 12:00 AM closing Mon. - Thur., 1:00 AM closing on Sat.",12:00 PM,1:00 AM,1:30 AM,0,," The Scoop N Scootery #2, LLC",Austin Crittenden,(617)394-8634,,77-  Linden ST,Allston,MA,2134,756041.8231478035,2953635.446661055
LB-101947,RETAL0158,Active,Misc,Retail All Alc.,2013-11-15,2026-12-31,"BENNINGTON LIQUORS, INC.",NEPTUNE LIQUORS,Board granted petition to open 10 00 m on Sundays,In one room on the first floor with three rear rooms for stock.,,11:00 PM,,0,," BENNINGTON LIQUORS, INC.", BHAVIN PATEL,,9785370644,1-  Neptune RD,East Boston,MA,2128,784216.020408228,2963897.4947064817
LB-591647,,Active,Common Victualler,Common Victualler,2025-04-22,2025-12-31,K and G 1 Stop,State House Cafe,,"400SF Small take-out restaurant with a counter, a small kitchen behind it, and storage on the side.",9:00 AM,3:00 PM,3:30 PM,0,"400SF Small take-out restaurant with a counter, a small kitchen behind it, and storage on the side.", K and G 1 Stop, Kevin Wilson,(617)459-3443,,24-  Beacon ST,Boston,MA,2108,774076.4665403813,2955892.468721807
LB-101890,RETAL0071,Active,Misc,Retail All Alc.,2013-11-20,2026-12-31,SANDY RIDGE CORP.,LIQUOR LAND,1 NO REDEMPTION CENTER ON PREMISES 2 LOADING OR UNLOADING DELIVERY VEHICLES MASS AVE 3 POLICE DETAIL TO BE PROVIDED BUSY SEASONAL DAYS 4 NIPS 5 LICENSEE MONITOR AREA OUTSIDE amp INCLUDE EXTERIOR CAMERAS 6 HOURS OPERATION MONDAY THURSDAY 11 00 M P FRIDAY SATURDAY 9 30 SUNDAY NOON 10 7 AGREEMENT WITH NEW MARKET BUSINESS ASSOCIATION HEREBY INCORPORATED REFERENCE Board acknowledged granted petition to open m on Sundays,"On one floor; storage to left and rear; main entrance and exit in front of Massachusetts Avenue.  Including an expansion in rear of premises for an additional 2,825 square feet of storage space.",,11:00 PM,,0,, SANDY RIDGE CORP., EDWARD GARRITY,,(617)968-8115,1033-  Massachusetts AV,Roxbury,MA,2119,773082.420300141,2944516.320214316
LB-547629,,Active,Common Victualler,Common Victualler,2024-01-05,2026-12-31,"Show Malatang, lnc",Show Malatang,Monday Sunday Open 7 days week 11am 10pm,,11:00 AM,10:00 PM,10:30 PM,18,"1380 SF on lower level; 4 rooms:  entrance room,  dining room (seating for 18), kitchen in the back left, back right: two rooms for storage and an office."," Show Malatang, Inc", Liangrong Chen,,,16-  Tyler ST,Boston,MA,2111,774963.2249374688,2953166.5073102266
LB-101792,LDGHS0286,Active,Misc,Lodging Houses (Frat/Dorm),2014-05-02,2026-04-30,"SHAR, LLC",,       ,"Three story building with basement.  4 rooms on basement, 4 rooms on first floor, 5 rooms on second floor and 5 rooms on third floor.",,,,18,"Three story building with basement.  4 rooms on basement, 4 rooms on first floor, 5 rooms on second floor and 5 rooms on third floor."," SHAR, LLC", Kenneth Shapiro,,(617)139-6826,51- S Huntington AV,Jamaica Plain,MA,2130,761121.3976342976,2945810.8107355535
LB-101796,LDGHS0292,Active,Misc,Lodging Houses (Frat/Dorm),2014-05-21,2025-04-30,Wagner Hospitality Management,Hotel Boston,,Two story building with 11 rooms on 1st floor and 13 rooms on 2nd floor.,,,,66,Two story building with 11 rooms on 1st floor and 13 rooms on 2nd floor., Wagner Hospitality Management,Wagner Quintanilha,(603)831-9642,6038319642,40-  Mount Hood RD,Brighton,MA,2135,752503.8335046321,2949760.06235148
LB-98914,CV7AL0027,Active,Common Victualler,CV7 All Alc.,2013-11-27,2026-12-31,SOMERS FIVE CORP.,DURTY NELLY'S,OUTDOOR SEASONAL PATIO OPERATING HOURS 10 00 AM PM,"ON 1ST FLOOR, IN ONE ROOM AND A KITCHEN; ON 2ND FLOOR, IN ONE ROOM; AND ON 3RD FLOOR, STOCK.  INCLUDES AN OUTDOOR SEASONAL PATIO FROM APRIL - OCTOBER FOR 20 PATRONS.  INDOOR CAPACITY BREAKDOWN: 1ST FL - 26, 2ND FL - 20.",,2:00 AM,2:30 AM,46,, SOMERS FIVE CORP., NOELLE SOMERS,,(617)312-4995,108-112  Blackstone ST,Boston,MA,2108,776015.739236638,2957136.9416265637
LB-100995,CVICT2206,Active,Common Victualler,Common Victualler,2013-11-01,2026-12-31,"WALDWIN CONCESSION, LLC",DUNKIN DONUTS,,"@ TERMINAL A ARRIVALS OF LOGAN AIRPORT, SPACE IN FOOD COURT: IN ONE ROOM ON THE FIRST FLOOR WITH KITCHEN AND STORAGE IN THE REAR.",,24 HOURS,,0,," WALDWIN CONCESSIONS, LLC", CLAYTON TURNBULL,,6175411911,      Logan Airport Terminal A  ,East Boston,MA,2128,0.0,0.0
LB-100020,CVICT0292,Active,Common Victualler,Common Victualler,2013-11-08,2026-12-31,SEBASTIANO MAIONE,,       ,In one room on the first floor with kitchen in the rear storage in the basement.,7:00 AM,9:00 PM,9:30 PM,48,, Sebastiano Maione, Sebastiano Maione,,227-4865,122-  Bowdoin ST,Boston,MA,2108,774388.5289083868,2956119.070302725
LB-99988,CVICT0230,Active,Common Victualler,Common Victualler,2013-12-05,2026-12-31,Almighty Brother LLC,YGF Malatang,Monday Sunday 7 00 AM to 2,"Premise located at 137‑139 Massachusetts Avenue A.K.A. 1064‑1068 Boylston Street Boston, MA, 1 floor(446SF) with kitchen in the rear, dining room (seating for 18) in the front in one room. One entrance and one exit in the rear.
",7:00 AM,2:00 AM,2:30 AM,18,"Premise located at 137‑139 Massachusetts Avenue A.K.A. 1064‑1068 Boylston Street Boston, MA, 1 floor (446SF) with kitchen in the rear, dining room (seating for 18) in the front in one room. One entrance
and one exit in the rear."," Almighty Brother, LLC", Xiang Zhou,(781)298-1466,,1068-1074  Boylston ST,Boston,MA,2115,767567.2672884762,2951751.123658061
LB-126825,BLRDS0090,Active,Misc,Bowling Alley,2014-04-29,2026-12-31,"AMF Bowling Centers, Inc.",JILLIAN'S BILLIARDS CLUB,,"Four Rooms On The First Floor, Kitchen And Storage Area. Two Rooms On The Second Floor With Pool Tables. 17 Bowling Lanes On The Third Floor. Seasonal Outdoor Seating In Front Of Premises.",,1:00 AM,1:30 AM,0,"FOUR ROOMS ON THE FIRST FLOOR, KITCHEN AND STORAGE AREA. TWO ROOMS ON THE SECOND FLOOR WITH POOL TABLES. 17 BOWLING LANES ON THE THIRD FLOOR. SEASONAL OUTDOOR SEATING IN FRONT OF PREMISES."," AMF Bowling Centers, Inc.", Ivy Rose Hudson,(804)417-2088,,145-  Ipswich ST,Boston,MA,2215,765786.999851644,2951850.000100732
LB-107538,,Active,Misc,Dormitory,2013-09-16,2026-04-30,TRUSTEES OF BOSTON UNIVERSITY,BOSTON UNIVERSITY,No Conditions,3 story plus basement apartment-style building. Each apartment unit has a kitchen and bathroom. Laundry machines are located on the basement level. There are no other common use facilities in the building.,,,,0,, Trustees of Boston University,NISHMIN KASHYAP,(617)353-2148,(617)353-2148,826-  Beacon ST,Boston,MA,2215,763564.7782462239,2951931.7971812338
LB-101626,INNAL0013,Active,Inn,Inn. All Alc.,2013-11-26,2026-12-31,HUNTINGTON HOTEL CORP.,COLONNADE HOTEL,11 00 M OPENING ON SUNDAYS SALE ALCOHOLIC BEVERAGES WITH BRUNCH,,,2:00 AM,2:30 AM,0,"Unnumbered side entrance; side & rear emergency exits in whole of said building with an outside patio with seating capacity of an additional 40 patrons and to increase the Innholder’s license to include a 20-story residential tower, known as The Colonnade Residences, & containing 99 units, connected by 5th story walkway to The Colonnade Hotel. Exempting the hotel lobby area of approximately 3,382 sq. ft. and restaurant known as Lu C. Management Corp. d/b/a Lucie Drink & Dine.  See ISD certificate for a complete description of capacity.", HUNTINGTON HOTEL CORP., DAVID COLELLA,,(617)425-3201,120-  Huntington AV,Boston,MA,2116,769417.8351096362,2951210.77861014
LB-98977,CV7AL0098,Active,Common Victualler,CV7 All Alc.,2013-11-27,2026-12-31,"WEST END DINING, LLC",CAUSEWAY,,"In one (1) room, kitchen and storage on ground floor;  in one (1) room on second floor;  basement for storage; entrance and exit on Causeway Street with emergency exit onto Lancaster Street.  First floor only-Standing 52, Bar Stools & Tables & Chairs 56. Second floor- standing 59, seated 83.",,2:00 AM,2:30 AM,250,," WEST END DINING, LLC", TIMOTHY J. MCCASLAND JR.,,(617)523-9151,65-71  Causeway ST,Boston,MA,2114,774354.9062722176,2958135.677489981
LB-542604,,Active,Common Victualler,Common Victualler,2023-11-22,2026-12-31,"SSP AMERICA, INC.",Sal's Pizza,,Grab-and-go market located in airport. There is no seating.,10:00 AM,12:00 AM,12:30 AM,0,Grab-and-go market located in airport. There is no seating.," SSP America, Inc.", Jacqueline Genao,(703)723-7264,,500-  Terminal RD,East Boston,MA,2128,786028.4865995497,2960188.3233190626
LB-98778,CLBAL0001,Active,Club,Clb. All Alc.,2013-11-27,2026-12-31,THE TENNIS AND RACQUET CLUB,,,In two rooms and kitchen on the first floor; one function room on the second floor; one function room on the third floor; two locker rooms and one lounge in basement.,,2:00 AM,2:30 AM,350,In two rooms and kitchen on the first floor; one function room on the second floor; one function room on the third floor; two locker rooms and one lounge in basement., THE TENNIS AND RACQUET CLUB, THOMAS DOBBINS,,536-4630,927-939  Boylston ST,Boston,MA,2115,768337.0905519724,2952196.738908559
LB-418981,,Active,Misc,Famer-Brewery Pouring,2020-01-22,2026-12-31,American Craft Brewery LLC,Samuel Adams Tap Room,,,,11:00 PM,11:30 PM,388,"The Premises is located on the Northernly side an approximately 911,394 square foot mixed-use building containing office and retail units. The Premises consists of approximately 17,603 square feet on two levels and an outdoor patio on private property. The ground floor has seating for approximately 184 people, including two (2) bar areas, a private function room, large communal tables and multiple smaller tables for between 2 and 6 people, as well as the main entrance, brewhouse, fermentation and storage room,  walk-in coolers, storage rooms, mechanical and electrical rooms. The second floor has seating for approximately 54 people inside including bar and table seating and publicly accessible bathrooms and seating for 68 people on a year round outdoor patio on private property. Common Victualler and Patio hours of operation: 6:30 AM – 11:00 PM.", American Craft Brewery LLC,William DeCain III,(617)368-5000,,60-  State ST,Boston,MA,2109,776052.7381783873,2956258.859393224
LB-98812,CLBAL0041,Active,Common Victualler,CV7 All Alc.,2013-11-25,2026-12-31,"Tavern in the Square South Station, LLC",Tavern in the Square,,,,2:00 AM,2:30 AM,49,"In one room, bar, kitchen and seating area located within South Station."," Tavern in the Square South Station, LLC",Salvatore Gesamondo,,(,1     South Station  ,Boston,Ma,2110,0.0,0.0
LB-98734,BLRDS0090,Active,Misc,Billiards/Sippio,2014-04-29,2026-12-31,"AMF Bowling Centers, Inc.",JILLIAN'S BILLIARD'S CLUB,,"FOUR ROOMS ON THE FIRST FLOOR, KITCHEN AND STORAGE AREA. TWO ROOMS ON THE SECOND FLOOR WITH POOL TABLES. 17 BOWLING LANES ON THE THIRD FLOOR. SEASONAL OUTDOOR SEATING IN FRONT OF PREMISES.  ",,1:00 AM,1:30 AM,0,"FOUR ROOMS ON THE FIRST FLOOR, KITCHEN AND STORAGE AREA. TWO ROOMS ON THE SECOND FLOOR WITH POOL TABLES. 17 BOWLING LANES ON THE THIRD FLOOR. SEASONAL OUTDOOR SEATING IN FRONT OF PREMISES."," AMF Bowling Centers, Inc.", Ivy Rose Hudson,(804)417-2088,,145-  Ipswich ST,Boston,MA,2215,765786.999851644,2951850.000100732
LB-512506,,Active,Common Victualler,Common Victualler,2022-11-28,2026-12-31,"Shake Shack Massachusetts, LLC",Shake Shack #1431,,Fast casual restaurant on corner space within Prudential Center; kitchen located within space.,11:00 AM,11:00 PM,11:30 PM,101,, Shake Shack Massachusetts LLC,Karina Gooding,(347)573-1940,,800-  Boylston ST,Boston,MA,2199,769309.8973333836,2951861.4098548144
LB-99792,CV7MWL0143,Active,Common Victualler,CV7 Malt Wine Liq.,2013-11-27,2026-12-31,PRECIADO CORPORATION,TERTULIAS CAFE,WINES MALT LIQUEURS TO BE SERVED ONLY IN CONJUNCTION WITH MEALS,"IN ONE ROOM ON THE FIRST FLOOR; KITCHEN, STORAGE AND TAKE-OUT AREA IN THE REAR.",,1:30 AM,2:00 AM,35,"IN ONE ROOM ON THE FIRST FLOOR; KITCHEN, STORAGE AND TAKE-OUT AREA IN THE REAR.", PRECIADO CORPORATION, GILDARDO PRECIADO,,,26-28   Porter ST,East Boston,MA,2128,,
LB-98770,BLRDS0268,Active,Misc,Billiards/Sippio,2014-04-16,2026-12-31,ALASTY CORP.,NAPPER TANDY'S,,5 COIN OPERATED POOL TABLES ON THE FIRST FLOOR.,8:00 AM,2:00 AM,2:30 AM,0,5 COIN OPERATED POOL TABLES ON THE FIRST FLOOR., ALASTY CORP., JOHN G.  JACOB,,(781)414-9454,4187-4195  Washington ST,Roslindale,MA,2131,756986.9360869676,2929971.99858123
LB-420951,,Active,Common Victualler,Common Victualler,2020-07-21,2025-12-31,"Shinmio Catering Management, Inc.",Shinmio Tea,11 00 AM 10 PM Sun Thur 30 Fri amp Sat,"Front: drink preparing are, back; kitchen, storage area, public restroom, bench, electrical room, janitors room.",11:00 AM,10:00 PM,10:30 PM,5,," Shinmio Catering Management, Inc.",Jiaqi Guo,(617)697-8608,,900-  Beacon ST,Boston,MA,2215,762749.2828299701,2951645.457202733
LB-549406,,Active,Common Victualler,Common Victualler,2024-02-07,2026-12-31,"Coffee Lucky, Inc.",Phinista Cafe,,"First floor with approx. 800 sq.ft., one room with open food and beverage preparation area and dining area for 12 seats, one restroom, dry storage in basement.",6:00  AM,10:00 PM,10:30 PM,12,"First floor with approx. 800 sq.ft., one room with open food and beverage preparation area and dining
area for 12 seats, one restroom, dry storage in basement. Private seasonal (May-October) patio area at the front of building for 16 patrons."," Coffee Lucky, Inc.", Teeradet Mongkhonlertsirkul,,,96-  Peterborough ST,Boston,MA,2215,764513.0001030564,2950279.999959886
LB-100169,CVICT0584,Active,Common Victualler,Common Victualler,2013-10-17,2026-12-31,THE WALDWIN GROUP,DUNKIN DONUTS,,One room kitchen in the rear storage in the basement.,5:00 AM,MIDNIGHT,12:30 AM,16,One room kitchen in the rear storage in the basement.," THE WALDWIN GROUP, INC.",Kevin Reynolds,(617)541-1911,,1931-   Dorchester AVE,Dorchester,MA,2124,773917.823132485,2929181.92657989
LB-107749,,Active,Common Victualler,Common Victualler,2013-08-29,2026-12-31,Xi Cha Corporation,Xi Cha,,"Longwood Galleria food court vendor. 2 rooms, kitchen and storage at the back. Counter with cashier at the front",10:00 AM,12:00 AM,12:30 AM,0,, Xi Cha Corporation,Ya Jia,(781)816-3128,(857)383-1009,350-  Longwood AV,Boston,MA,2115,762561.0131933838,2948506.872272566
LB-101519,DRMTY0320,Active,Misc,Dormitory,2014-05-07,2026-04-30,NORTHEASTERN UNIVERSITY,NORTHEASTERN UNIVERSITY,2 YEAR CONDITIONAL BASIS MASTERPLAN TO BE REVIEWED,6 STORY BRICK BUILDING.,,,,187,6 STORY BRICK BUILDING., NORTHEASTERN UNIVERSITY, Robert S. Austin,,(617)332-0268,407-  Huntington AV,Boston,MA,2115,766611.938818559,2949038.2353830636
LB-592131,,Active,Common Victualler,Common Victualler,2025-04-04,2025-12-31,"JLW West Roxbury Donuts, LLC",DUNKIN,,"1,600SF In one room on the first floor with kitchen in the rear and storage in the basement.",4:00 A M,10:00 PM,10:30 PM,28,"1,600SF In one room on the first floor with kitchen in the rear and storage in the basement."," JLW West Roxbury Donuts, LLC", Chris DaCosta,(781)352-3765,,5318-  Washington ST,West Roxbury,MA,2132,747991.2119524777,2919177.4886742234
LB-99955,CVICT0157,Active,Common Victualler,Common Victualler,2013-10-11,2026-12-31,"SEPG Brands, Inc.",South End Pizza & Grill,,In one room on the first floor with kitchen in the rear storage in the basement.,7:00 AM,2:00 AM,2:30 AM,20,," SEPG Brands, Inc.",Jamshed Khan,(617)266-2525,,772-  Tremont ST,Roxbury,MA,2118,769788.3294473886,2948989.5944042206
LB-100849,CVICT1982,Active,Common Victualler,Common Victualler,2013-10-29,2026-12-31,"BRUEGGER'S ENTERPRISES, INC.",BRUEGGER'S BAKERY AND TIMOTHY'S WORLD COFFEE,SUNDAY WEDNESDAY 6 00 AM 9 00PM THURSDAY SATURDAY 00AM 10 PM,"In one room on the ground floor with two seating areas and two serving areas. Kitchen and restrooms in the rear. Main entrance at the front & emergency exit in the basement. Capacity breakdown; 48 @ tables & chairs, 6 standing. .",6:00AM,10:00 PM,10:30 PM,54,," BRUEGGER'S ENTERPRISES, INC.", Franciso Richiez,,(781)937-4200,631A-683  VFW PW,Chestnut Hill,MA,2467,749006.4700925499,2933629.2730908096
LB-100320,CVICT0913,Active,Common Victualler,Common Victualler,2013-10-29,2026-12-31,"Selhi Associates, LLC",MCDONALD'S,1 00 AM CLOSING DRIVE THRU ONLY,"In one room on the first floor with kitchen in the rear and storage room, with a drive thru window.",6:00 AM,11:00 PM,11:30 PM,140,," Selhi Associates, LLC",Vijay Selhi,(617)442-6698,,301-  Warren ST,Roxbury,MA,2119,769166.606865596,2942039.63019301
LB-100658,CVICT1610,Active,Common Victualler,Common Victualler,2013-10-21,2026-12-31,"ZO RESTAURANT, INC.",ZO,,"IN ONE ROOM ON THE FIRST FLOOR, KITCHEN AND STORAGE IN REAR.",6:00 AM,6:00 PM,6:30 PM,6,"IN ONE ROOM ON THE FIRST FLOOR, KITCHEN AND STORAGE IN REAR."," ZO RESTAURANT, INC.", ANDY KOLOKYTHAS,,6179016017,92-  State ST,Boston,MA,2109,776351.8612678051,2956243.1504351497
LB-99642,CV7MW0443,Active,Common Victualler,CV7 Malt Wine,2013-11-21,2026-12-31,MA-LA-TAO Ma Inc.,Szechuan Mountain House,,,,11:00 PM,11:30 PM,49,"Unit 101; This is a multi- story mixed use building, 1st floor retail and upper levels for residential living. The license premise is the ground floor, 1 level approximately 3,000SF with one (1) entrance/exit for the kitchen and two additional (2) entrances / exits for customers. Seating for 80 patrons. Hours of operation 11:00AM-11:00PM.", MA-LA TAO MA INC., Qian Huang,,,89-  Brighton AV,Allston,MA,2134,756282.5897266418,2953860.403560221
LB-99718,CV7MWL0025,Active,Common Victualler,CV7 Malt Wine Liq.,2013-11-18,2026-12-31,"NEW GOLDEN GATE, INC.",NEW GOLDEN GATE RESTAURANT,1 MALT WINE WITH LIQUEURS TO BE SERVED ONLY IN CONJUNCTION MEALS 2 4 00 M CLOSING HOUR FOOD,"IN TWO ROOMS ON THE FIRST FLOOR, KITCHEN AND STORAGE IN THE REAR.",,1:00 AM,1:30 AM,72,"IN TWO ROOMS ON THE FIRST FLOOR, KITCHEN AND STORAGE IN THE REAR."," NEW GOLDEN GATE, INC.", May Deng,,(617)338-7721,66-  Beach ST,Boston,MA,2111,775094.999936387,2953379.9999934733
LB-98958,CV7AL0079,Active,Common Victualler,CV7 All Alc.,2013-11-27,2026-12-31,Grace by Nia Seaport LLC,Grace by Nia,,,,2:00 AM,2:30 AM,243,"+/-7,178SF on level 3 and level 3.5 of mixed-use-building. Main entrance/exit located on level 3 accessible via escalator and elevator. +/- 5,269SF on level 3 with two configurations. Restaurant configuration: bar with seating for 21 patrons; drink rail with seat for 9 patrons; bar dining with seating for 24 patrons ;front dining with seating for 43 patrons; raised bar dining with seating for 22 patrons; music dining with seating for 47 patrons(total restaurant configuration seating 166). Nightclub configuration: bar with seating for 15 patrons; drink rail with seating for 9 patrons; bar dining with seating for 24 patrons; front dining with standing for 49 patrons; music dining standing for 118 patrons (total nightclub configuration seating 103). Kitchen, storage and back of house to front right of premise. Additional storage and back of house located on level 3.5 +/- 1,909SF (no public access to level 3.5).

", Grace by Nia Seaport LLC, Nia Grace,,,0     Block C Seaport SQ,Boston,MA,2210,,
LB-347935,,Active,Common Victualler,Common Victualler,2017-10-24,2026-12-31,"SWEETGREEN BOSTON, LLC",Sweetgreen,,"Portion of first floor, kitchen and prep in rear, seating at front and side.",10:00 AM,10:00 PM,10:30 PM,31,," Sweetgreen Boston, LLC", Sanjay Baidya,,,47-  Northern AV,Boston,MA,2210,778699.9326871336,2954014.417359814
LB-303415,,Active,Common Victualler,CV7 Malt Wine,2016-12-23,2026-12-31,"Tora Group, Inc.",Tora Kaisen Don Japanes Restaurant,,,,1:00 AM,1:30 AM,19,"20-B Tyler Street, Boston, MA 02111-The premises consist of a garden level, approx. 1,196SF total commercial space with approx. 616SF dining area and sushi bar with seating for 19, 1 HP accessible restroom, full kitchen, mechanical room and office. Closing Hours: Sun-Thurs 11:00PM, Fri & Sat 1:00AM."," Tora Group, Inc.", Patrick Zhong,,,20-  Tyler ST,Boston,MA,2111,774932.7820849717,2953134.2216136456
LB-99566,CV7MW0207,Active,Common Victualler,CV7 Malt Wine,2013-11-26,2026-12-31,"ESSENEX, INC.",WOODY'S GRILL AND TAP,MALT WINE BEVERAGES TO BE SERVED ONLY IN CONJUNCTION WITH MEALS,"IN ONE ROOM ON THE FIRST FLOOR, KITCHEN IN THE REAR; STORAGE IN BASEMENT.",,MIDNIGHT,12:30 AM,87,"IN ONE ROOM ON THE FIRST FLOOR, KITCHEN IN THE REAR; STORAGE IN BASEMENT."," ESSENEX, INC.", JOANN CASSIDY,,(617)375-9663,58-  Hemenway ST,Boston,MA,2115,767156.3993438035,2950941.0389921367
LB-101284,CVICT2517,Active,Common Victualler,Common Victualler,2013-10-04,2026-12-31,"Sisters Markets, Inc. ",DeLuca's Market,,"Kitchen in rear, tables in front, one room. ",7:00 AM,10:00 PM,10:30 PM,20,," Sisters Markets, Inc.",CAROLINE AIELLO,(617)523-4343,(617)227-2117,11-  Charles ST,Boston,MA,2108,772568.2946879715,2955249.8702694774
LB-99527,CV7MW0065,Active,Common Victualler,CV7 Malt Wine,2013-12-02,2026-12-31,COBBAGE RESTAURANT CORP.,DINO'S,       ,"IN ONE ROOM ON THE FIRST FLOOR; KITCHEN IN THE REAR, STORAGE IN THE BASEMENT.",,10:00 PM,10:30 PM,18,"IN ONE ROOM ON THE FIRST FLOOR; KITCHEN IN THE REAR, STORAGE IN THE BASEMENT.", COBBAGE RESTAURANT CORP., ANN GIANNANGELI,,6172271991,141-  Salem ST,Boston,MA,2113,776326.000099048,2958369.9998559803
LB-450409,,Active,Common Victualler,Common Victualler,2023-02-06,2026-12-31,"Raising Cane's Restaurants, LLC",Raising Cane's Chicken Fingers,Sunday Thursday 9 00 AM 1 30 Friday Saturday 2 Patio Hours 11 PM,"On two floors, first floor consisting of kitchen with storage, manager's office, serving area, two restrooms, dining room, and basement consisting of storage and utility room. An outdoor annual patio on private property for 14 patrons, patio closing hour 11:00 PM.",9:00 AM,2:00 AM,2:30 AM,76,," Raising Cane's Restaurants, LLC",Christopher Mariani,,,755-  Boylston ST,Boston,MA,2116,769413.8298683017,2952621.74429214
LB-100470,CVICT1260,Active,Common Victualler,Common Victualler,2013-11-29,2026-12-31,TURKEY EXPRESS,PIZZATALIA,,IN ONE ROOM WITH KITCHEN AND STORAGE IN THE BASEMENT.,10:00 AM,11:00 PM,11:30PM,0,IN ONE ROOM WITH KITCHEN AND STORAGE IN THE BASEMENT., TURKEY EXPRESS, BAYRAM KARAGUL,,6172677220,618-  Shawmut AV,Roxbury,MA,2118,769565.7823203057,2947512.5697992295
LB-99676,CV7MW0523,Active,Common Victualler,CV7 Malt Wine Liq.,2013-11-22,2026-12-31,Elephantine LLC,Elephantine Bakery,,"4,624 sq. ft. Total: In one room on ground level of six-story building. Front window seating area, service bar area and main dining area seating for approximately 65; Main entrance/exit on Congress Street, additional emergency exit in rear alley. Kitchen, storage and offices in rear of premises.
",8:00 AM,10:00 PM,10:30 PM,57,"4,624 sq. ft. Total: In one room on ground level of six-story building. Front window seating area, service bar area and main dining area seating for approximately 65; Main entrance/exit on Congress Street, additional emergency exit in rear alley. Kitchen, storage and offices in rear of premises."," Elephantine, LLC", Sherif Farag,,,332-  Congress ST,Boston,MA,2210,778025.1919106394,2953302.748835638
LB-587524,,Active,Common Victualler,Common Victualler,2025-02-19,2026-12-31,KARSEN LLC,BOSTONIAN PIZZA,,717SF Kiosk for a pizza shop located in the Galleria Food Court. Restrooms and all amenities are on the first floor.,11:00 AM,11:30 PM,12:00 AM,0,717SF Kiosk for a pizza shop located in the Galleria Food Court. Restrooms and all amenities are on the first floor., KARSEN LLC, Bekir Senates,(617)987-5545,,350-  Longwood AV,Boston,MA,2115,762561.0131933838,2948506.872272566
LB-99664,CV7MW0500,Active,Common Victualler,CV7 Malt Wine Liq.,2013-11-19,2026-12-31,"MMIR, LLC",SHU DAXIA HOT POT,,"3,400 square feet: In one room on ground floor with main dining room and bar seating kitchen, office and storage in rear of premises. ",,11:00 PM,11:30 PM,87,," MMIR, LLC", LEROY QIAN-RONG LEE,,,580-  Commonwealth AV,Boston,MA,2215,764467.8082643002,2952389.6079453975
LB-542741,,Active,Common Victualler,Common Victualler,2023-12-29,2026-12-31,"Raising Cane's Restaurants, LLC",Raising Cane's Chicken Fingers #726,,"3,712 SF Quick Service Restaurant w/ takeout on one floor of an existing 2 story building. There is no drive thru nor outdoor patio. The dining room has 65 seats. The bathrooms are located to the right of the entrance. ",10:00 AM,11:00 PM,11:30 PM,65,"3,712 SF Quick Service Restaurant w/ takeout on one floor of an existing 2 story building. There is no drive thru nor outdoor patio. The dining room has 65 seats. The bathrooms are located to the right of the entrance."," Raising Cane's Restaurants, LLC", Kevin Ramirez Melara,(617)358-5932,,949-  Commonwealth AV,Boston,MA,2215,759232.4014123082,2953487.318348393
LB-619477,,Active,Common Victualler,Common Victualler,2026-03-12,2026-12-31,Johns Pizza Dorchester Corp,Johns Pizza Dorchester,,"An 800SF Take-out-only pizza shop with the kitchen located on the main floor, a basement for storage, and no seating.",11:00 AM,11:00 PM,11:30 PM,0,"An 800SF Take-out-only pizza shop with the kitchen located on the main floor, a basement for storage, and no seating.", Johns Pizza Dorchester Corp, Jonathan Galvan Palmerin,(617)460-7393,,863-  Washington ST,Dorchester,MA,2124,772175.9998688847,2927920.0000605583
LB-99055,CV7AL0191,Active,Common Victualler,CV7 All Alc.,2013-11-27,2026-12-31,"30 TRAVELER, LLC",BAR MEZZANA,,,,2:00 AM,2:30 AM,184,"In one floor, with dining room in two rooms, kitchen in one room, office in one room, and storage. Seasonal (April-October) outdoor patio on private property accessible by two private entrances/exits with midnight closing hour along Harrison Avenue and Traveler Street, with seating for 25 persons; additional seasonal (April-October) outdoor patio on private property between 360 Harrison Avenue and 350 Harrison Avenue, with additional seating for 42, and midnight closing hour. Indoor closing hour 2:00AM."," 30 TRAVELER, LLC", JEFFERSON MACKLIN,(617)470-8663,,360-  Harrison AV,Roxbury,MA,2118,774234.791683048,2950909.091221392
LB-101982,RETAL0217,Active,Misc,Retail All Alc.,2013-11-19,2026-12-31,"S&H NORTH STATION, INC.",NORTH STATION LIQUORS,1 NO SINGLES NIPS OR HALF PINTS TO BE SOLD 2 Board granted acknowledged petition to open 10 00 m on Sundays,"APPROXIMATELY 1,598 SQUARE FEET OF STREET LEVEL RETAIL SPACE. MAIN ENTRANCE/EXIT ON FRIEND STREET; STORAGE IN REAR.",,11:00 PM,,0,," S&H NORTH STATION, INC.", SMITESH N. PATEL,,(339)499-8742,103-  Causeway ST,Boston,MA,2114,774577.3936881423,2958288.394048065
LB-98984,CV7AL0107,Active,Common Victualler,CV7 All Alc.,2013-11-22,2026-12-31,"COSTELLO'S TAVERN, INC.",COSTELLO'S TAVERN,ALCOHOLIC BEVERAGES TO BE SERVED ONLY IN CONJUNCTION WITH BRUNCH ON SUNDAYS OPENING 10 00 M,Unnumbered entrance from parking lot in rear; in one room and kitchen on first floor; dining area and storage in basement.,,2:00 AM,2:30 AM,150,Unnumbered entrance from parking lot in rear; in one room and kitchen on first floor; dining area and storage in basement.," COSTELLO'S TAVERN, INC.", MATTHEW T. GRIFFIN,,(617)522-9263,717-723  Centre ST,Jamaica Plain,MA,2130,760374.8551641405,2938679.2728333026
LB-100159,CVICT0570,Active,Common Victualler,Common Victualler,2013-10-21,2026-12-31,KITCHENS OF THE BAY STATE,BOSTON CHOWDA,,Kiosk with counter in Faneuil Hall Marketplace on the first floor with kitchen and storage in the rear.,7:00 AM,10:00 PM,9:30 PM,0,, Kitchens of the Bay State, LINDSAY ROSADO,,(978)995-4965,100-199     Faneuil Hall Market PL,Boston,MA,2109,0.0,0.0
LB-99995,CVICT0246,Active,Common Victualler,Common Victualler,2013-10-28,2026-12-31,"Baijing Taste, LLC",Beijing Taste,,One room on the first floor with kitchen & seating. Storage in basement.,11:00 AM,2:00 AM,10:30 PM,14,," Beijing Taste, LLC",Xiaomei Xing,(617)944-6666,,377-  Washington ST,Brighton,MA,2135,749621.0000314713,2952500.000113055
LB-99009,CV7AL0138,Active,Common Victualler,CV7 All Alc.,2013-11-27,2026-12-31,"571 TREMONT, LLC",,,,,1:00 AM,1:30 AM,100,"On first floor on one room, main dining area, bar, private dining area and restroom with storage, kitchen and restrooms in basement. Seasonal (April-November) outdoor patio on DPW Land. (80 seated/20 standing & 28 seated outdoors)"," 571 TREMONT, LLC", JEFFERSON MACKLIN,,,571-  Tremont ST,Roxbury,MA,2118,771704.1327023804,2950554.8540689796
LB-100509,CVICT1327,Active,Common Victualler,Common Victualler,2013-10-18,2028-12-31,C.V.T. VEGETERIAN GOURMET,MY THAI CAFE & BUBBLE TEA BISTRO,,IN ONE ROOM ON THE SECOND FLOOR WITH KITCHEN AND STORAGE IN THE REAR.,8:00 AM,12:00 AM,12:30 AM,99,, C.V.T. VEGETARIAN GOURMET,Cuong Van Tran,,(781)944-8474,680-684  Washington ST,Boston,MA,2111,774373.2710648924,2953392.794587314
LB-99417,CV7AL0615,Active,Common Victualler,CV7 All Alc.,2013-11-22,2026-12-31,"Nine Restaurant Group, LLC",9,,"In one large room on the first floor with various dining areas with approximately 82 seats and a bar with approximately 10 seats, kitchen and restrooms in rear, storage in the basement. All together comprised of a total of 4,091 sf with 1 entrance and 3 exits",,1:00 AM,1:30 AM,120,"In one large room on the first floor with various dining areas with approximately 82 seats and a bar with
approximately 10 seats, kitchen and restrooms in rear, storage in the basement. All together comprised
of a total of 4,091 sf with 1 entrance and 3 exits"," Nine Restaurant Group, LLC", Bertilda Grochowski,,,9-  Park ST,Boston,MA,2108,774336.8836704642,2955648.692306474
LB-101327,DRMTY0034,Active,Misc,Dormitory,2014-05-07,2026-04-30,TRUSTEES OF BOSTON UNIVERSITY,BOSTON UNIVERSITY,,3 story brick building.,,,,14,3 story brick building., TRUSTEES OF BOSTON UNIVERSITY,NISHMIN KASHYAP,,(617)353-3502,194-  Bay State RD,Boston,MA,2215,763670.5405018926,2952928.8739272207
LB-98710,BLRDS0025,Active,Misc,Billiards/Sippio,2014-04-15,2026-12-31,"TOM ENGLISH'S COTTAGE, INC.",TOM ENGLISH'S TAVERN,,In one room on the first floor with kitchen in the rear storage in the basement.,,1:00 AM,1:30 AM,0,In one room on the first floor with kitchen in the rear storage in the basement.," TOM ENGLISH'S COTTAGE, INC.", TOMAS A. ENGLISH,,6172697264,112-118  Emerson ST,South Boston,MA,2127,780425.2172943056,2947803.5797158927
LB-99451,CV7AL0672,Active,Common Victualler,CV7 All Alc.,2013-11-13,2026-12-31,STREGA WATERFRONT LLC,,2026 Permanently Closed Do Not Issue,"IN TWO PRIVATE DINING ROOMS ON FIRST FLOOR; A BAR WITH 20 SEATS; KITCHEN AND STORAGE IN THE REAR OF PREMISES AND TO INCLUDE AN OUTSIDE PATIO FOR 20 PATRONS ON PRIVATE PROPERTY BETWEEN THE HOURS OF 11:00 A.M. - 2:00 A.M.  THERE ARE 5 ENTRANCES/EXITS.  ONE MARINA PARK DRIVE, B",,2:00 AM,2:30 AM,180,"ONE MARINA PARK DRIVE - IN TWO PRIVATE DINING ROOMS ON FIRST FLOOR; A BAR WITH 20 SEATS; KITCHEN AND STORAGE IN THE REAR OF PREMISES AND TO INCLUDE AN OUTSIDE PATIO FOR 20 PATRONS ON PRIVATE PROPERTY BETWEEN THE HOURS OF 11:00 A.M. - 2:00 A.M.  THERE ARE 5 ENTRANCES/EXITS.  TO ADD A PORTABLE BAR AND 18 ADDITIONAL SEATS TO AN EXISTING OUTDOOR PATIO ON-PRIVATE PROPERTY WITH 20 SEATS.  ALSO, TO EXTEND THE CLOSING HOUR ON THE OUTSIDE PATIO FROM 11:00 PM TO 2:00 AM.", STREGA WATERFRONT LLC, Melissa Lee,,,1     Marina Park DR,Boston,MA,2210,0.0,0.0
LB-606745,,Active,Common Victualler,Common Victualler,2025-11-04,2026-12-31,"Perch, LLC",Perch,,"383SF Single floor, featuring an open kitchen layout within one room, with a bathroom, one entrance and one exit.",5:00 PM,10:00 PM,10:30 PM,10,"383SF Single floor, featuring an open kitchen layout within one room, with a bathroom, one entrance and one exit."," Perch, LLC", Renee Minahan,(508)667-8440,,102-  Waltham ST,Roxbury,MA,2118,772036.5936516374,2950572.7838231474
LB-101320,DRMTY0027,Active,Misc,Dormitory,2014-05-07,2026-04-30,TRUSTEES OF BOSTON UNIVERSITY,BOSTON UNIVERSITY,,4 story brick building.,,,,25,4 story brick building., TRUSTEES OF BOSTON UNIVERSITY,NISHMIN KASHYAP,,(617)353-3502,179-  Bay State RD,Boston,MA,2215,763867.289452225,2953053.697496474
LB-99147,CV7AL0298,Active,Common Victualler,CV7 All Alc.,2013-11-26,2026-12-31,"CWBR, LLC",CITY WINERY,,"Nine story building first floor to be licensed 5 rooms: 3 entrances, 4 exits (11,698.8 sq ft); Annual outdoor courtyard on private property same closing hour as restaurant; Basement (4,414.5 sq ft). Total sq ft = 16,113.3.",,2:00 AM,2:30 AM,615,"Nine story building first floor to be licensed 5 rooms: 3 entrances, 4 exits (11,698.8 sq ft); Annual outdoor courtyard on private property same closing hour as restaurant; Basement (4,414.5 sq ft). Total sq ft = 16,113.3."," CWBR, LLC", JEFFREY ALLEN KING,,,80-  Beverly ST,Boston,MA,2114,775116.3319147229,2958465.5692186505
LB-99651,CV7MW0460,Active,Common Victualler,CV7 Malt Wine,2013-11-18,2026-12-31,"Punjab Palace, LLC",PUNJAB PALACE,1 NO BAR 2 ALCOHOLIC BEVERAGES TO BE SERVED ONLY IN CONJUNCTION WITH MEALS,"1160 SF restaurant on 1 floor with 2 entrances/exits; includes dining area with 9 tables, small bar area with 3 seats, reception area, kitchen/prep and 2 restrooms. Basement to include storage and office.",,11:00 PM,11:30 PM,38,"1160 SF restaurant on 1 floor with 2 entrances/exits; includes dining area with 9 tables, small bar area with 3 seats, reception area, kitchen/prep and 2 restrooms. Basement to include storage and office."," Punjab Palace, LLC", Dariusz Zwynina,,6177758686,109-  Brighton AV,Allston,MA,2134,756038.0354257226,2953885.791632816
LB-99368,CV7AL0564,Active,Common Victualler,CV7 All Alc.,2013-11-21,2026-12-31,"THE K'S, INC.",SISSY K'S,       ,"In one room on the first floor, one room on the second floor, and basement for stockroom, kitchen and office.  Capacity breakdown: 1st fl - 80; 2nd fl - 96.",,2:00 AM,2:30 AM,176,," THE K'S, INC.", MARYANN KELLEY,,6176966120,6-  Commercial ST,Boston,MA,2109,776698.0997485518,2956375.197743222
LB-609755,,Active,Common Victualler,Common Victualler,2026-02-05,2026-12-31,"Bennett's Store of Boston Summer Street, LLC",Bennett's Sandwich Shop,Operating Hours Monday Friday 7 00 AM PM Saturday Sunday 10 6,"2,037SF Upon entry, the main floor includes a dining room area, with the point-of-sale (POS) area and kitchen located toward the rear of the building. The upper level features a mezzanine with additional seating.",7:00 AM,7:00 PM,7:30 PM,49,"2,037SF Upon entry, the main floor includes a dining room area, with the point-of-sale (POS) area and kitchen located toward the rear of the building. The upper level features a mezzanine with additional seating."," Bennett's Store Of Boston Summer Street, LLC", Matt Marquis,(609)724-6242,,91     Summer ST,Boston,MA,2110,0.0,0.0
LB-101493,DRMTY0286,Active,Misc,Dormitory,2014-05-09,2026-04-30,HARVARD UNIVERSITY,HARVARD BUSINESS SCHOOL,,Six story brick building commonly known as McArthur Hall.,,,,170,, HARVARD UNIVERSITY,Meredith Keaney,,(617)495-6443,47A-  Harvard WY,Boston,MA,2163,758992.5058947206,2959095.179179892
LB-99339,CV7AL0522,Active,Common Victualler,CV7 All Alc.,2013-11-21,2026-12-31,"THE DUGOUT CAFE, INC.",THE DUGOUT,,TWO UNNUMBERED ENTRANCES IN REAR FOR STOCK; IN ONE ROOM,,2:00 AM,2:30 AM,96,TWO UNNUMBERED ENTRANCES IN REAR FOR STOCK; IN ONE ROOM," THE DUGOUT CAFE, INC.", WILLIAM F. CROWLEY JR.,,(617)859-0153,722-  Commonwealth AV,Boston,MA,2215,762677.0208353847,2952658.230767727
LB-99286,CV7AL0456,Active,Common Victualler,CV7 All Alc.,2013-11-25,2026-12-31,ALASTY CORP.,NAPPER TANDYS,ALCOHOLIC BEVERAGES TO BE SERVED IN CONJUNCTION WITH BRUNCH ON SUNDAYS 10 00 M,"4187,4189,4191 and 4195 Washington Street - Three rooms, kitchen and storage  first floor; Cellar for stock - with entrance at 4195 Washington Street.",,2:00 AM,2:30 AM,96,, ALASTY CORP., JOHN G. JACOB,,(508)660-5405,4187-4195  Washington ST,Roslindale,MA,2131,756986.9360869676,2929971.99858123
LB-133662,,Active,Common Victualler,Common Victualler,2015-01-07,2026-12-31,"Bon Me Foods, LLC",Bon Me,Seasonal patio on private property 7 00 AM 10 PM 12 patrons,"Kitchen, food service area on first floor. Seasonal patio on private property 7:00 AM - 10:00 PM for 12 patrons.",7:00 AM,10:00 PM,10:30 PM,32,," Bon Me Foods, LLC",Patrick Lynch,(617)989-9804,,313-  Congress ST,Boston,MA,2210,777752.2196875513,2953294.018866226
LB-148518,,Active,Misc,Farmer Distillery Pouring License,2016-03-16,2026-12-31,"Boston Harbor Distillery, LLC",,One room on first floor consisting one entrance three exits all located 12R Ericsson Street with Port Norfolk Lawley Streets as crossroads All alcohol storage is behind tasting area or displayed in mercantile Monday Wednesday Noon 10 00 PM Thursday Saturday 1 AM Sunday 6 CONDITIONS 8 CLOSING HOUR TOURS amp TASTINGS 11 PRIVATE EVENTS,"One room on first floor consisting of one entrance and three exits all located at 12R Ericsson Street, with Port Norfolk and Lawley Streets as crossroads. All alcohol storage is located behind the tasting area and/or displayed in the mercantile area. Monday - Wednesday Noon - 10:00 PM,",,1:00 AM,1:30 AM,148,," Boston Harbor Distillery, LLC",Rhonda Kallman,(617)533-7001,,12R-  Ericsson ST,Dorchester,MA,2122,780344.732482463,2931806.46005434
LB-101483,DRMTY0275,Active,Misc,Dormitory,2014-05-07,2026-04-30,TRUSTEES OF BOSTON UNIVERSITY,BOSTON UNIVERSITY,,Five story brick building.,,,,27,Five story brick building., TRUSTEES OF BOSTON UNIVERSITY,NISHMIN KASHYAP,,(617)353-3502,117-  Bay State RD,Boston,MA,2215,764659.6766469777,2952977.2386598885
LB-99359,CV7AL0553,Active,Common Victualler,CV7 All Alc.,2013-11-26,2026-12-31,"GALWAY, INC.",THE HARP,1 Open 10 00 M on Sundays service food only 2 310 persons daytime 693 night time,"200 Portland Street - With Entrance And Exits On Causeway Street And Portland Street With Four Rooms And Two Bar Areas On The Ground Level And Four Rooms And A Kitchen With Three Store Rooms In The Lower Level.
",,2:00 AM,2:30 AM,693,200 Portland Street - With Entrance And Exits On Causeway Street And Portland Street With Four Rooms And Two Bar Areas On The Ground Level And Four Rooms And A Kitchen With Three Store Rooms In The Lower Level.," GALWAY, INC.", James M. Roberts,,(617)789-4111,85-  Causeway ST,Boston,MA,2114,774433.8470592201,2958198.4418001473
LB-99679,CV7MW0528,Active,Common Victualler,CV7 Malt Wine,2013-11-18,2026-12-31,"Grub Street, Inc.",Grub Street,Level 1 Event Space Typical Day Standing 63 occ Seats 18 105 Seated 106 Max Total Occupants Outdoor Seating 26,"In one large room on ground floor, comprised of cafe space with seating areas and service counter, food prep area and kitchen in rear, with storage and office space, together with additional bookstore space with lounge seating; in one additional room on ground floor for event space and additional se",,MIDNIGHT,12:30 AM,106,"In one large room on ground floor, comprised of cafe space with seating areas and service counter, food prep area and kitchen in rear, with storage and office space, together with additional bookstore space with lounge seating; in one additional room on ground floor for event space and additional seating; seasonal (April-October) outdoor seating on private property along Waterside Drive (34 seats) with an 11PM closing hour; second floor to include additional storage, restrooms and office space, together with podcasting room and instructor’s space, community lounge area, and 7 classroom spaces."," Grub Street, Inc.", Eve Bridburg,,,50-  Liberty DR,Boston,MA,2210,779242.0149362981,2954415.7023184
LB-99478,CV7ALA0009,Active,Common Victualler,CV7 All Alc. Airp.,2013-12-05,2026-12-31,"HSI MCA BOS FB, LLC",Cisco Brewers,BOARD ACKNOWLEDGED GRANTED PETITION TO SERVE ALCOHOL 10 00 AM WITH BRUNCH ON SUNDAYS REQUEST OPEN 5 SALE FOOD ONLY,SPACE BA-A13 IN TERMINAL B. PIER B AT LOGAN AIRPORT. AREA CONSISTS OF 3000 SQUARE FEET.,,2:00 AM,2:30 AM,136,"SPACE BA-A13 IN TERMINAL B, PIER B AT LOGAN AIRPORT.  AREA CONSISTS OF 3,000 SQUARE FEET."," HSI MCA BOS FB, LLC", Douglas Runge,,(240)694-4865,      Logan Airport Terminal B  ,East Boston,MA,2128,0.0,0.0
LB-613116,,Active,Common Victualler,Common Victualler,2025-12-05,2026-12-31,GIFU LIN INC,GIFU TERIYAKI AND SUSHI,,"3,100SF Restaurant on ground floor. Half of the space is used for storage and the other half for business operations. There are three bathrooms, and the kitchen is located in the back.",11:00 AM,7:00 PM,7:30 PM,48,"3,100SF Restaurant on ground floor. Half of the space is used for storage and the other half for business operations. There are three bathrooms, and the kitchen is located in the back.", GIFU LIN INC, Chao Xiang Lin,(857)292-1794,,705-  Massachusetts AV,Roxbury,MA,2118,770956.4009301364,2947340.880510062
LB-100052,CVICT0349,Active,Common Victualler,Common Victualler,2013-12-31,2026-12-31,"NORTHEAST FOODS, LLC",BURGER KING,,"IN ONE ROOM ON THE FIRST FLOOR; KITCHEN & STORAGE IN REAR. KITCHEN, BATHROOM & DINNINGROOM.",6:00 AM,12:30 AM,1:00 AM,116,," NORTHEAST FOODS, LLC",RADOUANE MARMOUCHA,(617)783-0106,,210-  Brighton AV,Allston,MA,2134,754832.4781255573,2953884.2453760654
LB-101135,CVICT2361,Active,Common Victualler,Common Victualler,2014-01-31,2026-12-31,"Promanagement, Inc.",Farmer Horse Coffee,,One room on the first floor with kitchen and dining.,6:00 AM,11:00 PM,11:30PM,16,," Promanagement, Inc.",Merhan Atoufi,,(781)570-9061,374-  Massachusetts AV,Boston,MA,2115,768769.7524162978,2949953.9743652195
LB-121347,,Active,Misc,Dormitory,2014-03-04,2026-04-30,Northeastern University,,NO COMMENT,"6 story building; classrooms on floors 1&2, dormitory residence floor 3-6.",,,,91,"6 STORY BUILDING; CLASSROOMS ON FLOORS 1&2, DORMITORY RESIDENTS FLOOR 3-6.", Northeastern University, Robert S. Austin,(617)373-5362,,316-  Huntington AV,Boston,MA,2115,767747.6363503039,2949432.612547055
LB-99532,CV7MW0081,Active,Common Victualler,CV7 Malt Wine,2013-12-02,2026-12-31,"KUALA LUMPUR, INC.",PENANG,       ,In one room on the first floor with kitchen in the rear and storage in the basement.,,2:00 AM,2:30 AM,114,," KUALA LUMPUR, INC.", PUAH HOON NG,,(609)903-3060,685-691   Washington ST,Boston,MA,2111,,
LB-99454,CV7AL0675,Active,Common Victualler,CV7 All Alc.,2013-11-26,2026-12-31,"THE BACK DECK, INC.",FRENCH QUARTER,,"ON TWO LEVELS.  MAIN LEVEL IN ONE ROOM DINING AREA, BAR, AND KITCHEN.  LOWER LEVEL FOR RESTROOMS AND STORAGE.  THE MAIN ENTRANCE/EXIT ON WASHINGTON STREET.  Capacity breakdown: 26 @ bar stools, 64 @ tables & chairs; 30 standing.",,2:00 AM,2:30 AM,120,," THE BACK DECK, INC.", BRADLEY FREDERICKS,(617)426-1266,,545-  Washington ST,Boston,MA,2111,774377.7858196348,2954289.756047979
LB-617098,,Active,Common Victualler,Common Victualler,2026-01-29,2026-12-31,Koko Coffee South Station LLC,Koko Coffee,,"1,480SF Café features front counter service with a pastry display case, a back kitchen for food prep and reheating, and equipment including a 3-compartment sink, an espresso machine, grinders, and an assembly area, as well as a 46-seat dining area and two ADA-compliant bathrooms on site.",7:00 AM,11:00 PM,11:30 PM,46,"1,480SF Café features front counter service with a pastry display case, a back kitchen for food prep and reheating, and equipment including a 3-compartment sink, an espresso machine, grinders, and an assembly area, as well as a 46-seat dining area and two ADA-compliant bathrooms on site.", Koko Coffee South Station LLC,Daud Kyarizov,(857)248-2059,,745-  Atlantic AV,Boston,MA,2111,775888.609569639,2952992.7238651365
LB-100892,CVICT2051,Active,Common Victualler,Common Victualler,2013-11-06,2026-12-31,"DIMO DONUTS, INC.",DUNKIN DONUTS,,FIRST FLOOR CONTAINING OF 132 SQ. FT. OF SPACE WITHIN AN EXISTING CONVENIENCE STROE.,5:00 AM,11:00 PM,11:30 PM,0,," DIMO DONUTS, INC.", AFSHIN B. OMID,,6172128752,219-  Cambridge ST,Allston,MA,2134,757182.2867461443,2955787.621818647
LB-99568,CV7MW0213,Active,Common Victualler,CV7 Malt Wine,2013-11-21,2026-12-31,"RINO'S PLACE, INC.",RINO'S PLACE,1 No Bar 2 Beer wine to be served only in conjunction with meals 3 exterior sign advertising Malt amp Wine,IN ONE ROOM ON THE FIRST FLOOR WITH KITCHEN AND STORAGE IN REAR.  ,,11:00 PM,11:30 PM,36,IN ONE ROOM ON THE FIRST FLOOR WITH KITCHEN AND STORAGE IN REAR.," RINO'S PLACE, INC.", ANNA DICENSO,,(617)567-6712,258-  Saratoga ST,East Boston,MA,2128,782576.9426496327,2963225.1804343164
LB-494682,,Active,Common Victualler,CV7MWLN - Neighborhood Restricted,2022-11-29,2026-12-31,VIA CANNUCCIA LLC,Via Cannuccia,,"Premise consists of 2,200SF restaurant with kitchen and 10 tables with a four seat bar. Basement for storage and food preparation. ",,2:00 AM,2:30 AM,40,"Premise consists of 2,200SF restaurant with kitchen and 10 tables with a four seat bar. Basement for storage and food preparation.", VIA CANNUCCIA LLC, Tsedenia Kiros,(857)370-2403,,1739-  Dorchester AV,Dorchester,MA,2124,774399.0026407242,2931389.149290234
LB-140034,,Active,Common Victualler,Common Victualler,2015-02-27,2027-12-31,"Kane's Handcrafted Donuts, LLC",Kane's Donuts,Hours operation 6 00 AM 5 PM Mon Fri 7 3 Saturday amp Sunday,"(kitchen, basement, etc.) Street level donut shop, no baking on premises",6:00 AM,5:00 PM,5:30 PM,0,," Kane's Handcrafted Donuts, LLC",Maria Delios,(781)233-8499,,1     International PL,Boston,MA,2110,0.0,0.0
LB-471196,,Active,Common Victualler,CV7 All Alc.,2023-08-03,2026-12-31,"MIDA East Boston, LLC",MIDA,Capacity Breakdown 88 Seated amp 19 Standing Interior 68 Outdoor,"4,523SF total: 2,873SF in one main room on ground floor, with bar in center and dining seating for 88 patrons throughout . Kitchen and storage in rear. 1,650SF annual outdoor patio (seating for 68) on private property, 11PM outdoor closing hour.",,1:00AM,1:30 PM,107,," MIDA East Boston, LLC", Seth Gerber,(203)494-7973,,65-  Lewis ST,East Boston,MA,2128,779829.589548558,2959336.568132803
LB-106349,,Active,Common Victualler,Common Victualler,2013-10-25,2026-12-31,"Fenway Cakes, LLC",Oakleaf Cakes,,"In one room on the first floor with kitchen in the rear, retail in front, and storage in the basement.",7:30 AM,7:00 PM,7:30 PM,14,," Fenway Cakes,  LLC",Julie Lyon,(617)299-1504,,12-  Westland AV,Boston,MA,2115,767910.7570870519,2950361.598549977
LB-581432,,Active,Common Victualler,Common Victualler,2024-11-27,2026-12-31,"NAYA 95 SUMMER, LLC",Naya,,"2,300SF Ground-level restaurant consisting of a dining area (41 interior seats), two public restrooms, a service counter, cookline, back workroom, walk-in cooler, and utility room.",11:00 AM,9:00 PM,9:30 PM,41,"2,300SF Ground-level restaurant consisting of a dining area (41 interior seats), two public restrooms, a service counter, cookline, back workroom, walk-in cooler, and utility room."," NAYA 95 SUMMER, LLC", Agues Gomes,(617)407-9908,,91     Summer ST,Boston,MA,2110,0.0,0.0
LB-98749,BLRDS0187,Active,Misc,Billiards/Sippio,2014-04-29,2026-12-31,"SHANNON TAVERN, INC.",SHANNON TAVERN,,1 Pool Table located on the first floor.,,1:00 AM,1:30 AM,0,," SHANNON TAVERN, INC.", JEREMIAH J. BOWEN,,,558- E Third ST,South Boston,MA,2127,781273.8583135605,2948018.0783026367
LB-101464,DRMTY0252,Active,Misc,Dormitory,2014-04-28,2026-04-30,EF SCHOOLS INC.,EF INTERNATIONAL LANGUAGE,,Three story building with basement.,,,,251,Three story building with basement., EF SCHOOLS INC.,Marc Kets,,(617)746-1700,200-  Lake ST,Brighton,MA,2135,747204.9999422282,2951710.000052646
LB-461761,,Active,Misc,Lodging Houses (Frat/Dorm),2021-12-02,2026-04-30,"570 Warren Street, LLC",,,"2 1/2 Story with 7 rooms on the 1st floor, seven rooms on the 2nd floor, 4 rooms on the 3rd floor, Full baths and office activity/recreational room.",,,,0,," 570 Warren Street, LLC",Peter McLoughlin,(617)282-1400,,570-  Warren ST,Dorchester,MA,2121,769030.8329308927,2939139.083265394
LB-100183,CVICT0613,Active,Common Victualler,Common Victualler,2013-12-04,2026-12-31,"LSM LIMITED, INC.",PAVEMENT COFFEEHOUSE,,In one room on the first floor with kitchen in the rear storage in the rear.,6:00 AM,MIDNIGHT,12:30 AM,32,In one room on the first floor with kitchen in the rear storage in the rear.," LSM LIMITED, INC.",Lawrence Margulies,,(617)320-5183,286-  Newbury ST,Boston,MA,2115,768511.6804258823,2952427.1787363887
LB-102028,RETMW0046,Active,Misc,Retail Malt Wine,2013-11-19,2026-12-31,"RAWSHON, INC.",RICHDALE FOOD SHOPS,,"In one room on the first floor with entrance on Beacon Street, and emergency exit to Bowdoin Street with storage in basement.",,11:00 PM,,0,," RAWSHON, INC.", BARZNAB KHAN,(617)639-5667,,23-  Beacon ST,Boston,MA,2108,774408.9999960512,2955849.9999747276
LB-101937,RETAL0140,Active,Misc,Retail All Alc.,2013-11-13,2026-12-31,RNP CORPORATION,NICK'S LIQUORS,Board acknowledges granted petition to open 10 m on Sundays,In one room on first floor with storage in the rear.,,11:00 PM,,0,, RNP CORPORATION, NARESH PATEL,,5088778011,4590-  Washington ST,Roslindale,MA,2131,753907.57479164,2925903.468660563
LB-99616,CV7MW0386,Active,Common Victualler,CV7 Malt Wine,2013-11-26,2026-12-31,"BONCHON ALLSTON, LLC",,,"121-123 BRIGHTON AVENUE ALLSTON, MA 02134 - WITH 3 ENTRANCES/EXITS, 1 ON BRIGHTON AVENUE AND 2 IN THE REAR OF THE BUILDING, CONTAINING 1 DINING ROOM, 1 KITCHEN, 2 BATHROOMS, 3 WALK IN COOLERS, 2 STORAGE ROOMS, AND 1 OFFICE.",,1:00 AM,1:30 AM,88,"121-123 BRIGHTON AVENUE ALLSTON, MA 02134 - WITH 3 ENTRANCES/EXITS, 1 ON BRIGHTON AVENUE AND 2 IN THE REAR OF THE BUILDING, CONTAINING 1 DINING ROOM, 1 KITCHEN, 2 BATHROOMS, 3 WALK IN COOLERS, 2 STORAGE ROOMS, AND 1 OFFICE."," BONCHON ALLSTON, LLC", QUOCLY NGUYEN,,(617)842-7035,101-123  Brighton AV,Allston,MA,2134,756009.8107446432,2953908.0612733066
LB-100601,CVICT1498,Active,Common Victualler,Common Victualler,2013-10-29,2026-12-31,GIOVANNI MARTONE,FIGARO'S BOSTON DELICATESSEN,,ONE ROOM FIRST FLOOR KITCHEN IN REAR.,6:00 AM,3:00 PM,3:30 PM,25,ONE ROOM FIRST FLOOR KITCHEN IN REAR., GIOVANNI MARTONE, GIOVANNI MARTONE,,7812319132,105-  Beach ST,Boston,MA,2111,775574.2935972214,2953136.865309149
LB-125960,,Active,Common Victualler,Common Victualler,2014-02-13,2025-12-31,"COMPASS GROUP USA, INC.","Compass Group USA, Inc.",Mon Fri 7 00 AM PM Sat amp Sun 8 6,"Ground level coffee bar, with cleaning in the back.Storage and office in basement.",7:00 AM,7:00 PM,7:30 PM,49,," Compass Group USA, Inc.",Rodoflo Montero,(704)328-4669,,705-711  Boylston ST,Boston,MA,2116,769742.3518490493,2952738.1200436503
LB-345293,,Active,Common Victualler,Common Victualler,2018-01-12,2026-12-31,Starbucks Corporation,STARBUCKS COFFEE #50497,AKA 20 36 District Ave Dorchester MA,"Beverage Prep area, back workroom, dining area and two restrooms located on first floor with seasonal (April - Nov.) outdoor patio on private property with 14 seats. Same hours as restaurant. ",5:00 AM,11:00 PM,11:30 PM,49,, STARBUCKS CORPORATION,DANIEL BRENNAN JR.,(206)594-7273,,8-  Allstate RD,Dorchester,MA,2125,774644.7856137156,2944279.6530367285
LB-125442,,Active,Common Victualler,Common Victualler,2014-01-08,2027-12-31,"Pizza Pizza Pizza, Inc.",Same Old Place,,In one floor with kitchen and storage in the back.,11:00 AM,11:00 PM,11:30 PM,32,," Pizza Pizza Pizza, Inc",Eric Ciampa,(617)524-9461,,662-  Centre ST,Jamaica Plain,MA,2130,760580.4167608917,2939170.2187018096
LB-99818,CV7MWL0172,Active,Common Victualler,CV7 Malt Wine Liq.,2013-11-26,2026-12-31,"J.P. SEAFOOD CAFE, INC.",J.P. SEAFOOD CAFE,1 MALT WINE LIQUEURS TO BE SERVED ONLY IN CONJUNCTION WITH MEALS 2 SERVICE BAR,IN TWO ROOMS ON THE FIRST FLOOR; KITCHEN IN REAR; STORAGE IN BASEMENT.  AND TO INCLUDE AN OUTDOOR SEASONAL PATIO ON PRIVATE PROPERTY FOR 15 PATRONS BETWEEN THE HOURS OF 10:30 A.M. - 11:00 P.M.,,11:00 PM,11:30 PM,75,IN TWO ROOMS ON THE FIRST FLOOR; KITCHEN IN REAR; STORAGE IN BASEMENT.  AND TO INCLUDE AN OUTDOOR SEASONAL PATIO ON PRIVATE PROPERTY FOR 15 PATRONS BETWEEN THE HOURS OF 10:30 A.M. - 11:00 P.M.," J.P. SEAFOOD CAFE, INC.", PHIL PAIK,,6175249895,730-  Centre ST,Jamaica Plain,MA,2130,760449.000015944,2938519.99999659
LB-99821,CV7MWL0175,Active,Common Victualler,CV7 Malt Wine Liq.,2013-11-19,2026-12-31,P.I.C. ENTERTAINMENT LLC,Broadway Golf Club,6 Golf Courts 4 per court 24 occ Bar Area Tables amp Chairs 12 Stools 18 Standing 11 Lounge 53 Total Occupants 118 Staff Per ISD Board grants permission to open alcohol service beginning 10 AM on Sundays,,10.00 AM,12:00 AM,12:30 AM,118,"Actual address is 417-423C West Broadway, South Boston, MA, 02127;Premise consist of: One (1) large room and kitchen and storage in basement space, with 6 Trackman golf simulators, a bar and sports lounge, back of house and office space, with approximately 7,300 total square feet of space. Entrance on F Street with emergency exit only on Silver Street.", P.I.C. ENTERTAINMENT LLC, Daniel H. Picard,(617)293-3332,,417-423C W Broadway ,South Boston,MA,2127,778435.1366288066,2947972.6056245565
LB-519528,,Active,Common Victualler,CV7 Malt Wine Restrict.,2023-07-05,2026-12-31,Chokdee Rumruai Munkong Inc.,Thai Oishi,,"1,285 Total SF of one room first floor with kitchen and dining room and basement storage of commercial building with 2 main entrance/exit into the dining and bar area with seating for 38, bar with seating for 6, kitchen in the rear. Emergency exit in rear of building. Two restrooms. Storage in the b",,10:00 PM,10:30 PM,46,"1,285 Total SF of one room first floor with kitchen and dining room and basement storage of commercial building with 2 main entrance/exit into the dining and bar area with seating for 38, bar with seating for 6, kitchen in the rear. Emergency exit in rear of building. Two restrooms. Storage in the basement. Hours of operation are Monday-Saturday from 11:30AM to 10:00PM and Sunday from 12:00 PM-9:30 PM.", Chokdee Rumruai Munkong Inc., Tarita Charoenvesyangkul,(617)282-2878,,203-  Adams ST,Dorchester,MA,2122,775138.999997616,2935339.99999364
LB-99481,CV7ALA0012,Active,Common Victualler,CV7 All Alc. Airp.,2013-12-05,2026-12-31,"HSI MCA BOS FB, LLC",BOSTON PUBLIC MARKET,BOARD ACKNOWLEDGED GRANTED PETITION TO SERVE ALCOHOL 10 00 AM WITH BRUNCH ON SUNDAYS,"6,689 Sq. ft. food court with bar at rear located b gate C26, in terminal C, Pier C",,2:00 AM,2:30 AM,150,," HSI MCA BOS FB, LLC", Douglas Runge,(240)694-4865,,"      Logan Airport, Terminal C  ",East Boston,MA,2128,0.0,0.0
LB-162571,,Active,Common Victualler,CV7 All Alc. (Special Legislation),2016-04-07,2026-12-31,"FULL COMP, INC.",MARE,,One room and kitchen on the first floor basement for storage with outdoor seasonal patio on private property with 48 seats from 7:00 am - 11:00 pm. Total Inside: 44.,,Midnight,12:30 AM,44,," FULL COMP, INC.",FRANK DEPASQUALE,(617)880-9919,,1-4  Mechanic CT,Boston,MA,2113,776432.3686527163,2957585.3639580607
LB-100305,DRMTY0047,Active,Misc,Dormitory,2014-05-07,2026-04-30,TRUSTEES OF BOSTON UNIVERSITY,BOSTON UNIVERSITY,,5 story brick building.,,,,44,5 story brick building., TRUSTEES OF BOSTON UNIVERSITY,NISHMIN KASHYAP,,(617)353-3502,42-  Buswell ST,Boston,MA,2215,762613.597733885,2951757.802778557
LB-100695,CVICT1679,Active,Common Victualler,Common Victualler,2013-10-29,2026-12-31,BLUE STAR RESTAURANT,,,"First floor dining room and kitchen, basement for storage.",6;00 AM,10:00 PM,10:30 PM,45,, BLUE STAR RESTAURANT, IGLI TASE,,6173235189,11-  Corinth ST,Roslindale,MA,2131,756167.5368071347,2929612.028828725
LB-546591,,Active,Common Victualler,Common Victualler,2023-12-15,2026-12-31,MJ Dorchester Food Inc.,MJ Teriyaki,,,10:00 AM,10:00 PM,10:30 PM,24,"Premise is comprised of the first floor (1345 sq ft) and the basement (1345 sq ft). The first floor of the premises consists of a dining area, front desk area, takeout area, a kitchen that includes a walk-in refrigerator, and two bathrooms.", MJ Dorchester Food Inc., Zhuoming Li,(617)297-5752,,889-  Dorchester AV,Dorchester,MA,2125,775986.7917879671,2941936.1459127218
LB-598997,,Active,Common Victualler,Common Victualler,2025-07-20,2026-12-31,Rose & G LLC,Rose & G Restaurant,Hours Operation Tuesday Sunday 8 30 AM To 10 00 PM,"2,800SF First floor layout consisting of: a main room with seating for 40, a bathroom, a takeout area, a second room, a prep room, and a third room designated for storage and office space.",8:30 AM,10:00 PM,10:30 PM,40,"2,800SF First floor layout consisting of: a main room with seating for 40, a bathroom, a takeout area, a second room, a prep room, and a third room designated for storage and office space.", Rose &  G LLC, Rose Guerda Bernardin,(617)942-7102,,630-  Hyde Park AV,Roslindale,MA,2131,759290.430823803,2926877.421108976
LB-161259,,Active,Misc,Billiards/Sippio,2016-02-24,2026-12-31,"BOSTON SPEAKEASY, INC.",The Hopewell Bar & Kitchen,,"4 rooms plus kitchen in basement level of building, pool table in the basement.",11:30 AM,2:00 AM,2:30 AM,0,," Boston Speakeasy, Inc.",Douglas Bacon,(617)903-3110,(617)254-6633,1277-  Commonwealth AV,Allston,MA,2134,755259.1747787148,2952716.2641162276
LB-550017,,Active,Common Victualler,Common Victualler,2024-07-05,2026-12-31,DTDA Enterprises Inc,Don Tequeno Y Dona Arepa,,3000 SF Full service restaurant with seating for 37 people. A full kitchen in the back room. 2 bathrooms on the rear to the left available for both staff and customers.,8:00 AM,11:00 PM,11:30 PM,37,3000 SF Full service restaurant with seating for 37 people. A full kitchen in the back room. 2 bathrooms on the rear to the left available for both staff and customers., DTDA Enterprises Inc, Juan Marte,(617)516-8816,,403A-  Centre ST,Jamaica Plain,MA,2130,761558.2829153836,2942514.7523670644
LB-458000,,Active,Misc,Retail Malt Wine,2021-11-29,2026-12-31,Mattapan Gas Station Inc,Petro Plus Super Station,No nips singles,"1 story preexisting structure containing approximately 2,340SF with 1 room for retail and 2 rooms for dry storage. ",,11:00PM,,0,, Mattapan Gas Station Inc., Kamini Y. Patel,(617)296-6100,,682-  Cummins HW,Mattapan,MA,2126,763268.999966383,2924179.9999946505
LB-99198,CV7AL0357,Active,Common Victualler,CV7 All Alc.,2013-11-14,2026-12-31,"BostoninFour, LLC",A.T. O’Keeffe’s,1 Alcoholic beverages to be served only in conjunction with brunch on Sundays from 11 00 m noon 2 Food available all times 3 Trash pickup 6 days week trash kept stored locked 4 Day time capacity 216 upper level 49 lower Night 269 Condition Temporary Capacity 93 standing first floor,"4500 sq ft restaurant on first floor in basement. Bar (41) seats and dining (44) seats on first floor. Kitchen, bar (7) seats and dining (42) seats in basement. Hours 11:00 AM - 2:00 AM Monday-Sunday. ",,2:00 AM,2:30 AM,93,"4500 sq ft restaurant on first floor in basement. Bar (41) seats and dining (44) seats on first floor. Kitchen, bar (7) seats and dining (42) seats in basement. Hours 11:00 AM - 2:00 AM Monday-Sunday."," BostonInFour, LLC", Richard Parry,,,911-  Boylston ST,Boston,MA,2115,768507.0373905599,2952270.452015728
LB-100093,CVICT0420,Active,Common Victualler,Common Victualler,2013-10-25,2026-12-31,"D.E. FOODS, LLC",KENTUCKY FRIED CHICKEN,,In one room on the first floor with kitchen in the rear and storage in the basement. ,7:00 AM,12:00 AM,12:30 AM,33,," D.E. FOODS, LLC", DANIEL WHITNEY,,7819820755,465-  Washington ST,Dorchester,MA,2124,771869.999994576,2932849.99999131
LB-101353,DRMTY0080,Active,Misc,Dormitory,2014-05-09,2026-04-30,HARVARD UNIVERSITY,HARVARD BUSINESS SCHOOL,,4 story brick building commonly known as Gallatin Hall.,,,,101,, HARVARD UNIVERSITY,Meredith Keaney,,(617)495-6443,24-  Harvard WY,Boston,MA,2163,758004.6056395471,2959096.7444654703
LB-101999,RETAL0238,Active,Misc,Retail All Alc.,2013-11-26,2026-12-31,"BARAKAT AND SONS, INC.",BRIGHTON GOURMET AND CELLAR,Board acknowledged granted petition to open 10 00 m on Sundays,"RETAIL STORE FRONT, APPROXIMATELY 1100 SQUARE FEET, WITH A FRONT ENTRANCE LOCATED AT 569 WASHINGTON STREET, AND A REAR EXIT ON MONTFERN AVENUE.",,10:00 PM,,0,," BARAKAT AND SONS, INC.", VICTOR BARAKAT,,6173251536,569-  Washington ST,Brighton,MA,2135,746917.176370889,2952703.7871070653
LB-99194,CV7AL0354,Active,Common Victualler,CV7 All Alc.,2013-11-15,2026-12-31,BRASSERIE 560 LLC,BRASSERIE,1 ALCOHOL TABLES TO BE SERVED ONLY IN CONJUNCTION WITH MEALS PATIO CONDITIONS 2 00 M CLOSING HOUR ALCOHOLIC BEVERAGES 3 NO BAR 2026 Temp Closed Do Not Issue,,,2:00 AM,2:30 AM,239,"Existing Premises as Described: In Dining Room and Café with Kitchen and Storage on ground floor; entrance from building lobby; additional exit to Harrison Avenue, and Emergency Exit to Waltham Street and to include an outdoor seasonal patio from April through October for 64 patrons on private property and adding 2,250 square feet for a total of 8,038 square feet. Management agreement approved between Champagne Supernova, LLC and Brasserie 560, LLC.", BRASSERIE 560 LLC, Loic Le Garrec,,(617)451-5942,560-  Harrison AV,Roxbury,MA,2118,773111.146948725,2949516.404046148
LB-420948,,Active,Common Victualler,Common Victualler,2020-03-06,2026-12-31,"Mike & Patty's High Street, LLC",,7 00 AM 8 PM Mon Wed 10 Thur Sun,"Kitchen space with cooking equipment, sinks and ordering area in ground floor food hall.",7:00 AM,8:00 PM,8:30 PM,0,," Mike & Patty's High Street, LLC",Michael Gurevich,(617)423-3447,,100-  High ST,Boston,MA,2110,776367.639451474,2954509.5800834
LB-99353,CV7AL0545,Active,Common Victualler,CV7 All Alc.,2013-11-27,2026-12-31,BCP BEAT TRS LLC,Morrissey Hall,,,,9:00 PM,9:30 PM,830,"3 large rooms on the first floor, 2 rooms on the second floor, 1 space on the third floor. Including dedicated bathrooms, hallways, staircases, and support/storage areas as shown in the plans. The Board and the ABCC approved the petition for the approval of a Management Agreement between BCP Beat TRS LLC and CFHA The Beat, LLC.

Capacity breakdown: Food Hall & Lounge-154 Persons-1st Floor Food Hall-Seating-45, Bench Seating-28, Standing-81; 1st floor Atrium 465 persons; 2nd floor game room/cafe: 211 persons", BCP BEAT TRS LLC, Douglas Ferriman,,(617)325-1491,135-  William T Morrissey BL,Dorchester,MA,2125,778087.4257100523,2940504.388933733
LB-587715,,Active,Common Victualler,Common Victualler,2025-02-28,2026-12-31,Fu Allston Inc,B2J Tasty Pot,,"660SF Full-service restaurant with 14 seats on the 1st floor. The kitchen is in the back, and the bathroom is located in the rear. The basement is used for storage and office space.",11:00 AM,10:00 PM,10:30 PM,14,"660SF Full-service restaurant with 14 seats on the 1st floor. The kitchen is in the back, and the bathroom is located in the rear. The basement is used for storage and office space.", Fu Allston Inc, Peipei Cao,(425)615-3039,,77-  Harvard AV,Allston,MA,2134,755516.8937514722,2954052.760787055
LB-101746,LDGHS0140,Active,Misc,Lodging Houses (Frat/Dorm),2014-04-10,2026-04-30,"Commonwealth Land Trust, Inc.",Bowdoin Manor Housing,,"5 story brick building with 12 rooms in basement, 16 rooms on first floor, 23 rooms on second floor, 23 rooms on third floor, 23 rooms on fourth floor and 23 rooms on fifth floor.",,,,115,," Commonwealth Land Trust, Inc.",Monica Juscen,(617)445-4075,,37-41  Bowdoin ST,Boston,MA,2114,774237.2172031403,2956482.986241564
LB-98916,CV7AL0029,Active,Common Victualler,CV7 All Alc.,2013-11-14,2026-12-31,"LSF Long Wharf, LLC",LEGAL SEA FOODS,1 Alcohol to be served only with food on patio 2 Staff present all times 3 Patio must close 11 00 P M 10 OPENING ON SUNDAYS ALCOHOL SERVICE WITH BRUNCH,"In two rooms on the first floor including a bar/lounge area; kitchen in the rear, two main entrances/exits and two emergency exits with storage in the basement, and a outdoor patio dining area for sixty (60) persons.",,2:00 AM,2:30 AM,238,"In two rooms on the first floor including a bar/lounge area; kitchen in the rear, two main entrances/exits and two emergency exits with storage in the basement, and a outdoor patio dining area for sixty (60) persons."," LSF LONG WHARF, LLC", JOANNA K. SHALEKBRISKI,,(508)309-9646,255-  State ST,Boston,MA,2110,777480.5827636421,2956306.7480769753
LB-101063,CVICT2277,Active,Common Victualler,Common Victualler,2013-11-25,2026-12-31,"Land of Beer MA, LLC",Pick & Bite,Mon Fri 6 00 AM 10 PM Sat amp Sun 7 8,Retail store located in common area of grouund floor.,7:00 AM,6:00 PM,6:30 PM,0,," Land of Beer MA, LLC",Mohammad Sadiq,(339)970-1981,,1     South Station  ,Boston,Ma,2110,0.0,0.0
LB-101973,RETAL0197,Active,Misc,Retail All Alc.,2013-11-21,2026-12-31,"SK WINE AND LIQUORS, INC.",BAUER WINE & SPIRITS,NO NIPS BEGINNING 4 12 2020," 1,074 sq. ft. of retail premises space in the parlor level of 255 Newbury Street; one entrance; one exit; office, closet, pantry, restroom and conference room all on one floor.",,11:00 PM,11:30 PM,0,"1,074 sq. ft. of retail premises space in the parlor level of 255 Newbury Street; one entrance; one exit; office, closet, pantry, restroom and conference room all on one floor."," SK WINE AND LIQUORS, INC.", EFSTATHIOS KESARIS,(617)480-9738,,255-  Newbury ST,Boston,MA,2116,768875.1488590539,2952727.7834501415
LB-149010,,Active,Common Victualler,Common Victualler,2015-09-25,2026-12-31,"STAR MARKETS COMPANY, INC.",Star Market #4587,1 Out door patio on private property year round weather permitting with 23 seats 6 00 AM 12 24 inside 2 No ISD Certificate required Group B occupancy accessory to another,"Retail grocery store, outdoor patio on private property year round weather permitting with 23 seats between 6:00 AM - 12:00 AM and 24 seats inside.",6:00 AM,11:00 PM,11:30 PM,24,," Star Markets Company, Inc.", Johanna Chacon,(617)267-4684,,45     William T Morrissey BLVD,Dorchester,MA,2125,777741.905248046,2941402.69798328
LB-595024,,Active,Common Victualler,CV7 All Alc. Restrict.,2025-07-18,2026-12-31,"490 Harrison Restaurant, LLC",Capri,RESTRICTED SPECIAL LEGISLATION CHAPTER 383 ACTS YEAR 2006,"Premise located at 480-490 Harrison Ave Boston, MA 02118.",,2:00 AM,2:30 AM,235,"Premise located at 480-490 Harrison Ave Boston, MA 02118.; 8,000 SF full service restaurant, 2 floors, 2 entrances and 6 exits. The first floor consists of a dining room, bar with seating for 143 and 20 standing, wine room and bev. station. The lower level consists of a dining room, kitchen, storage, restrooms, service bar with seating for 40. Also a 3100 SF year-round patio on private property with a dining area and bar capacity of 234 with a closing time of 1 a.m."," 490 Harrison Restaurant, LLC", William Clark,(617)650-1000,,478-498  Harrison AV,Roxbury,MA,2118,773560.1542527974,2950015.6546880603
LB-99733,CV7MWL0049,Active,Common Victualler,CV7 All Alc.,2013-11-21,2026-12-31,"TRATTORIA II PANINO HANOVER, INC.","TRATTORIA II PANINO HANOVER, INC.",Closing hour service food until 4 00 m,IN TWO ROOMS AND KITCHEN ON THE FIRST FLOOR; ONE ROOM AND STORAGE IN THE BASEMENT.  Capacity breakdown: 1st fl - 172; basement - 62.,,2:00 AM,2:30 AM,234,," TRATTORIA II PANINO HANOVER, INC.", JOSEPH DEPASQUALE,(617)480-4941,,278-282   Hanover ST,Boston,MA,2113,,
LB-102033,RETMW0053,Active,Misc,Retail Malt Wine,2013-11-04,2026-12-31,Formaggio South End Inc.,Formaggio Kitchen,,"IN ONE ROOM ON GROUND LEVEL WITH RETAIL SPACE; MAIN ENTRANCE ON SHAWMUT AVENUE, AND EMERGENCY EXIT IN BASEMENT TO ALLEY IN REAR; STORAGE AND OFFICE SPACE IN BASEMENT.",,10:00 PM,,0,, Formaggio South End Inc., Julia Hallman,,6175762526,266-268  Shawmut AV,Roxbury,MA,2118,772788.9756770581,2950352.591350138
LB-101429,DRMTY0198,Active,Misc,Dormitory,2014-05-07,2026-04-30,TRUSTEES OF BOSTON UNIVERSITY,BOSTON UNIVERSITY,,Four story brick building.,,,,41,Four story brick building., TRUSTEES OF BOSTON UNIVERSITY,NISHMIN KASHYAP,,(617)353-3502,22-  Buswell ST,Boston,MA,2215,762999.5556233823,2951890.781187147
LB-101512,DRMTY0306,Active,Misc,Dormitory,2014-04-23,2026-04-30,SUFFOLK UNIVERSITY,,,19 story building.,,,,400,19 story building., SUFFOLK UNIVERSITY, Matthew Lemke,(617)305-6234,(617)697-1698,10-  Somerset ST,Boston,MA,2108,774594.1807280481,2956072.7501854
LB-575254,,Active,Common Victualler,Common Victualler,2024-09-27,2026-12-31,Pushcart Popout! LLC,Soul on shawmut,,"800SF Ground level floor restaurant mostly serving takeout with sit down space for 15 seats total, 4 seats are bar style In the front street facing. Counter with open kitchen, hallway bathroom, sink room and an additional room for storage in the basement if needed.
",7:00 AM,10:00 PM,10:30 PM,15,"800SF Ground level floor restaurant mostly serving takeout with sit down space for 15 seats total, 4 seats are bar style In the front street facing. Counter with open kitchen, hallway bathroom, sink room and an additional room for storage in the basement if needed.", Pushcart popout! LLC, Iman Abdul - Musawwir Lamontagne,(617)238-7525,,772-  Shawmut AV,Roxbury,MA,2119,768591.157957226,2946104.755685732
LB-128286,,Active,Common Victualler,Common Victualler,2014-05-02,2026-12-31,"West Garden, Inc.",West Garden,11 30 AM 9 PM Sun Thur 12 closing on Fri amp Sat,"First floor for takeout order, basement for storage.",11:30 AM,9:30 PM,10:00 PM,19,, West Garden, Jian Hong Huang,(617)469-2288,,1890-  Centre ST,West Roxbury,MA,2132,749310.3923849761,2929207.16284056
LB-451304,,Active,Common Victualler,Common Victualler,2021-05-27,2026-12-31,"Heidi's House of Coffee, Inc.",,,"155 Sq. feet with a front counter, bakery case, 3 bay sink in the back and back counter. Located in food court.",6:00 AM,5:00 PM,5:30 PM,0,," Heidi's House of Coffee, Inc.",Heidi Callinan,(857)504-5245,,350-  Longwood AV,Boston,MA,2115,762561.0131933838,2948506.872272566
LB-457688,,Active,Common Victualler,CV7 Malt Wine Liq. Restrict.,2023-02-02,2025-12-31,"Mike & Patty's JP, LLC",Mike & Patty's,,"2 floors: Top Floor has 400SF; kitchen with walk-in refrigerator, bathroom.  Bottom Floor has 600SF, cashier, dining room with seating capacity of 28.   ",,11:00 p.m.,11:30 p.m.,24,"2 floors: Top Floor has 400SF; kitchen with walk-in refrigerator, bathroom. Bottom Floor has 600SF, cashier, dining room with seating capacity of 28."," Mike & Patty's JP, LLC", Mike & Patty's JP LLC,(774)217-9871,,388-  Centre ST,Jamaica Plain,MA,2130,761723.925238132,2942514.7344955
LB-99295,CV7AL0469,Active,Common Victualler,CV7 All Alc.,2013-11-26,2026-12-31,"D & D HOSPITALITY, LLC",PUBLICO,WINDOWS CLOSED 8 00 PM NO CHANGES 1 YEAR,"ON FIRST FLOOR OF A FIVE (5) STORY BUILDING.  IN ONE ROOM, INDOOR RESTAURANT AREA (+/- 1,490 SF) WITH SEATING FOR EIGHTY-TWO (82), INCLUDING BAR WITH TWENTY-SIX (26) SEATS, DINING 1 WITH SIX (6) SEATS AND DINING 2 WITH FIFTY (50) SEATS.  OPEN AIR ATRIUM (+/-1,922 SF) WITH SEATING FOR FORTY-NINE (49)",,1:00AM,1:30 AM,228,"ON FIRST FLOOR OF A FIVE (5) STORY BUILDING.  IN ONE ROOM, INDOOR RESTAURANT AREA (+/- 1,490 SF) WITH SEATING FOR EIGHTY-TWO (82), INCLUDING BAR WITH TWENTY-SIX (26) SEATS, DINING 1 WITH SIX (6) SEATS AND DINING 2 WITH FIFTY (50) SEATS.  OPEN AIR ATRIUM (+/-1,922 SF) WITH SEATING FOR FORTY-NINE (49). INCLUDING ATRIUM DINING WITH TWELVE (12) SEATS, ATRUIM FIRE PIT ENCLAVE 1 WITH TEN (10) SEATS, ATRIUM FIRE PIT ENCLAVE 2 WITH SIX (6) SEATS, ATRIUM FIRE PIT ENCLAVE 3 WITH EIGHT (8) SEATS AND ATRIUM BAR WITH THIRTEEN (13) SEATS.  KITCHEN (+/-530 SF) AND TRASH AREA (+/-110 SF) IN REAR OF FIRST FLOOR AND PREP KITCHEN (+/- 300 SF) AND RESTROOMS (+/-438 SF) IN FRONT OF THE FIRST FLOOR.  MAIN ENTRANCE AND EXIT LOCATED ON DORCHESTER STREET."," D & D HOSPITALITY, LLC", THEOFANIS BOUGAS,(781)718-6197,,11-  Dorchester ST,South Boston,MA,2127,779567.0054280609,2948229.2770272195
LB-98998,CV7AL0126,Active,Common Victualler,CV7 All Alc.,2013-11-25,2026-12-31,"A.T.G., INC.",CLERYS,2 Valet Parking if exceeds 40,"In two rooms, one to be a function room and kitchen on the first floor and one large function room in basement; also basement for storage with an increase in seating capacity.  Capacity breakdown: bar/lounge - 199; function room - 50; function room - 100.",,2:00 AM,2:30 AM,393,"In two rooms, one to be a function room and kitchen on the first floor and one large function room in basement; also basement for storage with an increase in seating capacity.  Capacity breakdown: bar/lounge - 393 persons-basement-174 persons; 1st floor-219 Persons; Staff-10."," A.T.G., INC.", NEIL G. GLYNN,,(617)451-7400,331-335  Columbus AV,Boston,MA,2116,771003.324392721,2951485.808899984
LB-99959,CVICT0166,Active,Common Victualler,Common Victualler,2013-10-21,2025-12-31,"Yi Cheng, Inc.",TRIPLE EATERY RESTAURANT,,In one room on the first floor with kitchen in the rear storage in the basement.,11:00 AM,MIDNIGHT,12:30 AM,12,In one room on the first floor with kitchen in the rear storage in the basement.," Yi Cheng, Inc.", Feng Li,,(617)325-3388,77-  Cummins HW,Roslindale,MA,2131,757480.2254547179,2928921.7073747218
LB-99554,CV7MW0157,Active,Common Victualler,CV7 Malt Wine,2014-03-25,2026-12-31,"SSS Brighton, LLC",SPRING SHABU-SHABU,," In two rooms on ground floor, with kitchen, office and storage (7,675 sq. ft.), with one entrance and two exits. ",,11:00 PM,11:30 PM,234,, SSS BRIGHTON LLC, JONATHAN LEE,,,304-  Western AV,Brighton,MA,2135,754555.2926563025,2957396.1418955624
LB-101436,DRMTY0212,Active,Misc,Dormitory,2014-05-07,2026-04-30,TRUSTEES OF BOSTON UNIVERSITY,BOSTON UNIVERSITY,,Four story brick building.,,,,29,Four story brick building., TRUSTEES OF BOSTON UNIVERSITY,NISHMIN KASHYAP,,(617)353-3502,55-  Buswell ST,Boston,MA,2215,762421.3136696368,2951833.4453438073
LB-99039,CV7AL0175,Active,Common Victualler,CV7 All Alc.,2013-11-29,2026-12-31,"Allston Phase A Hotel TRS, Inc.",,Hotel 246 Rooms Level 6 Meeting RMB Seats 60 occ Standing Terrace 51 71 Total Occupants 188,"Premise consists of - The entire building located at 30-40 Western Avenue comprised of sixteen (16) floors for the operation of the Atlas Hotel (excluding those portions of the Hotel leased to COOP and AMA, independent operators within the hotel building) comprised of 119,226 sf with 1 entrance and ",,2:00 AM,2:30 AM,188,"Premise consists of - The entire building located at 30-40 Western Avenue comprised of sixteen (16) floors for the operation of the Atlas Hotel (excluding those portions of the Hotel leased to COOP and AMA, independent operators within the hotel building) comprised of 119,226 sf with 1 entrance and 3 exits, outdoor terrace on private property on 6th floor (4,044 sf), including room service to the 246 guest rooms as well as all other common areas of the hotel. Approval of a Management Agreement between Allston Phase A Hotel TRS, Inc. and Highgate Hotels, L.P."," Allston Phase A Hotel TRS, Inc", Mohamed Hashesh,,,30-40  Western AV,Allston,MA,2134,758372.5579876304,2957758.387234062
LB-100236,CVICT0736,Active,Common Victualler,Common Victualler,2013-10-25,2026-12-31,"Froio Management Group, Inc.",BURGER KING,,In one room on the first floor with kitchen and storage in the rear.,6:00 AM,11:00 PM,11:30 PM,72,," FROIO MANAGEMENT GROUP, INC.", JAMES J.  FROIO,(617)571-2815,,90-100   Washington ST,Dorchester,MA,2125,,
LB-593664,,Active,Common Victualler,CV7 Malt Wine by Zip Restricted,2025-09-11,2026-12-31,"Boston Pickle Club, Inc.",Boston Pickle Club,ZIP CODE RESTRICTED WINES amp MALT ALCOHOLIC BEVERAGES SPECIAL LEGISLATION CHAPTER 202 YEAR 2024 Break down Pickle Ball Courts 48 occ Seating 24 Standing 117 Total Occupants 189,,,10:00 PM,,189,"Approximately 20,000 sq. ft. indoor pickleball facility in 2 rooms with 6 pickleball courts, locker rooms, bathrooms and warmup area in the rear room and 1 pickleball court, front desk, merchandise area, lounge area with seating for patrons, food service area with kitchenette for preparing and serving and storage area in front room with 1 entrance and 5 exits."," Boston Pickle Club, Inc.", Steven Hauck,,,91-  Sprague ST,Hyde Park,MA,2136,753589.1581056416,2910924.4713876396
LB-99044,CV7AL0180,Active,Common Victualler,CV7 All Alc.,2013-11-29,2026-12-31,"BOSTON TAVERN COMPANY, INC.",Yellow Door Taqueria,,,,2:00 AM,2:30 AM,90,"Tenant space ""D"" in one (1) room with dining area, bar, kitchen, storage, two (2) street level entrances and three (3) street level exits. Seasonal patio (April-October) on private property with 12:00AM closing hour and 20 seats along Harrison Avenue; additional seasonal (April-October) outdoor patio on private property between 360 Harrison Avenue and 350 Harrison Avenue, with additional seating for 42 and a kiosk service bar with 8 seats, and 12:00AM closing hour. Indoor closing hour 2:00AM."," BOSTON TAVERN COMPANY, INC.", JAREK MOUNTAIN,(617)756-1644,,300-  Harrison AV,Roxbury,MA,2118,774447.5068088025,2951423.1351408064
LB-466920,,Active,Common Victualler,Common Victualler,2022-03-02,2026-12-31,"Air Ventures, LLC",George Howell Coffee,,"Food court, coffee kiosk.",5:00 AM,9:00 PM,9:30 PM,0,," Air Ventures, LLC", Jennifer Clarke,,,"      Logan Airport, Terminal E  ",East Boston,MA,2128,0.0,0.0
LB-398570,,Active,Common Victualler,CV7 All Alc. Airp.,2019-11-26,2026-12-31,"Air Ventures, LLC",Not Your Average Joe's,,"1 floor with a total of 4,000 sq. ft. with 1 entrance, 2 exits and seating capacity of 160. ",,2:00 AM,2:30 AM,184,," Air Ventures, LLC", David J. Doward,,,      Logan Airport Terminal B  ,East Boston,MA,2128,0.0,0.0
LB-98898,CV7AL0010,Active,Common Victualler,CV7 All Alc.,2013-11-25,2026-12-31,"VILLA FRANCESCA'S, INC.",FRANCESCA'S,1 ALCOHOL ONLY WITH FOOD,"IN TWO ROOMS & KITCHEN ON FIRST FLOOR, TWO ROOMS IN BASEMENT WITH STORAGE.  CAPACITY BREAKDOWN: BASEMENT - 44; 1ST FL - 85.",,12:30 AM,1:00 AM,129,"IN TWO ROOMS & KITCHEN ON FIRST FLOOR, TWO ROOMS IN BASEMENT WITH STORAGE.  CAPACITY BREAKDOWN: BASEMENT - 44; 1ST FL - 85."," VILLA FRANCESCA'S, INC.", TOMAS SALMERON,,6174076930,150-  Richmond ST,Boston,MA,2109,776554.1538422257,2957750.8957792222
LB-471213,,Active,Misc,"Farmer Brewery,Winery & Distillery License",2022-04-14,2026-12-31,"Cisco Brewers, Distillers, Vintners, Seaport, Inc.",Cisco Seaport,This 19H is combined license to cover following 06703 PP 0116 Malt LB 47120606701 Wine 47120306702 Distilled Spirits Combined2026 Temp Closed Do Not Issue Awaiting Docs,,,11:00 PM,11:30 p.m.,996,"The premises to be licensed under G.L. c. 138 § 19H is an outdoor patio located at 85 Northern Ave, Boston, MA 02210, commonly known as Block G of Seaport Square, in Boston’s seaport. Located on the licensed premises is a farmer brewery, a farmer winery, and a farmer distillery. Cisco Brewers, Distillers, Vintners, Seaport, Inc. manufactures beer, vints wine, and distills spirits, and is owned by the exact same five individuals, as set forth in the §19H application. There are three pouring stations on the §19H premises where beer, wine and spirits will be sold. There is also a retail sales to-go booth which sells take-out products and merchandise. Also on the premises is a stage for live music, a bathroom station, an office and an ID/security hut. The licensed premises begins at the corner of Seaport Boulevard and Pier 4 Boulevard, heads northward, then northeast towards the northeastern corner of the parcel, then heading south along Northern Avenue until the corner of Northern Avenue and Pier 4 Boulevard, then back to the corner of Seaport Boulevard and Pier 4 Boulevard. The patio will operate seasonally, and for the year 2022, the patio will be operated from April through November. The property, which is located at 85 Northern Ave, Boston, MA 02210, commonly known as Block G of Seaport Square, in Boston’s seaport, is private property which is leased by the applicant. A copy of the lease has been attached to this application. The total square footage of the premises is 20,360 square feet, with a seating capacity of 66 people, and a total occupancy of 996. The hours of operation are as follows: •Monday-Thursday 4-10pm, Friday 3-11pm, Saturday 12-11pm, Sunday 12-10pm. Capacity Breakdown: 882 Standing, 38 Game Area, 10, 66 Picnic Tables."," Cisco Brewers, Distillers, Vintners, Seaport, Inc.", Nicholas Mitchell,(508)364-5769,,85-  Northern AV,Boston,MA,2210,779147.7273952216,2953722.3815265596
LB-550937,,Active,Common Victualler,Common Victualler,2024-03-06,2026-12-31,TZ Newbury LLC,Teazzi Tea Shop - Newbury / Beard Papa Newbury,,Bubble tea shop and cream puff bakery store with take out on basement floor. Approximate 800SF food preparation area. 200SF Kitchen and storage in the rear. 750SF seating area. Bathroom in the middle of the premise. ,10:00 AM,11:00 PM,11:30 PM,34,Bubble tea shop and cream puff bakery store with take out on basement floor. Approximate 800SF food preparation area. 200SF Kitchen and storage in the rear. 750SF seating area. Bathroom in the middle of the premise., TZ Newbury LLC, Peng Jia,(585)451-6393,,232-  Newbury ST,Boston,MA,2116,769302.299251467,2952718.942260474
LB-101736,LDGHS0113,Active,Misc,Lodging Houses (Frat/Dorm),2014-04-30,2026-04-30,UNION GREEN REALTY LLC,,,"4 story brick building 30 rooms on 1st floor, 30 rooms on 2nd floor and 30 rooms on 3rd floor.",,,,90,"4 story brick building 30 rooms on 1st floor, 30 rooms on 2nd floor and 30 rooms on 3rd floor.", UNION GREEN REALTY LLC, ALEXANDER KURITNIK,,(617)571-3102,181-187   Green ST,Jamaica Plain,MA,2130,762754.122706086,2938192.70310029
LB-100243,CVICT0751,Active,Common Victualler,Common Victualler,2013-10-22,2026-12-31,Tesorito Market Limited Partnership,Tesorito Market,,In one room on the first floor with kitchen in the rear storage in the basement.,7:00 AM,10:00 PM,10:30 PM,0,, TESORITO MARKET LIMITED PARNTERSHIP, MARTIN MARIO,(617)816-9074,,465-  Meridian ST,East Boston,MA,2128,780693.5438573807,2964745.5386140645
LB-100621,CVICT1533,Active,Common Victualler,Common Victualler,2013-11-26,2026-12-31,NORTHEASTERN UNIVERSITY,CURRY STUDENT CENTER,CLOSING HOUR FIRDAYS SATURDAYS IS 4 00 AM,In one room on the first floor with kitchen and storage in the rear. ,8:00 AM,2:00 AM,2:30 AM,196,, NORTHEASTERN UNIVERSITY,John Tobin,,(617)742-3297,346-  Huntington AV,Boston,MA,2115,767559.2469633073,2949080.9895626456
LB-400305,,Active,Common Victualler,Common Victualler,2019-08-15,2026-12-31,"Lotus Test Kitchen, Inc.",Lotus Test Kitchen,,Street level store front with kitchen. Take out restaurant only.,6:00 AM,11:00 PM,11:30 PM,0,," Lotus Test Kitchen, Inc.",Wei Da Wu,(617)542-7482,,2-  Avenue De Lafayette ,Boston,MA,2111,774800.3699482232,2954346.417351976
LB-98944,CV7AL0064,Active,Common Victualler,CV7 All Alc.,2013-11-21,2026-12-31,Kojam LLC,Faccia a Faccia,,,,1:00 AM,1:30 AM,187,"In 4 rooms on first floor consisting of 4 dining areas and bar with seating for 103, containing approximately 3,285 SF. In 2 rooms on lower level consisting of wine-bar with seating for 25, kitchen and restrooms containing approximately 2,603 SF. 2 season outdoor patios (March-November) on private property, each seating for 20."," KOJAM, LLC", Kenneth Oringer,,(781)848-8457,276-278  Newbury ST,Boston,MA,2116,768743.631733641,2952514.2655044794
LB-363011,,Active,Common Victualler,Common Victualler,2018-06-11,2027-12-31,Tri Seafood Market Corporation,Bait to Plate Fish Market,,"In one room on the first floor, with kitchen, storage and restroom in rear.",8:00 AM,10:00 PM,10:30 PM,19,, Tri Seafood Market Corporation,Tri Pham,(857)939-5689,,1504-  Dorchester AV,Dorchester,MA,2122,775140.9696607143,2934421.3269528896
LB-101617,INNAL0004,Active,Inn,Inn. All Alc.,2013-11-26,2026-12-31,"FOUR SEASONS OF MASSACHUSETTS, INC.",FOUR SEASONS,11 00 M ON SUNDAYS SERVICE ALCOHOLIC BEVERAGE WITH FOOD ONLY,IN WHOLE OF SAID BUILDING - WITH AN OUTSIDE CAFE ON SOUTHSIDE OF BUILDING.  (SEE ISD CERTIFICATE FOR MORE COMPLETE DESCRIPTION OF CAPACITY.)  ,,2:00 AM,2:30 AM,0,IN WHOLE OF SAID BUILDING - WITH AN OUTSIDE CAFE ON SOUTHSIDE OF BUILDING.  (SEE ISD CERTIFICATE FOR MORE COMPLETE DESCRIPTION OF CAPACITY.)," FOUR SEASONS OF MASSACHUSETTS, INC.", Michael Pedder,,(617)351-2089,200-  Boylston ST,Boston,MA,2116,772914.3815942258,2953669.885568559
LB-99343,CV7AL0532,Active,Common Victualler,CV7 All Alc.,2013-11-27,2026-12-31,"Park 54 Restaurant Group, LLC",Park 54 Restaurant & Lounge,123 Persons total 1st Floor 58 Seated 25 Standing 2nd floor 40 seated,,,1:00 AM,1:30 AM,120,"In one room for dining on the first floor, kitchen, small bar area and storage in the rear.  In one room for dining on the second floor, and to include an outdoor seasonal (April-Oct.) patio for 20 patrons on private property between the hours of 5:00 p.m.-11:00 p.m. With a 1:00 a.m closing hour. MANAGEMENT AGREEMENT APPROVED BY  BLB AND ABCC BETWEEN 325, LLC AND 81 FAIRMOUNT, LLC."," Park 54 Restaurant Group, LLC", Tasha Hull,,(617)922-7227,81-  Fairmount AV,Hyde Park,MA,2136,758989.964561224,2918028.5496991426
LB-597503,,Active,Common Victualler,Common Victualler,2025-06-27,2026-12-31,Van Leeuwen 400 Newbury Street LLC,Van Leeuwen Ice Cream,,"Premise located 400 Newbury Street (Suite 200) AKA 1001 Boylston Street Boston MA 02115.788SF Ground-level ice cream shop suite 200 consisting of a customer area, service counter, one public restroom, and a back room for storage and ware washing (no seating).",11:00 AM,12:00 AM,12:30 AM,0,"Premise located 400 Newbury Street (Suite 200) AKA 1001 Boylston Street Boston MA 02115.788SF Ground-level ice cream shop suite 200 consisting of a customer area, service counter, one public restroom, and a back room for storage and ware washing (no seating).", Van Leeuwen 400 Newbury Street LLC, Grant Jones,(617)845-7951,,1001-  Boylston ST,Boston,MA,2215,767415.6652294695,2951846.0804891437
LB-537658,,Active,Common Victualler,BYOB Bring Your Own Bottle,2023-12-04,2026-12-31,Matsu Nori Inc.,Matsu Nori Handroll Bar,BYOB License is INDOOR use only between hours 5 00 PM current closing hour Takeout Delivery Plan Submitted 2 29 24,In one room on the first floor with kitchen and storage in rear. Additionally includes an annual outdoor patio located on private property. Seating for 20 with a closing hour of 10:00 pm. ,11:00 AM,10:30 PM,,29,"900 Beacon Street Unit A, Boston: In one room on the first floor with kitchen and storage in rear. Additionally includes an annual outdoor patio located on private property. Seating for 20 with a closing hour of 10:00 pm.", Matsu Nori Inc., Ki Seok Kim,(617)659-0250,,900-  Beacon ST,Boston,MA,2215,762749.2828299701,2951645.457202733
LB-99918,CVICT0083,Active,Common Victualler,Common Victualler,2013-10-23,2026-12-31,"QYX, INC.",GREAT WOK RESTAURANT,,In one room on the first floor with kitchen in the rear storage in the basement.,11:00 AM,1:00 AM,1:30 AM,47,," QYX, INC.", QIAO XIE,,6173727200,1284-  Massachusetts AV,Dorchester,MA,2125,774697.3032252192,2942316.1392472237
LB-100340,CVICT0966,Active,Common Victualler,Common Victualler,2013-10-15,2026-12-31,DF & G CORPORATION,TOP OF THE HILL SEAFOOD & SUBS,,first floor street level and basement,11:00 AM,11:00 PM,11:30 PM,10,first floor street level and basement, DF & G CORPORATION, DIMOSTHENIS GERONATSIOS,,6179747106,1357-  Blue Hill AV,Mattapan,MA,2126,766104.9998718053,2926420.00010781
LB-99153,CV7AL0306,Active,Common Victualler,CV7 All Alc.,2013-11-27,2026-12-31,21 MERCHANTS ROW CORPORATION,CLARKE'S,       ,Side and rear emergency exits; bulkhead entrance to cellar for stock - in one room and kitchen first floor; cellar for stock. Annual (weather permitting) patio on public property (+/- 360 SF) with seating for twenty four (24) patrons same hours as restaurant. Patio closing hour is 12:00 midnight.,,2:00 AM,2:30 AM,390,Side and rear emergency exits; bulkhead entrance to cellar for stock - in one room and kitchen first floor; cellar for stock. Annual (weather permitting) patio on public property (+/- 360 SF) with seating for twenty four (24) patrons same hours as restaurant. Patio closing hour is 12:00 midnight., 21 MERCHANTS ROW CORPORATION, MARY ELIZABETH BURKE-SIMMONS,,(603)502-9330,21-  Merchants RO,Boston,MA,2109,776309.0001330525,2956329.999998972
LB-99404,CV7AL0603,Active,Inn,Inn. All Alc.,2013-11-22,2026-12-31,"Colwen Management, Inc.",AC HOTEL BY MARRIOTT CLEVELAND CIRCLE,,"The AC Hotel by Marriott Cleveland Circle is on five (5) floors (+/-92,088 SF) with one hundred sixty two (162) guest rooms, one (1) main/exit and five (5) additional exits. Ground floor (+/-7,789 SF) consisting of a soft seating area (+/-578 SF) with seating for sixteen (16), lounge area (+/-774 SF",,2:00 AM,2:30 AM,0,"The AC Hotel by Marriott Cleveland Circle is on five (5) floors (+/-92,088 SF) with one hundred sixty two (162) guest rooms, one (1) main/exit and five (5) additional exits. Ground floor (+/-7,789 SF) consisting of a soft seating area (+/-578 SF) with seating for sixteen (16), lounge area (+/-774 SF) with seating for nineteen (19), dining area (+/-1,003 SF) with seating for thirty (30), library seating for six (6), board room (+/-287 SF) with seating for twelve (12), meeting room (+/-1,424 SF) with seating for seventy two (72), library, pre-function area, kitchen area, restrooms, locked liquor storage and annual (weather permitting) patio on private property (+/-305 SF) with seating for eight (8) patrons with closing hour of 1:00 AM."," COLWEN MANAGEMENT, INC.", Neil Dang,,,399-  Chestnut Hill AV,Brighton,MA,2135,750633.9445278943,2947178.379194647
LB-156015,,Active,Common Victualler,CV7 Malt Wine,2016-06-13,2026-12-31,JOVENIL BATISTA CRISTO,THEO'S COZY CORNER,,ONE ROOM FIRST FLOOR KITCHEN IN REAR.,,9:00 PM,9:30 PM,19,, JOVENIL BATISTA CRISTO, JOVENIL BATISTA CRISTO,,(617)569-9616,162-  Salem ST,Boston,MA,2113,776397.0888676345,2958743.511248067
LB-595586,,Active,Common Victualler,Common Victualler,2025-05-17,2026-12-31,Pixlcat Butter Mochi Inc,Pixlcat Coffee & Butter Mochi,,"1,814SF Single-floor shared space divided into four stalls. There is a shared bathroom at the back of the space. The kitchen is located in the basement, where there is an existing, licensed kitchen facility approved for shared use.",7:00 AM,2:00 PM,2:30 PM,36,"1,814SF Single-floor shared space divided into four stalls. There is a shared bathroom at the back of the space. The kitchen is located in the basement, where there is an existing, licensed kitchen facility approved for shared use.", Pixlcat Butter Mochi Inc, Dennis Lee,(617)718-0188,,32-  Cambridge ST,Charlestown,MA,2129,771165.2518903911,2965089.605511233
LB-541139,,Active,Common Victualler,Common Victualler,2023-10-06,2025-12-31,Jouri LLC,O'Cheese,,"1,000SF pizza and subs place, kitchen and dining area with seating for 10. ",10:00 AM,12:00 AM,12:30 AM,10,"1,000SF pizza and subs place, kitchen and dining area with seating for 10.", Jouri LLC, Heba Alnakhala,,,261-  North ST,Boston,MA,2109,777292.8587296307,2957890.697664976
LB-418980,,Active,Common Victualler,Common Victualler,2020-01-17,2026-12-31,"American Craft Brewery, LLC",Samuel Adams Tap Room,283 SEATS 388 TOTAL CAPACITY,"The Premises is located on the Northernly side an approximately 911,394 square foot mixed-use building containing office and retail units. The Premises consists of approximately 17,603 square feet on two levels and an outdoor patio on private property. The ground floor has seating for approximately ",6:30 AM,11:00 PM,11:30 PM,388,"The Premises is located on the Northernly side an approximately 911,394 square foot mixed-use building containing office and retail units. The Premises consists of approximately 17,603 square feet on two levels and an outdoor patio on private property. The ground floor has seating for approximately 184 people, including two (2) bar areas, a private function room, large communal tables and multiple smaller tables for between 2 and 6 people, as well as the main entrance, brewhouse, fermentation and storage room,  walk-in coolers, storage rooms, mechanical and electrical rooms. The second floor has seating for approximately 54 people inside including bar and table seating and publicly accessible bathrooms and seating for 68 people on a year-round outdoor patio."," American Craft Brewery, LLC",William DeCain III,(617)368-5000,,60-  State ST,Boston,MA,2109,776052.7381783873,2956258.859393224
LB-100747,CVICT1789,Active,Common Victualler,Common Victualler,2013-11-19,2026-12-31,"FLAMES RESTAURANT III, INC.",,,"IN ONE ROOM ON THE FIRST FLOOR, KITCHEN & STORAGE IN REAR.",6:00 AM,MIDNIGHT,12:30 AM,49,"IN ONE ROOM ON THE FIRST FLOOR, KITCHEN & STORAGE IN REAR."," FLAMES RESTAURANT III, INC.", LINVAL CHAMBERS,,6175949827,469-   Blue Hill AVE,Dorchester,MA,2121,768891.590743795,2937909.92652403
LB-100223,CVICT0713,Active,Common Victualler,Common Victualler,2013-10-28,2026-12-31,"Elcaribeno Restaurant, Inc.",Villa Sombrero Restaurant,,First floor; kitchen with dining room. Basement; storage.,8:30 AM,10:00 PM,10:30 PM,24,," El Caribeno Restaurant, Inc.",Hernan Melo,(617)442-2003,(617)442-2003,11-  Blue Hill AV,Roxbury,MA,2119,770958.3143121451,2943696.625003308
LB-99415,CV7AL0613,Active,Common Victualler,CV7 All Alc.,2013-11-26,2026-12-31,Nowon Seaport LLC,Nowon Seaport,,,,2:00 AM,2:30 AM,79,"Actual address is 117 Seaport Blvd: Premise consists of - On one floor plus mezzanine: First floor is 2,561 sq. ft. with kitchen, 3 bathrooms for patrons, storage areas, bar with seating and booth and table seating for patrons; Mezzanine area is 1,054 sq. ft. with locker room, storage, bathroom for staff and office; Annual patio on private property is 431 sq. ft. with seating for 22 closing at 10:00 PM.", Nowon Seaport LLC, Niral Patel,,(617)227-3524,113-129  Seaport BL,Boston,MA,2210,779266.8967763036,2953219.94552356
LB-99862,CV7MWR0034,Active,Common Victualler,CV7 Malt Wine Restrict.,2013-11-19,2026-12-31,REINA HENRIQUEZ,CAFETERIA LA REINA,1 NO BAR 2 ALCOHOLIC BEVERAGES TO BE SERVED ONLY IN CONJUNCTION WITH MEALS 3 CLOSING HOUR FRIDAYS SATURDAYS SUNDAYS IS 12 00 AM,IN ONE ROOM ON FIRST FLOOR; KITCHEN AND STORAGE IN THE REAR.,,11:00 PM,11:30 PM,19,IN ONE ROOM ON FIRST FLOOR; KITCHEN AND STORAGE IN THE REAR., REINA HENRIQUEZ, REINA HENRIQUEZ,,6177921488,80-  Bennington ST,East Boston,MA,2128,781514.0671507269,2962413.9822535664
LB-101961,RETAL0179,Active,Misc,Retail All Alc.,2013-11-08,2026-12-31,Wildduck 96 Salem St Inc.,THE WILD DUCK,,IN TWO ROOMS ON FIRST FLOOR AND STORAGE IN BASEMENT.,,11:00 PM,,0,, Wildduck 96 Salem St Inc., Nelson Antonio Carballo Aguilar,,(617)723-6369,94-96   Salem ST,Boston,MA,2113,0.0,0.0
LB-472011,,Active,Common Victualler,Common Victualler,2022-08-22,2026-12-31,"Cafe Darq, LLC",Cafe Darq,Monday Thursday 7 30 AM 9 00 PM Friday Sunday 10,"In two room on the group floor, Room one - kitchen with sinks, storage and shelving. Room 2. Customer service and seating..",7:30 AM,11:00 PM,11:30 PM,18,," Cafe Darq, LLC",Kathy Phan,,,40-  Beach ST,Boston,MA,2111,774672.420729056,2953471.130716726
LB-101527,DRMTY0328,Active,Misc,Dormitory,2014-04-07,2026-04-30,WENTWORTH INSTITUTE OF TECHNOLOGY,WENTWORTH INSTITUTE OF TECHNOLOGY,,FIVE STORY BUILDING.  ,,,,104,FIVE STORY BUILDING., WENTWORTH INSTITUTE OF TECHNOLOGY, Brighid Jensen,,6179894060,574-  Huntington AV,Mission Hill,MA,2120,765211.550625623,2948087.04753023
LB-101343,DRMTY0058,Active,Misc,Dormitory,2014-05-07,2026-04-30,TRUSTEES OF BOSTON UNIVERSITY,BOSTON UNIVERSTIY,,4 story brick building.,,,,21,4 story brick building., TRUSTEES OF BOSTON UNIVERSITY,NISHMIN KASHYAP,,(617)353-3502,2-  Raleigh ST,Boston,MA,2215,765533.1801493019,2952897.5468901396
LB-605672,,Active,Misc,Dormitory,2025-08-28,2026-05-01,TRUSTEES OF BOSTON UNIVERSITY,Boston University,,,,,,0,"Four-story building consisting of 11 rooms and 24 residents: 1 room in the basement, 1 room on the first floor,  3 rooms on the second floor, 4 rooms on the third floor,  3 rooms on the fourth floor.
", Trustees of Boston University,Nishmin Kashyap,(617)353-2148,,13-  Buswell ST,Boston,MA,2215,762925.9268336445,2952028.92264314
LB-404432,,Active,Inn,Innholder No Liquor,2025-05-29,2026-12-31,304 Newbury Street Residential LLC,304 Newbury by Thatch,Premise does not require an ISD Building Certificate,"304 Newbury Street is a brownstone with two commercial spaces on the ground floor, and first floor -Lady M and Topo Designs. On the 2nd, 3rd, and 4th floor there are 6-exceutive suite hotel rooms, operated by Live Thatch.",,,,0,"304 Newbury Street is a brownstone with two commercial spaces on the ground floor, and first floor -Lady M and Topo Designs. On the 2nd, 3rd, and 4th floor there are 6-exceutive suite hotel rooms, operated by Live Thatch.", 304 Newbury Street Residential LLC,Brent A. Berc,(857)263-3073,,304-  Newbury ST,Boston,MA,2115,768324.4042256325,2952359.5765093863
LB-100266,CVICT0799,Active,Common Victualler,Common Victualler,2013-10-24,2026-12-31,"Huangs Restaurant, Inc.",New Hong Kong Restaurant,,First floor; approx. 550 sf. with kitchen in rear and storage in basement.,11:00 AM,2:00 AM,2:30 AM,0,," Huangs Restaurant, Inc.",Zhengnan Fan,(617)783-3236,,14-  Tremont ST,Brighton,MA,2135,745742.999913469,2952899.999969229
LB-100150,CVICT0545,Active,Common Victualler,Common Victualler,2013-10-22,2026-12-31,SALUMERIA ITALIANA,,TAKEOUT ONLY,In one room on the first floor with kitchen in the rear and storage in the basement.,8:00 AM,7:00 PM,7:30 PM,0,In one room on the first floor with kitchen in the rear and storage in the basement., SALUMERIA ITALIANA, GAETANO MARTIGNETTI,,6175238743,151-  Richmond ST,Boston,MA,2113,776595.9654383808,2957817.8044380546
LB-98928,CV7AL0048,Active,Common Victualler,CV7 All Alc.,2013-11-26,2026-12-31,"GAME ON FENWAY, LLC",GAME ON SPORTS CAFE,PATIO CONDITIONS 1 HOURS 11 00 M P 2 ALCOHOLIC BEVERAGES TO BE SERVED ONLY IN CONJUNCTION WITH MEALS BRUNCH SUNDAYS 10 AM,"IN ONE ROOM, KITCHEN AND STORAGE IN BASEMENT; ONE ROOM AND KITCHEN ON FIRST FLOOR ENTRANCES & EXITS ON BROOKLINE AVENUE AND LANSDOWNE STREET WITH AN OUTDOOR SEASONAL PATIO ON LANSDOWNE STREET FROM APRIL THROUGH OCTOBER FOR 40 PATRONS ON PRIVATE PROPERTY. INSIDE CAPACITY BREAKDOWN: 1ST FLOOR - 254 (1",,2:00 AM,2:30 AM,689,"IN ONE ROOM, KITCHEN AND STORAGE IN BASEMENT; ONE ROOM AND KITCHEN ON FIRST FLOOR ENTRANCES & EXITS ON BROOKLINE AVENUE AND LANSDOWNE STREET WITH AN OUTDOOR SEASONAL PATIO ON LANSDOWNE STREET FROM APRIL THROUGH OCTOBER FOR 40 PATRONS ON PRIVATE PROPERTY. INSIDE CAPACITY BREAKDOWN: 1ST FLOOR - 254 (140 SEATED, 74 STANDING); BASEMENT - 435 (239 SEATED, 196 STANDING)."," GAME ON FENWAY, LLC", JASON NICHOLSON,,(410)808-5414,72-82   Lansdowne  ,Boston,MA,2215,0.0,0.0
LB-167593,,Active,Common Victualler,Common Victualler,2016-04-21,2026-12-31,LIUYISHOU HOTPOT BOSTON LLC,LIUYISHOU HOTPOT,,"First floor restaurant 3,429 Sq. Ft. consists of dining area and kitchen",11:30 AM,11:30 PM,MIDNIGHT,60,, LIUYISHOU HOTPOT BOSTON LLC,LI WANG,(647)861-6089,,702-  Washington ST,Boston,MA,2111,774347.2294503003,2953277.343046561
LB-101828,LDGHS0346,Active,Misc,Lodging Houses (Frat/Dorm),2014-04-30,2025-04-30,"CARITAS COMMUNITIES, INC.",ONE LENOX,,"Four story building with 2 rooms on the first floor, 8 rooms on the second floor, 8 rooms on the third floor and 8 rooms on the fourth floor.  ",,,,26,," CARITAS COMMUNITIES, INC.", THOMAS NEE,,7818431242,1- E Lenox ST,Roxbury,MA,2118,770095.0794900507,2947304.620411977
LB-539167,,Active,Misc,Retail Malt Wine,2023-11-15,2026-12-31,Welcome Buddy Convenience Corporation,Welcome Buddy Convenience,No increase to amount floor space dedicated alcohol or changes floorplan on file without Board approval,,,12:30,,0,"First floor retail store (2,400SF) on the corner of Washington Street and Basile Street with refrigeration and freezers at the rear of the store.", Welcome Buddy Convenience Corporation, Lina Ghantous,(781)492-4485,,4196-  Washington ST,Roslindale,MA,2131,757051.267979309,2929863.681868732
LB-382892,,Active,Common Victualler,Common Victualler,2019-02-07,2026-12-31,"Macy's Retail Holdings, Inc.",Macy's Starbucks,Monday Friday 9 00 AM PM Saturday 30 Sunday 10,"Starbucks Kiosk, Kiosk - 678 sq. ft., Stock - 365 sq. ft.",9:00 AM,9:30 PM,10:00 PM,0,," Macy's Retail Holdings, LLC", Casie Brown,(617)357-3000,,450-  Washington ST,Boston,MA,2111,774914.8513465524,2954685.9255312234
LB-99171,CV7AL0329,Active,Common Victualler,CV7 All Alc.,2013-11-13,2026-12-31,STATIRES GROUP LLC,STATS BAR & GRILL,       ,"ONE FLOOR ON STREET LEVEL WITH SEATING AREA, KITCHEN, AND BATHROOMS; STORAGE IN BASEMENT.  Capacity breakdown: daytime - 96 seated, 48 standing; Nighttime (w/tables & chairs removed) - 42 seated, 148 standing, 9 employees.",,1:00 AM,1:30 AM,190,"ONE FLOOR ON STREET LEVEL WITH SEATING AREA, KITCHEN, AND BATHROOMS; STORAGE IN BASEMENT.  Capacity breakdown: daytime - 96 seated, 48 standing; Nighttime (w/tables & chairs removed) - 42 seated, 148 standing, 9 employees.", STATIRES GROUP LLC, JAMES A. STATIRES,,(603)296-5036,77-  Dorchester ST,South Boston,MA,2127,779112.000104472,2947750.0000986457
LB-102064,RETMW0095,Active,Misc,Retail Malt Wine,2013-11-25,2026-12-31,VINE INVESTMENTS INC.,HOLLYWOOD MARKET,,"ONE ROOM RETAIL AREA LOCATED AT STREET LEVEL; MAIN ENTRANCE ON PEARL STREET WITH DELIVERY ENTRANCE IN REAR; STORAGE ROOM, OFFICE IN BASEMENT.  WALK IN COOLER ON MAIN FLOOR.",,10:00 PM,,0,, VINE INVESTMENTS INC., EMAD PASALY,,(781)985-6446,137-  Pearl ST,Boston,MA,2110,776774.990014717,2954593.541529641
LB-525486,,Active,Misc,Retail Malt Wine,2023-08-08,2026-12-31,"Marino's Market, Inc",Marino's Market and Deli,,The premises consist of a first floor sales floor with storage room in the back that is not accessible to customers. The checkout counter is located near the customer entrance/exit. There is also a locked storage area and an office in the basement which is also not accessible to customers. Customer,,10:00 PM,10:30 PM,0,The premises consist of a first floor sales floor with storage room in the back that is not accessible to customers. The checkout counter is located near the customer entrance/exit. There is also a locked storage area and an office in the basement which is also not accessible to customers. Customer entrance/exit opens onto Centre Street. One emergency exit is located off the first floor storage area and one is located in the basement.," Marino's Market, Inc.", Paul Marino,(617)469-1700,,1906-  Centre ST,West Roxbury,MA,2132,749158.9110606313,2929025.160907984
LB-102053,RETMW0084,Active,Misc,Retail All Alc.,2013-11-19,2026-12-31,Babari Corp. ,Las Palmas,,STREET LEVEL; ONE LARGE ROOM.  ENTRANCE ON CHELSEA STREET AND A REAR DOOR EMERGENCY EXIT.  ,,11:00 PM,,0,, Babari Corp., Maya A. Patel,,(617)281-5894,13-  Chelsea ST,East Boston,MA,2128,780995.8808511347,2960304.7597659826
LB-128842,,Active,Common Victualler,Common Victualler,2014-05-22,2025-12-31,"Lucky Chef, Inc.",Golden Chef,Hours operation 12 00 PM 11 30 Mon Thur AM closing on Fri amp Sat Sundays,1st floor premise with kitchen.,12:00 PM,11:00 PM,12:00 AM,0,," Lucky Chef, Inc.",Le Ding,(617)407-6039,,1495-  Dorchester AV,Dorchester,MA,2122,775065.7992073894,2934504.669305891
LB-202268,,Active,Inn,INNALN - Neighborhood Restricted,2016-11-28,2026-12-31,"Colwen Management, Inc.",Residence Inn by Marriott South End Boston,,"The Residence Inn by Marriott South End Boston consists of a +/- 93,086 SF full-service hotel with 6 stories, 135 guest rooms and room service. The first floor consists of +/- 7,122 SF; 202 seats of licensed area: breakfast/dining = +/- 772 SF, 52 seats; lounge = +/- 331 SF, 5 seats; bar/lounge area",,2:00 AM,2:30 AM,0,"The Residence Inn by Marriott South End Boston consists of a +/- 93,086 SF full-service hotel with 6 stories, 135 guest rooms and room service. The first floor consists of +/- 7,122 SF; 202 seats of licensed area: breakfast/dining = +/- 772 SF, 52 seats; lounge = +/- 331 SF, 5 seats; bar/lounge area = +/- 1,198 SF, 45 seats; meeting room = +/- 1,232 SF, 80 seats; 80 seats; board room = =/- 176, 8 seats;  lobby, kitchen, buffet, restrooms, locked storage, pre-function; business center; and a seasonal terrace with +/- 274 SF, 12 seats. 4 Entrances/Exits provided."," Colwen Management, Inc.", Tommie Brunson,,,2001-  Washington ST,Roxbury,MA,2119,769336.6105345488,2946879.820408553
LB-99751,CV7MWL0079,Active,Common Victualler,CV7 Malt Wine Liq.,2013-11-25,2026-12-31,"Broken Records Beer Hall, LLC",Broken Records Beer Hall,,,,2:00 AM,2:30 AM,280,"In one large room on ground floor with bar, and dining, seating (seating capacity of 140) and game areas; restrooms; kitchen, storage and office in rear (6,000SF total); together with seasonal (April-November) outdoor patio on public property subject to agreement with Public Improvement Commission with 10:00PM closing hour and 16 seats.


Lastly, the Board and the ABCC granted the petition for a management agreement between Broken Records Beer Hall, LLC and Guest Street Hospitality, Inc."," Broken Records Beer Hall, LLC", Michael Carlisle,,6173675915,81-85  Guest ST,Brighton,MA,2135,752185.472264722,2955113.229466647
LB-485386,,Active,Misc,Retail Malt Wine,2022-11-28,2026-12-31,Dorchester Market LLC,Dorchester Market,,"Accessory retail sales of wine & malt beverages (for off-premise consumption) in one room located inside a small, new neighborhood grocery market of approximately 2,800SF. 1 floor in a 5 story building. ",,11:00 PM,,0,"Accessory retail sales of wine & malt beverages (for off-premise consumption) in one room located inside a small, new neighborhood grocery market of approximately 2,800SF. 1 floor in a 5 story building.", Dorchester Market LLC, Peter McGee,(617)238-7406,,951-  Dorchester AV,Dorchester,MA,2125,775975.7183193117,2941310.0759706497
LB-99768,CV7MWL0101,Active,Common Victualler,CV7 Malt Wine Liq.,2013-11-13,2026-12-31,GIGI LLC,Gigi,WINES MALT LIQUEURS TO BE SERVED ONLY IN CONJUNCTION WITH MEALS 2 NO BAR,IN ONE ROOM AND A KITCHEN ON THE FIRST FLOOR; STORAGE AND KITCHEN IN BASEMENT.,,11:30 PM,Midnight,39,, Gigi LLC, Irakli Gogitidze,,6175365723,431-  Columbus AV,Boston,MA,2116,770301.1673324704,2950691.816065386
LB-101181,CVICT2411,Active,Common Victualler,Common Victualler,2013-10-29,2026-12-31,"HOST INTERNATIONAL, INC.",STARBUCKS COFFEE,Per State Building Rules only an Occupancy Permit is required NO CERTIFICATE INSPECTION REQUIRE PER STATE BUILDING INSPECTOR PAUL DICHIARA,"TERMINAL C 2ND LEVEL AFTER SECURITY CHECKPOINT. IN RETAIL MALL AREA  Term C, C-11.  TERM. C, LOGAN AIRPORT, EAST BOSTON, MA  02128",4:00 AM,2:00 AM,2:30 AM,0,," HOST INTERNATIONAL, INC.",Saikou Boiro,,(617)438-7833,      Logan Airport Terminal C  ,East Boston,MA,2128,0.0,0.0
LB-100225,CVICT0718,Active,Common Victualler,Common Victualler,2013-10-28,2026-12-31,LAS PALMAS RESTAURANT,Las Palmas Restaurant,,IN ONE ROOM ON THE FIRST FLOOR WITH KITCHEN AND STORAGE IN THE REAR.,8:00 AM,MIDNIGHT,12:30 AM,12,, LAS PALMAS RESTAURANT,Seila Herrera,,(617)323-3339,4337A-  Washington ST,Roslindale,MA,2131,755823.343597889,2928484.476293817
LB-126528,,Active,Common Victualler,Common Victualler,2014-03-14,2025-12-31,"Sunanti, Inc.",Obosa Foods,,"Restaurant with full kitchen and dining room, 2 restrooms.",11:00 AM,9:00 PM,9:30 PM,49,," Sunanti, Inc.",Gloria Omoregbee,(617)372-7670,,146-  Belgrade AV,Roslindale,MA,2131,754462.9998618811,2929499.999853313
LB-436364,,Active,Common Victualler,CV7 Malt Wine Liq.,2021-03-31,2026-12-31,MIMEBA Corp,El Penol Restaurant,,"Traditional layout 2 exits, 2 bathrooms both ADA accessible on one floor with one kitchen, one prep room and storage in the basement.",,9:00 PM,9:30 PM,49,, MIMEBA CORP, MIGUEL A MEDINA,,,54-  Bennington ST,East Boston,MA,2128,781244.0001055598,2962309.999849975
LB-481086,,Active,Misc,Retail All Alc.,2022-07-19,2026-12-31,Fresh Boston Retail LLC,Fresh Boston,No Nips Singles,In one section of first floor of 232 Old Colony Avenue consisting of 341 square feet with one entrance.,,11:00 PM,,0,In one section of first floor of 232 Old Colony Avenue consisting of 341 square feet with one entrance., Fresh Boston Retail LLC, Alexis Sillery,(781)243-9346,,232-  Old Colony AV,South Boston,MA,2127,776951.1743736416,2946439.714661479
LB-99986,CVICT0223,Active,Common Victualler,Common Victualler,2013-10-23,2026-12-31,"Geni, Inc.",Andrew Sq. House of Pizza,,In one room on the first floor with kitchen in the rear storage in the rear.,11:00 AM,11:00 PM,11:30 PM,16,In one room on the first floor with kitchen in the rear storage in the rear.," GENI, INC.",Marenglen Kadilliu,(617)268-1940,,395-  Dorchester ST,South Boston,MA,2127,776074.8355751336,2945610.6979468167
LB-138401,,Active,Common Victualler,Common Victualler,2014-12-11,2026-12-31,"JAQ, Inc.",Brigham Circle Chinese Restaurant,,Kitchen floor space and attached basement area.,11:00 AM,11:00 PM,11:30 PM,12,," JAQ, Inc.",Jackson Chui,(617)278-2000,,728-  Huntington AV,Mission Hill,MA,2120,762930.999986246,2946910.00000441
LB-523593,,Active,Common Victualler,Common Victualler 7 Day Malt & Wine (South Bay Restricted),2023-06-12,2026-12-31,"Kura Sushi USA, Inc",Kura Revolving Sushi Bar,88 Persons Total Booths 80 Sushi Bar 8,"3,120SF gross area. Interior dining only; the indoor dining area will measure approx. 1,271SF with 88 seats. There is no bar seating at the location. The premise will be equipped with an on-site kitchen.",,10:00 PM,10:30 PM,88,"3,120SF gross area. Interior dining only; the indoor dining area will measure approx. 1,271SF with 88 seats. There is no bar seating at the location. The premise will be equipped with an on-site kitchen."," Kura Sushi USA, Inc", Rashad Johnson,(657)333-4100,,39A-  District AV,Dorchester,MA,2125,774581.4294412136,2944041.096755311
LB-99240,CV7AL0404,Active,Common Victualler,CV7 All Alc.,2013-11-27,2026-12-31,"STERLING SUFFOLK RACECOURSE, LLC",SUFFOLK DOWNS,,"Suffolk Downs Race Track:  in three floors, piazza, grandstands, and stand within the premises known as ""Suffolk Downs Race Track"" including the third floor area known as the ""Turf Club""",,2:00 AM,2:30 AM,38000,"Suffolk Downs Race Track:  in three floors, piazza, grandstands, and stand within the premises known as ""Suffolk Downs Race Track"" including the third floor area known as the ""Turf Club"""," STERLING SUFFOLK RACECOURSE, LLC", David Lanzilli,(617)567-3900,,111-  Waldemar AV,East Boston,MA,2128,791150.770318225,2969155.74895373
LB-344639,,Active,Common Victualler,Common Victualler,2017-09-29,2026-12-31,"Boston Better Bagels, LLC",Better Bagels,,"First floor, kitchen in rear.",5:00 AM,6:00 PM,6:30 PM,0,," Boston Better Bagels, LLC",Samuel Harden,(617)723-9528,,83A-  Seaport BL,Boston,MA,2210,778783.4423626363,2953580.221049726
LB-99717,CV7MWL0024,Active,Common Victualler,CV7 Malt Wine Liq.,2013-11-29,2026-12-31,"CARLO'S CUCINA 02134, INC.",CARLO'S CUCINA ITALIANA,1 No Bar 2 Malt Wine with Liqueurs to be served only in conjunction meals,"IN ONE ROOM WITH KITCHEN ON THE GROUND FLOOR, STORAGE IN BASEMENT.",,11:00 PM,11:30 PM,48,"IN ONE ROOM WITH KITCHEN ON THE GROUND FLOOR, STORAGE IN BASEMENT."," CARLO'S CUCINA 02134, INC.", BRYANT RODRIGUEZ,(617)254-9759,,131-  Brighton AV,Allston,MA,2134,755865.0000106394,2953909.9999177307
LB-592854,,Active,Common Victualler,CV7 All Alc by Zip Restricted,2025-11-28,2026-12-31,Gourmet Kreyol LLC,Doune & Pepe,Do not issue Temp Closed Needs DocsZIP CODE RESTRICTED CV7ALZ SPECIAL LEGISLATION CHAPTER 202 YEAR 2024 ALL ALCOHOLIC BEVERAGES,,,12:00 AM,,1,"1,053SF Restaurant space on 2 floors with 1 entrance and 3 exits. First floor includes a dining area with seating for approximately 49, kitchen/food prep area, and 1 restroom. Basement includes (3)dry storage rooms, walk-in cooler, walk-in freezer, prep area and and additional restroom for employees only with1,053 sf of basement space. Total sf of both the restaurant and the basement floor 2,106 sf.", Gourmet Kreyol LLC, Nathalie Lecorps,(857)233-1624,,657-  Washington ST,Dorchester,MA,2124,772149.7853543907,2930538.5204140544
LB-606014,,Active,Common Victualler,Common Victualler,2026-01-12,2026-12-31,Ppt Hospitality LLC,Klin Thai West Roxbury,Operating Hours Monday 11 30 AM 8 PM Tuesday Closed Wednesday Sunday,"1,400SF Full-service restaurant with takeout, located on the first floor. The dining area includes 16 seats, with a full kitchen located at the rear of the space. There is one all-gender, ADA-compliant restroom available for customer use. The basement level is used for storage. ",11:30 AM,8:30 PM,9:00 PM,16,"The premises is a 1,400 square foot full-service restaurant with takeout, located on the first floor. The dining area includes 16 seats, with a full kitchen located at the rear of the space. There is one all-gender, ADA-compliant restroom available for customer use. The basement level is used for storage and office space only.", PPT Hospitality LLC, Patcharin Jeesom,(617)477-3348,,1894-  Centre ST,West Roxbury,MA,2132,749293.0000313073,2929210.000105232
LB-99422,CV7AL0622,Active,Common Victualler,CV7 All Alc.,2013-11-29,2026-12-31,PENA & NOVA CORP.,Norvia's Place,Capacity Breakdown Total Dining Layout Upper Level 32 persons Lower 29 Outdoor Patio 14 Bar Seating 4 Standing 6,"IN ONE ROOM AND KITCHEN FIRST FLOOR, CELLAR FOR STOCK. CAPACITY BAR 15,  DINING  30, STANDING 22.",,1:00 AM,1:30 AM,85,, PENA & NOVA CORP., NORVIA M. PENA,,(617)642-4262,2801-2807  Washington ST,Roxbury,MA,2119,766459.1172738075,2942513.2566351444
LB-101124,CVICT2347,Active,Common Victualler,Common Victualler,2013-10-30,2026-12-31,"BANGEL GROUPS, INC.",SBARRO RESTAURANT,,@ TERMINAL A ON SECOND FLOOR FOOD COURT.,4:00 AM,2:00 AM,2:30 AM,0,," BANGEL GROUPS, INC.", MONIR SAJI,,7813897634,100     Logan Airport Terminal A  ,East Boston,MA,2128,0.0,0.0
LB-99457,CV7AL0677,Active,Common Victualler,CV7 All Alc.,2013-11-27,2026-12-31,CMG CP1 LLC,Caveau,Board granted petition to provide Bottle Service on their licensed premise License Pledged Eastern Bank,,,2:00 AM,2:30 AM,393,"The premises consist of: On first floor of multi-floor building (+/- 8,478 SF). Entrance located on Tremont Street; emergency exit in rear of building. Open floor plan of +/- 4,000 of public facing space with seating for approximately 280 patrons and an overall capacity of approximately 450 patrons. Restrooms located at front of space. Kitchen, storage, and back of house located in rear of space."," CMG CP1, LLC", Joseph Kevin O'Connor,,(617)308-3186,1-3  Center PZ,Boston,MA,2114,775027.7822230607,2956436.9837088883
LB-101037,CVICT2249,Active,Common Victualler,Common Victualler,2013-10-29,2026-12-31,"HSI MCA BOS FB, LLC",Starbucks (B30),,"1068 sq. ft. coffee shop with small kitchen. Terminal B, Pier A, Gate 30, Space BA2-A25.",4:00 AM,12:00 AM,12:30AM,0,," HSI MCA BOS FB, LLC",Saikou Boiro,(617)480-7380,,      Logan Airport Terminal B  ,East Boston,MA,2128,0.0,0.0
LB-99793,CV7MWL0144,Active,Common Victualler,CV7 Malt Wine Liq.,2013-11-19,2026-12-31,"Libertine New England, LLC ",LIBERTINE,ALCOHOL MAY BE SERVED ON SUNDAYS IN CONJUNCTION WITH BRUNCH 10 00 M, ,,1:00 AM,1:30 AM,85,"In one large room on ground floor with seating areas and bar, bathroom and kitchen, basement for storage, office and additional bathrooms (2,100 SF). CLOSING 11:00 PM (Sunday-Wednesday) 1:00 AM (Thursday-Saturday)."," Libertine New England, LLC", Arlene Saia,,,123-125   Salem ST,Boston,MA,2113,,
LB-433078,,Active,Common Victualler,Common Victualler,2020-12-08,2026-12-31,Bhaskar Courtesy Inc.,Melting Sun Boston,<STRONG><EM></EM></STRONG>,250 sq. ft. kiosk at the food court in train terminal & 300 sq. ft. of prep and storage space in basement.,5:30 AM,10:30 PM,11:00 PM,0,, Bhaskar Courtesy Inc,Gopal Rungta,(857)246-0966,,700-  Atlantic AV,Boston,MA,2111,776405.7230367213,2953628.8915560544
LB-160484,,Active,Common Victualler,Common Victualler,2016-05-18,2026-12-31,"Caffe Nero Americas, Inc.",Caffe Nero,,"Ground floor cafe/Restaurant with kitchen in rear, seasonal outdoor patio (April - Nov) on private property for 24 patrons, same hours as the restaurant.",6:00 AM,11:00 PM,11:30 PM,157,Capacity inside 135 outside 22," Caffe Nero Americas, Inc.", Lee Cepeda,(617)245-8902,,368-  Congress ST,Boston,MA,2210,778348.8297148049,2952992.5109390616
LB-396556,,Active,Misc,Retail All Alc.,2019-08-16,2026-12-31,Boston Beer Alley Corporation,Boston Beer Alley,No nips no singles,"On ground floor, in one room/stall, approximately 404 square feet of retail sales space within the Boston Public Market.",,8:00 PM,,0,, Boston Beer Alley Corporation, Tony Rodriguez,(617)686-8055,,100-  Hanover ST,Boston,MA,2108,775748.2978423834,2957333.8142643124
LB-138282,,Active,Misc,Retail All Alc.,2015-01-23,2026-12-31,STRIDE CORPORATION,Sava's Market,May start sales on Sundays 10 00 m CONDITION NO NIPS,On street level of a two story building with storage in the basement.  Has a single entrance in the front and a single exit on the left side.,,11:00 PM,,0,, STRIDE CORPORATION, KARAN A. PATEL,,(617)567-7832,150-  Bennington ST,East Boston,MA,2128,782195.1251718104,2962747.2735817283
LB-101349,DRMTY0065,Active,Misc,Dormitory,2014-04-25,2026-04-30,TRUSTEES OF BOSTON UNIVERSITY,Boston University,,Four story brick building with basement.,,,,29,Four story brick building with basement., TRUSTEES OF BOSTON UNIVERSITY,NISHMIN KASHYAP,(617)353-2748,,165-  Bay State RD,Boston,MA,2215,764021.4518735558,2953036.196875304
LB-99053,CV7AL0189,Active,Common Victualler,CV7 All Alc.,2013-11-27,2026-12-31,"ACAPULCO MEXICAN RESTAURANT, INC.",ACAPULCO MEXICAN RESTAURANT,1 CLOSING HOUR 00 AM FRIDAY SATURDAY HOLIDAYS MIDNIGHT ON OTHER DAYS 2 NO BAR 3 ALCOHOLIC BEVERAGES TO BE SERVED ONLY IN CONJUNCTION WITH MEALS TABLES 4 ALCOHOL SERVICE WITHOUT FOOD ALLOWED WAITING PATRONS,IN TWO DINING ROOMS WITH BAR AREA AND KITCHEN ON FIRST FLOOR; BASEMENT FOR STORAGE.,,12:00 AM,12:30 AM,92,," ACAPULCO MEXICAN RESTAURANT, INC.", LUIS A. FLORES JR.,,6179263131,464-468   Centre ST,Jamaica Plain,MA,2130,0.0,0.0
LB-101514,DRMTY0308,Active,Misc,Dormitory,2014-05-07,2026-04-30,NORTHEASTERN UNIVERSITY,NORTHEASTERN UNIVERSITY,,,,,,325,, NORTHEASTERN UNIVERSITY, Robert S. Austin,,(617)332-0268,450-  Parker ST,Boston,MA,2115,766371.2637749761,2948671.2049491405
LB-99010,CV7AL0139,Active,Common Victualler,CV7 All Alc.,2013-11-19,2026-12-31,Street Prince LLC,Hobgoblin,Capacity Breakdown Basement 49 Ground Floor 71,"The premises consists of 3,293 sq. ft. of retail space; One dining room on street level and one dining room, one kitchen and two restrooms on lower floor. Capacity breakdown: 49 in basement; 71 ground floor.",,2:00 AM,2:30 AM,120,"The premises consists of 3,293 sq. ft. of retail space; One dining room on street level and one dining room, one kitchen and two restrooms on lower floor. Capacity breakdown: 49 in basement; 71 ground floor.", Street Prince LLC, Athip Komwises,,(617)566-9014,48-  Temple PL,Boston,MA,2111,774644.6205878109,2954753.2397010624
LB-101392,DRMTY0136,Active,Misc,Dormitory,2014-05-07,2026-04-30,TRUSTEES OF BOSTON UNIVERSITY,BOSTON UNIVERSITY,,"4 story brick building, interconnected with 166 Bay State Road.",,,,19,"4 story brick building, interconnected with 166 Bay State Road.", TRUSTEES OF BOSTON UNIVERSITY,NISHMIN KASHYAP,,(617)353-3502,168-  Bay State RD,Boston,MA,2215,763967.7974532992,2952890.903530732
LB-171819,,Active,Common Victualler,Common Victualler,2016-06-10,2026-12-31,"Francis Food Enterprises, Inc.",P & R Restaurant and Ice Cream Parlor,,Kitchen on first floor and basement.,6:00 AM,12:00 AM,12:30 AM,16,," Francis Food enterprises, Inc.",Rebecca Francis,(617)442-2020,,208     Dudley ST,Roxbury,MA,2119,769453.455768317,2945059.42723468
LB-523591,,Active,Common Victualler,CV7 All Alc. Airp.,2023-07-31,2026-12-31,Dan Food Service Corp,Gachi Sushi and Noodles,,"GACHI SUSHI and NOODLES is located at Boston Logan Airport Terminal C Space CB2-A10C, 917 sqft, one floor, Post Security Gate, no Outdoor area . This is a private seating restaurant and not a food court or part of a food court. It has a sushi counter with some bar stools and sushi chef making sushi ",,10:00 PM,10:30 PM,27,"GACHI SUSHI and NOODLES is located at Boston Logan Airport Terminal C Space CB2-A10C, 917 sqft, one floor, Post Security Gate, no Outdoor area . This is a private seating restaurant and not a food court or part of a food court. It has a sushi counter with some bar stools and sushi chef making sushi behind the front counter and also has some tables with chairs at the dining room.", Dan Food Service Corp, Ricky Posumah,(804)503-0443,,1-  Harborside DR,East Boston,MA,2128,784350.1546543837,2957811.768360898
LB-98841,CLBALV0021,Active,Club,Clb. All Alc. Vet.,2013-12-05,2026-12-31,WILLIAM E. CARTER POST #16,,,"REAR EXIT FACING 83 REGIS ROAD FOR EMERGENCY EXIT AND STOCK, IN WHOLE OF SAID BUILDING.  MAXIMUM CAPACITY 141. CAPACITY BREAKDOWN: 94 SEATING, 39 STANDING AND 8 SEATING AT MEETING ROOM.",,2:00 AM,2:30 AM,141,"REAR EXIT FACING 83 REGIS ROAD FOR EMERGENCY EXIT AND STOCK, IN WHOLE OF SAID BUILDING.  CAPACITY BREAKDOWN: 94 SEATING, 39 STANDING AND 8 SEATING AT MEETING ROOM.", WILLIAM E. CARTER POST #16, ROBERT L. GREENE,,6175011575,1531-  Blue Hill AV,Mattapan,MA,2126,766048.0747888088,2924230.706914231
LB-99090,CV7AL0231,Active,Common Victualler,CV7 All Alc.,2013-11-15,2026-12-31,BASHO FENWAY VENTURES LLC,BASHO JAPANESE RESTAURANT & LOUNGE,CLOSING HOUR 1 00 M PATIO CONDITIONS ALCOHOLIC BEVERAGES TO BE SERVED ONLY IN CONJUNCTION WITH MEALS 2 STAFFED ALL TIMES,"IN TWO DINING ROOMS ON THE FIRST FLOOR; KITCHEN, STORAGE AND OFFICES IN THE REAR; ANNUAL OUTDOOR PATIO ON PRIVATE PROPERTY FOR 48 PATRONS BETWEEN THE HOURS OF 11:00 A.M. - 11:00 P.M.  Inside capacity 194: 31 @ bar stools; 146 @ tables; 17 standing.",,1:00 AM,1:30 AM,194,, BASHO FENWAY VENTURES LLC, JACK HUANG,(617)358-2881,(617)859-8886,1330-  Boylston ST,Boston,MA,2215,764631.7121359706,2950640.718398556
LB-139771,,Active,Misc,Retail All Alc.,2015-05-12,2026-12-31,Shiv Quik Pik Inc.,Huntington Market,No singles to be sold,"1200 square foot retail store located at street level at 1795 Commonwealth Avenue, Brighton, MA. There is an additional 1200 square feet of storage in basement.",,10:30 p.m.,,0,, Shiv Quik Pik Inc., Nitin Patel,(617)783-7172,,1795-  Commonwealth AV,Brighton,MA,2135,750380.0001538843,2949360.000159472
LB-101469,DRMTY0261,Active,Misc,Dormitory,2014-05-06,2026-04-30,SIMMONS COLLEGE,,,Five story brick building know as Evans Hall.,,,,83,, SIMMONS COLLEGE,Laura Brink Pisinski,,(617)521-2284,305-  Brookline AV,Boston,MA,2215,762923.4612873942,2949641.9142938107
LB-100584,CVICT1467,Active,Common Victualler,Common Victualler,2013-10-25,2026-12-31,Starbucks Corporation,STARBUCKS COFFEE #7550,CLOSING HOUR ON FRIDAYS amp SATURDAYS IS 11 00 PM,"In one room on the first floor main entrance on Atlantic Avenue, exit to alley in rear. Includes outdoor patio for 14 patrons.  .",6:00 AM,10:00 PM,10:30 PM,14,, STARBUCKS CORPORATION,DANIEL BRENNAN JR.,(206)594-7273,6172698116,2-  Atlantic AV,Boston,MA,2110,777625.1543248892,2957990.3113108873
LB-99722,CV7MWL0031,Active,Common Victualler,CV7 Malt Wine Liq.,2013-11-26,2026-12-31,URSULA IMBRIANO & ANTHONY IMBRIANO,MARIO'S RESTAURANT,Malt Wine Liqueurs to be served only in conjunction with meals,IN ONE ROOM ON THE FIRST FLOOR WITH KITCHEN AND BASEMENT FOR STORAGE.  ,,1:00 AM,1:30 AM,30,IN ONE ROOM ON THE FIRST FLOOR WITH KITCHEN AND BASEMENT FOR STORAGE., URSULA IMBRIANO & ANTHONY IMBRIANO, URSULA IMBRIANO,,,347A-347  Chelsea ST,East Boston,MA,2128,783463.3696825504,2963185.697901726
LB-304594,,Active,Common Victualler,Common Victualler,2016-11-21,2026-12-31,"Pueblo Viejo's Cafe, Inc.",,"<P>&nbsp;</P>

<P><FONT size=6><U></U></FONT>&nbsp;</P>","First floor kitchen, and seating area, with a basement.",6:00 AM,11:00 PM,11:30 AM,24,," Pueblo Viejo's Cafe, Inc.", MARVIN B. JIMENEZ,(617)378-2810,,300-  Saratoga ST,East Boston,MA,2128,782633.422851637,2963272.866362557
LB-100654,CVICT1604,Active,Common Victualler,Common Victualler,2013-10-30,2026-12-31,"Boston Pie, Inc.",Domino's Pizza,1 00 AM CLOSING EVERY DAY WALK IN BUSINESS OPEN 24 HOURS DELIVERIES ONLY,"Reception area, food prep area, ovens, side area for supplies.",10:00 AM,1:00 AM,1:30AM,0,," Boston Pie, Inc.", Anselmo Vidal Lizardo,(617)424-9000,,1400-  Tremont ST,Mission Hill,MA,2120,765465.999988616,2946040.00000359
LB-99216,CV7AL0377,Active,Common Victualler,CV7 All Alc.,2013-11-08,2026-12-31,Alamo Seaport LLC,Alamo Drafthouse Cinema,,,,2:00 AM,2:30 AM,882,"#315; The premises consist of: On Level 3 of the property located at 60 Northern Avenue consisting of 10 movie auditoriums, concession area with seats and bar area, restrooms, and storage space; together with Level 3.5 Mezzanine consisting of additional storage space, office space, and kitchen."," Alamo Seaport, LLC", Vanessa Morales,,,60-  Seaport BL,Boston,MA,2210,778587.1176240593,2953930.3542077243
LB-98942,CV7AL0061,Active,Common Victualler,CV7 All Alc.,2013-11-25,2026-12-31,Legends Music LLC,,Occupancy Max Capacity BreakdownLevel B2 Orange Assembly Queue 136 Persons MaxLevel 50 402 Cone 149 persons Unconc 175 assembly Exibit Gallery Museum 78 Level 51 409 Exhibit Circ 300 I09 52 223,"The premises consist of: 3-story observation deck on the 50th, 51st and 52nd floors of the Prudential Tower. All levels of the attract are intended to be utilized in conjunction with food and beverage operations including full-service restaurants (50th) cocktail bar and outdoor deck (51st) and speci",,2:00 AM,2:30 AM,1170,"The premises consist of: 3-story observation deck on the 50th, 51st and 52nd floors of the Prudential Tower. All levels of the attract are intended to be utilized in conjunction with food and beverage operations including full-service restaurants (50th) cocktail bar and outdoor deck (51st) and special event space on each level. (see conditions for capacity breakdown)"," Legends Music, LLC", Justin Rink,,(617)224-6008,800-  Boylston ST,Boston,MA,2199,769025.6134531349,2951810.16126965
LB-101922,RETAL0120,Active,Misc,Retail All Alc.,2013-11-26,2026-12-31,"Massachusetts Fine Wines & Spirits, LLC",The Crossing Wine and Spirits,,IN ONE ROOM OF FIRST FLOOR RETAIL SPACE WITH STORAGE IN BASEMENT.  THE ENTRANCE AND EXITS ARE LOCATED ON TEMPLE PLACE.  WITH AN 11:00 PM CLOSING HOUR.,,11:00 PM,,0,," Massachusetts Fine Wines & Spirits, LLC", Anthony Rodriguez,,(978)667-6623,39-  Temple PL,Boston,MA,2111,774530.0469980538,2954713.2299385667
LB-99782,CV7MWL0130,Active,Common Victualler,CV7 Malt Wine Liq.,2013-11-25,2026-12-31,550 TREMONT LLC,B&G OYSTERS LTD,2026 Perm Closed Do Not Issue,"In one room on the first floor; kitchen in the rear, storage in the basement, to include annual year round outdoor patio on private property for 22 patrons between the hours of 11:00am - 11:00pm. 
",,1:00 AM,1:30 AM,38,"In one room on the first floor; kitchen in the rear, storage in the basement, to include annual year round outdoor patio on private property for 22 patrons between the hours of 11:00am - 11:00pm.", 550 TREMONT LLC, BARBARA LYNCH,,(781)729-9348,550-  Tremont ST,Roxbury,MA,2118,772071.940037638,2950635.4162438065
LB-100819,CVICT1929,Active,Common Victualler,Common Victualler,2013-10-31,2026-12-31,"TWO GUYS FOODS, INC.",BURGER KING,,IN ONE ROOM ON THE FIRST FLOOR WITH KITCHEN IN THE REAR AND STORAGE IN THE BASEMENT.,6:00 AM,10:00 PM,10:30 PM,19,," TWO GUYS FOODS, INC.",Jay White,,6172473763,1-  Maverick SQ,East Boston,MA,2128,780656.1528560519,2959768.2808520645
LB-99970,CVICT0191,Active,Common Victualler,Common Victualler,2013-10-25,2026-12-31,"CJA Foods, Inc.",MIKE'S DONUT SHOP,Include an outside patio,In one room on the first floor with kitchen and storage in the rear.,5:00 AM,10:00 PM,10:30 PM,14,," CJA  FOODS, INC.", BRUCE WEINOGRAD,,(617)969-9620,1524A-  Tremont ST,Mission Hill,MA,2120,764339.3285343945,2946354.0970505625
LB-578142,,Active,Common Victualler,CV7 All Alc by Zip Restricted,2025-04-03,2026-12-31,"Eastie Caffe Dello Sport, Inc.",Caffe Dello Sport Eastie,Special Legislation Zip Code 02128 Restricted All Alcoholic Beverages License Chapter 202 year 2024,,,11:00 PM,,24,"Cafe with 1020SF which will have a walk up counter to order as well as an additional prep area. There will be two seating areas, one in the front with seating for 14 people and one in the back with seating for 10 people. The basement space will be used for dry storage only."," Eastie Caffe Dello Sport, Inc.", Mivan Spencer,(617)968-2214,,973-  Saratoga ST,East Boston,MA,2128,789138.4738178849,2966316.0479402244
LB-101307,DRMTY0004,Active,Misc,Dormitory,2014-04-25,2026-04-30,PHI SIGMA KAPPA,M.I.T,,4 story building plus basement.,,,,26,4 story building plus basement., ALUMNI ASSOC OF OMICRON CHAPT. OF PHI SIGMA KAPPA, PAUL R WALSH,(617)512-8186,,487-  Commonwealth AV,Boston,MA,2215,765858.994130224,2952596.6196704805
LB-100161,CVICT0572,Active,Common Victualler,Common Victualler,2013-12-05,2026-12-31,Sefik Akyarar,VIKOS PIZZA  & RIBS,,In one room on the first floor with kitchen and storage in the rear. ,11:00 AM,MIDNIGHT,12:30 AM,12,,Sefik Sefik Akyarar,Sefik Akyarar,(617)361-8456,,855-  River ST,Mattapan,MA,2136,762192.2754138112,2921060.433071062
LB-100152,CVICT0547,Active,Common Victualler,Common Victualler,2013-10-29,2026-12-31,"Tao & Ying, Inc.",Little Tao,,In one room on the first floor with kitchen in the rear and storage in the basement.,11:30 AM,9:30 PM,10:00 PM,0,," Tao & Ying, Inc.",Szu Ying Yang,(774)420-8536,,1153-  Commonwealth AV,Allston,MA,2134,756833.0000431389,2953109.999877304
LB-411625,,Active,Common Victualler,Common Victualler,2019-12-13,2026-12-31,"PB Husky, LLC",Playa Bowls,,1 floor Unit with kitchen and restaurant area.,7:00AM,11:00PM,11:30 PM,49,," PB Husky, LLC",Hung Lam,,,277-  Huntington AV,Boston,MA,2115,767985.7818713933,2949942.87104097
LB-99707,CV7MWL0008,Active,Common Victualler,CV7 Malt Wine Liq.,2013-11-21,2026-12-31,"PAGLIUCA'S RESTAURANT, INC.",PAGLIUCA'S RESTAURANT,,@14-16 PARMENTER STREET: FIRST FLOOR RESTAURANT WITH ADJOINING KITCHEN IN TWO ROOMS. STORAGE ROOM IN THE BASEMENT; RESTAURANT KITCHEN ON 1ST FLOOR WITH PASSAGEWAY JOINING BOTH. RESTROOMS OFF PASSAGEWAY AND TO INCLUDE ONE ROOM IN BASEMENT.  CAPACITY BREAKDOWN: 1ST FL - 52; BASEMENT - 16.,,MIDNIGHT,12:30 AM,68,@14-16 PARMENTER STREET: FIRST FLOOR RESTAURANT WITH ADJOINING KITCHEN IN TWO ROOMS. STORAGE ROOM IN THE BASEMENT; RESTAURANT KITCHEN ON 1ST FLOOR WITH PASSAGEWAY JOINING BOTH. RESTROOMS OFF PASSAGEWAY AND TO INCLUDE ONE ROOM IN BASEMENT.  CAPACITY BREAKDOWN: 1ST FL - 52; BASEMENT - 16.  ," PAGLIUCA'S RESTAURANT, INC.", GIUSEPPE PAGLIUCA,,6176254126,14-  Parmenter ST,Boston,MA,2113,776446.0628510565,2957884.464409724
LB-99176,CV7AL0333,Active,Common Victualler,CV7 All Alc.,2013-11-26,2026-12-31,"MODEL CAFETERIA, INC.",MODEL CAFETERIA,       ,Rear entrance for stock; in two rooms and kitchen on first floor; cellar for stock.,,2:00 AM,2:30 AM,96,Rear entrance for stock; in two rooms and kitchen on first floor; cellar for stock.," MODEL CAFETERIA, INC.", WILLIAM ANTHONY,,(617)254-9365,1-9 N Beacon ST,Allston,MA,2134,754124.3282951415,2954171.096180305
LB-101839,LDGHS0359,Active,Misc,Lodging Houses (Frat/Dorm),2014-04-29,2026-04-30,COMMONWEALTH LAND TRUST,MASS AVE,,"FIVE STORY BUILDING WITH 3 ROOMS IN BASEMENT, 3 ROOMS ON THE FIRST FLOOR, 4 ROOMS ON THE SECOND FLOOR, 4 ROOMS ON THE THIRD FLOOR AND 4 ROOMS ON THE FOURTH FLOOR.",,,,18,, COMMONWEALTH LAND TRUST,Monica Juscen,,(617)407-5294,523-  Massachusetts AV,Roxbury,MA,2118,769697.094065547,2948739.8767278045
LB-100059,CVICT0363,Active,Common Victualler,Common Victualler,2013-10-31,2026-12-31,"TWO GUYS FOODS, INC.",BURGER KING,,"In one room on the first floor with kitchen in the rear storage in the basement  ,",6:00 AM,MIDNIGHT,12:30 AM,86,," TWO GUYS FOODS, INC.", JAY WHITE,,7812487023,885-  Cummins HW,Mattapan,MA,2126,765574.7607748061,2923018.57908915
LB-99199,CV7AL0358,Active,Common Victualler,CV7 All Alc.,2013-11-19,2026-12-31,"MRJ, INC.",THE HUB PUB,       ,"Rear emergency exit; in one room, balcony and kitchen first floor; cellar for stock.  CAPACITY BREAKDOWN: MEZZANINE - 80; 1ST FL - 70.",,2:00 AM,2:30 AM,150,," MRJ, INC.", MICHAEL S. ZEGHIBE,,(617)522-3233,18-  Province ST,Boston,MA,2108,775205.0000444651,2955519.999978557
LB-99165,CV7AL0323,Active,Common Victualler,CV7 All Alc.,2013-11-27,2026-12-31,"Pinky’s Up, LLC  ",Foxhole,1 No more than 36 seats patio 2 Close 10 P M 3 Barrier enclosing 4 All Alc Bev with food orders 5 Waiter s Busboy serv available 6 Approved signs 7 Inside trash storage 8 Trash barrels kept on premises 9 Sunday opening 30 am service only 11 00 alcohol in conjunction brunch Occupancy Max Capacity BreakdownRestaurant 36A 37 73 Persons Lower level 59 Seated Standing PatioFirst Floor Patio,,,1:00 AM,1:30 AM,73,"2,357SF on one floor in two rooms at the front with seating and a bar for customer with kitchen, storage and restrooms in the rear and seasonal patio on private property with seating for 36, closing hour 10:00PM."," Pinky’s Up, LLC", Richard Sullivan II,,(617)800-4326,267-269   Newbury ST,Boston,MA,2116,0.0,0.0
LB-108942,,Active,Common Victualler,Common Victualler,2013-09-04,2025-12-31,"WHOLE FOODS MARKET GROUP, INC.",Whole Foods Market,,Supermarket on the first floor and mezzanine of the Bunker Hill Mall; includes 40 indoor seats.,7:30 AM,10:00 PM,10:30 PM,40,," Whole Foodsmarket Group, Inc.",Dorothy Pumphrey,(617)492-5500,,27-  Austin ST,Charlestown,MA,2129,773358.2514413893,2962150.113358721
LB-101070,CVICT2284,Active,Common Victualler,Common Victualler,2013-10-28,2026-12-31,"LGM Donuts, LLC",Honey Dew Donuts,,Coffee kiosk inside gas station.,5:00 AM,9:00 PM,9:30 PM,0,," LGM Donuts, LLC",Glaicy Dos Santos,(781)397-8200,,470-  Meridian ST,East Boston,MA,2128,780500.9999511391,2964879.999959305
LB-99648,CV7MW0455,Active,Common Victualler,CV7 Malt Wine,2013-11-22,2026-12-31,"MALT, LLC",PICCO,PATIO CLOSING HOUR 11 00 P M,,,1:00 AM,1:30 AM,60,"Also known as 513 Tremont Street; First floor in one room, kitchen, restrooms, storage area with an entrance and exit to Tremont Street and to include outdoor seasonal patio from April-October for 24 patrons. DPW Land. Capacity Breakdown: 60 indoor, 24 outdoor.", MALT LLC, ANTHONY LAWRENCE,,(617)927-0066,530-  Tremont ST,Roxbury,MA,2118,772363.5693756342,2950864.651349649
LB-101421,DRMTY0190,Active,Misc,Dormitory,2014-05-07,2026-04-30,TRUSTEES OF BOSTON UNIVERSITY,BOSTON UNIVERSITY,,Four story brick building.,,,,25,Four story brick building., TRUSTEES OF BOSTON UNIVERSITY,NISHMIN KASHYAP,,(617)353-3502,1A-  Buswell ST,Boston,MA,2215,763054.0732308924,2952083.295893982
LB-99675,CV7MW0521,Active,Common Victualler,CV7 Malt Wine,2013-11-05,2026-12-31,"HOT POT BUFFET, INC.",HOT POT BUFFET,,"FIRST FLOOR AND SECOND FLOOR; TWO ROOMS AND KITCHEN, FIRST FLOOR AND CELLAR FOR STOCK AND SECOND FLOOR FOR DINING ROOM. INCLUDES THE 3RD FLOOR WITH ONE DINING ROOM, 1 MALE RESTROOM, 1 FEMALE RESTROOM, 1 BACK STORAGE ROOM, 1 FRONT EGRESS, 1 BACK EGRESS AND STAIRS TO THE 2ND FLOOR DINING ROOM.",,2:00 AM,2:30 AM,288,"FIRST FLOOR AND SECOND FLOOR; TWO ROOMS AND KITCHEN, FIRST FLOOR AND CELLAR FOR STOCK AND SECOND FLOOR FOR DINING ROOM. INCLUDES THE 3RD FLOOR WITH ONE DINING ROOM, 1 MALE RESTROOM, 1 FEMALE RESTROOM, 1 BACK STORAGE ROOM, 1 FRONT EGRESS, 1 BACK EGRESS AND STAIRS TO THE 2ND FLOOR DINING ROOM. CAPACITY BREAKDOWN: 1ST FLOOR - 46 PERSONS, 2ND FLOOR - 122 PERSONS AND 3RD FLOOR - 120 PERSONS."," HOT POT BUFFET, INC.", YAN XIAN CHEN,,(406)490-9407,70-72  Beach ST,Boston,MA,2111,775132.2095076442,2953368.9074959755
LB-98744,BLRDS0172,Active,Misc,Billiards/Sippio,2014-04-14,2026-12-31,POLISH AMERICAN CITIZEN'S CLUB OF SOUTH BOSTON,,       ,In one room on the first floor kitchen in the rear storage in the basement.,,1:00 AM,1:30 AM,0,," POLISH AMERICAN CITIZENS CLUB OF SOUTH BOSTON, INC", JOSEPH F. NOWAK,,(,82-84  Boston ST,Dorchester,MA,2125,775608.942149967,2944357.9852291495
LB-99767,CV7MWL0100,Active,Common Victualler,CV7 Malt Wine Liq.,2013-11-27,2026-12-31,"GSI Shawmut, LLC",KAVA,1 WINES MALT LIQUEURS TO BE SERVED ONLY IN CONJUNCTION WITH MEALS 2 NO BAR 3 11 30 P M CLOSING PATIO CONDITIONS ALCOHOL SERVICE FOOD ON B HOURS 00 AM 10,IN ONE ROOM ON THE FIRST FLOOR WITH KITCHEN IN THE REAR STORAGE IN THE BASEMENT AND TO INCLUDE AN OUTDOOR SEASONAL PATIO ON UNION PARK IN FRONT OF LICENSED PREMISES ON PRIVATE PROPERTY FROM MAY THROUGH OCTOBER FOR 12 PATRONS FROM 11:00 A.M. - 10:00 P.M.  INSIDE SEATING: 34 PATRONS  OUTSIDE SEATING: ,,MIDNIGHT,12:30 AM,46,IN ONE ROOM ON THE FIRST FLOOR WITH KITCHEN IN THE REAR STORAGE IN THE BASEMENT AND TO INCLUDE AN OUTDOOR SEASONAL PATIO ON UNION PARK IN FRONT OF LICENSED PREMISES ON PRIVATE PROPERTY FROM MAY THROUGH OCTOBER FOR 12 PATRONS FROM 11:00 A.M. - 10:00 P.M.  INSIDE SEATING: 34 PATRONS  OUTSIDE SEATING: 12 PATRONS.," GSI SHAWMUT, LLC", GEORGE AXIOTIS,(617)201-3066,,315-  Shawmut AV,Roxbury,MA,2118,772273.0000029653,2950070.0000518113
LB-202968,,Active,Misc,Retail All Alc.,2016-11-10,2026-12-31,COMMON VINES LLC,Georgie’s Wine Shop,,,,11:00 PM,,0,"Suite 103; Premises consist of: In one large room on ground floor consisting of approximately 1,041 sf of retail space; storage and office space in rear. Two entrances onto lobby of 100 Summer Street building (near Devonshire Street entrance). ", COMMON VINES LLC,Jennifer Scott,,,100-  Summer ST,Boston,MA,2110,775810.4227181375,2954203.3142917305
LB-99563,CV7MW0199,Active,Common Victualler,CV7 Malt Wine Liq.,2013-11-19,2026-12-31,"MURAMPO, INC.",LULU'S ALLSTON,,"Restaurant on one floor, two rooms including kitchen and dining room (+/- 2,100 SF) with seating for one hundred and seventeen (117) patrons, storage in basement (+/- 1,800 SF), one (1) main entrance/exit and three (3) additional exits in rear and annual (weather permitting) patio on private propert",,2:00 AM,2:30 AM,117,"Restaurant on one floor, two rooms including kitchen and dining room (+/- 2,100 SF) with seating for one hundred and seventeen (117) patrons, storage in basement (+/- 1,800 SF), one (1) main entrance/exit and three (3) additional exits in rear and annual (weather permitting) patio on private property (+/- 1,900 SF) with a 1:00 A.M closing hour and seating for fifty two (52) patrons."," Murampo, Inc.",Justin Dalton-Ameen,,(401)338-5672,421-  Cambridge ST,Allston,MA,2134,755077.342137143,2954648.040764481
LB-98788,CLBAL0016,Active,Club,Clb. All Alc.,2013-11-18,2026-12-31,Boston Lodge No.10 B.P.O.E,BOSTON LODGE OF ELKS #10,,"Approx 17,964SF 2 story building. 2 main rooms on 1st floor: entrance lobby with bathrooms, Room A: (to the right) one large banquet room approx 5000SF with commercial kitchen, bar (no seats), and room divider to make into 2 smaller rooms. Room B: (to the left) is a members lounge (approx 2500SF) wi",,2:00 AM,2:30 AM,400,"Approx. 17,964SF 2 story building. 2 main rooms on 1st floor: entrance lobby with bathrooms, Room A: (to the right) one large banquet room approx. 5000SF with commercial kitchen, bar (no seats), and room divider to make into 2 smaller rooms. Room B: (to the left) is a members lounge (approx. 2500SF) with bar (20 seats) and seating for approx. 100 people. 2nd Floor: storage, offices and conference space.", Boston Lodge No.10 B.P.O.E, George Kehayias,(617)293-6588,6175228226,1-  Morrell ST,West Roxbury,MA,2132,745667.8868747205,2924922.5569084734
LB-101250,CVICT2484,Active,Common Victualler,Common Victualler,2014-01-23,2026-12-31,"SWISSBAKERS, INC.",,5 30 AM 6 PM Monday Wednesday 2 00 Thursday Sunday delivery take out only from to OUTDOOR SEASONAL PATIO S HOURS SAME AS INSIDE,"IN ONE ROOM ON THE FIRST FLOOR - CAFE IN THE BACK, KITCHEN AND STORAGE ALSO ON THE FIRST FLOOR. INCLUDES AN OUTDOOR SEASONAL PATIO BETWEEN THE BUILDING AND PARKING LOT ON PRIVATE PROPERTY FOR 40 PATRONS.",5:30 AM,2:00 AM,2:30 AM,103,," SWISSBAKERS, INC.", THOMAS STOHR,,(617)903-3113,168-  Western AV,Allston,MA,2134,756565.4841739684,2957528.7147931457
LB-99310,CV7AL0486,Active,Common Victualler,CV7 All Alc.,2013-11-25,2026-12-31,"MUSIC HALL DINING, INC.",,1 NO NEW PATRONS ADMITTED AFTER 30 M,"In three rooms with dining and kitchen on the first floor, which is bi-level; in one room for patron/public use, storage, bar, and bathroom facilities in basement.  An office is also located in the basement.",,2:00 AM,2:30 AM,282,," MUSIC HALL DINING, INC.", DOUGLAS BACON,,6175439400,10A-  Westland AV,Boston,MA,2115,767937.7914818078,2950361.7294552326
LB-101371,DRMTY0115,Active,Misc,Dormitory,2014-05-07,2026-04-30,TRUSTEES OF BOSTON UNIVERSITY,BOSTON UNIVERSITY,,5 story brick building.  ,,,,265,5 story brick building., TRUSTEES OF BOSTON UNIVERSITY,NISHMIN KASHYAP,(617)353-2148,,210-  Riverway ,Boston,MA,2215,762520.3364374638,2949705.6480902284
LB-101806,LDGHS0317,Active,Misc,Lodging Houses (Frat/Dorm),2014-04-29,2026-04-30,THE ADAMS HOUSE,,,"Four story building with basement.  5 rooms on first floor, 4 rooms on second floor and 3 rooms on third floor.",,,,12,"Four story building with basement.  5 rooms on first floor, 4 rooms on second floor and 3 rooms on third floor.", THE ADAMS HOUSE, Grazyna Mleczko,,6178255998,367-   Adams ST,Dorchester,MA,2122,776060.072062478,2933518.66715993
LB-381128,,Active,Inn,Inn. All Alc. Restrict.,2019-03-07,2026-12-31,"MVC 40B, LLC",The Revolution Hotel,,"Eight floor hotel, with 7 guest floors with 32 rooms per floor, 2500SF year round patio on private property midnight closing hour, lobby, basement function area, and restaurant, total usable total floor area of 73,000SF. ",,2:00 AM,2:30 AM,0,"Eight floor hotel, with 7 guest floors with 32 rooms per floor, 2500SF year round patio on private property midnight closing hour, lobby, basement function area, and restaurant, total usable total floor area of 73,000SF. The Board and the ABCC granted a Management Agreement between MVC 40B, LLC d/b/a The Revolution Hotel and Wheelings Revolution, LLC."," MVC 40B, LLC", JACK BARDY,(617)375-2524,,40-  Berkeley ST,Boston,MA,2116,772166.3240352273,2951381.145723477
LB-98799,CLBAL0027,Active,Club,Clb. All Alc.,2013-12-01,2026-12-31,TRUSTEES OF BOSTON UNIVERSITY,,<STRONG></STRONG>,In whole of said of building.,,1:00 AM,1:30 AM,378,In whole of said of building., TRUSTEES OF BOSTON UNIVERSITY, Jonathan Webster,,,225-  Bay State RD,Boston,MA,2215,763308.9841383845,2953133.821351975
LB-129812,,Active,Common Victualler,Common Victualler,2018-03-05,2026-12-31,"Farandole,LLC",Haju Kitchen,"<STRONG><EM><FONT face=""Times New Roman""></FONT></EM></STRONG>",In one room and kitchen on the first floor; storage in basement.,,11:00 PM,11:30 PM,48,," FARANDOLE, LLC",Ji Sook Jung,(617)982-7118,,175-  Massachusetts AV,Boston,MA,2115,767714.1777558029,2951319.090729475
LB-102016,RETMW0025,Active,Misc,Retail Malt Wine,2013-11-08,2026-12-31,"RONALD L. GARRY, JR. AND RANDY GARRY, PARTNERSHIP",TROPICAL FOODS,,2 EXITS IN THE FRONT OF THE STORE LEADING TO PAVED CUSTOMER PARKING AND TWO EXITS AT THE REAR OF THE BUILDING LEADING TO SHAWMUT AVENUE.  ALL EXITS ARE EMERGENCY EXITS IN COMPLIANCE WITH BOSTON FIRE.  STORAGE WILL BE HELD ON THE SECOND FLOOR IN AN ENCLOSED ROOM.  ,,9:00 PM,,0,," RONALD L. GARRY, JR. AND RANDY GARRY, PARTNERSHIP", RONALD L. GARRY JR. & RANDY GARRY,,(617)442-7439,450-  Melnea Cass BL,Roxbury,MA,2119,769094.509640798,2946733.379428476
LB-98800,CLBAL0028,Active,Club,Clb. All Alc.,2013-11-13,2026-12-31,"ORIENT HEIGHTS YACHT CLUB, INC..",,Remove restriction 2 from license No further Physical additions,IN ONE ROOM AND A STORAGE ROOM ON THE FIRST FLOOR; ONE ROOM AND A STORAGE ROOM ON THE SECOND FLOOR.  Capacity breakdown: 1st fl - 110; 2nd fl - 90.,,2:00 AM,2:30 AM,200,IN ONE ROOM AND A STORAGE ROOM ON THE FIRST FLOOR; ONE ROOM AND A STORAGE ROOM ON THE SECOND FLOOR.  Capacity breakdown: 1st fl - 110; 2nd fl - 90., ORIENT HEIGHTS YACHT CLUB, GERALD CANGIANO,(617)567-9439,,61-  Bayswater ST,East Boston,MA,2128,789992.3054435551,2965366.1771365553
LB-604726,,Active,Common Victualler,Common Victualler,2025-10-17,2025-12-31,Shah Company Inc,Boston Tasty Chicken,,"The space is 615SF. Upon entry, there is an open area with a counter, and behind the counter is the kitchen.",10:30 AM,9:30 PM,10:00 PM,0,"The space is 615SF. Upon entry, there is an open area with a counter, and behind the counter is the kitchen.", Shah Company Inc, Shah Saud,(617)361-0709,,1251-  River ST,Hyde Park,MA,2136,758105.0647562146,2918556.6795483977
LB-99040,CV7AL0176,Active,Common Victualler,CV7 All Alc.,2013-11-27,2026-12-31,"RING ROAD RESTAURANT GROUP, LLC",PORTO,,"On one (1) floor. First floor: Indoor Dining (+/-2,004 SF) including Casual Dining Area (+/- 428 SF) with seating for twenty-six (26) Formal Dining Area (+/-624 SF) with seating for forty-eight (48); Raw Bar Area (+/-312 SF) with seating for fourteen (14); Wet Bar Area (+/-366 SF) with seating for f",,2:00 AM,2:30 AM,177,"On one (1) floor. First floor: Indoor Dining (+/-2,004 SF) including Casual Dining Area (+/- 428 SF) with seating for twenty-six (26) Formal Dining Area (+/-624 SF) with seating for forty-eight (48); Raw Bar Area (+/-312 SF) with seating for fourteen (14); Wet Bar Area (+/-366 SF) with seating for fifteen (15); Small Bar Area (+/-68 SF) with seating for two (2); Lounge Area (+/-206 SF) with seating for twelve (12). Outdoor Dining (+/-917 SF) with Outdoor Bar Area (+/-115 SF) with dining for fourteen (14); Outdoor Lounge Area (+/-289 SF) with seating for seven (7); and Outdoor Dining Area (+/-513 SF) with seating for thirty-four (34). Seasonal (April-October) Outdoor Patio located on private property with a closing hour of 2:00 AM. Kitchen and storage in rear. Main entrance/located on Ring Road."," RING ROAD RESTAURANT GROUP, LLC", SEAN GRIFFING,(617)680-7883,,780-  Boylston ST,Boston,MA,2199,769462.5751776397,2952177.4295639694
LB-98896,CV7AL0009,Active,Common Victualler,CV7 All Alc.,2013-11-29,2026-12-31,"99 RESTAURANTS OF BOSTON, LLC",99 RESTAURANT & PUB,ALCOHOLIC BEVERAGES TO BE SERVED ONLY IN CONJUNCTION WITH BRUNCH ON SUNDAYS FROM 11AM NOON,"One room, with separate kitchen, office , storage room  & kitchen on  first floor.",,1:00 AM,1:30 AM,226,"One room, with separate kitchen, office , storage room  & kitchen on  first floor."," 99 RESTAURANTS OF BOSTON, LLC",Brian Chiuchiolo,,(978)664-6335,29-31  Austin ST,Charlestown,MA,2129,773164.8604239672,2961916.3510309756
LB-99080,CV7AL0220,Active,Common Victualler,CV7 All Alc.,2013-11-18,2026-12-31,"DEL FRISCO'S OF BOSTON, LLC",DEL FRISCO'S,Board granted permission to open 10 00 M on Sundays service alcoholic beverages with brunch,"A RESTAURANT LOCATED ON 1,625 SQUARE FEET OF THE FIRST FLOOR AND 12, 075 SQUARE FEET OF THE 2ND FLOOR OF THE WEST BUILDING OF 230 NORTHERN AVENUE.  KITCHEN AND SEATING LOCATED ON THE 2ND FLOOR.  ONE MAIN ENTRANCE/EXIT AND AN ADDITIONAL SIDE EXIT.",,2:00 AM,2:30 AM,400,"@ 230 NORTHERN AVENUE, BOSTON, MA  02210: A RESTAURANT LOCATED ON 1,625 SQUARE FEET OF THE FIRST FLOOR AND 12, 075 SQUARE FEET OF THE 2ND FLOOR OF THE WEST BUILDING OF 230 NORTHERN AVENUE.  KITCHEN AND SEATING LOCATED ON THE 2ND FLOOR.  ONE MAIN ENTRANCE/EXIT AND AN ADDITIONAL SIDE EXIT."," DEL FRISCO'S OF BOSTON, LLC",Michael Valitsky,,(617)733-9278,230-  Northern AV,Boston,MA,2210,780948.7044363022,2952496.834108889
LB-583907,,Active,Common Victualler,Common Victualler,2025-01-13,2025-12-31,"Prime Yogurtist, Inc.",Hey! I am Yogost,,"500SF Yogurt restaurant for takeout only, located on one floor with a basement in the back. It has one employee bathroom and two entrances.",11:00 AM,11:00 PM,11:30 PM,0,"500SF Yogurt restaurant for takeout only, located on one floor with a basement in the back. It has one employee bathroom and two entrances."," Prime Yogurtist, Inc.", Pan Wang,(508)981-8799,,147-  Brighton AV,Allston,MA,2134,755708.0324767977,2953939.0284029692
LB-392583,,Active,Common Victualler,Common Victualler,2019-11-27,2026-12-31,"Blue Bottle Coffee, Inc.",Blue Bottle Coffee,,"On one floor with coffee service area, containing coffee and espresso machines, sinks and storage. Outdoor seasonal (April-November) patio on private property same hours as restaurant.",7:00 AM,7:00 PM,7:30 PM,20,," Blue Bottle Coffee, Inc.", Rami Nehme,(617)894-4588,,163-  Newbury ST,Boston,MA,2116,770024.6006283909,2953156.1671078056
LB-606086,,Active,Common Victualler,Common Victualler,2025-12-11,2026-12-31,"Cantina Hospitality, LLC",Taco Bell,Granted with closing hours 3 00 AM Sunday Thursday 30 Friday Saturday,"The 1,370SF Single-story space features a customer lobby and service counter with a pickup window in the front, and a kitchen and employee restroom located in the rear.",8:00 AM,3:00 AM,3:30 AM,0,"The 1,370SF Single-story space features a customer lobby and service counter with a pickup window in the front, and a kitchen and employee restroom located in the rear."," Cantina Hospitality, LLC", Nelson Aguero,(850)586-2985,,288-  Washington ST,Brighton,MA,2135,750643.9330249727,2952274.1564046443
LB-372102,,Active,Common Victualler,Common Victualler,2018-09-27,2025-12-31,"Well Coffee House, Boston",The Well Coffee House,6 30 AM 9 00 PM Mon Fri 8 Sat amp Sun,"First floor; seating area, counters and coffee equipment. Basement; storage, refrigerators, & sinks, no food prep or ovens.(aka 212 Washington Street)",6:30 AM,9:00 PM,9:30 PM,42,," Well Coffee House, Boston",Matthew Love,(857)256-2173,,1-  State ST,Boston,MA,2109,775738.0495033115,2955962.0374803096
LB-101435,DRMTY0211,Active,Misc,Dormitory,2014-05-07,2026-04-30,TRUSTEES OF BOSTON UNIVERSITY,BOSTON UNIVERSITY,,Four story brick building.,,,,27,Four story brick building., TRUSTEES OF BOSTON UNIVERSITY,NISHMIN KASHYAP,,(617)353-3502,52-  Buswell ST,Boston,MA,2215,762490.1360385567,2951702.632941395
LB-101847,RETAL0009,Active,Misc,Retail All Alc.,2013-11-21,2026-12-31,"RESERVOIR WINES AND SPIRITS, INC.",RESERVOIR WINES & SPIRITS,Board acknowledged granted petition to open 10 00 m on Sundays,1922 Beacon Street; rear door for stock - One room first floor; rear room-mezzaine and cellar for stock.,,11:00 PM,,0,," RESERVOIR WINES AND SPIRITS, INC.", Antony Haivanis,,,1922-  Beacon ST,Brighton,MA,2135,750955.5652757138,2947830.7991496474
LB-101729,LDGHS0071,Active,Misc,Lodging Houses (Frat/Dorm),2014-04-28,2026-04-30,SHEPTON REALTY TRUST,,       ,"4 story brick building all utilities, sinks, stoves in each room 9 rooms on 1st floor, 17 rooms on 2nd floor, 17 rooms on 3rd floor, 17 rooms on 4th floor.",,,,60,"4 story brick building all utilities, sinks, stoves in each room 9 rooms on 1st floor, 17 rooms on 2nd floor, 17 rooms on 3rd floor, 17 rooms on 4th floor.", SHEPTON REALTY TRUST, Alexander Kuritnik,,6172653066,189-193  Green ST,Jamaica Plain,MA,2130,762849.2111078054,2938134.170577064
LB-100828,CVICT1944,Active,Common Victualler,Common Victualler,2013-10-16,2026-12-31,MARY ANN'S BREAKFAST & LUNCH,,,"IN ONE ROOM ON THE FIRST FLOOR, KITCHEN IN REAR, STORAGE IN BASEMENT.  ",6:00 AM,3:00 PM,3:30PM,13,"IN ONE ROOM ON THE FIRST FLOOR, KITCHEN IN REAR, STORAGE IN BASEMENT.", MARY ANN'S BREAKFAST & LUNCH, ROBERT W. MEYER,,6172598217,223A-  Grove ST,West Roxbury,MA,2132,748900.3056067228,2920649.733105063
LB-99180,CV7AL0339,Active,Common Victualler,CV7 All Alc.,2013-11-29,2026-12-31,"NAUTILUS BOSTON, LLC",THE NAUTILUS,,"In one large room on first floor with kitchen, bar, dining area and restrooms, with private dining area, and with seasonal (April-November) outdoor patio on private property (1,300sf).",,2:00 AM,2:30 AM,240,," NAUTILUS BOSTON, LLC", STEPHEN BOWLER,,,300-  Pier 4 BL,Boston,MA,2210,779888.4496670514,2953841.06928131
LB-432765,,Active,Misc,Dormitory,2020-11-10,2026-04-30,Suffolk University,,<STRONG><EM><U></U></EM></STRONG>,"14 story building. University residence hall consisting of residential rooms, café, lounges, meeting rooms & laundry facilities",,,,293,, SUFFOLK UNIVERSITY, Matthew Lemke,(617)570-4842,,1-  Court ST,Boston,MA,2108,775645.0979175568,2956165.635826394
LB-134980,,Active,Common Victualler,CV7ALN - Neighborhood Restricted,2015-01-09,2026-12-31,SANTA'S FOOD CORPORATION,Ricon Caribeno Restaurant,,,,1:00 AM,1:30 AM,120,"Two (2) floors Total square footage is 2,004 sq. ft. Downstairs: kitchen, office, employee room, cooler, storage and liquor storage. Upstairs: Bar and sitting area for patrons. 3 exits 1 entrance.", SANTA'S FOOD CORPORATION, DAWRYN PINALES,,(617)697-5061,18-  Fairmount AV,Hyde Park,MA,2136,758823.0000001341,2918430.000011727
LB-161343,,Active,Common Victualler,CV7ALN - Neighborhood Restricted,2016-07-28,2026-12-31,ULIVO LLC,CUNARD TAVERN,ABCC CONDITIONS 1 THERE MUST BE MANAGERIAL SUPERVISION ON 4TH FLOOR ALL TIMES WHEN IS ACCESIBLE TO PATRONS PUBLIC 2 SO LONG AS THIS LICENSE REMAINS LOCATION 24 ORLEANS STREET EAST BOSTON UNLESS UNTIL COMMISION DECIDES OTHERWISE SHALL REMAIN ATTACHED,"One room with a bar and a kitchen located at the rear on the first floor, as well as a dining terrace and a service area with storage on the fourth floor. The total square footage of the licensed premises is 3,538 sq. ft.",,1:00 AM,1:30 AM,94,, ULIVO LLC, PHILIP A. FRATTAROLI,(617)543-2529,,24-  Orleans ST,East Boston,MA,2128,780798.2093304694,2959222.5138989836
LB-101424,DRMTY0193,Active,Misc,Dormitory,2014-05-07,2026-04-30,TRUSTEES OF BOSTON UNIVERSITY,BOSTON UNIVERSITY,,Four story brick building.,,,,21,Four story brick building., TRUSTEES OF BOSTON UNIVERSITY,NISHMIN KASHYAP,,(617)353-3502,5-  Buswell ST,Boston,MA,2215,763012.2780388892,2952062.1210675538
LB-101427,DRMTY0196,Active,Misc,Dormitory,2014-05-07,2026-04-30,TRUSTEES OF BOSTON UNIVERSITY,BOSTON UNIVERSITY,,Four story brick building.,,,,19,Four story brick building., TRUSTEES OF BOSTON UNIVERSITY,NISHMIN KASHYAP,,(617)353-3502,15-  Buswell ST,Boston,MA,2215,762904.3517455608,2952017.8898568153
LB-101468,DRMTY0260,Active,Misc,Dormitory,2014-04-11,2026-04-30,SIMMONS COLLEGE,,,Four story brick building known as Morse Hall.,,,,130,, SIMMONS COLLEGE,Laura Brink Pasinski,,(617)521-2284,275-  Brookline AV,Boston,MA,2215,763131.6039157212,2949910.5768142194
LB-107560,,Active,Misc,Dormitory,2013-09-16,2026-04-30,TRUSTEES OF BOSTON UNIVERSITY,BOSTON UNIVERSITY,,4 story plus basement apartment-style building. Each apartment unit has a kitchen and bathroom. There are no other common use facilities in the building.,,,,18,, Trustees of Boston University,NISHMIN KASHYAP,(617)353-2148,(617)353-2148,830-  Beacon ST,Boston,MA,2215,763513.0867485553,2951911.3877732307
LB-447987,,Active,Misc,Famer-Brewery Pouring,2021-06-10,2026-12-31,Notch Brighton Tap Room LLC,,Capacity Breakdown Courtyard 250 Pub 142,,,1:00 AM,1:30 AM,392,"Unit A-In one large room on the ground floor, approximately 2200 sq. ft. with bar (no seats at bar), seating areas (100 seats), office and storage space behind the bar (as shown on plan); year round outdoor patio (2000 sf) on private property. 11 AM to 1AM hours; men's & women's restrooms adjacent to tap room per plan; in another room on ground floor adjacent to the tap room is the brewing equipment (approximately 1600 sq. ft.) and storage (as shown on plan).", Notch Brighton Tap Room LLC, Christopher Lohring,(978)853-9138,,1420-1440  Soldiers Field RD,Brighton,MA,2135,752063.2818922997,2957112.6841291487
LB-101877,RETAL0055,Active,Misc,Retail All Alc.,2013-11-26,2026-12-31,"CACERES, INC.",CAMILO LIQUORS II,Board acknowledges granted petition to open 10 m on Sundays,In two rooms on street floor with rear room and cellar for stock,,11:00 PM,,0,," CACERES, INC.", VIVIAN CAMILO,,(617)201-8119,735-  Dudley ST,Dorchester,MA,2125,773270.1499115527,2941095.311964482
LB-101835,LDGHS0355,Active,Misc,Lodging Houses (Frat/Dorm),2014-04-07,2026-04-30,HOPE HOUSE INC.,HOPE HOUSE INC./GRADUATE HOUSE,,"4 STORY BUILDING WITH 3 ROOMS ON THE FIRST FLOOR, 4 ROOMS ON THE SECOND FLOOR, 4 ROOMS ON THE THIRD FLOOR AND 15 ROOMS ON THE FOURTH FLOOR.",,,,25,"4 STORY BUILDING WITH 3 ROOMS ON THE FIRST FLOOR, 4 ROOMS ON THE SECOND FLOOR, 4 ROOMS ON THE THIRD FLOOR AND 15 ROOMS ON THE FOURTH FLOOR.", HOPE HOUSE INC.,Eileen Maguire,,(617)267-4673,8-  Farnham ST,Roxbury,MA,2119,771264.3035295606,2945782.668403387
LB-596673,,Active,Common Victualler,Common Victualler,2025-05-29,2026-12-31,HTM INC.,PHO BAR,,"1,200SF Full-service restaurant with takeout, located on the first floor. The first floor includes 49 seats, a full kitchen in the rear, and restrooms located in the middle of the space. The basement is used for storage and office space.",9:00 AM,9:30 PM,10:00 PM,49,"1,200SF Full-service restaurant with takeout, located on the first floor. The first floor includes 49 seats, a full kitchen in the rear, and restrooms located in the middle of the space. The basement is used for storage and office space.", HTM Inc., Jason Nguyen,(401)489-9972,,1403-  Dorchester Av,Dorchester,MA,2122,775274.913362971,2935806.86075088
LB-101994,RETAL0232,Active,Misc,Retail All Alc.,2013-11-06,2026-12-31,BAPA BABA CORP.,MORRISSEY BLVD. WINES & SPIRITS,1 NO NIPS SINGLES 2 KENO BOARD GRANTED PETITION TO OPEN 10 00 M ON SUNDAYS,"711 MORRISSEY BLVD. CONSISTING OF 5000 SQUARE FEET.  IN ONE ROOM ON FIRST FLOOR; OFFICE AND STORAGE IN BACK. AND TO INCLUDE AN ADDITIONAL 3000 SQ. FT. (46'60') FORMERLY OCCUPIED BY CURVES IN THE BACK OF THE PRESENT 5000 SQ. FT. RETAIL SPACE. SPACE TO BE USED FOR OFFICE, BATHROOMS & STORAGE.  ACCESS ",,11:00 PM,,0,"711 MORRISSEY BLVD. CONSISTING OF 5000 SQUARE FEET.  IN ONE ROOM ON FIRST FLOOR; OFFICE AND STORAGE IN BACK. AND TO INCLUDE AN ADDITIONAL 3000 SQ. FT. (46'60') FORMERLY OCCUPIED BY CURVES IN THE BACK OF THE PRESENT 5000 SQ. FT. RETAIL SPACE. SPACE TO BE USED FOR OFFICE, BATHROOMS & STORAGE.  ACCESS TO SPACE BY ADDING A DOOR TO THE BACK WALL OF THE PRESENT RETAIL SPACE.", BAPA BABA CORP., BHAVIN PATEL,(617)533-8273,,711     William T Morrissey BLVD,Dorchester,MA,2122,777941.672000229,2933734.05564013
LB-519519,,Active,Common Victualler,CV7 All Alc. Airp.,2023-06-06,2026-12-31,"SODEXO OPERATIONS, LLC",British Airways Terraces Lounge-BOS,,"10,011SF business lounge located within Terminal E of Logan International Airport providing food and beverages to airline passengers.  Premise is one-story with a kitchen and a dining area. The seating capacity is 150 and the legal occupancy is 150. There is one entrance /exit to the premises.",,9:00 PM,9:30 PM,150,"10,011SF business lounge located within Terminal E of Logan International Airport providing food and beverages to airline passengers.  Premise is one-story with a kitchen and a dining area. The seating capacity is 150 and the legal occupancy is 150. There is one entrance /exit to the premises."," Sodexo Operations, LLC", GLEN ROCHON,(301)587-4504,,500     Logan Airport Terminal E  ,East Boston,MA,2128,0.0,0.0
LB-157612,,Active,Common Victualler,Common Victualler,2016-08-30,2026-12-31,"May's Teriyaki, Inc.",M & J Teriyaki,,"First floor with dinning area in front and kitchen area in the rear, basement bathroom",10:00 AM,11:00 PM,11:30 PM,19,," May's Teriyaki, Inc.",Jiandong LI,,,130-  Jersey ST,Boston,MA,2215,765233.010474056,2950064.524669066
LB-100681,CVICT1649,Active,Common Victualler,Common Victualler,2013-10-25,2026-12-31,DUNBOS LLC,DUNKIN DONUTS,,IN ONE ROOM ON THE FIRST FLOOR. KITCHEN AND STORAGE IN REAR.,6:00 AM,MIDNIGHT,12:30 AM,12,, DUNBOS LLC, CONSTANTINE SCRIVANOS,,9785214552,20-  North ST,Boston,MA,2108,775991.3751121312,2956753.4722491503
LB-99061,CV7AL0198,Active,Common Victualler,CV7 All Alc.,2013-12-17,2026-12-31,Reggie Rondo LLC,Small Victories,Capacity Breakdown Seats 56 Standing 61,,,2:00 AM,2:30 AM,117,"3,035 SF total: 2,535 SF on ground floor. 1 main room w/ 1 main dining area, bar area, & bar seating. Kitchen in front of premises on Preble St. side; stairs to basement & restrooms in rear. 1 main entrance/exit on Dorchester St. w/ 2nd emergency exit located in rear of premises onto Dorchester St. 500 SF basement for storage & offices.", Reggie Rondo LLC, Joshua Weinstein,,,400-  Dorchester ST,South Boston,MA,2127,776097.7000307143,2945489.26872772
LB-613936,,Active,Common Victualler,Common Victualler,2025-12-22,2026-12-31,Xixian Lei,Mix Sum Bakery,,"1,606SF Retail bakery located in a single room on the first floor, with 18 seats and a kitchen/storage area in the rear.",7:00 AM,7:00 PM,7:30 PM,18,"1,606SF Retail bakery located in a single room on the first floor, with 18 seats and a kitchen/storage area in the rear.", Xixian Lei, Lei Xixian,(617)357-4055x0,,36-  Beach ST,Boston,MA,2111,774672.420729056,2953471.130716726
LB-597626,,Active,Common Victualler,Common Victualler,2025-06-30,2026-12-31,"FRESH DINING CONCEPTS, LLC",Cinnabon-CB106694,Operating Hours Monday Thursday 10 00 AM to 11 PM Friday amp Saturday 30 Sunday,"261SF Full-service Kiosk bakery with takeout on the first floor, no seating, and no public restrooms.",10:00 AM,11:30 PM,12:00 AM,0,"261SF Full-service Kiosk bakery with takeout on the first floor, no seating, and no public restrooms."," Fresh Dining Concepts, LLC", Colin Wilkerson,(617)291-2309,,700-  Atlantic AV,Boston,MA,2111,776405.7230367213,2953628.8915560544
LB-98901,CV7AL0013,Active,Common Victualler,CV7 All Alc.,2013-11-27,2026-12-31,Taco Azul Boston LLC,Taco Azul,1 11 00 P M CLOSING ON PATIOISD Capacity breakdown 68 inside amp 36 Outside,"21 Beacon Street is a current restaurant space. This is a 3,500 SF restaurant space with a ground floor and basement with an opening hour of 11AM and a closing hour of 2AM. The ground floor includes a dining area w/ approximately 20 tables with seating for approximately 65 people, a bar with seati",,2:00 AM,2:30 AM,68,"21 Beacon Street is a current restaurant space. This is a 3,500 SF restaurant space with a ground floor and basement with an opening hour of 11AM and a closing hour of 2AM. The ground floor includes a
dining area with approximately 20 tables with seating for approximately 65 people, a bar with seating
for 10, a kitchen, storage, and 1 unisex restroom. The basement has 2 unisex restrooms and with a
separate enclosed space for storage and prep only. The space also includes a 1,000 SF annual outdoor
patio on private property with seating for 45 people and a closing hour of 11PM.", Taco Azul Boston LLC, Daniel Leyva,(928)607-6511,,21     Beacon ST,Boston,Ma,2108,,
LB-99420,CV7AL0620,Active,Common Victualler,CV7 All Alc.,2013-11-27,2026-12-31,"SOMERS BOSTON RESTAURANTS, INC.",HENNESSY'S OF BOSTON,1 st floor 157 during day 320 night 2 nd 262," In one room on first floor, with kitchen and restrooms, one room on the second floor with restrooms, basement for storage, entrance/exits onto Union Street, rear exit onto public alley. Seasonal (April-October) outdoor patio on public property along easterly side of Union Street (+/- 280 square fee",,2:00 AM,2:30 AM,582," In one room on first floor, with kitchen and restrooms, one room on the second floor with restrooms, basement for storage, entrance/exits onto Union Street, rear exit onto public alley. Seasonal (April-October) outdoor patio on public property along easterly side of Union Street (+/- 280 square feet)."," SOMERS BOSTON RESTAURANTS, INC.", NOELLE SOMERS,,(617)312-4995,25-  Union ST,Boston,MA,2108,775968.0828358829,2956893.984107226
LB-99533,CV7MW0082,Active,Common Victualler,CV7 Malt Wine Liq.,2013-11-25,2026-12-31,"NEW WINGS KITCHEN, INC.",WINGS KITCHEN,,In two rooms with one room on the first floor and one room on the basement level; kitchen and storage are in the back of the basement level. ,,1:00 AM,1:30 AM,60,"In two rooms with one room on the first floor and one room on the basement level; kitchen and storage are in the back of the basement level.

Capacity breakdown: 28 First floor & 32 Basement"," NEW WINGS KITCHEN, INC.", XIULING SITU,,,13-  Hudson ST,Boston,MA,2111,775049.7241083086,2953166.9531754702
LB-99711,CV7MWL0014,Active,Common Victualler,CV7 Malt Wine Liq.,2013-11-22,2026-12-31,"Dolce, Inc.",DOLCE,,,,12:00 AM,12:30 AM,18,"In one room on ground floor with seating and espresso bar; storage, kitchen/prep area and restroom in basement."," Dolce, Inc.", Frank DePasquale,,(617)720-4243,272-  Hanover ST,Boston,MA,2113,776504.3461990505,2957928.5968673974
LB-101260,CVICT2494,Active,Common Victualler,Common Victualler,2013-10-30,2026-12-31,ADELA'S BAKERY,,,IN ONE ROOM ON THE FIRST FLOOR WITH KITCHEN IN THE REAR.,6:00 AM,6:00 PM,6:30 PM,0,, ADELA'S BAKERY, JOSE ORELLANA,,(617)438-2738,319-  Sumner ST,East Boston,MA,2128,781463.7883798927,2959191.2390271425
LB-101802,LDGHS0310,Active,Misc,Lodging Houses (Frat/Dorm),2014-12-19,2026-04-30,506 BEACON LLC,,,"Four story brick building with basement, four room on basement, four rooms on 1st floor, four rooms on 2nd floor, four rooms on 3rd floor and four rooms on 4th floor.",,,,20,"Four story brick building with basement, four room on basement, four rooms on 1st floor, four rooms on 2nd floor, four rooms on 3rd floor and four rooms on 4th floor.", 506 BEACON LLC, Antonio Giorgio Jr.,,6174214400,506-  Beacon ST,Boston,MA,2215,766994.256295383,2953177.8445578963
LB-551567,,Active,Common Victualler,Common Victualler,2024-03-08,2026-12-31,"Mighty Squirrel Fenway, LLC",Mighty Squirrel Brewing Co.,,"11,700 sq. ft. in total, with the taproom located on the ground floor.There is a bar on the right side of the taproom on the first floor, and a coffee shop on the right side as you walk through the door. There is a lounge area with two bathrooms on the first floor, past the coffee shop and bar. ",6:00 AM,1:00 AM,1:30 AM,570,"The premises is 11,700 sq. ft. in total, with the taproom located on the ground floor.There is a bar on the right side of the taproom on the first floor, and a coffee shop on the right side as you walk through the door. There is a lounge area with two bathrooms on the first floor, past the coffee shop and bar. The kitchen is located on the first floor as well, on the left side of the building. On the second floor, there is another bar and private event areas, as well as high top and barstool style seating."," Mighty Squirrel Fenway, LLC", Henry Manice,(508)789-3469,,1-  David Ortiz DR,Boston,MA,2215,763978.8161320537,2951768.086550638
LB-101079,CVICT2293,Active,Common Victualler,Common Victualler,2013-11-05,2026-12-31,"BSC CORNER MALL, INC.",BOURBON STREET CAFE,,FOOD COURT SPACE. ,10:00 AM,6:30 PM,7:00 PM,0,," BSC CORNER MALL, INC.", QIU CHAN LIU,,(617)746-9188,417-  Washington ST,Boston,MA,2108,774986.2337497175,2954996.0577849746
LB-99421,CV7AL0621,Active,Inn,Inn. All Alc.,2013-11-26,2026-12-31,"WESTERN HOST, INC.",ALOFT HOTEL,,"13 FLOOR, 330 ROOM HOTEL WITH PENTHOUSE, LOBBY BAR,THREE (3) GRAND BALLROOMS, TWO (2) JUNIOR BALLROOMS, AND SIX (6) SMALLER MEETING ROOM/BREAKOUT SPACES.  ",,2:00 AM,2:30 AM,0,," WESTERN HOST, INC.", Valerie Mansolilli,(978)989-9464,,401-  D ST,Boston,MA,2210,779262.4745410532,2950562.457072139
LB-98996,CV7AL0124,Active,Common Victualler,CV7 All Alc.,2013-11-26,2026-12-31,"The Pearl Group at Boston Landing, LLC",The Pearl,Actual address 67 69 Guest Street Boston MA 02135Capacity Breakdown Inside 85 Outside 61,Correct legal address is 67-69 Guest Street (due to IPS System limits) ,,2:00 AM,2:30 AM,85,"Legal premise address located 67-69 Guest Street. Premise consists of: 4,865 square feet on the ground floor of the building and holds 1 entrance and 2 exits as well as an outdoor seating area. The outdoor seating area will be located on public area from the months of April to December. The outdoor seating consists of 1009 square feet and will close at 2 AM."," The Pearl Group at Boston Landing, LLC", Mika Winder,,(617)825-9262,67-91  Guest ST,Brighton,MA,2135,752159.9168696404,2955083.6255232245
LB-595171,,Active,Common Victualler,Common Victualler,2025-05-19,2026-12-31,Kim Loan Banh Mi LLC,Banh Mi OK,Operating Hours Monday Saturday 11 00 AM to 5 PM,"618SF On the ground floor, 2 rooms, no kitchen. It's a fast-casual sub shop with no patio.",11:00 AM,5:00 PM,5:30 PM,0,"618SF On the ground floor, 2 rooms, no kitchen. It's a fast-casual sub shop with no patio.", Kim Loan Banh Mi LLC, Kim Loan Pham,(781)378-4022,,44-  School ST,Boston,MA,2108,775185.4502148032,2955674.9232251495
LB-539140,,Active,Misc,Farmer-Winery Pouring,2023-11-30,2026-12-31,"The Red Apple Farm, LLC",Red Apple Farm,,,,11:00 PM,11:30 PM,0,"In one room on ground floor of 100 Hanover Street within Stalls 3A-4B, comprised of cider bar and retail area, walk-in freezer and storage in rear, together in fermenting equipment in rear (approximately 800sf)."," The Red Apple Farm, LLC", Albert Rose,(978)249-6763,,100-  Hanover ST,Boston,MA,2108,775748.2978423834,2957333.8142643124
LB-356190,,Active,Common Victualler,Common Victualler,2018-09-17,2026-12-31,"THE WALDWIN GROUP, INC.",Dunkin Donuts,,"First floor kitchen in rear. Outdoor seasonal (April-Nov) patio on private property with 13 seats, same hours as the restaurant.",5:00 AM,11:00 PM,11:30 PM,36,," The Waldwin Group, Inc.",CLAYTON TURNBULL,(617)541-1911,,2489-2493  Washington ST,Roxbury,MA,2119,767884.3640952259,2944923.8430213034
LB-162572,,Active,Common Victualler,CV7 All Alc. (Special Legislation),2016-03-16,2026-12-31,"Gomes Enterprises, Inc.",CANTINA ITALIANA,,"4497 sq. ft., 1 entrance, 2 exits, 180 occupancy, 140 seats, in two rooms and kitchen on first floor, with entrance at 346 Hanover Street, second means of egress at rear of premises. Storage in basement. ",,1:00 AM,1:30 AM,180,"4497 sq. ft., 1 entrance, 2 exits, 180 occupancy, 140 seats, in two rooms and kitchen on first floor, with entrance at 346 Hanover Street, second means of egress at rear of premises. Storage in basement."," Gomes Enterprises, Inc.", Jenna Deluccia,,(617)594-9106,346-  Hanover ST,Boston,MA,2113,776839.0545191318,2958362.075987309
LB-354010,,Active,Common Victualler,Common Victualler,2018-07-02,2026-12-31,"Energize, LLC",Energize,Mon Fri 7 00 AM 9 PM Sat amp Sun,"Dining area, kitchen and bathroom.",7:00 AM,9:00 PM,9:30 PM,20,," Energize, LLC",Ivaylo Dimitrov,(781)290-7769,,265-  Massachusetts AV,Boston,MA,2115,767963.7300782204,2950587.8001973033
LB-101291,CVICT2524,Active,Common Victualler,Common Victualler,2013-11-07,2025-12-31,"Komal , Corporation",SUBWAY,,"A PORTION OF THE FIRST FLOOR OF THE MULTI-USE APARTMENT BUILDING CONSISTING OF 1,500 SQ. FT. WITH KITCHEN IN THE REAR AND SEATING IN THE FRONT. ",6:00 AM,12:00 AM,12:30 AM,19,," Komal, Corporation",Komal Patel,(857)496-7115,,11- W Broadway ,South Boston,MA,2127,776006.1779040545,2950113.037695393
LB-99078,CV7AL0217,Active,Common Victualler,CV7 All Alc.,2013-11-21,2026-12-31,"DU FOURS, INC.",CASA ROMERO,No service to patrons on patio after 11 00 P M,"Basement 30 Gloucester Street; in two rooms of basement,rear of 32 Gloucester Street and to include area outdoor patio at rear of 34 Gloucester Street.",,1:00 AM,1:30 AM,104,"Basement 30 Gloucester Street; in two rooms of basement,rear of 32 Gloucester Street and to include area outdoor patio at rear of 34 Gloucester Street."," DU FOURS, INC.", NICOLE MONIS,,(617)536-4341,30-  Gloucester ST,Boston,MA,2115,768484.1522657275,2952639.870240137
LB-99443,CV7AL0652,Active,Common Victualler,CV7 All Alc.,2013-11-15,2026-12-31,"CLOVER VENTURES, LLC",BOSTONIA PUBLIC HOUSE,1st floor 122 Persons Standing 43 Banquet Seating 31 Bar Stools 48 Tables Total 244 2nd 105 15 63 83,"ON TWO (2) FLOORS, KITCHEN ON FIRST FLOOR IN REAR, STORAGE IN BASEMENT.  FIRST AND SECOND FLOORS:  DINING ROOMS WITH BAR SEATING. TO INCLUDE A SEASONAL OUTDOOR SIDEWALK PATIO WITH 26 SEATS BETWEEN THE HOURS OF NOON TO 11:00 P.M.",,2:00 AM,2:30 AM,427,"ON TWO (2) FLOORS, KITCHEN ON FIRST FLOOR IN REAR, STORAGE IN BASEMENT.  FIRST AND SECOND FLOORS:  DINING ROOMS WITH BAR SEATING.  TO INCLUDE A SEASONAL OUTDOOR SIDEWALK PATIO WITH 26 SEATS BETWEEN THE HOURS OF NOON TO 11:00 P.M."," CLOVER VENTURES, LLC", Nicholas Dalimonte,,(857)210-3912,131-  State ST,Boston,MA,2109,776630.8390562981,2956221.792210147
LB-420671,,Active,Club,Clb. All Alc. Airport,2021-09-28,2026-12-31,"DELTA AIR LINES, INC.",Delta Sky Club,,"Logan Airport, Terminal A: in 15 rooms located on the third level of the main building above security checkpoint, containing bar, food and beverage areas, restrooms, showers, conference room, office, kitchen prep area and storage area. Seating capacity 405. Total capacity 610.",,2:00 AM,2:30 AM,610,"Logan Airport, Terminal A: in 15 rooms located on the third level of the main building above security checkpoint, containing bar, food and beverage areas, restrooms, showers, conference room, office, kitchen prep area and storage area. Seating capacity 405. Total capacity 610."," Delta Air Lines, Inc.", Rebecca Bassila,,,      Logan Airport Terminal A  ,East Boston,MA,2128,0.0,0.0
LB-99094,CV7AL0235,Active,Common Victualler,CV7 All Alc.,2013-11-19,2026-12-31,Allston Live Concessions LLC,O'Brien's Pub,Capacity Breakdown 68 patrons 2 staff members total 70,"(3,517SF) Two rear exits to yard; Main dining room located in one room on first floor with table seating for 48 and bar seating for 31 and 2 bathrooms; storage in cellar. 2 Entrances/exits.",,1:00 AM,1:30 AM,70,"(3,517SF) Two rear exits to yard; Main dining room located in one room on first floor with table seating for 48 and bar seating for 31 and 2 bathrooms; storage in cellar. 2 Entrances/exits."," Allston Live Concessions, LLC", Timothy Philbin,,(617)566-9014,3     Harvard AV,Allston,MA,2134,0.0,0.0
LB-596208,,Active,Common Victualler,Common Victualler,2025-06-02,2026-12-31,Rarsoto Inc,Chachos pizza,,"1,100SF Full-service pizzeria/restaurant with dine-in seating and takeout on two floors. The first floor seats 19 people. Part of the kitchen is located on the first floor, while the lower level includes a full kitchen, sanitizing station, storage area, and a bathroom.",7:00 AM,11:00 PM,11:30 PM,19,"1,100SF Full-service pizzeria/restaurant with dine-in seating and takeout on two floors. The first floor seats 19 people. Part of the kitchen is located on the first floor, while the lower level includes a full kitchen, sanitizing station, storage area, and a bathroom.", Rarsoto Inc, Angel Guzman,(617)445-6738,,1502-  Tremont ST,Mission Hill,MA,2120,764509.999987721,2946300.00000384
LB-101125,CVICT2348,Active,Common Victualler,Common Victualler,2013-10-11,2026-12-31,"BOSTON CHINATOWN PLAZA, INC.",AVANA MARKETPLACE,,SPACE IN FIRST FLOOR FOOD COURT.  ,9:00 AM,9:00 PM,9:30 PM,6,SPACE IN FIRST FLOOR FOOD COURT.," BOSTON CHINATOWN PLAZA, INC.", RAYMOND CHOI,,(857)334-4198,42-  Beach ST,Boston,MA,2111,774851.2537047267,2953440.012668729
LB-612375,,Active,Common Victualler,Common Victualler,2025-12-05,2026-12-31,Qdoba Company Restaurants LLC,Qdoba Mexican Eats,OPERATING HOURS MONDAY THURSDAY 10 30 AM 11 00 PM FRIDAY SATURDAY 12,"2,891SF Located on the first floor of a strip mall. The establishment is a fast-casual Mexican restaurant including a customer lobby, dining area, two restrooms, a back office, kitchen preparation area, walk-in cooler, and designated cooking area. There is no outdoor patio.",10:30 AM,12:00 AM,12:30 AM,46,"2,891SF Located on the first floor of a strip mall. The establishment is a fast-casual Mexican restaurant including a customer lobby, dining area, two restrooms, a back office, kitchen preparation area, walk-in cooler, and designated cooking area. There is no outdoor patio.", Qdoba Company Restaurants LLC, Rogerio Palmer,(617)716-8773,,279-  Massachusetts AV,Boston,MA,2115,767991.0997741371,2950518.691739723
LB-198232,,Active,Misc,Lodging Houses (Frat/Dorm),2021-05-13,2026-04-30,"TECHNOLOGY CHAPTER ALUMNI ASSOCIATION, INC.","Technology Chapter Alumni Association, Inc.",,"5 story town house with 1 room in basement, 2 rooms on second floor, 4 rooms on third floor, 4 rooms on fourth floor and 4 rooms on fifth floor.",,,,0,," TECHNOLOGY CHAPTER ALUMNI ASSOCIATION, INC.",PATRICK MCCABE,,(617)536-3931,526-  Beacon ST,Boston,MA,2215,766757.86405164,2953093.619988814
LB-100415,CVICT1142,Active,Common Victualler,Common Victualler,2014-03-20,2026-12-31,ANDREADIS EFSTATHIOS,PIZZA STOP,OPEN NOON ON SUNDAYS,ONE ROOM ON THE FIRST FLOOR WITH KITCHEN AND STORAGE IN THE REAR.,10:00 AM,10:00 PM,10:30 PM,14,, ANDREADIS EFSTATHIOS, ANDREADIS EFSTATHIOS,,(617)427-4050,851-  Harrison AV,Roxbury,MA,2118,770897.0001303107,2947290.000034392
LB-112203,,Active,Misc,Dormitory,2013-09-16,2026-04-30,TRUSTEES OF BOSTON UNIVERSITY,BOSTON UNIVERSITY,No Conditions,3 story plus basement apartment-style building. Each apartment unit has a kitchen and bathroom. Laundry machines are located in basement. There are no other common use facilities in the building.,,,,0,, Trustees of Boston University,NISHMIN KASHYAP,(617)353-5589,(978)462-2373,834-836  Beacon ST,Boston,MA,2215,763472.6058583856,2951896.6223828048
LB-100384,CVICT1055,Active,Common Victualler,Common Victualler,2013-10-28,2026-12-31,"C.V.T. Vegetarian Gourmet, Inc.",Banh Mi Huong Que,,"First floor store front: 1 bathroom, kitchen and sale place are shared space.",9:00 AM,6:00 PM,6:30 PM,0,," C.V.T. Vegetarian Gourmet, Inc.", John Bui,,(617)959-0309,696-  Washington ST,Boston,MA,2111,774347.2294503003,2953277.343046561
LB-100029,CVICT0309,Active,Common Victualler,Common Victualler,2013-10-31,2026-12-31,"Greater Boston Donuts, LLC",Dunkin Donuts,AKA 44 PARKER STREET CORNER,In one room on the first floor with kitchen in the rear storage in the basement.,4:00 AM,MIDNIGHT,12:30 AM,19,," GREATER BOSTON DONUTS, LLC",Mark Cafua,(978)682-2382,,99-  Cambridge ST,Charlestown,MA,2129,769856.781738311,2964707.749647647
LB-567239,,Active,Misc,Retail Malt Wine,2024-09-18,2026-12-31,"Boardeaux BOS, LLC",,,,,7:00 PM,7:30 PM,0,"Approximately 1000SF of retail space on the ground floor of the building known as 160 Federal Street, with the main entrances/exits of the business located at 52 High Street. Kitchen/prep area located in rear. Shelving containing wine and malt beverages for off-premise consumption located along the walls, along with a cooler for storage located under the service counter. 1 ADA bathroom, 1 employee bathroom both located on the left side of space."," Boardeaux BOS, LLC", Monisha Misra,(806)786-1885,,160-  Federal ST,Boston,MA,2110,776199.1315863878,2954356.9373440593
LB-561490,,Active,Common Victualler,Common Victualler,2024-05-24,2025-12-31,Boston Cappy'S Inc,Cappy'S Pizza & Subs,,"Pizza shop that’s 2,500SF on the first floor with 40 seats , 1 check out counter, kitchen in rear with storage in the basement along with 2 restrooms.",7:00 AM,3:00 AM,3:30 AM,40,"Pizza shop that’s 2,500SF on the first floor with 40 seats , 1 check out counter, kitchen in rear with storage in the basement along with 2 restrooms.", Boston Cappy'S Inc, Hareshkumar Patel,(617)247-8801,,82-  Westland AV,Boston,MA,2115,767120.0001383871,2950550.0000760555
LB-99727,CV7MWL0037,Active,Common Victualler,CV7 Malt Wine Liq.,2013-11-25,2026-12-31,"NWASH, LLC",TONY & ELAINE'S,,"REAR AND SIDE EXITS, ONE ROOM FIRST FLOOR, ONE ROOM IN BASEMENT, KITCHEN STREET LEVEL, SECOND FLOOR FOR FLOOR, THIRD FLOOR FOR STORAGE.",,1:00 AM,1:30 AM,49,"111 N. WASHINGTON ST., REAR AND SIDE EXITS, ONE ROOM FIRST FLOOR, ONE ROOM IN BASEMENT, KITCHEN STREET LEVEL, SECOND FLOOR FOR FLOOR, THIRD FLOOR FOR STORAGE."," NWASH, LLC", NICHOLAS ANTHONY FRATTAROLI,,,111- N Washington ST,Boston,MA,2113,775581.087546885,2958556.6900993884
LB-99033,CV7AL0165,Active,Common Victualler,CV7 All Alc.,2013-11-26,2026-12-31,"J & J IRISH PUB & GRILLE, LTD",KATIE'S,       ,Rear exit for emergency and stock; in one room and kitchen on first floor; cellar for stock.,,1:00 AM,1:30 AM,84,," J & J IRISH PUB & GRILLE, LTD", NORA MANNION,,(617)282-5919,1128-1130   Dorchester AV,Dorchester,MA,2125,0.0,0.0
LB-101625,INNAL0012,Active,Inn,Inn. All Alc.,2013-11-21,2026-12-31,"Marriott Hotel Services, LLC.",BOSTON MARRIOTT HOTEL-COPLEY,11 00 M ON SUNDAYS SALE ALCOHOLIC BEVERAGES WITH BRUNCH,"858,056SF over 40 floors (including basement and mezzanine) in whole said of building, excluding the restaurant space on the second floor operated as “ Yard House Restaurant” and the space formerly known as the Connexion Lounge. (See ISD Certificate for more complete description of capacity.)",,2:00 AM,2:30 AM,0,"858,056SF over 40 floors (including basement and mezzanine) in whole said of building, excluding the restaurant space on the second floor operated as “ Yard House Restaurant” and the space formerly known as the Connexion Lounge. (See ISD Certificate for more complete description of capacity.)"," Marriott Hotel Services, LLC.", Harry David Sharkey,,(617)817-5732,110-  Huntington AV,Boston,MA,2116,770396.7875480503,2951915.4943923056
LB-583841,,Active,Common Victualler,CV7 All Alc by Zip Restricted,2025-06-06,2025-12-31,"Blue Mountain Jamaican Restaurant, LLC.",Blue Mountain Jamaican Restaurant,Special Legislation Zip Code 02126 Restricted All Alcoholic Beverages License Chapter 202 year 2024Indoor Seating Only Patio pending further review,,,1:00 AM,1:30 AM,24,"1050 SF restaurant on the first floor of a mixed use building with one entrance and egress; dining area with seating for 24 located in the front of the space; kitchen, office, and storage located in rear of the space; one restroom in front right side of the space. "," Blue Mountain Jamaican Restaurant, LLC", Marcia Satchell,(617)595-2996,,1301-  Blue Hill AV,Mattapan,MA,2126,766239.7269645482,2927320.7880043983
LB-98704,BLRDS0007,Active,Misc,Billiards/Sippio,2014-04-11,2026-12-31,"COLONIAL TAVERN, INCORPORATED",JACQUES RESTAURANT,,In two room on the first floor with kitchen in the rear and storage in the basement.,,MIDNIGHT,12:30 AM,0,In two room on the first floor with kitchen in the rear storage in the basement., COLONIAL TAVERN INCORPORATED, Henry D. Vara III,,,77-79  Broadway ,Boston,MA,2116,773077.8852042258,2952847.319300309
LB-532296,,Active,Common Victualler,Common Victualler,2023-08-14,2025-12-31,"Blue Hill Kwench Cafe, Inc.",Kwench Juice Cafe,,One room on the first floor.,9:00 AM,8:00 PM,8:30 PM,0,," Blue Hill Kwench Cafe, Inc.",Walid Zahran,(774)946-7094,,1587-  Blue Hill AV,Mattapan,MA,2126,766043.3546538949,2923516.417988479
LB-584433,,Active,Common Victualler,Common Victualler,2025-01-17,2026-12-31,HJZ Boston LLC,HEYTEA,,"844SF Open space, take-out only restaurant, with a kitchen (2 rooms) on the first floor and office space. The basement is for storage.",11:00 AM,10:00 PM,10:30 PM,0,"844SF Open space, take-out only restaurant, with a kitchen (2 rooms) on the first floor and office space. The basement is for storage.", HJZ Boston LLC, Jason D. Blackburn,(301)385-8900,,160-162  Harvard AV,Allston,MA,2134,755805.7744072974,2953343.729068637
LB-517950,,Active,Common Victualler,Common Victualler,2023-01-20,2026-12-31,"HG Logan Retailers, JV",Hudson Dunkin,,"Coffee shop with service counter - Terminal C, Post Security Gate C25",4:00 AM,Midnight,12:30 AM,0,," HG Logan Retailers, JV",Carla Gundlah,(617)634-6600,,1-  Harborside DR,East Boston,MA,2128,784350.1546543837,2957811.768360898
LB-578134,,Active,Common Victualler,CV7 Malt Wine by Zip Restricted,2025-05-13,2026-12-31,"DTDA Enterprises, Inc.",Don Tequeno y Dona Arepa,Special Legislation Zip Code Restricted Wines amp Malt Beverages License Chapter 202 year 2024,"1440SF restaurant space on 1 floor with dining area with seating for 45 in the left side of the space, ordering counter and display on right side of space; kitchen, 2 restrooms, and storage in the rear of space; 1 entrance/3 exits",,11:00 PM,11:30 PM,37,"1440SF restaurant space on 1 floor with dining area with seating for 45 in the left side of the space, ordering counter and display on right side of space; kitchen, 2 restrooms, and storage in the rear of space; 1 entrance/3 exits"," DTDA Enterprises, Inc.", Joel Marte,(617)828-9974,,403A-  Centre ST,Jamaica Plain,MA,2130,761558.2829153836,2942514.7523670644
LB-314180,,Active,Common Victualler,Common Victualler,2017-01-27,2026-12-31,Bon Appetit Creperie Limited Partnership,Bon Appetit Creperie,8 00 aM PM Mon Sat amp 10 AM 6 on Sundays,Space in the Farmers Market at Boston Public Market,8:00 AM,8:00 PM,8:30 PM,0,, Bon Appetit Creperie Limited Partnership,Linda Mourtada,(617)858-7697,,100-  Hanover ST,Boston,MA,2108,775748.2978423834,2957333.8142643124
LB-101127,CVICT2350,Active,Common Victualler,Common Victualler,2013-10-11,2026-12-31,"Megumi Express, Inc.",Megumi of Japan,," Quick serve counter service, takeout restaurant.",10:00 AM,9:00 PM,9:30 PM,0,," Meguni Express, Inc.",Yafen Wu,(908)756-8888,7185783389,36-  Faneuil Hall SQ,Boston,MA,2109,776105.6872194707,2956539.1232683957
LB-99063,CV7AL0199,Active,Common Victualler,CV7 All Alc.,2013-11-14,2026-12-31,CMG 225 Northern Ave LLC,,,,,2:00 AM,2:30 AM,200,"5,368SF; in two rooms; one main room on ground floor with main dining area and bar seating with an additional room for private dining; 1,488sf kitchen and storage in rear; one main entrance/exit; 5 additional emergency exits.", CMG 225 Northern Ave LLC, Mark Malatesta,,(617)242-9715,225-  Northern AV,Boston,MA,2210,780856.9100004733,2952373.0604063123
LB-99426,CV7AL0628,Active,Common Victualler,CV7 All Alc.,2013-11-25,2026-12-31,"250 Western, LLC",FiDO Pizza,,"Premise consists of: In one large room on ground floor with various dining areas containing approximately 60 seats and bar with approximately 20 seats; kitchen, storage, and office space located in rear (3,035sf); basement for additional storage (701sf)",,2:00 AM,2:30 AM,100,"Premise consists of: In one large room on ground floor with various dining areas containing
approximately 60 seats and bar with approximately 20 seats; kitchen, storage, and office space located
in rear (3,035sf); basement for additional storage (701sf)"," 250 Western, LLC", Jefferson Macklin,,(617)536-1100,250-  Western AV,Allston,MA,2134,755352.6631088108,2957564.249827057
LB-620202,,Active,Common Victualler,Common Victualler,2026-03-05,2026-12-31,"Honeygrow, LLC",Honeygrow,Quick Service Restaurant approx 2 572SF with open dining room 48 total seats ADA restrooms FOH kitchen serving area BOH prep dish cleaning storage refrigerated Walk in cooler,"Quick Service Restaurant (approx. 2,572SF) with open dining room with 48 total seats, (2) ADA restrooms, FOH kitchen/serving area, BOH prep kitchen with dish cleaning area, storage and refrigerated Walk in cooler.",10:30 AM,10:00 PM,10:30 PM,48,"Quick Service Restaurant (approx. 2,572SF) with open dining room with 48 total seats, (2) ADA restrooms, FOH kitchen/serving area, BOH prep kitchen with dish cleaning area, storage and refrigerated Walk in cooler."," Honeygrow, LLC", Brian Noparstak,,,305-  Guest ST,Brighton,MA,2135,753433.4477871358,2954974.0561885536
LB-601424,,Active,Misc,Retail All Alc.,2025-10-14,2026-12-31,Navy Yard Market LLC,Golden Goose Market,,,,11:00 PM,,0,"Located in Building 34 of 1 First Avenue of the Charlestown Navy Yard. In one large room on ground floor with market area, order counter, and prep area and office space in rear; together with one additional room on ground floor for additional market space and coolers. All together comprised of approximately 3,600 sf on the ground floor with 1 entrance and 2 exits."," Navy Yard Market, LLC", Stephen DeAngelis,,,1-  First AV,Charlestown,MA,2129,776571.288650468,2962112.7718979716
LB-99832,CV7MWL0186,Active,Common Victualler,CV7 Malt Wine Liq.,2013-11-27,2026-12-31,"L. Cleveland Circle, LLC",CAFE LANDWER,Board granted petition to serve alcohol with brunch beginning 10 00 AM on Sundays Capacity Breakdown 75 persons inside amp 35 outside private patio,"Approx. 3,212 SF. café on first floor with 1,000 square feet outdoor seasonal patio (March - Nov) on private property with 35 seats. ",,11:00 PM,11:30 PM,75,"Approx. 3,212 SF. café on first floor with 1,000 square feet outdoor seasonal patio (March - Nov) on private property with 35 seats."," L. CLEVELAND CIRCLE, LLC", Adelina Keshishian,(617)775-9634,,375-  Chestnut Hill AV,Brighton,MA,2135,750624.1069491357,2947159.1197187304
LB-101735,LDGHS0112,Active,Misc,Lodging Houses (Frat/Dorm),2014-04-08,2026-04-30,JOSEPH HALEY,OASIS GUEST HOUSE,,"16 rooms-common living room, television, telephones; 2 rooms on first floor, 7 rooms on 2nd floor and 7 rooms on 3rd floor.",,,,24,,Eric Tingdahl,Richard Swanson,(617)536-7301,,20-22  Edgerly RD,Boston,MA,2115,767608.6956833005,2951329.513608888
LB-100403,CVICT1106,Active,Common Victualler,Common Victualler,2013-11-01,2025-12-31,FISHERMAN'S NET,,,In one room on the first floor with kitchen and storage in the rear.,7:00 AM,9:00 PM,9:30 PM,0,, FISHERMAN'S NET, DIMITRIOS SINOTAS,,,200-299  Faneuil Hall Marketplace ,Boston,MA,2109,776449.8938801438,2956574.71670115
LB-98995,CV7AL0123,Active,Common Victualler,CV7 All Alc.,2013-11-27,2025-12-31,"South of Hixbridge, LLC",ALCOVE,,,,2:00 AM,2:30 AM,221,"In one large room on first floor, with kitchen, bar and storage, plus additional storage and office space on lower level (7,169 sf total) with seasonal (April-October) outdoor patio on private property."," SOUTH OF HIXBRIDGE, LLC", THOMAS SCHLESINGER-GUIDELLI,,,50-  Lovejoy WH,Boston,MA,2114,775090.8017820567,2959032.0280594826
LB-101522,DRMTY0323,Active,Misc,Dormitory,2014-04-07,2026-04-30,WENTWORTH INSTITUTE OF TECHNOLOGY,WENTWORTH INSTITUTE OF TECHNOLOGY,,SIX STORY BUILDING.,,,,135,SIX STORY BUILDING., WENTWORTH INSTITUTE OF TECHNOLOGY, Jeffrey Werner,,6179894060,20-  Evans WY,Boston,MA,2115,765072.9999673069,2948499.9999109805
LB-98748,BLRDS0183,Active,Misc,Billiards/Sippio,2014-05-06,2027-12-31,"SEAPOINT RESTAURANT, INC.",THE SEAPOINT,,Pool Tables located on the bottom level.,,1:00 AM,1:30 AM,0,," SEAPOINT RESTAURANT, INC.", MARY T. CONNOLLY,,,367- E Eighth ST,South Boston,MA,2127,778834.3333369642,2946018.478955388
LB-100197,CVICT0654,Active,Common Victualler,Common Victualler,2013-10-25,2026-12-31,Starbucks Corporation,STARBUCKS COFFEE #857,,In one room on the first floor with kitchen in the rear storage in the basement.,6:00 AM,1:00 AM,1:30 AM,0,, STARBUCKS CORPORATION,DANIEL BRENNAN JR.,(206)594-7273,,222-  Cambridge ST,Boston,MA,2114,773332.9998514652,2956869.999903232
LB-140833,,Active,Common Victualler,Common Victualler,2015-07-17,2026-12-31,"Luciano Food Enterprises, Inc.",Kwench Juice Cafe,,"irst level; prep area for purpose of serving juices, and acai bowls.",7:00 AM,4:00 PM,4:30 PM,0,," Luciano Food Enterprises, Inc.",Luciano DePina,(717)785-3489,,230-  Congress ST,Boston,MA,2110,776659.1451020539,2954520.0498787314
LB-101407,DRMTY0164,Active,Misc,Dormitory,2014-05-07,2026-04-30,TRUSTEES OF BOSTON UNIVERSITY,BOSTON UNIVERSITY,,Four story brick building.,,,,8,Four story brick building., TRUSTEES OF BOSTON UNIVERSITY,NISHMIN KASHYAP,,(617)353-3502,139-  Bay State RD,Boston,MA,2215,764381.1361935586,2953001.4393988997
LB-550945,,Active,Common Victualler,Common Victualler,2024-03-06,2026-12-31,PNH BOS JJ LLC,Jimmy Johns,,"849 SF quick service restaurant with counter service only located in Terminal A Satellite, space AS2-A01. Common area food court with available tables for traveling public. Rear access of the building for authorized personnel only. Several public restrooms available on the terminal.",6:00 AM,10:00 PM,10:30 PM,0,"849 SF quick service restaurant with counter service only located in Terminal A Satellite, space AS2-A01. Common area food court with available tables for traveling public. Rear access of the building for authorized personnel only. Several public restrooms available on the terminal.", PNH BOS JJ LLC, Robert Lapointe,(915)493-2171,,1-  Harborside DR,East Boston,MA,2128,784350.1546543837,2957811.768360898
LB-540090,,Active,General on Premise,GOP Malt Wine Liq.,2024-02-05,2026-12-31,WNDR Boston LLC,WNDR Museum,,"The premises to be licensed is located in Lafayette City Center in the Downtown Crossings neighborhood at 2 Avenue de Lafayette (also known as 500 Washington Street, Boston, MA 02111). The space is one floor consisting of 16,888 square feet with a retail area, lounge/cafe area with seating for 36.",,12:00AM,12:30 AM,243,"The premises to be licensed is located in Lafayette City Center in the Downtown Crossings neighborhood at 2 Avenue de Lafayette (also known as 500 Washington Street, Boston, MA 02111). The space is one floor consisting of 16,888 square feet with a retail area, lounge/cafe area with seating for 36.

Capacity breakdown: Room Set up 1 43 Persons Snack Bar Area, 40 persons Exhibition G Area. Set Up 2 162 Snack Bar Area, 81 Persons Exhibition G Area. Set up 3 64 snack bar area, 50 persons exhibition G Area & set up 4 79 persons snack bar area, 56 persons exhibition G area.", WNDR Boston LLC, Skyler Mussey,(978)239-7244,,2-  Avenue De Lafayette ,Boston,MA,2111,774800.3699482232,2954346.417351976
LB-99975,CVICT0202,Active,Common Victualler,Common Victualler,2013-12-19,2026-12-31,"Golden Rice Bowl, INC.",Young Kong Restaurant,,In two rooms on the first floor with kitchen and storage in the basement.,11:00 AM,1:00 AM,1:30 AM,4,," Golden Rice Bowl, Inc.",Jingcong Chen,(617)522-8922,,300A-  Centre ST,Jamaica Plain,MA,2130,763511.8082078099,2942891.8303530663
LB-99941,CVICT0124,Active,Common Victualler,Common Victualler,2013-10-23,2026-12-31,"IV Adelphia, Inc.",Uphams House of Pizza,Sun Wed 7 00 AM 12 Thur Sat 1,First floor; kitchen and dining area with a basement.,7:00 AM,12:00 AM,12:30 AM,24,," IV Adelphia, Inc.",Nickolas Papadopoulos,(617)282-7141,,566A-  Columbia RD,Dorchester,MA,2125,773499.2701882273,2940634.624565646
LB-400468,,Active,Common Victualler,CV7 All Alc. Restrict.,2019-09-25,2026-12-31,"CMG 10 PO Square, LLC",Mariel,Board granted permission bottle service,"11,322 Total SF; On three levels (ground, mezzanine and basement) including 5,977 sf located on the 1st floor of the South Tower of the Building (the “Building”) containing lounge, bar, stage, main dining room, kitchen and restrooms; 3,621 sf located on the lower level of the Building containing bar",,2:00 AM,2:30 AM,501,"11,322 Total SF; On three levels (ground, mezzanine and basement) including 5,977 sf located on the 1st floor of the South Tower of the Building (the “Building”) containing lounge, bar, stage, main dining room, kitchen and restrooms; 3,621 sf located on the lower level of the Building containing bar, lounge, stage, restroom and kitchen, and 638 sf located on the mezzanine level of the Building. 1,086 sf of storage space located on the lower level of the Building."," CMG 10 PO Square, LLC", Michael Adkins,,,10-  Post Office SQ,Boston,MA,2109,776145.3800534755,2955613.120199144
LB-99193,CV7AL0353,Active,Common Victualler,CV7 All Alc.,2013-11-12,2026-12-31,JOHNNIE'S ON THE SIDE LLC,West End Johnnie's,ALCOHOLIC BEVERAGES TO BE SERVED ONLY IN CONJUNCTION WITH BRUNCH ON SUNDAYS FROM 11 00 AM NOON,"IN ONE ROOM AND KITCHEN ON THE FIRST FLOOR, ONE ROOM AND KITCHEN IN BASEMENT.  Capacity breakdown: 1st fl - 234 (135 seated, 99 standing); basement - 194 (87 seated, 107 standing).",,2:00 AM,2:30 AM,446,"138 PORTLAND STREET & 85 MERRIMAC STREET- IN ONE ROOM AND KITCHEN ON THE FIRST FLOOR, ONE ROOM AND KITCHEN IN BASEMENT.  Capacity breakdown: 1st fl - 218 (125 standing, 93 seated); basement - 228 (200 standing, 28 seated).", JOHNNIE'S ON THE SIDE LLC, JOHN CARON,,(617)645-1356,138-  Portland ST,Boston,MA,2114,774731.0000082254,2957839.999931723
LB-101943,RETAL0152,Active,Misc,Retail All Alc.,2013-11-18,2026-12-31,"COLUMBUS AVENUE LIQUOR GROUP, INC.",WINE EMPORIUM,Board granted petition to open 10 00 m on Sundays,"COMMERCIAL CONDOMINIUM LOCATED AT 474 COLUMBUS AVENUE, UNIT 1, BOSTON, MA CONSISTING OF 1,378 SQ. FT. OF RETAIL SPACE ON FIRST FLOOR (STREET LEVEL) AND 1,698 SQ. FT. OF STORAGE SPACE ON BASEMENT LEVEL.  THE CONDOMINIUM HAS 2 ENTRANCES/EXITS.",,11:00 PM,,0,," COLUMBUS AVENUE LIQUOR GROUP, INC.", ARIAN LITON,(617)536-5545,,474-  Columbus AV,Roxbury,MA,2118,770141.4934392273,2950288.698105231
LB-101006,CVICT2217,Active,Common Victualler,Common Victualler,2013-10-29,2026-12-31,"SORELLE CAFE, INC.",SORELLE,SEASONAL PATIO CAFE OPERATING HOURS 6 00 AM 10 PM,IN ONE ROOM ON FIRST FLOOR WITH KITCHEN IN THE REAR. INCLUDES OUTDOOR SEASONAL SIDEWALK PATIO/CAFE ON PUBLIC PROPERTY LOCATED ALONG CONGRESS STREET FOR 14 PATRONS.,6:00 AM,10:00 PM,10:30 PM,16,," SORELLE CAFÉ, INC.", MARC PERELMAN,,6172425980,282-  Congress ST,Boston,MA,2210,777097.2518373877,2954099.80957748
LB-100706,CVICT1704,Active,Common Victualler,Common Victualler,2014-01-06,2026-12-31,TRUSTEES OF BOSTON UNIVERSITY,WALTER BROWN ARENA,,IN WHOLE OF SAID BUILDING.,9:00 AM,1:00 AM,1:30 AM,0,, TRUSTEES OF BOSTON UNIVERSITY,Jonathan Webster,,(617)353-2990,285-  Babcock ST,Boston,MA,2215,758789.2986239642,2954274.4427583963
LB-101980,RETAL0214,Active,Misc,Retail All Alc.,2013-11-25,2025-12-31,"MADMAC PARTNERS, LLC",,,IN ONE ROOM ON THE FIRST FLOOR; STORAGE IN THE REAR WITH THREE ENTRANCES/EXITS ONTO WORMWOOD STREET.,,11:00 PM,,0,IN ONE ROOM ON THE FIRST FLOOR; STORAGE IN THE REAR WITH THREE ENTRANCES/EXITS ONTO WORMWOOD STREET.," MADMAC PARTNERS, LLC", FRANCESCA DIRICO,(617)755-9650,,21A-  Wormwood ST,Boston,MA,2210,777812.4091997147,2951825.324953228
LB-312661,,Active,Common Victualler,CV7 Malt Wine Restrict.,2017-06-13,2025-12-31,"Aceituna Cafe, LLC",Aceituna Cafe,,In one room on first floor with kitchen and storage in rear. ,,2:00 AM,2:30 AM,49,," Aceituna Cafe, LLC", Samer Malak,(617)669-5598,,57-  Boston Wharf RD,Boston,MA,2210,779003.0606898069,2953344.534841314
LB-101728,LDGHS0069,Active,Misc,Lodging Houses (Frat/Dorm),2014-04-09,2026-04-30,31 Green Street LLC,,,"3 story wood frame house 16 rooms, separate bathrooms, common washers and dryers and storage. 6 rooms on first floor, 6 rooms on 2nd floor, 4 rooms on 3rd floor.",,,,16,, 31 Green Street LLC,Justin Iantosca,(617)522-2421,(617)524-7849,29-31  Green ST,Jamaica Plain,MA,2130,760973.1000306308,2939170.3112213165
LB-102048,RETMW0079,Active,Misc,Retail Malt Wine,2013-11-25,2026-12-31,"GREEK INTERNATIONAL FOOD MARKET, INC.","GREEK INTERNATIONAL FOOD MARKET, INC.",,LOCAL FOOD MARKET WITH MAIN FRONT ENTRANCE AND REAR EXIT.,,10:00 PM,,0,," GREEK INTERNATIONAL FOOD MARKET, INC.", KATERINA ILIADES,,6173323659,5204-  Washington ST,West Roxbury,MA,2132,748982.7542607188,2920240.8543296456
LB-100895,CVICT2055,Active,Common Victualler,Common Victualler,2013-10-30,2026-12-31,HABIBI'S LOUNGE,Habibi's Lounge,CLOSING HOUR Sun Wed 1 00 AM Thur Sat 2,IN TWO ROOMS ON THE LOWER LEVEL WITH KITCHEN AND STORAGE IN THE REAR.,8:00 AM,1:00 AM,1:30 AM,96,, HABIBI'S LOUNGE, DAOUD TAYEH,,6172302173,1217-  Commonwealth AV,Allston,MA,2134,755917.2761528045,2953058.0193382204
LB-98991,CV7AL0119,Active,General on Premise,GOP All Alc.,2013-11-19,2026-12-31,"Apex Bar and Lounge, Inc. ",Apex Bar and Lounge,,,,2:00 AM,2:30 AM,78,"Approximately+/- 2,013 SF located on the 6th and 7th floor of a 7 floor building. Both floors accessed via staffed elevator directly into Licensed Premise. Main entrance to building located on State Street. 6th floor: +/- 1,012 SF with+/- 625 SF of dining and service area with bathroom. Seating area for +/- 32 patrons. One dedicated stairway in addition to elevator. 7th floor:+/- 1,001 SF with +/-614 SF of dining and service area with bathroom. Seating area for+/- 30 patrons. Open air roof deck located on 7th floor. Closing hour 2:00a.m. One dedicated stairway in addition to elevator."," Apex Bar and Lounge, Inc.", Tito Jackson,,,150-  State ST,Boston,MA,2109,776690.129292056,2956311.7487231493
LB-476236,,Active,Common Victualler,Common Victualler,2022-04-14,2025-12-31,"Servedwell Seaport, LLC",Cisco Kitchen,TUESDAY THURSDAY 4 00 PM 11 FRIDAY 3 SATURDAY SUNDAY 12,"Trailer kitchen located within Beer Garden at 81 Northern Avenue, including kitchen/prep areas, and concession window.",3:00 PM,11:00 PM,11:30 PM,0,," Servedwell Seaport, LLC",Jamie Strobino,(781)727-2295,,81-  Northern AV,Boston,MA,2210,779376.5845490545,2953443.1471768916
LB-101659,INNAL0045,Active,Inn,Inn. All Alc.,2013-11-20,2026-12-31,MINOT HOSPITALITY GROUP LLC,Beacon Hill Hotel,1 ALCOHOL SERVICE ONLY WITH FOOD IN DINING AREA 2 15 BAR SEATS NO MORE PATRONS TO BE AROUND IT ONE TIME STANDEES 3 PUBLIC NOT ADMITTED AFTER 11 30 PM CEASE 12 AM 4 ALL OPEN CONTAINERS MUST REMOVED FROM 00 5 ROOFDECK CLOSED PURPOSES 10 6 ANYTIME OR SERVED ON DECK STAFFED M OPENING SUNDAYS ALCOHOLIC BEVERAGES BRUNCH,"Boutique hotel including fourteen (14) guestrooms, room service and restaurant on five (5) floors, basement with private dining room, kitchen and storage, first floor with restaurant including dining seating and bar seating. Second floor guest rooms. Third through fifth floors for additional guest r",,1:00 AM,1:30 AM,0,"Boutique hotel including fourteen (14) guestrooms, room service and restaurant on five (5) floors, basement with private dining room, kitchen and storage, first floor with restaurant including dining seating and bar seating. Second floor guest rooms. Third through fifth floors for additional guest rooms.", MINOT HOSPITALITY GROUP LLC, Jayson Ira Goldstein,,,25-29  Charles ST,Boston,MA,2108,772484.048465386,2955384.168885395
LB-576010,,Active,Common Victualler,Common Victualler,2024-10-22,2026-12-31,kazandra 2018 Corp,Tea Station Coffee,,"478SF Open floor space featuring one bathroom, a three-bay sink, and a refrigerator. The room includes a counter to assist customers.",6:00 AM,9:30 PM,10:00 PM,0,"478SF Open floor space featuring one bathroom, a three-bay sink, and a refrigerator. The room includes a counter to assist customers.", kazandra 2018 Corp, Carlos F Cespedes,(857)800-2798,,1041-  Saratoga ST,East Boston,MA,2128,789866.7345004678,2966054.225957304
LB-607096,,Active,Common Victualler,Common Victualler,2025-09-18,2026-12-31,"Where To Hospitality Group, LLC",REUNION,D B name on file with ISD needs to be corrected in advance 2026–2027 renewals Hours operation Monday Friday 6 00 AM 8 PM Saturday Sunday 7 5,"1,500SF Quick-service restaurant with counter service, located on a single floor with 40 seats, including bench seating. The bathrooms and kitchen are located at the rear of the building, and the space includes two exits.",6:00 AM,8:00 PM,8:30 PM,40,"1,500SF Quick-service restaurant with counter service, located on a single floor with 40 seats, including bench seating. The bathrooms and kitchen are located at the rear of the building, and the space includes two exits."," Where To Hospitality Group, LLC", Patrick Pereira,(857)998-3501,,71-75 W Broadway ,South Boston,MA,2127,776269.3417478055,2949890.3071697205
LB-99604,CV7MW0344,Active,Common Victualler,CV7 Malt Wine,2013-11-25,2026-12-31,"GOURMET CHINA, INC.",,,In one dining room on the first floor with kitchen and storage in the rear.  ,,2:00 AM,2:30 AM,48,In one dining room on the first floor with kitchen and storage in the rear.," GOURMET CHINA, INC.", XIAN RONG ZENG,,6174723171,23-  Tyler ST,Boston,MA,2111,774843.4144815505,2953137.976199314
LB-98793,CLBAL0021,Active,Club,Clb. All Alc.,2013-11-21,2026-12-31,Brighton Ma Lodge 2199 BPOE of the USA Inc.,Protective Order of Elks,Capacity breakdown function room 143 members 59 guest 38,Licensee known as Brighton Mass. Lodge # 2199 of the Benevolent & Protective Order of Elks is in whole of said building.  ,,2:00 AM,2:30 AM,240,Licensee known as Brighton Mass. Lodge # 2199 of the Benevolent & Protective Order of Elks is in whole of said building.  , Brighton Ma Lodge 2199 BPOE of the USA Inc., Christopher Turowsky,,(617)921-7004,326-  Washington ST,Brighton,MA,2135,750243.5666997284,2952344.3114480525
LB-135034,,Active,Common Victualler,CV7ALN - Neighborhood Restricted,2015-01-12,2026-12-31,"PHO LE, LLC",Pho Le Restaurant,,"Open spaced dining room approximately 2500 square feet. One front entrance/exit and two other exits - one is towards the left side of the dining room and the other is towards the right, through the kitchen with service bar to the right of the exit.",,11:00 p.m.,11:30 p.m.,99,," PHO LE, LLC", Tran Le,(617)780-5973,(617)780-1939,1356-  Dorchester AV,Dorchester,MA,2122,775471.999997929,2936259.99999449
LB-99182,CV7AL0341,Active,Common Victualler,CV7 All Alc.,2013-11-20,2026-12-31,"Savr Restaurant, LLC",Savr Restaurant,Capacity Breakdown Restaurant 1st floor 141 Persons Interior Seating 82 Standing 11 Exterior 48 Total See Plans additional setup 2nd 159 95 64 plans set up,,,2:00 AM,2:30 AM,300,"Venue located at 150 Seaport Blvd AKA 150 Northern Ave. consisting of 10,290SF. Two floors with a mezzanine for stock. 1st floor; Seating for 130(two bar/dining areas: Bar 1- seating for 27, lounge dining for 14, bar dining for 8, General Dining for 29, cocktail lounge for 4 and private annual patio to close a 10pm with capacity of 48 patrons). 2nd Floor; 2 dining areas for 159 people ( bar for 9, bar dining 14, dining area #1 for 18, dining area #2 for 36, private dining room for 14, cocktail lounge for 4 and outside private annual patio to consist of 64 patrons with a 10PM patio closing). Monday-Saturday 11:00 AM-2:00 AM, Sunday 10:00 AM-2:00 AM."," Savr Restaurant, LLC", David Thomas Doyle,,(617)357-8000,150-  Northern AV,Boston,MA,2210,779753.575264886,2953190.902274564
LB-566106,,Active,Common Victualler,Common Victualler,2024-10-04,2026-12-31,"Life Alive Cafe, LLC",Life Alive Organic Cafe,,"Building total Square footage is 5,400. 2,870SF First floor, kitchen, juice bar, dining area (seating 73) with restrooms in basement. 2,530SF used for storage and food prep. Seasonal (April-November) private patio seating 24. Operating the same 7:00 AM - 9:00 PM business hours as the restaurant. ",7:00 AM,9:00 PM,9:30 PM,73,"Building total Square footage is 5,400. 2,870SF First floor, with kitchen, juice bar, dining area (seating 73) with restrooms in basement. 2,530SF used for storage and food prep. Seasonal (April-November) private patio seating 24. Operating the same 7:00 AM - 9:00 PM  business hours as the restaurant."," Life Alive Cafe, LLC", Leah Dubois,(617)354-5433,,435- S Huntington AV,Jamaica Plain,MA,2130,761099.0896080583,2941798.3860176504
LB-99220,CV7AL0383,Active,Common Victualler,CV7 All Alc.,2013-11-26,2026-12-31,"Boston SF, LLC",Sugar Factory,Capacity breakdown Restaurant 175 Persons See plans Outdoor patio 48 1 10 00 AM SUNDAY OPENING HOUR TO SERVE ALCOHOL WITH BRUNCH,,,2:00 AM,2:30 AM,175,"The premises contains: Basement - Office, Kitchen, Storage; 1st flr - 1 interior room, covered and uncovered annual patios on private property; and 2nd fl - 2 interior rooms. The premises also includes 1 balcony and has entrances and exits on S. Market St., Faneuil Hall Marketplace, and unnumbered exit on Chatham St. for stock. The estimate square footage is 2,773."," Boston SF, LLC", Kevin Silva,,,100-  Faneuil Hall Marketplace ,Boston,MA,2109,776519.7405252159,2956443.823590234
LB-99432,CV7AL0634,Active,Common Victualler,CV7 All Alc.,2013-11-21,2026-12-31,PAINTED BURRO SOUTH END LLC,Posto,10 00 M OPENING ON SUNDAYS TO BEGIN ALCOHOL SERVICE WITH BRUNCH,"IN ONE ROOM ON STREET LEVEL, WITH KITCHEN, DINING ROOM AND THREE BATHROOMS; STORAGE IN THE BASEMENT. Adding a year round outdoor patio on private property for 24 patrons. Hours of Operation: Monday - Friday: 5:00 PM - 1:00 AM. Saturday & Sunday: 10:00 AM - 1:00 AM.",,2:00 AM,2:30 AM,143,, PAINTED BURRO SOUTH END LLC, JOSEPH ALFRED CASSINELLI,,,1357-  Washington ST,Roxbury,MA,2118,772611.9999811351,2949819.999895647
LB-617084,,Active,Common Victualler,Common Victualler,2026-01-30,2026-12-31,Salt and Nori Group Inc,Sando Table,,"1,445SF Restaurant featuring an open kitchen, a 16-seat dining area, and one restroom on the first floor. The basement and a small kitchen at the back of the first floor are used for storage. There is no outdoor seating.",8:00 AM,10:00 PM,10:30 PM,16,"1,445SF Restaurant featuring an open kitchen, a 16-seat dining area, and one restroom on the first floor. The basement and a small kitchen at the back of the first floor are used for storage. There is no outdoor seating.", Salt and Nori Group Inc, Parinda Kamolnithi,(617)710-2227,,71-  Broad ST,Boston,MA,2109,776777.3981463909,2955683.196830645
LB-101052,CVICT2265,Active,Common Victualler,Common Victualler,2013-11-12,2026-12-31,"Sabor do Brasil, Inc.",Sabor Do Brasil,,"Kitchen & dining room on first floor, plus the basement.",11:00 AM,10:00 PM,10:30 PM,8,," Brazilian Food Restaurant, Inc.",Nilton Batista Cruz,(617)388-9413,,174-  Brighton AV,Allston,MA,2134,755386.783119306,2953842.8927684724
LB-610495,,Active,Misc,Retail Malt Wine,2026-02-12,2026-12-31,Krupa Corporation,JP Convenience,,,,9:00 PM,,0,"The premises consists of one floor, 800 square feet across one room with a basement (800 SF). There is one entrance and one exit.", Krupa Corporation, Vishnubhai B. Patel,(401)316-2346,,546-  Centre ST,Jamaica Plain,MA,2130,760749.7497555614,2940707.1693680584
LB-99280,CV7AL0450,Active,Common Victualler,CV7 All Alc.,2013-11-26,2026-12-31,51 Liberty Drive LLC,DAVIO'S NORTHERN ITALIAN STEAKHOUSE,,,,1:00 AM,1:30 AM,705,"First floor is the bar area, main dining room and patio space. Second floor is additional seating for the main dining room or private parties. Seasonal (April- Nov) patio on private property closing hour 11:00 PM."," 51 Liberty Drive, LLC", PAUL JOSEPH FLAHERTY,(617)797-4810,,50-  Liberty DR,Boston,MA,2210,779242.0149362981,2954415.7023184
LB-101823,LDGHS0339,Active,Misc,Lodging Houses (Frat/Dorm),2014-05-05,2025-04-30,767 TREMONT LLC,,,"Four story building with 3 rooms in basement, 3 rooms on first floor, 1 room on third floor and 1 room on fourth floor.",,,,16,, 767 TREMONT LLC, David Walsh,,6178392625,767-  Tremont ST,Roxbury,MA,2118,769736.2973992229,2949124.176156059
LB-99435,CV7AL0637,Active,General on Premise,GOP All Alc.,2013-11-21,2026-12-31,FSW LLC,CLOCK TAVERN,,"(1,500 approx. SF) On first floor and basement of mixed use building. First floor including bar and table seating for +/-34 patrons. Restrooms in rear. Storage in basement. Main entrance/exit located on West Broadway Street. Additional exit in rear. ",,1:00 AM,1:30 AM,90,"(1,500 approx. SF) On first floor and basement of mixed use building. First floor including bar and table seating for +/-34 patrons. Restrooms in rear. Storage in basement. Main entrance/exit located on West Broadway Street. Additional exit in rear. ", FSW LLC, Matthew Gateman,,(781)849-7655,342- W Broadway ,South Boston,MA,2127,777905.475942716,2948636.7060023993
LB-101309,DRMTY0011,Active,Misc,Dormitory,2014-05-20,2026-04-30,BERKLEE COLLEGE OF MUSIC,,,Eight story building.,,,,443,Eight story building.,BERKLEE COLLEGE OF MUSIC,Ryan Anderson,(617)266-1400,,150-  Massachusetts AV,Boston,MA,2115,767763.9998346418,2951629.9998845607
LB-449187,,Active,Common Victualler,Common Victualler,2021-10-06,2026-12-31,"Tatte Holdings, LLC",Tatte Bakery & Cafe,,"On ground floor, 2 bathrooms, service line, and seating.",7:00 AM,9:00 PM,9:30 PM,49,," Tatte Holdings, LLC",Tzurit Or,,,60-  Old Colony AV,South Boston,MA,2127,776321.362313047,2947911.6319932193
LB-101192,CVICT2423,Active,Common Victualler,Common Victualler,2013-12-30,2025-12-31,"PMK FOODS, INC.",CITRA A FRESH CAFE,,IN ONE ROOM ON THE FIRST FLOOR; KITCHEN & STORAGE IN REAR. LOBBY OF THE BUILDING.,6:00 AM,5:00 PM,5:30 PM,10,IN ONE ROOM ON THE FIRST FLOOR; KITCHEN & STORAGE IN REAR. LOBBY OF THE BUILDING.," PMK FOODS, INC.", PRAKASH SHRESTHA,,6172835353,221-  Longwood AV,Boston,MA,2115,763727.8792979717,2948169.7243248075
LB-458127,,Active,Common Victualler,Common Victualler,2021-09-06,2026-12-31,"Bakey, Inc.",Bakey,Mon Fri 7 00 AM PM Sat amp Sun 8 5,"Ground floor consisting of seating area, kitchen, office, storage, and restrooms.",7:00 AM,7:00 PM,7:30 PM,35,," Bakey, Inc.", Brijesh KC,(617)670-0114,,151-  Tremont ST,Boston,MA,2111,774170.4033603817,2954473.378384143
LB-568411,,Active,Common Victualler,Common Victualler,2024-07-12,2026-12-31,89 Salem Street Market Inc,Wildduck Marketplace,,"2,802SF Open space, single floor with kitchen in the back for take-out only. Convenient market on the same floor. ",6:00 AM,11:00 PM,11:30 PM,0,"2,802SF Open space, single floor with kitchen in the back for take-out only. Convenient market on the same floor.", 89 Salem Street Market Inc, Koushik Babu Koganti,(269)267-0304,,89-  Salem ST,Boston,MA,2113,776276.7800531387,2957870.80367589
LB-460302,,Active,Common Victualler,Common Victualler,2021-11-22,2026-12-31,"Cannonball Cafe, LLC",Cannonball Cafe,,Café on one floor with counter service and seating for patrons and a seasonal patio located on private property. Patio to be operated from April to November with 16 seats operated from 7:00 AM to 10:00 PM..,6:00 AM,10:00 PM,10:30 PM,18,," Cannonball Cafe, LLC",Rachel Lazar,,,383-  Dorchester AV,South Boston,MA,2127,775889.1361433864,2947440.1723062247
LB-99992,CVICT0239,Active,Common Victualler,Common Victualler,2013-10-10,2026-12-31,"BOSTON STREET DONUTS, INC.",DUNKIN DONUTS,       ,"One room on the lst floor - and a kitchen, basement for storage.",5:00 AM,2:00 AM,2:30 AM,18,," BOSTON STREET DONUTS, INC.", JOSE J. COUTO,,,256-  Boston ST,Dorchester,MA,2125,774913.9523982257,2942258.945135891
LB-555334,,Active,Common Victualler,Common Victualler,2024-03-28,2026-12-31,YC INC,TRIPLE EATERY,,"The restaurant has 2,112SF of the total living area. There is one room with a dining area with 12 seats, and a separate kitchen. One restroom is in the back of the kitchen. The basement is for storage use.
",11:00 AM,12:00 AM,12:30 AM,12,In one room on the first floor with kitchen in the rear storage in the basement., YC INC, Keng Shi,(617)325-3388,,77-  Cummins HW,Roslindale,MA,2131,757480.2254547179,2928921.7073747218
LB-615760,,Active,Common Victualler,Common Victualler,2026-01-16,2026-12-31,Make Life Sweeter LLC,Flour Bakery + Cafe,Operating Hours Monday Friday 6 30 AM to 7 00 PM Saturday Sunday 8,"2,426SF Bakery/Café with one main floor and a back-of-house mezzanine level used for office and storage. The first floor includes a BOH prep area, dishwashing station, and refrigeration, while the FOH provides 30 seats along with a coffee, pastry, and sandwich station. A private seasonal patio.",6:30 AM,7:00 PM,7:30 PM,49,"2,426SF Bakery/Café with one main floor and a back-of-house mezzanine level used for office and storage. The first floor includes a BOH prep area, dishwashing station, and refrigeration, while the FOH provides 30 seats along with a coffee, pastry, and sandwich station.

*Use of Premise not provided. Patio removed from license* ", Make Life Sweeter LLC, Carro Oldham,(857)449-0865,,1618-  Tremont ST,Mission Hill,MA,2120,763125.9999243021,2946750.0001301467
LB-592817,,Active,Common Victualler,CV7 All Alc by Zip Restricted,2025-11-20,2026-12-31,AAA Restaurant LLC,AAA Restaurant,ZIP CODE RESTRICTED SPECIAL LEGISLATION CHAPTER 202 ACTS 2024,,,11:00 PM,11:30 PM,19,"1186SF Restaurant on a single-floor building with 1 entrance/1 exit. Upon entering, there is a dining area with seating for approximately 19, a service counter, kitchen and two restrooms in the rear. Basement is approximately 500SF for storage only.", AAA Restaurant LLC, Paula Martinez,(857)340-8008,,3141-  Washington ST,Jamaica Plain,MA,2130,764295.8768496364,2939759.9790052325
