,Date of Filing,Last Renewal Date,Date of Expiration,Business Name,Type of Business,Business Address,City,State,Zipcode,latitude,longitude,is_active,neighborhood,business_type_clean
0,2013-08-05 00:00:00,5/12/25 11:53,2029-05-12 11:52:00,7-ELEVEN STORE 32442 B,RETAIL/CONVENIENCE STORE,722 Huntington AV,Mission Hill,MA,2120,42.334109,-71.10438099999999,True,Roxbury,retail/convenience store
1,2014-04-01 00:00:00,3/26/18 14:30,2022-03-26 14:28:00,A & G LANDSCAPING,LANDSCAPING,64 Calumet ST,Mission Hill,MA,2120,42.33208,-71.10443900000001,False,Roxbury,landscaping
2,2024-05-21 16:13:00,,2028-05-21 16:11:00,A to Z Property Management,Office Property Management,41 Cunard ST,Mission Hill,MA,2120,42.336897,-71.0863,True,Roxbury,office property management
3,2021-09-10 13:53:00,,2025-09-10 13:49:00,AANNI TRANSPORT,Towing/Hauling,26 Hammond ST,Mission Hill,MA,2120,42.334744,-71.08242200000001,False,Roxbury,towing/hauling
4,2021-12-10 12:10:00,1/9/26 14:28,2030-01-09 14:25:00,AB Cleaning Qu33ns,CoreCleaning and Laundry Services,51 Ruggles ST,Mission Hill,MA,2120,42.332941,-71.08516800000001,True,Roxbury,corecleaning and laundry services
5,2014-05-28 00:00:00,5/24/18 14:48,2022-05-24 14:46:00,ABRAHAM TRANSPORTATION,LIVERY,241 Heath ST,Mission Hill,MA,2120,42.327307,-71.10784100000001,False,Roxbury,livery
6,2016-04-14 00:00:00,8/24/21 12:19,2025-08-24 12:18:00,ACME-FINANCIAL,EQUIPMENT RENTALS,15 Hammond ST,Mission Hill,MA,2120,42.33495,-71.082,False,Roxbury,equipment rentals
7,2016-02-01 00:00:00,3/21/24 13:01,2028-03-21 11:24:00,AGC PARTNERS,FINANCIAL SEWICES,22 Hammond ST,Mission Hill,MA,2120,42.334656,-71.082359,True,Roxbury,financial sewices
8,2015-05-19 00:00:00,4/24/19 15:44,2023-04-24 15:41:00,AKOBEN COMMUNICATIONS,PUBLIC RELATIONS,1536 Tremont ST,Mission Hill,MA,2120,42.33244,-71.10050000000001,False,Roxbury,public relations
9,2015-10-06 00:00:00,10/18/23 12:30,2027-10-18 12:28:00,AK'S PIZZA AND ROAST BEEF,TAKEOUT,1427 Tremont ST,Mission Hill,MA,2120,42.331862,-71.09635600000001,True,Roxbury,takeout
10,2025-06-12 12:50:00,,2029-06-12 12:48:00,AL MALIK STONE .CO,Property Maintenance,73 Heath ST,Mission Hill,MA,2120,42.326549,-71.10071800000003,True,Roxbury,property maintenance
11,2014-05-02 00:00:00,1/23/24 13:26,2028-01-23 13:26:00,ALI'S RESTAURANT & MEAT MARKET,RESTAURANT,1035 Tremont ST,Mission Hill,MA,2120,42.336677,-71.08563100000003,True,Roxbury,restaurant
12,2015-09-02 00:00:00,1/24/24 13:48,2028-01-24 13:43:00,ALMANY'S MARKET,SUPERMARKET,1053 Tremont ST,Mission Hill,MA,2120,42.336501,-71.08595300000002,True,Roxbury,supermarket
13,2019-11-07 10:35:00,,2023-11-07 10:34:00,Alvarez Home Improvement & Painting Services,Home Improvement,86 Annunciation RD,Mission Hill,MA,2120,42.33491,-71.09463,False,Roxbury,home improvement
14,2024-07-15 13:36:00,,2028-07-15 13:34:00,Amal's Boutique,Retail,1027 Tremont ST,Mission Hill,MA,2120,42.33681,-71.08533799999998,True,Roxbury,retail
15,2018-04-26 13:32:00,5/24/22 13:25,2026-05-24 13:22:00,Amazing Grace Tabernacle/Trans,Non Profit,15 Whittier ST,Mission Hill,MA,2120,42.33366,-71.08838000000003,True,Roxbury,non profit
16,2017-04-10 14:05:00,11/26/25 10:55,2029-11-26 10:52:00,Anshur Restaurant,Restaurant,291 Roxbury ST,Roxbury,MA,2120,42.330384,-71.094357,True,Roxbury,restaurant
17,2025-08-11 10:54:00,,2029-08-11 10:53:00,Anytime Anywhere,Trucking,23A Pauline Bennett WY,Mission Hill,MA,2120,43.17002654903855,-107.568534091115,True,Roxbury,trucking
18,2021-03-11 15:11:00,5/22/25 16:28,2029-05-22 13:00:00,APPS ALL AROUND,Restaurant,1626 Tremont ST,Mission Hill,MA,2120,42.333677,-71.10399100000001,True,Roxbury,restaurant
19,2025-04-28 16:27:00,,2029-04-28 16:26:00,Asma Gift Shop,Gift Shop,1417 Tremont ST,Mission Hill,MA,2120,42.331896,-71.09577000000002,True,Roxbury,gift shop
20,2025-06-02 13:26:00,,2029-06-02 13:25:00,Auto Auto,Consulting and Management Services,117 Dewitt DR,Mission Hill,MA,2120,42.333129,-71.08504900000003,True,Roxbury,consulting and management services
21,2023-03-28 15:55:00,,2027-03-28 12:57:00,Ava Balloons & Decor,"Event Planner, Event Decoratorr",183 Heath ST,Mission Hill,MA,2120,42.326247,-71.105051,True,Roxbury,"event planner, event decoratorr"
22,2021-09-23 12:58:00,,2025-09-23 12:56:00,Aya Logistics Transportation,Uber /Transportation,20A Mcgreevey WY,Mission Hill,MA,2120,42.334267,-71.09649100000001,False,Roxbury,uber /transportation
23,2024-05-20 09:35:00,,2028-05-20 08:58:00,A-Z Properties,Property Management,41 Cunard ST,Mission Hill,MA,2120,42.336897,-71.0863,True,Roxbury,property management
24,2021-09-27 10:34:00,,2025-09-27 10:32:00,Bag Ladies Tea,Tea Bag Wholesaler / Retail,49 Ellingwood ST,Mission Hill,MA,2120,42.32907,-71.10906,False,Roxbury,tea bag wholesaler / retail
25,2023-05-10 15:49:00,,2027-05-10 15:48:00,Bakalao Kitchenette,Restaurant,1002 Tremont ST,Mission Hill,MA,2120,42.336816,-71.08455700000002,True,Roxbury,restaurant
26,2021-10-08 13:14:00,9/19/25 16:11,2029-09-19 15:57:00,BASIL DRIVE,TAXI,10 Hammond ST,Mission Hill,MA,2120,42.334367,-71.08245399999998,True,Roxbury,taxi
27,2015-02-18 00:00:00,,2019-02-18 00:00:00,BENJAMIN'S MULTI-SERVICES,MULTI-SERVICE,1564 Tremont ST,Mission Hill,MA,2120,42.332962,-71.10180500000001,False,Roxbury,multi-service
28,2015-07-10 00:00:00,,2019-07-10 00:00:00,BENJAMIN'S MULTI-SERVICES,WITHDRAWAL (2/18/15),1564 Tremont ST,Mission Hill,MA,2120,42.332962,-71.10180500000001,False,Roxbury,withdrawal (2/18/15)
29,2022-12-06 11:43:00,,2026-12-06 11:43:00,Bilys Transportation,Transportation,600 Melnea Cass BL,Mission Hill,MA,2120,41.01332320030464,-95.8964491724438,True,Roxbury,transportation
30,2023-04-11 13:10:00,,2027-04-11 13:08:00,Black Unicorn Marathoners,MA Non Profit/Celebrate & Connections,78 Fisher AV,Mission Hill,MA,2120,42.327703,-71.10326700000002,True,Roxbury,ma non profit/celebrate & connections
31,2019-01-02 12:42:00,,2023-01-02 12:41:00,Boba ME,Boba Shop/Coffee Shop,1520 Tremont ST,Mission Hill,MA,2120,42.33221,-71.09977000000003,False,Roxbury,boba shop/coffee shop
32,2020-08-07 14:43:00,,2024-08-07 14:43:00,BOBOX,ONLINE RETAIL CLOTHING,166 Terrace ST,Mission Hill,MA,2120,42.326603,-71.09862099999998,False,Roxbury,online retail clothing
33,2018-02-26 14:30:00,,2022-02-26 14:28:00,Boston Art Review,Publication,34 Cherokee ST,Mission Hill,MA,2120,42.330548,-71.10119500000002,False,Roxbury,publication
34,2022-08-15 14:58:00,,2026-08-15 14:57:00,Boston Automotive Repair Service,Vehicle Inspection Station,30 Terrace ST,Mission Hill,MA,2120,42.33095,-71.09625,True,Roxbury,vehicle inspection station
35,2019-07-30 10:16:00,9/12/23 12:29,2027-09-12 12:28:00,Boston Bazaar,Convenience store,100 Hammond ST,Mission Hill,MA,2120,42.336757,-71.08381099999997,True,Roxbury,convenience store
36,2024-02-20 12:03:00,,2028-02-20 11:11:00,Boston Bone & Joint Institue,Medical Practice,125 Parker Hill AVE,Mission Hill,MA,2120,42.329771,-71.10682800000001,True,Roxbury,medical practice
37,2022-09-29 15:14:00,,2026-09-29 15:13:00,Boston Budega,Recreational Dispensary,1441 Tremont ST,Mission Hill,MA,2120,42.33192,-71.09663,True,Roxbury,recreational dispensary
38,2025-03-19 12:44:00,,2029-03-19 12:42:00,Boston Building Resource - Reuse Center,Non-Profit Resale,86 Terrace ST,Mission Hill,MA,2120,42.329226,-71.09755200000001,True,Roxbury,non-profit resale
39,2013-11-12 00:00:00,10/15/25 10:43,2029-10-15 10:41:00,BOSTON BUILDING RESOURCES,RETAIL-BUILDING PRODUCTS,100 Terrace ST,Mission Hill,MA,2120,42.32864,-71.09782000000001,True,Roxbury,retail-building products
40,2021-12-21 11:56:00,12/18/25 14:28,2029-12-18 14:27:00,BOSTON CLEANING SOLUTIONS,Janitorial & Maintenance services,1059 Tremont ST,Mission Hill,MA,2120,42.33637,-71.08621,True,Roxbury,janitorial & maintenance services
41,2024-09-20 15:35:00,,2028-09-20 15:32:00,Boston Detail Cleaning & Painting Services,Cleaning and Painting Services,109 Dewitt DR,Mission Hill,MA,2120,42.333415,-71.08495600000003,True,Roxbury,cleaning and painting services
42,2025-01-30 16:32:00,,2029-01-30 16:17:00,Boston Driving School,Driving Education,75 Malcolm X BL,Mission Hill,MA,2120,40.75200865913591,-73.86903405866593,True,Roxbury,driving education
43,2019-06-24 14:29:00,11/24/23 11:49,2027-11-24 11:49:00,Boston ITS,"IT Consulting, software resales",54 Pontiac ST,Mission Hill,MA,2120,42.330717,-71.10172699999998,True,Roxbury,"it consulting, software resales"
44,2022-04-29 11:19:00,,2026-04-29 10:53:00,BOSTON STARTENDERS,MOBILE BARTENDING,21 Pauline Bennett WY,Mission Hill,MA,2120,43.17002654903855,-107.568534091115,True,Roxbury,mobile bartending
45,2022-02-04 13:44:00,,2026-02-04 13:41:00,BREAD 'N BUTTER INTERNATIONAL MARKET,Retail Convenience,1562 Tremont ST,Mission Hill,MA,2120,42.332928,-71.10170800000003,False,Roxbury,retail convenience
46,2015-05-21 00:00:00,,2019-05-21 00:00:00,BREATH OF FRESH AIR CLEANING SERVICE,WITHDRAWAL (3/9/15),109 Dewitt DR,Mission Hill,MA,2120,42.333415,-71.08495600000003,False,Roxbury,withdrawal (3/9/15)
47,2015-03-09 00:00:00,,2019-03-09 00:00:00,BREATH OF FRESH AIR DETAIL CLEANING SERVICE,CLEANING SERVICE,109 Dewitt DR,Mission Hill,MA,2120,42.333415,-71.08495600000003,False,Roxbury,cleaning service
48,2022-01-31 11:57:00,,2026-01-31 11:55:00,Brigham Circle Chinese Food,Restaurant,728 Huntington AV,Mission Hill,MA,2120,42.333793,-71.10513900000001,False,Roxbury,restaurant
49,2024-07-11 14:39:00,,2028-07-11 14:39:00,Brigham Liquors,Liquor Store,732 Huntington AV,Mission Hill,MA,2120,42.333739,-71.10525000000001,True,Roxbury,liquor store
50,2023-12-12 13:44:00,,2027-12-12 13:43:00,Butterfly Flafel,Kitchen,1420 Tremont ST,Mission Hill,MA,2120,42.331402,-71.09595999999999,True,Roxbury,kitchen
51,2015-11-02 00:00:00,12/28/23 12:53,2027-12-28 11:56:00,CAFE CROSSING,CAFE,1175 Tremont ST,Boston,MA,2120,42.334988,-71.08896400000003,True,Roxbury,cafe
52,2023-04-28 14:37:00,,2027-04-28 14:35:00,Caitlyn Chwatek Art,Online Retail,39 Darling ST,Mission Hill,MA,2120,42.331487,-71.10592500000001,True,Roxbury,online retail
53,2023-08-02 11:28:00,,2027-08-02 11:12:00,Carbon Health,Human Medical Practice,578 Huntington AV,Mission Hill,MA,2120,42.336642,-71.09692799999999,True,Roxbury,human medical practice
54,2016-01-06 00:00:00,2/1/24 13:24,2028-02-01 13:22:00,CARL KURZ - HANDYMAN SERVICES,HANDYMAN,53 Lawn ST,Mission Hill,MA,2120,42.327205,-71.10567500000002,True,Roxbury,handyman
55,2022-06-01 14:02:00,,2026-06-01 13:17:00,Carman's Beauty Salon,Hair Salon,2 Wait ST,Mission Hill,MA,2120,42.33331,-71.10600999999997,True,Roxbury,hair salon
56,2019-03-29 09:48:00,3/13/23 13:18,2027-03-13 13:06:00,Chabad Of The Longwood Medical Area,Religious Organization,1617 Tremont ST,Mission Hill,MA,2120,42.33383,-71.10309000000001,True,Roxbury,religious organization
57,2019-06-13 10:48:00,8/28/23 11:18,2027-08-28 11:16:00,Chacho's Pizza,Restaurant,1502 Tremont ST,Mission Hill,MA,2120,42.332099,-71.09931,True,Roxbury,restaurant
58,2023-11-08 14:45:00,,2027-11-08 14:44:00,Charged Glassworks,Glass Blowing Lessons,123 Terrace ST,Mission Hill,MA,2120,42.32803,-71.0985,True,Roxbury,glass blowing lessons
59,2018-06-20 16:13:00,,2022-06-20 16:12:00,Charity Tees Boston,Online Retail,180 Hillside ST,Mission Hill,MA,2120,42.33165,-71.10816599999998,False,Roxbury,online retail
60,2020-07-31 13:24:00,,2024-07-31 13:21:00,Charm Elite Beauty,online beauty retail,100 Cabot ST,Mission Hill,MA,2120,42.333359,-71.087806,False,Roxbury,online beauty retail
61,2022-02-25 15:03:00,,2026-02-25 15:01:00,Chi Sees Custom,Online Retail,62 Huntington AV,Mission Hill,MA,2120,42.33898083857285,-71.09448205610875,False,Roxbury,online retail
62,2018-05-29 16:22:00,,2022-05-29 16:21:00,Chilacates,Restuart,1480 Tremont ST,Mission Hill,MA,2120,42.331685,-71.098523,False,Roxbury,restuart
63,2024-04-08 16:43:00,,2028-04-08 15:02:00,Chosen Growth Plants,House Plants Online Sales,63 Pontiac ST,Mission Hill,MA,2120,42.330834,-71.10212100000001,True,Roxbury,house plants online sales
64,2025-08-18 13:03:00,,2029-08-18 12:59:00,City Side Market,Convenience Store,1481 Tremont ST,Mission Hill,MA,2120,42.33221,-71.09814,True,Roxbury,convenience store
65,2021-07-15 11:28:00,,2025-07-15 11:26:00,Cleaning Services by Marlene,Cleaning Services,281 Roxbury ST,Roxbury,MA,2120,42.33039,-71.09404,False,Roxbury,cleaning services
66,2018-07-02 14:37:00,,2022-07-02 14:36:00,Clearwater Branding,Web Design,163 Hillside ST,Mission Hill,MA,2120,42.3317,-71.10716500000001,False,Roxbury,web design
67,2022-07-18 14:20:00,,2026-07-18 14:12:00,CLIMATEC,BUILDING AUTOMATION AND CONTROLS,744 Columbus AV,Mission Hill,MA,2120,42.337422,-71.08560799999998,True,Roxbury,building automation and controls
68,2022-03-17 10:14:00,,2026-03-17 10:13:00,Clinton Car Services,Cosmetics,34 Fisher AV,Mission Hill,MA,2120,42.327344,-71.10141299999998,False,Roxbury,cosmetics
69,2024-06-14 16:06:00,,2028-06-14 12:44:00,Cody Putre,STR(Short Term Rental),42 Warwick ST,Mission Hill,MA,2120,42.335597,-71.08450800000003,True,Roxbury,str(short term rental)
70,2021-01-26 13:10:00,,2025-01-26 12:26:00,Coin Cloud,virtual currency kiosk operator,82 Hillside ST,Mission Hill,MA,2120,42.330383,-71.10294899999997,False,Roxbury,virtual currency kiosk operator
71,2016-12-23 09:55:00,,,Comfy Home,Rentals,56 Calumet ST,Mission Hill,MA,2120,42.332224,-71.104781,False,Roxbury,rentals
72,2015-05-13 00:00:00,7/6/23 9:48,2027-07-06 09:47:00,CONGRESS DENTAL GROUP,DENTIST,1 Stockwell ST,Boston,MA,2120,42.332188,-71.10692499999999,True,Roxbury,dentist
73,2021-01-15 13:22:00,5/22/25 16:27,2029-05-22 13:08:00,Conviction Chicken,restaurant,1626 Tremont ST,Mission Hill,MA,2120,42.333677,-71.10399100000001,True,Roxbury,restaurant
74,2021-08-31 14:54:00,8/19/25 15:30,2029-08-19 15:25:00,Creative Hands VBW,Event Planning,17 Delle AV,Mission Hill,MA,2120,42.331042,-71.09819199999998,True,Roxbury,event planning
75,2021-09-15 12:37:00,,2025-09-15 12:36:00,Crispy Dough Pizzeria,Restaurant,1514 Tremont ST,Mission Hill,MA,2120,42.332172,-71.09961099999998,False,Roxbury,restaurant
76,2026-02-24 16:42:00,,2030-02-24 16:41:00,Cristina Cleaning Services,Cleaning,76 Annunciation RD,Mission Hill,MA,2120,42.33469,-71.09406000000001,True,Roxbury,cleaning
77,2024-07-23 15:20:00,,2028-07-23 15:14:00,CRL Auto Repair,Auto Repair,22 Terrace ST,Mission Hill,MA,2120,42.331048,-71.09618899999998,True,Roxbury,auto repair
78,2021-09-28 10:13:00,,2025-09-28 10:12:00,D & D TAXI,TAXI,10 Hammond ST,Mission Hill,MA,2120,42.334367,-71.08245399999998,False,Roxbury,taxi
79,2018-07-12 13:41:00,3/2/23 13:18,2027-03-02 13:16:00,D & M Autobody,Auto Body,118 Terrace ST,Mission Hill,MA,2120,42.328395,-71.09810700000003,True,Roxbury,auto body
80,2025-02-06 11:11:00,,2029-02-06 11:10:00,Dependable Rental Management,Property Management Services,1570 Tremont ST,Mission Hill,MA,2120,42.3331,-71.10216000000003,True,Roxbury,property management services
81,2018-09-14 14:34:00,,2022-09-14 14:32:00,Desert of Massachusetts,Fraternity,20 Warwick ST,Mission Hill,MA,2120,42.336205,-71.08392100000003,False,Roxbury,fraternity
82,2019-09-17 15:58:00,,2023-09-17 15:57:00,Dj Lady Ly,Entertainment,34 Fisher AV,Mission Hill,MA,2120,42.327344,-71.10141299999998,False,Roxbury,entertainment
83,2023-07-17 16:01:00,,2027-07-17 16:00:00,D'Massi Cleaning Services,Cleaning,225 Heath ST,Mission Hill,MA,2120,42.32696,-71.10695299999998,True,Roxbury,cleaning
84,2023-11-14 12:55:00,,2027-11-14 12:49:00,D'Tata Multi Service,Retail Shop,1049 Tremont ST,Mission Hill,MA,2120,42.33653,-71.08589999999998,True,Roxbury,retail shop
85,2015-07-22 00:00:00,8/7/23 10:40,2027-08-04 14:04:00,DUNKIN DONUTS,COFFEE & DONUTS,1131 Tremont ST,Boston,MA,2120,42.336512,-71.08922100000001,True,Roxbury,coffee & donuts
86,2015-11-02 00:00:00,10/15/19 13:58,2023-10-15 11:31:00,DYMAN HOME SERVICES,HOME IMPROVEMENT,39 Ellingwood ST,Mission Hill,MA,2120,42.328718,-71.10852299999999,False,Roxbury,home improvement
87,2013-05-16 00:00:00,,2017-05-16 00:00:00,DYNAMIC TOWING,WITHDRAWAL(04/08/2011),107 Terrace ST,Mission Hill,MA,2120,42.328672,-71.09837700000003,False,Roxbury,withdrawal(04/08/2011)
88,2018-07-19 11:33:00,,2022-07-19 11:18:00,Eastern Bank,Financial Banking,1427 Tremont ST,Mission Hill,MA,2120,42.331862,-71.09635600000001,False,Roxbury,financial banking
89,2019-02-26 12:33:00,,2023-02-26 12:32:00,Ed Balloon,Musician,34 Hammond ST,Mission Hill,MA,2120,42.335095,-71.08264500000001,False,Roxbury,musician
90,2022-03-07 15:41:00,,2026-03-07 15:34:00,Edgar P. Benjamin Healthcare Center,Skilled Nursing Facility,120 Fisher AV,Mission Hill,MA,2120,42.327592,-71.10505599999999,False,Roxbury,skilled nursing facility
91,2017-06-12 11:42:00,4/25/22 12:44,2026-04-25 12:42:00,Elizabeth Family Day Care,Day Care,38 Annunciation RD,Mission Hill,MA,2120,42.3352,-71.09186999999997,True,Roxbury,day care
92,2019-02-11 11:33:00,1/13/23 14:38,2027-01-13 14:36:00,EZSCIENCE,Consulting,10 Wait ST,Mission Hill,MA,2120,42.333049,-71.10601099999997,True,Roxbury,consulting
93,2023-09-08 14:48:00,,2027-09-08 14:44:00,FAMILY INTERVENTION TEAM FIT,Office Management,1534 Tremont ST,Mission Hill,MA,2120,42.332391,-71.10035800000003,True,Roxbury,office management
94,2021-09-16 15:35:00,,2025-09-16 15:34:00,FARAH CAR SERVICE,Transportation,166 Terrace ST,Mission Hill,MA,2120,42.326603,-71.09862099999998,False,Roxbury,transportation
95,2015-06-04 00:00:00,7/12/19 15:16,2023-07-12 15:10:00,FASHION SHOPPERS FOR YOU,PERSONAL SHOPPING,37 Calumet ST,Mission Hill,MA,2120,42.332743,-71.10571299999998,False,Roxbury,personal shopping
96,2025-12-05 13:04:00,,2029-12-05 13:03:00,FineME Collection,Online Retail,25 Whittier ST,Mission Hill,MA,2120,42.333919,-71.088572,True,Roxbury,online retail
97,2024-06-07 14:27:00,,2028-06-07 14:25:00,Flames Restaurant II,Restaurant,746 Huntington AV,Mission Hill,MA,2120,42.33363,-71.10549100000003,True,Roxbury,restaurant
98,2015-10-26 00:00:00,1/8/20 13:25,2024-01-08 12:16:00,FLANN O'BRIEN'S,PUB,1619 Tremont ST,Mission Hill,MA,2120,42.333842,-71.103341,False,Roxbury,pub
99,2025-08-19 15:30:00,,2029-08-19 15:28:00,Florist Creations,Florist,17 Delle AV,Mission Hill,MA,2120,42.331042,-71.09819199999998,True,Roxbury,florist
100,2012-09-21 00:00:00,,2016-09-21 00:00:00,FOX CLEANERS,WITHDRAWAL (8/15/12),225 Heath ST,Mission Hill,MA,2120,42.32696,-71.10695299999998,False,Roxbury,withdrawal (8/15/12)
101,2024-10-02 12:57:00,,2028-10-02 12:56:00,Fuel America,"Coffee, Sandwiches, Pastries",805 Columbus AV,Boston,MA,2120,42.337681,-71.08692500000001,True,Roxbury,"coffee, sandwiches, pastries"
102,2017-10-18 10:26:00,9/17/25 12:28,2029-09-17 12:25:00,Fuentes Market & Liquors,RETAIL Grocery Liquor,680 Parker ST,Mission Hill,MA,2120,42.332327,-71.096541,True,Roxbury,retail grocery liquor
103,2021-12-17 12:58:00,12/17/25 13:52,2029-12-17 13:52:00,Fuertes Photography,Photography,5 Kerr PL,Mission Hill,MA,2120,42.33389,-71.08459099999999,True,Roxbury,photography
104,2025-05-02 14:32:00,,2029-05-02 14:30:00,Gigi Maintenance and Construction,Home Improvement,260 Ruggles ST,Mission Hill,MA,2120,42.33574,-71.09152,True,Roxbury,home improvement
105,2019-01-04 12:14:00,3/10/23 12:28,2027-03-10 10:35:00,Ginger Exchange,Restaurant,1625 Tremont ST,Roxbury,MA,2120,42.33392,-71.10354000000001,True,Roxbury,restaurant
106,2012-09-25 00:00:00,,2016-09-25 00:00:00,GINGER EXCHANGE THE,WITHDRAWAL (9/19/11),1625 Tremont ST,Roxbury,MA,2120,42.33392,-71.10354000000001,False,Roxbury,withdrawal (9/19/11)
107,2025-09-24 13:43:00,,2029-09-24 13:41:00,GLO. Strategies,Consulting Services,1 Bickford AV,Mission Hill,MA,2120,42.326782,-71.10229400000003,True,Roxbury,consulting services
108,2024-03-12 12:57:00,,2028-03-12 12:55:00,Global Language Experts,Language Services,1 Gurney ST,Mission Hill,MA,2120,42.331896,-71.09577000000002,True,Roxbury,language services
109,2025-01-22 14:23:00,,2029-01-22 14:21:00,GlowBellaNailSpa&Tan,"Nail, Spa & Tan Owner",1605 Tremont ST,Mission Hill,MA,2120,42.33372,-71.10264000000001,True,Roxbury,"nail, spa & tan owner"
110,2018-05-14 16:21:00,6/14/22 15:59,2026-06-14 15:47:00,Goddessobsessionhairboutiques.com,Health/ Beauty,17 Hammond ST,Mission Hill,MA,2120,42.33539,-71.08206000000001,True,Roxbury,health/ beauty
111,2018-03-01 15:00:00,,2022-03-01 14:59:00,Gordon Tree & Landscaping,Tree & Landscaping Services,77 Iroquois ST,Mission Hill,MA,2120,42.330711,-71.106042,False,Roxbury,tree & landscaping services
112,2019-05-01 11:41:00,,2023-05-01 11:41:00,Guaranteed Clean,Cleaning Services,120 Madison Park CT,Mission Hill,MA,2120,42.331107,-71.08584100000002,False,Roxbury,cleaning services
113,2022-07-25 13:55:00,,2026-07-25 13:54:00,H 2022 Investments,Real Estate Investing,8 Sunset ST,Mission Hill,MA,2120,42.33154,-71.10829999999999,True,Roxbury,real estate investing
114,2021-09-23 12:40:00,,2025-09-23 12:38:00,HABIB MOHAMUD,UBER,100 Cabot ST,Mission Hill,MA,2120,42.333359,-71.087806,False,Roxbury,uber
115,2025-10-21 12:10:00,,2029-10-21 12:09:00,Haitian Production,Production Company,55 Warwick ST,Mission Hill,MA,2120,42.33572,-71.08483000000001,True,Roxbury,production company
116,2022-06-10 10:04:00,,2026-06-10 10:00:00,HALLIDAY TRANSPORTATION,TAXI,10 Hammond ST,Mission Hill,MA,2120,42.334367,-71.08245399999998,True,Roxbury,taxi
117,2021-03-16 11:34:00,3/25/25 11:32,2029-03-25 09:10:00,Handy Clean Services,Cleaning service,21 Brook Marshall RD,Mission Hill,MA,2120,42.334799,-71.08603299999999,True,Roxbury,cleaning service
118,2018-11-23 16:09:00,2/20/24 13:16,2028-02-20 13:15:00,Heavenly Cosmetic Care,Online Cosmetic Retail,30A Saint Alphonsus ST,Mission Hill,MA,2120,42.334757,-71.09993099999997,True,Roxbury,online cosmetic retail
119,2019-11-12 15:18:00,,2023-11-12 14:18:00,Hissho Sushi,Wholesale Sushi Vendor,600 Huntington AV,Mission Hill,MA,2120,42.33628,-71.097307,False,Roxbury,wholesale sushi vendor
120,2019-09-30 11:26:00,11/20/23 12:59,2027-11-20 12:23:00,Hissho Sushi,Wholesale Sushi Vendor,1620 Tremont ST,Mission Hill,MA,2120,42.333373,-71.10411199999999,True,Roxbury,wholesale sushi vendor
121,2016-12-27 10:14:00,11/21/25 11:24,2029-11-21 11:23:00,HNG Limo Services,Limo Service,105 Hammond ST,Mission Hill,MA,2120,42.33707,-71.08296000000001,True,Roxbury,limo service
122,2015-04-01 00:00:00,,2019-04-01 00:00:00,HOLLYWOOD DRY CLEANERS,WITHDRAWAL (7/28/11),742 Huntington AV,Mission Hill,MA,2120,42.333677,-71.10544099999998,False,Roxbury,withdrawal (7/28/11)
123,2025-09-18 13:27:00,,2029-09-18 13:25:00,Home Run Record,Music Record,7 Wensley ST,Mission Hill,MA,2120,42.32677,-71.100391,True,Roxbury,music record
124,2024-10-09 12:51:00,,2028-10-09 12:50:00,Hooked On The Look,Online Retail/Vendor,25 Whittier ST,Mission Hill,MA,2120,42.333919,-71.088572,True,Roxbury,online retail/vendor
125,2019-01-14 14:17:00,,2023-01-14 14:15:00,Hosh's Company,Management,71 Calumet ST,Mission Hill,MA,2120,42.331684,-71.10442,False,Roxbury,management
126,2019-06-25 13:15:00,,2023-06-25 13:14:00,Huios Painting and Historical Restoration,Interior Painting,1 Lawn ST,Mission Hill,MA,2120,42.326312,-71.10395699999998,False,Roxbury,interior painting
127,2021-09-17 10:32:00,,2025-09-17 10:30:00,IDIRIS NUR,UBER/LYFT,25 Hammond ST,Mission Hill,MA,2120,42.33534,-71.08221000000003,False,Roxbury,uber/lyft
128,2021-11-30 12:09:00,,2025-11-30 12:07:00,IGOHOHON TRANSPORTATION,TRANSPORTATION,53 Windsor ST,Mission Hill,MA,2120,42.33518,-71.08362999999997,False,Roxbury,transportation
129,2021-10-19 11:53:00,12/22/25 10:04,2029-12-22 10:02:00,IGUEHI ENTERPRISE,TAXI,34 Hammond ST,Mission Hill,MA,2120,42.335095,-71.08264500000001,True,Roxbury,taxi
130,2017-04-04 12:50:00,12/23/25 14:11,2029-12-23 14:11:00,Ilmondo Pizza,Pizza Shop,738 Huntington AV,Mission Hill,MA,2120,42.333712,-71.105369,True,Roxbury,pizza shop
131,2019-11-08 12:15:00,10/30/23 12:00,2027-10-30 11:58:00,In Detail Event Planning,Event Planning,5 Kerr PL,Mission Hill,MA,2120,42.33389,-71.08459099999999,True,Roxbury,event planning
132,2019-07-22 12:25:00,7/26/23 14:25,2027-07-26 14:23:00,In The Cut Boston Barbershop,Barbershop,1435 Tremont ST,Mission Hill,MA,2120,42.331897,-71.09648300000003,True,Roxbury,barbershop
133,2015-01-12 00:00:00,,2019-01-12 00:00:00,INFINITITY,CLOTHING LINE,30 Annunciation RD,Mission Hill,MA,2120,42.33592,-71.09216000000004,False,Roxbury,clothing line
134,2015-09-04 00:00:00,,2019-09-04 00:00:00,INFINITITY,WITHDRAWAL (1/12/15),30 Annunciation RD,Mission Hill,MA,2120,42.33592,-71.09216000000004,False,Roxbury,withdrawal (1/12/15)
135,2024-04-25 13:53:00,,2028-04-25 13:44:00,Ink Source,Tattoo Shop,1029 Tremont ST,Mission Hill,MA,2120,42.336782,-71.08539200000001,True,Roxbury,tattoo shop
136,2015-03-17 00:00:00,12/21/23 13:31,2027-12-21 13:29:00,INTERNATIONAL HALAL MARKET,GROCERY STORE,1431 Tremont ST,Mission Hill,MA,2120,42.33189,-71.09642600000001,True,Roxbury,grocery store
137,2025-02-13 15:24:00,,2029-02-13 15:03:00,Iridescent Memory Labs,Online Retail,3 Sewall ST,Mission Hill,MA,2120,42.33162,-71.09814,True,Roxbury,online retail
138,2018-03-26 14:28:00,,2022-03-26 14:26:00,Ivan's Jewelry,Online Retail Jewelry,782 Huntington AV,Boston,MA,2120,42.33306,-71.10693000000003,False,Roxbury,online retail jewelry
139,2023-10-25 09:40:00,,2027-10-25 09:38:00,J & S Mobile Child Care,Mobile Babysitting,1 Estey ST,Mission Hill,MA,2120,42.327826,-71.107662,True,Roxbury,mobile babysitting
140,2014-07-28 00:00:00,6/9/22 15:42,2026-06-09 15:05:00,J. P. LICKS,ICE CREAM/YOGURT CAFE,1618 Tremont ST,Mission Hill,MA,2120,42.333352,-71.10442,True,Roxbury,ice cream/yogurt cafe
141,2023-05-08 13:30:00,,2027-05-08 13:29:00,J.Lara Painting and Services,Indoor Painting Only and Cleaning Services,40 Annunciation RD,Mission Hill,MA,2120,42.33549,-71.09249999999997,True,Roxbury,indoor painting only and cleaning services
142,2020-01-30 15:07:00,,2024-01-30 13:32:00,Jamaica Plain Saxophone Quartet,Musical group,29 Hayden ST,Mission Hill,MA,2120,42.327688,-71.10646300000002,False,Roxbury,musical group
143,2025-01-22 11:34:00,,2029-01-22 11:32:00,Jaycutz Barbershop,Barbershop,990 Tremont ST,Mission Hill,MA,2120,42.336817,-71.08421099999998,True,Roxbury,barbershop
144,2021-09-01 12:44:00,10/28/25 9:06,2029-08-29 09:06:00,JC BARBERSHOP,Barbershop,1008 Tremont ST,Mission Hill,MA,2120,42.336718,-71.08469200000002,True,Roxbury,barbershop
145,2024-11-19 13:39:00,,2028-11-19 13:38:00,JD Windows Restoration And Repairs,Window Restoration & Repairs,706 Huntington AV,Mission Hill,MA,2120,42.334356,-71.10369000000003,True,Roxbury,window restoration & repairs
146,2022-04-19 10:02:00,,2026-04-19 10:01:00,JDS Low Moisture Carpet Cleaning,Floor Finishing,5 Greenwich ST,Mission Hill,MA,2120,42.33535,-71.08344999999997,True,Roxbury,floor finishing
147,2019-01-31 10:16:00,1/20/23 12:22,2027-01-20 00:00:00,JL + CoRE,Real Estate,5 Greenwich ST,Mission Hill,MA,2120,42.33535,-71.08344999999997,True,Roxbury,real estate
148,2018-05-07 11:51:00,6/15/22 9:07,2026-06-15 09:05:00,JLI Import & Export Agricultural,Import & Export,26 Hammond ST,Mission Hill,MA,2120,42.334744,-71.08242200000001,True,Roxbury,import & export
149,2014-03-26 00:00:00,4/7/22 12:49,2026-04-07 12:34:00,JOSE MARTINEZ PAINTING,INTERIOR PAINTING,1050 Tremont ST,Mission Hill,MA,2120,42.33597,-71.08587,False,Roxbury,interior painting
150,2020-02-10 09:55:00,,2024-02-10 09:52:00,Joshua's Photography Business,Photographer,8 Coventry ST,Mission Hill,MA,2120,42.336847,-71.08586400000002,False,Roxbury,photographer
151,2026-02-27 15:09:00,,2030-02-27 15:07:00,JP TECH,retail/consumer electronics,41 Ellingwood ST,Mission Hill,MA,2120,42.32892,-71.10885999999999,True,Roxbury,retail/consumer electronics
152,2019-11-27 14:20:00,,2023-11-27 14:19:00,JVM Services,Tax Services,37 Warwick ST,Mission Hill,MA,2120,42.33605,-71.08451000000002,False,Roxbury,tax services
153,2020-07-13 14:48:00,7/5/24 13:22,2028-07-05 13:15:00,Keith Cerone Glass,On-Line Glass Art Sales,42 Wait ST,Mission Hill,MA,2120,42.331886,-71.106313,True,Roxbury,on-line glass art sales
154,2020-11-06 11:59:00,12/16/24 16:42,2028-12-16 13:59:00,Kinetic Remedy,private fitness facility,1470 Tremont ST,Mission Hill,MA,2120,42.331779,-71.09805499999999,True,Roxbury,private fitness facility
155,2022-03-03 09:39:00,,2026-03-03 09:37:00,King Chief Smoke Shop,Smoke Shop,1027 Tremont ST,Mission Hill,MA,2120,42.33681,-71.08533799999998,False,Roxbury,smoke shop
156,2021-04-01 10:14:00,,2025-04-01 10:13:00,Kittiwake Card Company,stationery,60 Wait ST,Mission Hill,MA,2120,42.331101,-71.10663199999999,False,Roxbury,stationery
157,2021-12-14 11:09:00,,2025-12-14 11:08:00,KRISVON TRANSPORT SERVICES,UBER,1 Greenwich ST,Mission Hill,MA,2120,42.33534,-71.08341999999999,False,Roxbury,uber
158,2022-06-29 14:58:00,,2026-06-29 11:57:00,Kumi,Virtual Delivery Service,1626 Tremont ST,Mission Hill,MA,2120,42.333677,-71.10399100000001,True,Roxbury,virtual delivery service
159,2025-10-21 13:28:00,,2029-10-21 11:20:00,Largo Boston,"Engage in the design, development, manufacturing and sell of indoor furniture or household goods",52 Fisher AV,Mission Hill,MA,2120,42.327566,-71.10229300000003,True,Roxbury,"engage in the design, development, manufacturing and sell of indoor furniture or household goods"
160,2023-08-24 10:45:00,,2027-08-24 10:41:00,Learn and Play Day Care Center,Day Care,1073 Tremont ST,Mission Hill,MA,2120,42.336197,-71.08683200000002,True,Roxbury,day care
161,2016-06-22 00:00:00,2/17/23 11:38,2027-02-17 11:37:00,LEASH,DOG WALKING,5 Wensley ST,Mission Hill,MA,2120,42.326776,-71.100345,True,Roxbury,dog walking
162,2022-10-03 13:33:00,,2026-10-03 12:44:00,Legacy Real Estate,Real Estate,810 Parker ST,Mission Hill,MA,2120,42.328222,-71.09890999999999,True,Roxbury,real estate
163,2015-05-07 00:00:00,,2019-05-07 00:00:00,LEXISNEXIS,INFORMATION PROVIDER,22 Hammond ST,Mission Hill,MA,2120,42.334656,-71.082359,False,Roxbury,information provider
164,2015-09-16 00:00:00,,2019-09-16 00:00:00,LEXISNEXIS,WITHDRAWAL (5/7/15),22 Hammond ST,Mission Hill,MA,2120,42.334656,-71.082359,False,Roxbury,withdrawal (5/7/15)
165,2016-02-11 00:00:00,3/26/24 14:28,2028-03-26 14:27:00,LILLY'S GOURMET PASTA EXPRESS,RESTAURANT,1528 Tremont ST,Mission Hill,MA,2120,42.332317,-71.100031,True,Roxbury,restaurant
166,2021-03-01 14:27:00,3/6/25 13:08,2029-03-06 12:09:00,LIZ'S HAIR CARE,HAIR SALON,1605 Tremont ST,Mission Hill,MA,2120,42.33372,-71.10264000000001,True,Roxbury,hair salon
167,2020-08-04 13:35:00,9/16/24 10:07,2028-09-17 10:01:00,Los Memisos Especias y Productos,spice retail,5 Greenwich ST,Mission Hill,MA,2120,42.33535,-71.08344999999997,True,Roxbury,spice retail
168,2018-06-25 13:01:00,7/27/22 10:31,2026-07-27 10:30:00,Lotus Designs,Retail Flower Store,977 Tremont ST,Mission Hill,MA,2120,42.33741,-71.08424000000002,True,Roxbury,retail flower store
169,2023-12-01 12:35:00,,2027-12-01 10:38:00,Luke Adams,Short Term Rental,2 Gore ST,Mission Hill,MA,2120,42.3307,-71.09674999999999,True,Roxbury,short term rental
170,2024-10-07 12:07:00,,2028-10-07 11:55:00,LYC Cleaning Services,Cleaning Services,9 Greenwich ST,Mission Hill,MA,2120,42.33538,-71.08350999999999,True,Roxbury,cleaning services
171,2019-01-28 13:44:00,1/20/23 14:09,2027-01-20 13:36:00,Machy Productions,Music/ Disc Jockey,30 Iroquois ST,Mission Hill,MA,2120,42.329952,-71.10435899999999,True,Roxbury,music/ disc jockey
172,2013-04-04 00:00:00,,2017-04-04 00:00:00,MAMA'S PLACE,WITHDRAWAL (7/18/2011),764A Huntington AV,Mission Hill,MA,2120,42.33331,-71.10600999999997,False,Roxbury,withdrawal (7/18/2011)
173,2017-03-15 11:51:00,12/12/25 14:28,2029-12-12 14:25:00,MAMA'S PLACE,RESTUARANT,764A Huntington AV,Mission Hill,MA,2120,42.33331,-71.10600999999997,True,Roxbury,restuarant
174,2015-02-18 00:00:00,,2019-02-18 00:00:00,MARTIN'S BEEPER REPAIR SHOP,WITHDRAWAL (5/27/14),1564 Tremont ST,Mission Hill,MA,2120,42.332962,-71.10180500000001,False,Roxbury,withdrawal (5/27/14)
175,2014-05-27 00:00:00,,2018-05-27 00:00:00,MARTIN'S BEEPER REPAIR SHOP,TELECOMMUNICATIONS,1564 Tremont ST,Mission Hill,MA,2120,42.332962,-71.10180500000001,False,Roxbury,telecommunications
176,2024-05-21 12:11:00,,2028-05-21 12:11:00,Mass 4 Seasons Realty,Real Estate Brokerage Agency,72 Fisher AV,Mission Hill,MA,2120,42.327687,-71.103024,True,Roxbury,real estate brokerage agency
177,2016-07-18 12:30:00,8/20/21 11:21,2025-08-20 11:20:00,Mass Movement,Entertainment,1050 Tremont ST,Mission Hill,MA,2120,42.33597,-71.08587,False,Roxbury,entertainment
178,2015-03-13 00:00:00,,2019-03-13 00:00:00,MAY'S CAFE,WITHDRAWAL (4/16/14),1 Stockwell ST,Boston,MA,2120,42.332188,-71.10692499999999,False,Roxbury,withdrawal (4/16/14)
179,2021-12-01 13:50:00,,2025-12-01 13:49:00,"MENNAB, The Gift Shop at ISBCC",General Merchandise,100 Malcolm X BL,Roxbury,MA,2120,40.75200865913591,-73.86903405866593,False,Roxbury,general merchandise
180,2024-02-08 15:42:00,,2028-02-08 15:40:00,Merengue Express,Restaurant,1415 Tremont ST,Mission Hill,MA,2120,42.331896,-71.09577000000002,True,Roxbury,restaurant
181,2017-07-11 14:52:00,7/2/25 0:00,2029-07-02 00:00:00,Metro Housing Boston,Afforable Housing,1423 Tremont ST,Mission Hill,MA,2120,42.331853,-71.09623799999997,True,Roxbury,afforable housing
182,2014-03-11 00:00:00,2/13/26 16:04,2030-02-13 16:01:00,MIKES DONUT SHOP,DONUT SHOP,1524A Tremont ST,Mission Hill,MA,2120,42.33225,-71.09994,True,Roxbury,donut shop
183,2018-02-23 12:31:00,3/16/26 12:46,2030-03-16 12:44:00,Miledy Day Care,Day Care,92A Ward ST,Mission Hill,MA,2120,42.334837,-71.09570100000002,True,Roxbury,day care
184,2022-06-22 11:49:00,,2026-06-22 11:47:00,Milestone Capital,General Business Consulting,1 Torpie ST,Mission Hill,MA,2120,42.333079,-71.10273899999999,True,Roxbury,general business consulting
185,2017-07-31 12:31:00,5/29/25 12:02,2029-05-29 12:02:00,Milkweed,Restaurant,1508 Tremont ST,Mission Hill,MA,2120,42.332147,-71.09952900000002,True,Roxbury,restaurant
186,2014-07-29 00:00:00,10/7/22 13:14,2026-10-07 13:13:00,MISSION BAR & GRILL,RESTAURANT,724 Huntington AV,Mission Hill,MA,2120,42.333848,-71.10503900000003,True,Roxbury,restaurant
187,2017-05-15 14:37:00,3/16/22 10:54,2026-03-16 10:52:00,MISSION HILL LIQUORS,LIQUOR STORE,1623 Tremont ST,Mission Hill,MA,2120,42.333896,-71.10344900000001,False,Roxbury,liquor store
188,2015-10-26 00:00:00,9/15/23 12:29,2027-09-15 11:35:00,MURPH&MOOSE,ONLINE RETAIL,26 Pontiac ST,Mission Hill,MA,2120,42.331933,-71.10089499999998,True,Roxbury,online retail
189,2023-02-02 09:57:00,,2027-02-02 09:56:00,Murray Transport,Transport Of Goods,32A Mcgreevey WY,Mission Hill,MA,2120,42.334617,-71.09738099999998,True,Roxbury,transport of goods
190,2020-09-14 13:44:00,9/5/24 15:19,2028-09-05 12:01:00,NEDC,Residential Remodeling,103 Terrace ST,Mission Hill,MA,2120,42.328829,-71.098276,True,Roxbury,residential remodeling
191,2020-07-15 15:18:00,11/7/24 16:46,2028-11-07 11:40:00,New England Baptist Clinical Care Collabortive,healthcare integration,125 Parker Hill AVE,Mission Hill,MA,2120,42.329771,-71.10682800000001,True,Roxbury,healthcare integration
192,2016-10-27 14:12:00,11/15/21 9:02,2025-11-15 09:00:00,New England Brake & Auto Repair,Auto Repair,22 Terrace ST,Mission Hill,MA,2120,42.331048,-71.09618899999998,False,Roxbury,auto repair
193,2016-10-27 14:12:00,,,New England Brake Center,Auto Repair,22 Terrace ST,Mission Hill,MA,2120,42.331048,-71.09618899999998,False,Roxbury,auto repair
194,2014-11-13 00:00:00,10/31/22 13:53,2026-10-31 11:38:00,"NEW ENGLAND DESIGN & CONSTRUCTION ,",RESIDENTIAL REMODELING,103 Terrace ST,Mission Hill,MA,2120,42.328829,-71.098276,True,Roxbury,residential remodeling
195,2020-09-14 13:46:00,9/5/24 15:20,2028-09-05 11:58:00,New Era Design and Construction,Residential Remodeling,103 Terrace ST,Mission Hill,MA,2120,42.328829,-71.098276,True,Roxbury,residential remodeling
196,2024-03-14 09:39:00,,2028-03-14 09:38:00,Nicole N Burke,Book keeping,1050 Tremont ST,Mission Hill,MA,2120,42.33597,-71.08587,True,Roxbury,book keeping
197,2015-06-04 00:00:00,7/12/19 15:17,2023-07-12 15:09:00,NIGHT SERVICE BOOKKEEPING,BOOKKEEPING,37 Calumet ST,Mission Hill,MA,2120,42.332743,-71.10571299999998,False,Roxbury,bookkeeping
198,2018-11-30 14:39:00,,2022-11-30 14:37:00,Nirvana Luxury Hair,Online Retail Beauty Products,100 Madison Park CT,Mission Hill,MA,2120,42.330867,-71.08527100000003,False,Roxbury,online retail beauty products
199,2018-08-29 13:21:00,,2022-08-29 13:19:00,NOTEN Life Consulting,Consulting,112A Ward ST,Mission Hill,MA,2120,42.335027,-71.096181,False,Roxbury,consulting
200,2023-06-27 14:41:00,,2027-06-27 14:40:00,Nubian Archery Club,Archery Club,291 Roxbury ST,Roxbury,MA,2120,42.330384,-71.094357,True,Roxbury,archery club
201,2023-06-27 14:27:00,,2027-06-27 14:22:00,Nubian Square Farmers Market,Marketplace,291 Roxbury ST,Roxbury,MA,2120,42.330384,-71.094357,True,Roxbury,marketplace
202,2023-06-27 14:26:00,,2027-06-27 14:19:00,Nubian Square Florist,Agriculture,291 Roxbury ST,Roxbury,MA,2120,42.330384,-71.094357,True,Roxbury,agriculture
203,2023-06-27 14:26:00,,2027-06-27 14:20:00,Nubian Square Main Streets,Business Consultation and Development,291 Roxbury ST,Roxbury,MA,2120,42.330384,-71.094357,True,Roxbury,business consultation and development
204,2022-01-20 10:45:00,,2026-01-20 10:43:00,Off The Wall,TV Mounting Service,100 Cabot ST,Mission Hill,MA,2120,42.333359,-71.087806,False,Roxbury,tv mounting service
205,2023-04-18 15:49:00,,2027-04-18 15:48:00,One Caddy Lux Ride,Livery Services,1050 Tremont ST,Mission Hill,MA,2120,42.33597,-71.08587,True,Roxbury,livery services
206,2023-06-05 09:29:00,,2027-06-05 09:27:00,One Task At A Time Landscaping,Landscaping,17 Hammond ST,Mission Hill,MA,2120,42.33539,-71.08206000000001,True,Roxbury,landscaping
207,2017-01-09 15:49:00,,,P J Repairs,,637 Parker ST,Mission Hill,MA,2120,42.333868,-71.09593899999999,False,Roxbury,
208,2022-03-14 09:56:00,,2026-03-14 09:55:00,P.A. LANDSCAPING & HOME IMPROVEMENT,landscaping/home improvement,34 Fisher AV,Mission Hill,MA,2120,42.327344,-71.10141299999998,False,Roxbury,landscaping/home improvement
209,2024-11-07 08:50:00,,2028-11-07 08:48:00,Painting Solution,Home Improvement Contractor,5 Kerr PL,Mission Hill,MA,2120,42.33389,-71.08459099999999,True,Roxbury,home improvement contractor
210,2022-12-28 09:55:00,,2026-12-28 09:53:00,Parker Realty,Property Management,1605 Tremont ST,Mission Hill,MA,2120,42.33372,-71.10264000000001,True,Roxbury,property management
211,2013-06-06 00:00:00,,2017-06-06 00:00:00,PENA'S MARKET,GROCERY,1053 Tremont ST,Mission Hill,MA,2120,42.336501,-71.08595300000002,False,Roxbury,grocery
212,2015-09-02 00:00:00,,2019-09-02 00:00:00,PENA'S MARKET,WITHDRAWAL (6/6/13),1053 Tremont ST,Mission Hill,MA,2120,42.336501,-71.08595300000002,False,Roxbury,withdrawal (6/6/13)
213,2018-02-26 15:59:00,,2022-02-26 15:38:00,Planet Fitness,Health Club,1199 Tremont ST,Mission Hill,MA,2120,42.334131,-71.09084200000001,False,Roxbury,health club
214,2016-01-19 00:00:00,2/21/24 14:28,2028-02-21 14:28:00,PREMIER BOSTON REALTY,REAL ESTATE,144 Smith ST,Mission Hill,MA,2120,42.334827,-71.10232100000002,True,Roxbury,real estate
215,2022-07-22 16:21:00,,2026-07-22 16:19:00,PRODUCT OF A SINGLE MOTHER,ONLINE RETAIL,15 Delle AV,Mission Hill,MA,2120,42.33101,-71.09815000000003,True,Roxbury,online retail
216,2022-03-16 10:05:00,,2026-03-16 10:03:00,PROFESSIONALLY AFFORDABLE CAR RENTALS,CAR SHARE,34 Fisher AV,Mission Hill,MA,2120,42.327344,-71.10141299999998,False,Roxbury,car share
217,2021-12-08 11:33:00,1/12/26 13:23,2030-01-12 13:00:00,Q Nails & Spa,Nail Salon & Spa,712 Huntington AV,Mission Hill,MA,2120,42.334307,-71.103813,True,Roxbury,nail salon & spa
218,2023-12-12 12:10:00,,2027-12-12 12:08:00,Quest Films and Real Estate,Management,88 Hammond ST,Mission Hill,MA,2120,42.336315,-71.083484,True,Roxbury,management
219,2023-12-12 12:17:00,,2027-12-12 12:11:00,Quest Publishing,Publishing,88 Hammond ST,Mission Hill,MA,2120,42.336315,-71.083484,True,Roxbury,publishing
220,2019-11-05 11:35:00,,2023-11-05 11:34:00,Quick Pick Convenience,Convenience Store,971A Tremont ST,Mission Hill,MA,2120,42.337567,-71.08407499999998,False,Roxbury,convenience store
221,2015-03-18 00:00:00,3/16/23 14:53,2027-03-16 14:51:00,QUICKPICK CONVENIENCE,CONVENIENCE STORE,973 Tremont ST,Mission Hill,MA,2120,42.337486,-71.08410600000002,True,Roxbury,convenience store
222,2022-07-15 11:25:00,,2026-07-15 11:20:00,R&R's Finest Auto Glass,Auto Glass Shop,110 Terrace ST,Mission Hill,MA,2120,42.328395,-71.09810700000003,True,Roxbury,auto glass shop
223,2024-09-30 13:45:00,,2028-09-30 13:44:00,R.D.C,Cleaning Services,10 Hammond ST,Mission Hill,MA,2120,42.334367,-71.08245399999998,True,Roxbury,cleaning services
224,2015-10-15 00:00:00,10/23/19 15:16,2023-10-23 15:14:00,RAINBOW DAY CARE,DAY CARE,75 Saint Alphonsus ST,Mission Hill,MA,2120,42.334267,-71.10092600000002,False,Roxbury,day care
225,2017-02-03 11:32:00,9/5/25 16:07,2029-09-05 16:02:00,Realty Holdings,Property Management and Trading,1 Sussex ST,Mission Hill,MA,2120,42.33621,-71.08354600000001,True,Roxbury,property management and trading
226,2025-04-09 10:52:00,,2029-04-09 10:50:00,RecruitSeq,Recruitment Consulting Services,9 Burney ST,Mission Hill,MA,2120,42.331944,-71.09965699999998,True,Roxbury,recruitment consulting services
227,2015-09-16 00:00:00,,2019-09-16 00:00:00,REED EXHIBITIONS,WITHDRAWAL (6/22/15),22 Hammond ST,Mission Hill,MA,2120,42.334656,-71.082359,False,Roxbury,withdrawal (6/22/15)
228,2018-01-31 15:00:00,4/19/22 15:36,2026-04-19 12:30:00,Refugee and Immigrant Assistance Center Community Counseling,Mental Health Clinic,253 Roxbury ST,Roxbury,MA,2120,42.330343,-71.09342600000002,True,Roxbury,mental health clinic
229,2020-11-17 10:11:00,12/13/24 16:05,2028-12-13 16:03:00,Reginald L. Jackson Photography,Photography,71 Windsor ST,Mission Hill,MA,2120,42.335317,-71.084341,True,Roxbury,photography
230,2025-09-15 16:32:00,,2029-09-15 11:47:00,Revel Routes and Roots Travel,Travel/Leisure Travel,41 Hammond ST,Mission Hill,MA,2120,42.33551,-71.08249999999998,True,Roxbury,travel/leisure travel
231,2017-04-07 14:52:00,5/8/23 15:00,2027-05-08 14:58:00,Robin Auto Body,Auto Body Shop,110 Terrace ST,Mission Hill,MA,2120,42.328395,-71.09810700000003,True,Roxbury,auto body shop
232,2012-10-12 00:00:00,,2016-10-12 00:00:00,ROBIN AUTO BODY,WITHDRAWAL (6/14/11),110 Terrace ST,Mission Hill,MA,2120,42.328395,-71.09810700000003,False,Roxbury,withdrawal (6/14/11)
233,2022-11-04 14:36:00,,2026-11-04 14:33:00,Robyn Renae Photography,Photography,36 Delle AV,Mission Hill,MA,2120,42.331065,-71.09910500000001,True,Roxbury,photography
234,2023-03-31 11:25:00,,2027-03-31 11:22:00,Rodriguez Pro Paint,Painting Services,65 Dewitt DR,Mission Hill,MA,2120,42.334322,-71.08422999999999,True,Roxbury,painting services
235,2014-08-11 00:00:00,8/3/18 12:39,2022-08-03 12:35:00,ROSIE'S BEAUTY SALON,HAIR SALON,80 Hammond ST,Mission Hill,MA,2120,42.336157,-71.08334100000002,False,Roxbury,hair salon
236,2019-06-26 09:35:00,,2023-06-26 09:35:00,Royalty Management,property management,13 Brook Marshall RD,Mission Hill,MA,2120,42.334799,-71.08603299999999,False,Roxbury,property management
237,2020-08-27 12:04:00,,2024-08-27 12:03:00,Ruggles Pizza and Cafe,pizza and cafe,249 Ruggles ST,Boston,MA,2120,42.336487,-71.08917400000001,False,Roxbury,pizza and cafe
238,2019-01-17 15:26:00,,2023-01-17 15:25:00,S Jewels,Online Boutique,19 Sojourner Truth CT,Mission Hill,MA,2120,42.333615,-71.08576600000004,False,Roxbury,online boutique
239,2023-11-14 09:33:00,,2027-11-14 09:17:00,S. Anderson Notary & Services,Notary & Services,1050 Tremont ST,Mission Hill,MA,2120,42.33597,-71.08587,True,Roxbury,notary & services
240,2013-01-22 00:00:00,,2017-01-22 00:00:00,SAFETY AUTO SCHOOL,AUTO SCHOOL - CH BUS LOC 12/22/14,1 Stockwell ST,Boston,MA,2120,42.332188,-71.10692499999999,False,Roxbury,auto school - ch bus loc 12/22/14
241,2016-01-08 00:00:00,,2020-01-08 00:00:00,SAFETY AUTO SCHOOL,WITHDRAWAL (1/22/13),1 Stockwell ST,Boston,MA,2120,42.332188,-71.10692499999999,False,Roxbury,withdrawal (1/22/13)
242,2021-02-11 14:22:00,,2025-02-11 11:26:00,"SAMUEL ZARZOUR, ATTORNEY AT LAW",LAW OFFICE,1570 Tremont ST,Mission Hill,MA,2120,42.3331,-71.10216000000003,False,Roxbury,law office
243,2026-01-09 12:31:00,,2030-01-09 12:28:00,SeiyoTalent,Employment Placement/Recruiting,774 Parker ST,Mission Hill,MA,2120,42.329774,-71.09844499999997,True,Roxbury,employment placement/recruiting
244,2021-09-23 12:50:00,,2025-09-23 12:40:00,Shill Transportation,Uber,31 Mcgreevey WY,Mission Hill,MA,2120,42.334887,-71.09714099999997,False,Roxbury,uber
245,2022-06-23 12:32:00,,2026-06-23 12:31:00,Sid's Adventures,Support Mentor For Children,735 Shawmut AV,Mission Hill,MA,2120,42.33278,-71.08386000000002,True,Roxbury,support mentor for children
246,2019-06-28 12:30:00,6/8/23 14:02,2027-06-08 14:00:00,Siena Lee,Short Term Rental,88 Alleghany ST,Mission Hill,MA,2120,42.331163,-71.10131200000001,True,Roxbury,short term rental
247,2018-02-22 10:07:00,7/22/22 16:21,2026-07-22 16:15:00,Simply Tafari,Online Retail,15 Delle AV,Mission Hill,MA,2120,42.33101,-71.09815000000003,True,Roxbury,online retail
248,2025-12-10 12:29:00,,2029-12-10 12:26:00,SIP CITY LIQUORS,LIQUOR STORE,1623 Tremont ST,Roxbury,MA,2120,42.333896,-71.10344900000001,True,Roxbury,liquor store
249,2019-09-18 14:02:00,,2023-09-18 13:58:00,SNM Limo Service,Limo Service,21 Greenwich ST,Mission Hill,MA,2120,42.335549,-71.08384699999999,False,Roxbury,limo service
250,2013-09-27 00:00:00,9/29/25 16:32,2029-09-29 08:40:00,Sodexo @New England Baptist Hospital,FACILITIES MGT,125 Parker Hill AVE,Mission Hill,MA,2120,42.329771,-71.10682800000001,True,Roxbury,facilities mgt
251,2025-10-27 13:50:00,,2029-10-27 11:46:00,Sodexo at New England Baptist Transport,Food Service Management,125 Parker Hill AVE,Mission Hill,MA,2120,42.329771,-71.10682800000001,True,Roxbury,food service management
252,2018-01-02 13:03:00,12/15/25 11:32,2029-12-15 11:28:00,Solid Ground Cafe,Cafe,742 Huntington AV,Mission Hill,MA,2120,42.333677,-71.10544099999998,True,Roxbury,cafe
253,2026-01-29 11:08:00,,2030-01-29 11:07:00,Solomon Clarke Music,Music and Entertainment Services,7 Estey ST,Mission Hill,MA,2120,42.328,-71.10738000000003,True,Roxbury,music and entertainment services
254,2020-10-06 10:43:00,,2024-10-06 10:42:00,Sons Against Violence,non profit,26 Wensley ST,Mission Hill,MA,2120,42.327117,-71.10175099999998,False,Roxbury,non profit
255,2013-09-20 00:00:00,,2017-09-20 00:00:00,STATION 10 CAFE,CAFETERIA,1199 Tremont ST,Mission Hill,MA,2120,42.334131,-71.09084200000001,False,Roxbury,cafeteria
256,2015-11-05 00:00:00,,2019-11-05 00:00:00,STATION 10 CAFE,WITHDRAWAL (9/20/13),1199 Tremont ST,Mission Hill,MA,2120,42.334131,-71.09084200000001,False,Roxbury,withdrawal (9/20/13)
257,2023-06-01 14:11:00,,2027-06-01 12:00:00,Steve & Kate's Camp-Fenway,Summer Day Camp For Kids,94 Saint Alphonsus ST,Mission Hill,MA,2120,42.333225,-71.100617,True,Roxbury,summer day camp for kids
258,2022-06-29 15:42:00,,2026-06-29 11:54:00,Stonie Bowls,Virtual Delivery Service,1626 Tremont ST,Mission Hill,MA,2120,42.333677,-71.10399100000001,True,Roxbury,virtual delivery service
259,2014-02-19 00:00:00,3/17/26 16:11,2030-03-17 15:49:00,STOP & SHOP #412,SUPERMARKET,1620 Tremont ST,Mission Hill,MA,2120,42.333373,-71.10411199999999,True,Roxbury,supermarket
260,2021-11-02 12:36:00,,2025-11-02 12:35:00,SUBWAY,Restaurant,1578 Tremont ST,Mission Hill,MA,2120,42.33324,-71.10255999999998,False,Roxbury,restaurant
261,2024-02-05 14:15:00,,2028-02-05 14:14:00,Sully's Barbershop Boston,Barbershop,1596 Tremont ST,Mission Hill,MA,2120,42.333487,-71.10320100000001,True,Roxbury,barbershop
262,2025-12-17 11:38:00,,2029-12-17 11:36:00,Sunny Laundromat,Laundromat,1458 Tremont ST,Mission Hill,MA,2120,42.3316,-71.09758999999997,True,Roxbury,laundromat
263,2022-05-23 11:02:00,,2026-05-23 11:00:00,Sunset Street Cottage,Short-Term Rental,17 Sunset ST,Mission Hill,MA,2120,42.331153,-71.10888799999998,True,Roxbury,short-term rental
264,2018-05-14 10:35:00,3/24/26 11:09,2030-03-24 11:08:00,Sushi Today,Asian Restaurant,1562 Tremont ST,Mission Hill,MA,2120,42.332928,-71.10170800000003,True,Roxbury,asian restaurant
265,2015-03-25 00:00:00,3/8/19 13:06,2023-03-08 13:04:00,T & J NAIL DESIGN OF CALIFORNIA,NAIL SALON,1045 Tremont ST,Mission Hill,MA,2120,42.33657,-71.08582000000001,False,Roxbury,nail salon
266,2023-02-23 14:04:00,,2027-02-23 14:03:00,T&J Nail Design of California,Nail Salon,1045 Tremont ST,Mission Hill,MA,2120,42.33657,-71.08582000000001,True,Roxbury,nail salon
267,2024-08-19 15:59:00,,2028-08-19 14:54:00,Talbots 1305,retailer Women's Clothing,100 Huntington AV,Mission Hill,MA,2120,42.347312,-71.07812200000001,True,Roxbury,retailer women's clothing
268,2025-02-05 10:54:00,,2029-02-05 10:53:00,Tata Mini Market,Convenience Store,1055 Tremont ST,Mission Hill,MA,2120,42.336517,-71.08600100000001,True,Roxbury,convenience store
269,2018-10-31 09:24:00,11/28/22 13:23,2026-11-28 13:22:00,TAVERN OF TALES,BOARD GAME CAFE,1478 Tremont ST,Mission Hill,MA,2120,42.331771,-71.09868,True,Roxbury,board game cafe
270,2018-04-27 09:26:00,,2022-04-27 09:24:00,Teach 1 Basketball,Nonprofit Youth Basketball,156 Dewitt DR,Mission Hill,MA,2120,42.331642,-71.08505400000001,False,Roxbury,nonprofit youth basketball
271,2016-02-17 00:00:00,2/2/24 13:30,2028-02-02 13:28:00,TENNIS AVENUE,RECREATIONAL / SPORTS,116A Ward ST,Mission Hill,MA,2120,42.335205,-71.096607,True,Roxbury,recreational / sports
272,2025-03-06 15:50:00,,2029-03-06 15:39:00,TGI Fridays,Full Service Restaurant,1626 Tremont ST,Mission Hill,MA,2120,42.333677,-71.10399100000001,True,Roxbury,full service restaurant
273,2023-04-28 13:22:00,,2027-04-28 11:41:00,TGI Fridays,Full Service Restaurant/Bar,1626 Tremont ST,Mission Hill,MA,2120,42.333677,-71.10399100000001,True,Roxbury,full service restaurant/bar
274,2021-04-12 14:17:00,4/9/25 12:41,2029-04-09 11:33:00,The Baker Center For Children and Families,mental health,53 Parker Hill AV,Mission Hill,MA,2120,42.33097,-71.110049,True,Roxbury,mental health
275,2019-06-28 10:21:00,,2023-06-28 10:19:00,The Blended Box Boutique,Online Retail,32A Mcgreevey WY,Mission Hill,MA,2120,42.334617,-71.09738099999998,False,Roxbury,online retail
276,2021-07-14 15:20:00,,2025-07-14 15:19:00,The Curvy Mami,Online Store,735 Shawmut AV,Mission Hill,MA,2120,42.33278,-71.08386000000002,False,Roxbury,online store
277,2023-11-14 11:57:00,,2027-11-14 11:56:00,THE GREEN HAUS,Cafe,1520 Tremont ST,Mission Hill,MA,2120,42.33221,-71.09977000000003,True,Roxbury,cafe
278,2019-06-03 14:47:00,,2023-06-03 13:13:00,The Longwood Apartments,Apartment Building,1575 Tremont ST,ROXBURY,MA,2120,42.333478,-71.10190599999999,False,Roxbury,apartment building
279,2019-03-11 14:14:00,,2023-03-11 14:13:00,The Original MAD Hat,Retail Online,38 Hillside ST,Mission Hill,MA,2120,42.32977,-71.10072000000002,False,Roxbury,retail online
280,2015-03-13 00:00:00,4/21/23 14:59,2027-04-21 14:57:00,THE PUDDINGSTONE,RESTAURANT / BAR,1592 Tremont ST,Mission Hill,MA,2120,42.333423,-71.103096,True,Roxbury,restaurant / bar
281,2024-04-23 14:45:00,,2028-04-23 14:43:00,THE TOUCH OF PERFECTION BEAUTY ACADEMY,Trade School Education,122 Dewitt DR,Mission Hill,MA,2120,42.332876,-71.08454599999999,True,Roxbury,trade school education
282,2019-08-26 15:39:00,,2023-08-26 11:44:00,The Tremont,Apartment Building,1480 Tremont ST,Mission Hill,MA,2120,42.331685,-71.098523,False,Roxbury,apartment building
283,2021-10-25 12:37:00,,2025-10-25 12:35:00,Them Go Tire,Taxi,10 Hammond ST,Mission Hill,MA,2120,42.334367,-71.08245399999998,False,Roxbury,taxi
284,2025-07-25 15:23:00,,2029-07-25 15:22:00,Theroux Client Defense Co.,Legal Services,75 Saint Alphonsus ST,Mission Hill,MA,2120,42.334267,-71.10092600000002,True,Roxbury,legal services
285,2020-07-31 13:01:00,,2024-07-31 12:59:00,Thorough Quality Cleaning Services,Cleaning,109 Dewitt DR,Mission Hill,MA,2120,42.333415,-71.08495600000003,False,Roxbury,cleaning
286,2022-05-06 15:53:00,,2026-05-06 15:41:00,TIDY PLACE CLEANING SERVICES,Cleaning Services,7 Horadan WY,Mission Hill,MA,2120,42.333885,-71.09637900000001,True,Roxbury,cleaning services
287,2017-02-27 11:51:00,,2021-02-27 11:33:00,Tiffany & Co,Retail Store,100 Huntington AV,Mission Hill,MA,2120,42.347312,-71.07812200000001,False,Roxbury,retail store
288,2024-10-22 14:17:00,,2028-10-22 14:15:00,TIPSY'S MARKET,Convenience Store/ Beer & Wine,739 Parker ST,Mission Hill,MA,2120,42.33082,-71.09776999999997,True,Roxbury,convenience store/ beer & wine
289,2023-01-23 15:37:00,,2027-01-23 14:32:00,Trell Legacy Real Estate,Real Estate,810 Parker ST,Mission Hill,MA,2120,42.328222,-71.09890999999999,True,Roxbury,real estate
290,2015-11-13 00:00:00,2/21/24 15:26,2028-02-21 15:21:00,Tremont House of Pizza,ONLINE PIZZA MENU,1590 Tremont ST,Mission Hill,MA,2120,42.3334,-71.10305,True,Roxbury,online pizza menu
291,2019-10-02 09:51:00,,2023-10-02 09:47:00,Tutelaye Realty Trust,Short-Term Rental,1 Torpie ST,Mission Hill,MA,2120,42.333079,-71.10273899999999,False,Roxbury,short-term rental
292,2019-10-30 11:05:00,,2023-10-30 11:03:00,Tutelaye Realty Trust,Short Term Rental,1 Torpie ST,Mission Hill,MA,2120,42.333079,-71.10273899999999,False,Roxbury,short term rental
293,2023-10-19 16:06:00,,2027-10-19 16:02:00,TUTELAYE REALTY TRUST,Short Term Rental,1 Torpie ST,Mission Hill,MA,2120,42.333079,-71.10273899999999,True,Roxbury,short term rental
294,2019-09-18 10:04:00,,2023-09-18 10:03:00,Tyler Calumet Management,Educational Production Management,36 Calumet ST,Mission Hill,MA,2120,42.332756,-71.10524599999997,False,Roxbury,educational production management
295,2018-07-19 14:15:00,7/1/22 12:22,2026-07-01 10:57:00,U-BE-U4-U EMPROVEMENT SERVICES OF BOSTON,TRAINING & LIFE COACHING,41 Hammond ST,Mission Hill,MA,2120,42.33551,-71.08249999999998,True,Roxbury,training & life coaching
296,2025-02-25 13:00:00,,2029-02-25 12:56:00,Universal Painting,Painting,25 Whittier ST,Mission Hill,MA,2120,42.333919,-71.088572,True,Roxbury,painting
297,2019-04-11 12:18:00,,2023-04-11 12:15:00,Uplifting Little Divas,Pagent Organization,18 Raynor CI,Mission Hill,MA,2120,42.33454,-71.086251,False,Roxbury,pagent organization
298,2018-08-16 11:36:00,9/8/22 10:04,2026-09-08 10:03:00,Vanity Loft Hair Salon,Hair Salon,1472 Tremont ST,Mission Hill,MA,2120,42.33181,-71.09814,True,Roxbury,hair salon
299,2020-02-28 13:07:00,4/16/25 9:29,2029-04-16 09:26:00,Wai Chan Chan Short Term Rental,Short Term Rental,263 Roxbury ST,Roxbury,MA,2120,42.33048,-71.09357,True,Roxbury,short term rental
300,2015-03-12 00:00:00,3/11/19 12:45,2023-03-11 12:25:00,WALGREENS #07189,RETAIL DRUG STORE,1622 Tremont ST,Mission Hill,MA,2120,42.333726,-71.10449399999999,False,Roxbury,retail drug store
301,2022-06-13 11:09:00,,2026-06-13 11:06:00,WATERMAN TRANS,TAXI,10 Hammond ST,Mission Hill,MA,2120,42.334367,-71.08245399999998,True,Roxbury,taxi
302,2016-01-05 00:00:00,11/29/23 12:55,2027-11-29 11:36:00,WHITTIER STREET HEALTH CENTER,NON PROFIT CORPORATION,1290 Tremont ST,Mission Hill,MA,2120,42.332743,-71.09196500000002,True,Roxbury,non profit corporation
303,2014-11-06 00:00:00,9/12/22 14:35,2026-09-12 11:48:00,WINNRESIDENTIAL - MISSION MAIN,PROPERTY MANAGEMENT,43 Smith ST,Mission Hill,MA,2120,42.334312,-71.09763900000002,True,Roxbury,property management
304,2015-10-06 00:00:00,8/30/23 10:58,2027-08-30 10:17:00,WINNRESIDENTIAL - OLIVER LOFTS,PROPERTY MANAGEMENT,166 Terrace ST,Mission Hill,MA,2120,42.326603,-71.09862099999998,True,Roxbury,property management
305,2018-02-26 16:01:00,2/12/26 16:57,2030-02-12 12:39:00,WinnResidential- Oliver Lofts II,Property management,166 Terrace ST,Mission Hill,MA,2120,42.326603,-71.09862099999998,True,Roxbury,property management
306,2013-09-30 00:00:00,5/30/25 14:18,2029-05-30 11:14:00,WINNRESIDENTIAL-MADISON PARK III,REAL ESTATE MANAGEMENT,122 Dewitt DR,Mission Hill,MA,2120,42.332876,-71.08454599999999,True,Roxbury,real estate management
307,2013-09-30 00:00:00,5/30/25 14:21,2029-05-30 11:16:00,WINNRESIDENTIAL-MADISON PARK IV,REAL ESTATE MANAGEMENT,40 Raynor CI,Mission Hill,MA,2120,42.334739,-71.086589,True,Roxbury,real estate management
308,2025-05-30 14:38:00,,2029-05-30 13:17:00,WinnResidential-Smith House,Property Management,757 Shawmut AV,Mission Hill,MA,2120,42.332168,-71.084519,True,Roxbury,property management
309,2022-06-16 15:08:00,,2026-06-16 11:12:00,WOW BAO,VIRTUAL DELIVERY SERVICE,1626 Tremont ST,Mission Hill,MA,2120,42.333677,-71.10399100000001,True,Roxbury,virtual delivery service
310,2021-09-09 14:53:00,,2025-09-09 14:51:00,XAGALLE LIMO SERVICE,UBER/LYFT,39A Mcgreevey WY,Mission Hill,MA,2120,42.334947,-71.09731099999999,False,Roxbury,uber/lyft
311,2018-04-26 10:40:00,6/22/22 12:20,2026-06-22 12:14:00,Xilef Arts,Online Retail,166 Terrace ST,Mission Hill,MA,2120,42.326603,-71.09862099999998,True,Roxbury,online retail
312,2024-12-16 12:20:00,,2028-12-16 12:16:00,Xtreme Plowing & Services,Plowing,118 Terrace ST,Mission Hill,MA,2120,42.328395,-71.09810700000003,True,Roxbury,plowing
313,2022-10-28 16:08:00,,2026-10-28 16:07:00,Yellow Door Taqueria,Restaurant,1619 Tremont ST,Mission Hill,MA,2120,42.333842,-71.103341,True,Roxbury,restaurant
314,2023-06-27 14:26:00,,2027-06-27 14:18:00,Yorkshire Farm's Ltd.,Agriculture,291 Roxbury ST,Roxbury,MA,2120,42.330384,-71.094357,True,Roxbury,agriculture
315,2022-12-01 15:39:00,,2026-12-01 15:39:00,1 Heat Pump,Marketing,110 Stuart ST,Boston,MA,2116,42.350841,-71.06559700000003,True,Back Bay/Beacon Hill,marketing
316,2026-02-12 11:00:00,,2030-02-12 10:59:00,120 FELTON STREET PROPERTIES WALTHAM,Rental,11 Cazenove ST,Boston,MA,2116,42.347073,-71.07281799999998,True,Back Bay/Beacon Hill,rental
317,2024-04-24 14:54:00,,2028-04-24 10:34:00,137 W CANTON ST RENTAL,SHORT TERM RENTAL,137 Canton ST,Roxbury,MA,2116,42.342789,-71.07473500000003,True,Back Bay/Beacon Hill,short term rental
318,2019-08-15 14:11:00,10/13/23 15:22,2027-10-13 12:39:00,14 WINCHESTER ST,SHORT TERM RENTAL,14 Winchester ST,Boston,MA,2116,42.34968,-71.067657,True,Back Bay/Beacon Hill,short term rental
319,2019-12-11 09:21:00,,2023-12-11 09:20:00,167 Beacon PH,Short Term Rental,167 Beacon ST,Boston,MA,2116,42.354355,-71.07549,False,Back Bay/Beacon Hill,short term rental
320,2022-10-31 11:53:00,,2026-10-31 11:49:00,17 GRAY ST AIRBNB,Short Term Rental,17 Gray ST,Boston,MA,2116,42.345764,-71.07110999999998,True,Back Bay/Beacon Hill,short term rental
321,2024-04-22 16:00:00,,2028-04-22 11:13:00,19 Gray Air BnB,Air Bnb,19 Gray ST,Boston,MA,2116,42.345747,-71.07117,True,Back Bay/Beacon Hill,air bnb
322,2019-04-02 11:52:00,,2023-04-02 11:49:00,2024 NewBury St,Retail Watches,20 Newbury ST,Boston,MA,2116,42.352043,-71.072315,False,Back Bay/Beacon Hill,retail watches
323,2019-10-28 15:57:00,10/24/23 11:19,2027-10-24 11:15:00,27 Fayette Street STR,Short-Term Rental,27 Fayette ST,Boston,MA,2116,42.348966,-71.067523,True,Back Bay/Beacon Hill,short-term rental
324,2021-02-25 14:33:00,4/11/25 15:00,2029-04-11 14:31:00,31 Winchester Street,short term rental,31 Winchester ST,Boston,MA,2116,42.349629,-71.06879300000003,True,Back Bay/Beacon Hill,short term rental
325,2019-06-20 13:44:00,6/9/23 11:44,2027-06-09 10:57:00,49 Lawrence Street #2,Short Term Rental,49 Lawrence ST,Boston,MA,2116,42.345587,-71.07457099999999,True,Back Bay/Beacon Hill,short term rental
326,2022-11-22 15:31:00,,2026-11-22 11:35:00,51 Church Street,Hospitality,51 Church ST,Boston,MA,2116,42.349744,-71.06827699999997,True,Back Bay/Beacon Hill,hospitality
327,2020-01-15 11:57:00,12/27/23 14:53,2027-12-27 11:33:00,54 Chandler St Rental,Short Term Rental,54 Chandler ST,Boston,MA,2116,42.346654,-71.07153700000003,True,Back Bay/Beacon Hill,short term rental
328,2023-05-01 15:40:00,,2027-05-01 11:44:00,79 Montgomery St Apt3 Short Term Rental,STR,79 Montgomery ST,Boston,MA,2116,42.343499,-71.07494400000002,True,Back Bay/Beacon Hill,str
329,2024-03-20 14:35:00,,2028-03-20 13:24:00,7-Eleven 32466C,Convenience Store,261 Dartmouth ST,Boston,MA,2116,42.350481,-71.07731999999999,True,Back Bay/Beacon Hill,convenience store
330,2021-10-22 13:41:00,11/3/25 10:41,2029-11-03 10:37:00,7-ELEVEN 32480C,CONVENIENCE STORE,8 Park PZ,Boston,MA,2116,42.351214,-71.06642599999998,True,Back Bay/Beacon Hill,convenience store
331,2022-10-13 15:18:00,,2026-10-13 13:04:00,9 Cazenove Inn,STR,9 Cazenove ST,Boston,MA,2116,42.347028,-71.07279499999999,True,Back Bay/Beacon Hill,str
332,2025-07-17 16:45:00,,2029-07-17 16:41:00,A Great Massage,Massage Therapy,262 Beacon ST,Boston,MA,2116,42.353585,-71.08032700000001,True,Back Bay/Beacon Hill,massage therapy
333,2020-11-10 10:52:00,,2024-11-10 10:16:00,A Ray of Sunshine,Independent Beauty Consultant,405 Columbus AV,Boston,MA,2116,42.344659,-71.07704799999999,False,Back Bay/Beacon Hill,independent beauty consultant
334,2024-11-12 15:30:00,,2028-11-12 12:09:00,a&be x anna be,retail bridal shop,437 Boylston ST,Boston,MA,2116,42.351491,-71.07290499999999,True,Back Bay/Beacon Hill,retail bridal shop
335,2022-04-21 12:05:00,,2026-04-21 11:55:00,A. Lange & Sohne,Retailer of Luxury Watches,10 Newbury ST,Boston,MA,2116,42.352403,-71.07184799999999,True,Back Bay/Beacon Hill,retailer of luxury watches
336,2020-08-21 10:33:00,,2024-08-21 10:29:00,AAPT Boston,Occupational School,561 Boylston ST,Boston,MA,2116,42.350696,-71.07627400000001,False,Back Bay/Beacon Hill,occupational school
337,2025-05-09 12:35:00,,2029-05-09 12:33:00,Abby's Mart,Convenience Store,75 Arlington ST,Boston,MA,2116,42.350549,-71.07041900000002,True,Back Bay/Beacon Hill,convenience store
338,2015-02-06 00:00:00,2/9/23 13:58,2027-02-09 11:42:00,ABE & LOUIE'S,RESTAURANT,793 Boylston ST,Boston,MA,2116,42.349155,-71.08155299999999,True,Back Bay/Beacon Hill,restaurant
339,2019-04-25 12:11:00,,2023-04-25 12:09:00,Aceituna Grill,Restaurant,811-813 Boylston ST,Boston,MA,2116,42.349063,-71.08228700000001,False,Back Bay/Beacon Hill,restaurant
340,2023-04-07 15:49:00,,2027-04-07 15:45:00,ACEITUNA GRILL,Restaurants,267 Newbury ST,Boston,MA,2116,42.349534,-71.08345600000001,True,Back Bay/Beacon Hill,restaurants
341,2021-08-12 14:23:00,7/17/25 15:26,2029-07-17 13:38:00,ACHELOUS SALON,SALON,266 Newbury ST,Boston,MA,2116,42.349192,-71.08320100000003,True,Back Bay/Beacon Hill,salon
342,2023-09-08 15:29:00,,2027-09-08 15:23:00,AD BEAUTY SALON,Hair Salon,231 Newbury ST,Boston,MA,2116,42.34994,-71.081908,True,Back Bay/Beacon Hill,hair salon
343,2023-03-13 16:05:00,,2027-03-13 16:03:00,Adam Kaplan Music,Film and Media,231 Beacon ST,Boston,MA,2116,42.353705,-71.07795299999998,True,Back Bay/Beacon Hill,film and media
344,2023-01-30 12:24:00,,2027-01-30 12:22:00,Adler Grier Jewelry,Online jewelry sales,274 Beacon ST,Boston,MA,2116,42.353456,-71.08094399999999,True,Back Bay/Beacon Hill,online jewelry sales
345,2015-05-21 00:00:00,6/9/23 11:47,2027-06-09 11:14:00,ADVANCED COMMUNICATIONS,PROPERTY MANAGEMENT,110 Newbury ST,Boston,MA,2116,42.351223,-71.075763,True,Back Bay/Beacon Hill,property management
346,2024-01-18 14:55:00,,2028-01-18 14:54:00,AER on Newbury,Personal Training/Fitness/ Rehab,14 Newbury ST,Boston,MA,2116,42.35219,-71.07206100000002,True,Back Bay/Beacon Hill,personal training/fitness/ rehab
347,2023-10-18 12:54:00,,2027-10-18 12:51:00,AFC URGENT CARE BACK BAY,Urgent care clinic,575 Boylston ST,Boston,MA,2116,42.350552,-71.07654000000002,True,Back Bay/Beacon Hill,urgent care clinic
348,2021-10-26 14:50:00,,2025-10-26 14:47:00,AIGO,Footwear and Clothing Retail,119 Newbury ST,Boston,MA,2116,42.351445,-71.07635900000002,False,Back Bay/Beacon Hill,footwear and clothing retail
349,2022-03-07 14:53:00,,2026-03-07 14:52:00,AJ Williams Events,Event Planning/PR,75 Newbury ST,Boston,MA,2116,42.351955,-71.07451200000003,False,Back Bay/Beacon Hill,event planning/pr
350,2015-07-20 00:00:00,7/25/23 8:53,2027-07-24 12:55:00,ALAN BILZERIAN,RETAIL CLOTHING STORE,34 Newbury ST,Boston,MA,2116,42.352024,-71.07271200000002,True,Back Bay/Beacon Hill,retail clothing store
351,2015-04-27 00:00:00,,2019-04-27 00:00:00,ALAN ROULEAU / COUTURE,WITHDRAWAL (9/19/14),85 Newbury ST,Boston,MA,2116,42.351829,-71.07491900000002,False,Back Bay/Beacon Hill,withdrawal (9/19/14)
352,2015-04-27 00:00:00,5/7/24 13:47,2028-05-07 13:44:00,ALAN ROULEAU / COUTURE,TAILORING,125 Newbury ST,Boston,MA,2116,42.351444,-71.07665099999997,True,Back Bay/Beacon Hill,tailoring
353,2014-09-19 00:00:00,,2018-09-19 00:00:00,ALAN ROULEAU/COUTURE,TAILORING,85 Newbury ST,Boston,MA,2116,42.351829,-71.07491900000002,False,Back Bay/Beacon Hill,tailoring
354,2022-02-03 13:47:00,3/4/26 9:46,2030-02-04 09:46:00,Alexander SAFAR SALON,Hair Salon,164 Newbury ST,Boston,MA,2116,42.350392,-71.07856300000003,True,Back Bay/Beacon Hill,hair salon
355,2019-05-08 11:54:00,8/10/23 10:28,2027-08-10 10:15:00,Algorand,Software,399 Boylston ST,Boston,MA,2116,42.351799,-71.07187799999997,True,Back Bay/Beacon Hill,software
356,2019-02-04 14:40:00,,2023-02-04 14:37:00,Align,"Physical Theraphy, Integrative",551 Boylston ST,Boston,MA,2116,42.350703,-71.07599399999998,False,Back Bay/Beacon Hill,"physical theraphy, integrative"
357,2015-10-15 00:00:00,11/2/23 12:50,2027-11-02 12:49:00,ALL FIT TAILORING,TAILORING,138 Newbury ST,Boston,MA,2116,42.350869,-71.07693999999998,True,Back Bay/Beacon Hill,tailoring
358,2014-07-07 00:00:00,,2018-07-07 00:00:00,ALL FIT TAILORING,WITHDRAWAL (3/28/12),2 Clarendon ST,Boston,MA,2116,42.344244,-71.07243499999998,False,Back Bay/Beacon Hill,withdrawal (3/28/12)
359,2014-07-07 00:00:00,,2018-07-07 00:00:00,ALL FIT TAILORING,TAILORING,2 Clarendon ST,Boston,MA,2116,42.344244,-71.07243499999998,False,Back Bay/Beacon Hill,tailoring
360,2015-10-15 00:00:00,,2019-10-15 00:00:00,ALL FIT TAILORING,WITHDRAWAL (7/7/14),2 Clarendon ST,Boston,MA,2116,42.344244,-71.07243499999998,False,Back Bay/Beacon Hill,withdrawal (7/7/14)
361,2022-03-02 15:52:00,,2026-03-02 11:55:00,All Halloween Costumes,e-commerce,665 Washington ST,Boston,MA,2116,42.351874,-71.062862,False,Back Bay/Beacon Hill,e-commerce
362,2025-10-20 16:36:00,,2029-10-20 16:04:00,All Sorted,Professional Home Organizing Services,330 Beacon ST,Boston,MA,2116,42.35288,-71.08367299999998,True,Back Bay/Beacon Hill,professional home organizing services
363,2026-02-06 14:10:00,,2030-02-06 12:21:00,ALL'ANTICO VINAIO,SANDWICH SHOP,565 Boylston ST,Boston,MA,2116,42.350613,-71.07634100000001,True,Back Bay/Beacon Hill,sandwich shop
364,2018-11-19 14:25:00,12/9/22 15:13,2026-12-09 12:36:00,ALLBIRDS,RETAIL,205 Newbury ST,Boston,MA,2116,42.350258,-71.08085900000003,True,Back Bay/Beacon Hill,retail
365,2014-08-14 00:00:00,8/10/22 14:02,2026-08-10 14:01:00,ALLEGRO DRY CLEANERS,DRY CLEAN,76 Berkeley ST,Boston,MA,2116,42.34701,-71.07123000000001,True,Back Bay/Beacon Hill,dry clean
366,2016-03-15 00:00:00,6/26/24 16:36,2028-06-26 12:26:00,ALLEN EDMONDS #39111,RETAIL STORE,141A Newbury ST,Boston,MA,2116,42.35122,-71.07720699999999,True,Back Bay/Beacon Hill,retail store
367,2014-08-11 00:00:00,7/1/22 12:14,2026-07-01 11:36:00,ALLEY424 COMMUNICATIONS,WRITER/MKTG CONSULTANT,186 Commonwealth AV,Boston,MA,2116,42.35102,-71.07974000000002,True,Back Bay/Beacon Hill,writer/mktg consultant
368,2023-12-20 09:37:00,,2027-12-20 09:32:00,Alo Yoga,Retail Store,149 Newbury ST,Boston,MA,2116,42.350958,-71.07824,True,Back Bay/Beacon Hill,retail store
369,2020-07-14 10:57:00,7/2/24 11:35,2028-07-02 11:34:00,Alpine Equity Advisors,Investments,41 Commonwealth AV,Boston,MA,2116,42.353199,-71.07489099999998,True,Back Bay/Beacon Hill,investments
370,2022-12-27 16:01:00,,2026-12-27 15:59:00,Alterra,Physical Therapy,64 Arlington ST,Boston,MA,2116,42.350708,-71.06992200000002,True,Back Bay/Beacon Hill,physical therapy
371,2022-12-27 16:01:00,,2026-12-27 15:58:00,Alterra Physical Therapy,Physical Therapy,64 Arlington ST,Boston,MA,2116,42.350708,-71.06992200000002,True,Back Bay/Beacon Hill,physical therapy
372,2016-07-25 15:23:00,,2020-07-25 15:22:00,Alton Lane,Mens Clothing,91 Newbury ST,Boston,MA,2116,42.351809,-71.07499200000001,False,Back Bay/Beacon Hill,mens clothing
373,2016-06-21 10:46:00,6/17/24 16:17,2028-06-17 11:54:00,Aluna Salon Spa,Hair Salon,222 Newbury ST,Boston,MA,2116,42.349752,-71.08107999999999,True,Back Bay/Beacon Hill,hair salon
374,2026-03-20 10:03:00,,2030-03-20 10:02:00,Am3 Global,"Multi Media, Consulting",15 Yarmouth ST,Boston,MA,2116,42.34603,-71.07649000000004,True,Back Bay/Beacon Hill,"multi media, consulting"
375,2023-09-19 12:35:00,,2027-09-19 12:27:00,AMAR,RESTAURANT,40 Trinity PL,Boston,MA,2116,42.348427,-71.07501400000001,True,Back Bay/Beacon Hill,restaurant
376,2018-03-14 15:33:00,,2022-03-14 15:30:00,Ambit Press,Print,1 Commonwealth AV,Boston,MA,2116,42.353985,-71.07205299999998,False,Back Bay/Beacon Hill,print
377,2020-08-21 10:33:00,10/16/24 16:15,2028-10-16 16:13:00,American Academy of Personal Training,occupational school,561 Boylston ST,Boston,MA,2116,42.350696,-71.07627400000001,True,Back Bay/Beacon Hill,occupational school
378,2015-01-02 00:00:00,1/23/23 15:50,2027-01-23 13:39:00,AMERICAN ANCESTORS,"FAMILY HISTORY, LIBRARY, ARCHIVES",99 Newbury ST,Boston,MA,2116,42.351742,-71.07530300000002,True,Back Bay/Beacon Hill,"family history, library, archives"
379,2013-08-09 00:00:00,,2017-08-09 00:00:00,AMERICAN COLLEGE OF CORRECTIVE EXERCISE AND PERSONAL TRAININ,WITHDRAWAL (1/28/13),607 Boylston ST,Boston,MA,2116,42.35051,-71.07717200000002,False,Back Bay/Beacon Hill,withdrawal (1/28/13)
380,2013-01-28 00:00:00,,2017-01-28 00:00:00,AMERICAN COLLEGE OF CORRECTIVE EXERCISE AND PERSONAL TRAINING,PROPRIETARY SCHOOL,607 Boylston ST,Boston,MA,2116,42.35051,-71.07717200000002,False,Back Bay/Beacon Hill,proprietary school
381,2014-06-20 00:00:00,6/22/18 12:23,2022-06-22 11:57:00,AMERICAN EAGLE OUTFITTERS #2275,RETAIL SALES OF MEN'S AND WOMEN'S CLOTHING,100 Huntington AV,Boston,MA,2116,42.347312,-71.07812200000001,False,Back Bay/Beacon Hill,retail sales of men's and women's clothing
382,2023-01-12 15:38:00,,2027-01-12 15:37:00,Amo Realty,Real Estate Brokerage,581 Boylston ST,Boston,MA,2116,42.350567,-71.07674600000001,True,Back Bay/Beacon Hill,real estate brokerage
383,2021-09-22 10:18:00,9/15/25 16:35,2029-09-15 12:00:00,Amorino,Food Business Restaurant,249 Newbury ST,Boston,MA,2116,42.349715,-71.082788,True,Back Bay/Beacon Hill,food business restaurant
384,2013-09-19 00:00:00,3/15/22 13:02,2026-03-15 12:59:00,ANCHOVIES,RESTAURANT/BAR,433 Columbus AV,Boston,MA,2116,42.344027,-71.077855,False,Back Bay/Beacon Hill,restaurant/bar
385,2021-09-17 13:46:00,,2025-09-17 10:25:00,Anderson Business Advisors,Business Legal & Tax Services,867 Boylston ST,Boston,MA,2116,42.348668,-71.08340699999997,False,Back Bay/Beacon Hill,business legal & tax services
386,2016-09-23 15:43:00,11/15/24 14:56,2028-11-15 14:54:00,Andrea Sacco Skin and Body,Aesthetics,224 Clarendon ST,Boston,MA,2116,42.351224,-71.07565,True,Back Bay/Beacon Hill,aesthetics
387,2018-06-18 15:50:00,6/6/22 14:48,2026-06-06 12:07:00,ANDREW J PARASKOS INTERIORS,INTERIOR DESIGN,292 Beacon ST,Boston,MA,2116,42.353226,-71.08199300000001,True,Back Bay/Beacon Hill,interior design
388,2019-04-02 11:47:00,,2023-04-02 11:44:00,AndrewLight,hair salon (renting a chair),118 Newbury ST,Boston,MA,2116,42.351144,-71.07611700000001,False,Back Bay/Beacon Hill,hair salon (renting a chair)
389,2024-02-16 09:28:00,,2028-02-16 09:25:00,ANEW CLEANING CREW,Cleaning Services,135 CLARENDON ST,BOSTON,MA,2116,42.348811,-71.07375100000002,True,Back Bay/Beacon Hill,cleaning services
390,2024-08-15 14:16:00,,2028-08-15 11:51:00,ANN TAYLOR #2560,RETAIL,100 Huntington AV,Boston,MA,2116,42.347312,-71.07812200000001,True,Back Bay/Beacon Hill,retail
391,2015-04-01 00:00:00,3/27/19 14:04,2023-03-27 14:02:00,ANNA SCIRE MASSAGE THERAPY,MASSAGE THERAPY,581 Boylston ST,Boston,MA,2116,42.350567,-71.07674600000001,False,Back Bay/Beacon Hill,massage therapy
392,2019-01-14 14:27:00,1/9/23 11:40,2027-01-09 11:39:00,Annie Ludwig Massage Therapy,Massage Therapy,665 Boylston ST,Boston,MA,2116,42.349947,-71.07873000000001,True,Back Bay/Beacon Hill,massage therapy
393,2023-10-05 09:56:00,,2027-10-05 09:34:00,Anthropologie # 414,Clothing Retail,82 Newbury ST,Boston,MA,2116,42.351416,-71.07492200000002,True,Back Bay/Beacon Hill,clothing retail
394,2025-09-22 12:06:00,,2029-09-22 12:03:00,Anti Goon Activism,Nonprofit,261 Commonwealth AV,Boston,MA,2116,42.350796,-71.08388100000002,True,Back Bay/Beacon Hill,nonprofit
395,2018-12-21 13:31:00,12/20/22 12:53,2026-12-20 12:25:00,Anti-Racism Collaborative,Educational,30 Newbury ST,Boston,MA,2116,42.352082,-71.07263699999999,True,Back Bay/Beacon Hill,educational
396,2025-04-07 14:15:00,,2029-04-07 14:14:00,Antoine Rubini,Retail,10 Huntington AV,Boston,MA,2116,42.348575,-71.077203,True,Back Bay/Beacon Hill,retail
397,2019-11-01 13:39:00,,2023-11-01 13:32:00,Apex Builders of Boston,Construction,867 Boylston ST,Boston,MA,2116,42.348668,-71.08340699999997,False,Back Bay/Beacon Hill,construction
398,2016-11-14 12:27:00,7/31/25 11:39,2029-07-31 11:24:00,APPLE,COMPUTER SALES,815 Boylston ST,Boston,MA,2116,42.348969,-71.08241399999997,True,Back Bay/Beacon Hill,computer sales
399,2026-02-06 15:39:00,,2030-02-06 15:37:00,AprÃÂ¨s Sea Pilates,Retail/Pilates Studio,169 Newbury ST,Boston,MA,2116,42.350765,-71.07903899999997,True,Back Bay/Beacon Hill,retail/pilates studio
400,2015-09-02 00:00:00,7/5/23 10:56,2027-07-05 10:10:00,AQUENT,TEMPORARY STAFFING,501 Boylston ST,Boston,MA,2116,42.351151,-71.074545,True,Back Bay/Beacon Hill,temporary staffing
401,2019-02-21 14:04:00,,2023-02-21 14:03:00,Area 207 Salon Studios,Own & Operate a Salon Space,207 Newbury ST,Boston,MA,2116,42.350192,-71.08088900000001,False,Back Bay/Beacon Hill,own & operate a salon space
402,2023-04-03 14:06:00,,2027-04-03 14:04:00,Armi Stella Styles,Hair Salon,129 Newbury ST,Boston,MA,2116,42.351372,-71.076818,True,Back Bay/Beacon Hill,hair salon
403,2023-03-13 12:30:00,,2027-03-13 12:28:00,Around Town Real Estate,Real Estate,69 Montgomery ST,Boston,MA,2116,42.343591,-71.07460900000001,True,Back Bay/Beacon Hill,real estate
404,2026-02-05 15:53:00,,2030-02-05 15:52:00,Art by Annalisa,Online Retail,75 Clarendon ST,Boston,MA,2116,42.347132,-71.07317999999998,True,Back Bay/Beacon Hill,online retail
405,2026-01-05 11:46:00,,2030-01-05 11:43:00,Ash On Newbury,Hair Salon,134 Newbury ST,Boston,MA,2116,42.350929,-71.07677999999999,True,Back Bay/Beacon Hill,hair salon
406,2024-03-04 13:21:00,,2028-03-04 13:20:00,Ash Studio,Hair Salon,207 Newbury ST,Boston,MA,2116,42.350192,-71.08088900000001,True,Back Bay/Beacon Hill,hair salon
407,2022-12-13 15:38:00,,2026-12-13 15:37:00,AshFit,Mobile Personal Training Services,745 Boylston ST,Boston,MA,2116,42.349389,-71.08081800000002,True,Back Bay/Beacon Hill,mobile personal training services
408,2024-12-16 16:01:00,,2028-12-16 15:59:00,Astra English,Online Educational Services,121 Beacon ST,Boston,MA,2116,42.354874,-71.073552,True,Back Bay/Beacon Hill,online educational services
409,2017-04-10 13:44:00,3/26/25 2:01,2029-03-25 10:36:00,AT & T MOBILITY,RETAIL SALES OF COMM. EQ,699 Boylston ST,Boston,MA,2116,42.349758,-71.07944099999997,True,Back Bay/Beacon Hill,retail sales of comm. eq
410,2023-02-03 14:08:00,,2027-02-03 14:07:00,ATC FBA,Online Retail,867 Boylston ST,Boston,MA,2116,42.348668,-71.08340699999997,True,Back Bay/Beacon Hill,online retail
411,2014-01-16 00:00:00,,2018-01-16 00:00:00,ATHENA SALON & SPA,WITHDRAWAL (5/11/10),425 Boylston ST,Boston,MA,2116,42.351557,-71.072698,False,Back Bay/Beacon Hill,withdrawal (5/11/10)
412,2017-05-16 11:31:00,5/16/25 16:26,2029-05-16 16:16:00,ATHLETA #4876,RETAIL,100 Newbury ST,Boston,MA,2116,42.351017,-71.07501000000002,True,Back Bay/Beacon Hill,retail
413,2015-02-06 00:00:00,2/9/23 14:02,2027-02-09 11:50:00,ATLANTIC FISH COMPANY,RESTAURANT,761 Boylston ST,Boston,MA,2116,42.349293,-71.08118100000002,True,Back Bay/Beacon Hill,restaurant
414,2015-10-16 00:00:00,10/24/19 16:04,2023-10-24 16:01:00,ATLAS PROPERTIES,REAL ESTATE,37 Fairfield ST,Boston,MA,2116,42.349338,-71.08218799999997,False,Back Bay/Beacon Hill,real estate
415,2017-05-08 13:09:00,,2021-05-08 13:12:00,AU BON PAIN,Food Service,100 Huntington AV,Boston,MA,2116,42.347312,-71.07812200000001,False,Back Bay/Beacon Hill,food service
416,2021-02-04 13:20:00,,2025-02-04 13:17:00,Aura Gems Inspired Jewelry,online retail,198 Tremont ST,Boston,MA,2116,42.35213,-71.06437,False,Back Bay/Beacon Hill,online retail
417,2015-08-25 00:00:00,,2019-08-25 00:00:00,AUTOMOTIVE FINANCE SOLUTIONS,WITHDRAWAL (8/1/12),274 Tremont ST,Boston,MA,2116,42.349937,-71.06497100000001,False,Back Bay/Beacon Hill,withdrawal (8/1/12)
418,2017-03-27 12:39:00,2/6/25 15:59,2029-02-06 13:26:00,Avanti Salon,Full Service Hair Salon,20 Newbury ST,Boston,MA,2116,42.352043,-71.072315,True,Back Bay/Beacon Hill,full service hair salon
419,2014-11-18 00:00:00,1/6/23 13:19,2027-01-06 11:57:00,AVIS RENT A CAR SYSTEM,SHORT TERM AUTO RENTALS,100 Clarendon ST,Boston,MA,2116,42.34789,-71.07404200000002,True,Back Bay/Beacon Hill,short term auto rentals
420,2023-10-25 10:06:00,,2027-10-25 09:53:00,Away,Luggage,179 Newbury ST,Boston,MA,2116,42.350648,-71.079454,True,Back Bay/Beacon Hill,luggage
421,2022-03-11 10:13:00,,2026-03-11 10:06:00,Ayr,Cannabis Retail,827 Boylston ST,Boston,MA,2116,42.348932,-71.08254899999997,False,Back Bay/Beacon Hill,cannabis retail
422,2019-05-03 13:48:00,,2023-05-03 13:32:00,Azimuth Psychological,Healthcare,264 Beacon ST,Boston,MA,2116,42.353504,-71.08039200000002,False,Back Bay/Beacon Hill,healthcare
423,2014-10-06 00:00:00,10/10/18 12:26,2022-10-10 11:41:00,BABYCOTTONS,RETAIL,35 Newbury ST,Boston,MA,2116,42.352432,-71.07299499999999,False,Back Bay/Beacon Hill,retail
424,2014-05-13 00:00:00,3/5/26 10:48,2030-03-05 10:46:00,BACCO'S FINE FOODS,RETAIL FOOD WITH TAKEOUT,31 Saint James AV,Boston,MA,2116,42.350666,-71.07046700000001,True,Back Bay/Beacon Hill,retail food with takeout
425,2014-05-13 00:00:00,3/5/26 10:50,2030-03-05 10:49:00,BACCO'S WINE AND CHEESE,RETAIL WINE & CHEESE,31 Saint James AV,Boston,MA,2116,42.350666,-71.07046700000001,True,Back Bay/Beacon Hill,retail wine & cheese
426,2016-06-13 00:00:00,5/31/24 15:18,2028-05-31 13:36:00,BACK BAY ACUPUNCTURE,ACUPUNCTURE,376 Boylston ST,Boston,MA,2116,42.351241,-71.07162299999999,True,Back Bay/Beacon Hill,acupuncture
427,2019-10-30 15:41:00,12/28/23 13:13,2027-12-28 13:05:00,Back Bay Dental Associates,Dental Office,745 Boylston ST,Boston,MA,2116,42.349389,-71.08081800000002,True,Back Bay/Beacon Hill,dental office
428,2023-01-09 14:27:00,,2027-01-09 11:58:00,Back Bay Eye Care,Optometry Practice,31 Saint James AV,Boston,MA,2116,42.350666,-71.07046700000001,True,Back Bay/Beacon Hill,optometry practice
429,2018-11-20 11:49:00,11/2/22 12:29,2026-11-02 12:28:00,Back Bay Health & Performance,Physical and Lifestyle Medicine,665 Boylston ST,Boston,MA,2116,42.349947,-71.07873000000001,True,Back Bay/Beacon Hill,physical and lifestyle medicine
430,2022-08-15 14:23:00,,2026-08-15 11:53:00,Back Bay Life Coaching,Counseling + Coaching,143 Newbury ST,Boston,MA,2116,42.351227,-71.07739600000002,True,Back Bay/Beacon Hill,counseling + coaching
431,2016-04-27 00:00:00,5/16/24 12:44,2028-05-16 12:42:00,BACK BAY RESIDENTIAL,REAL ESTATE,231 Commonwealth AV,Boston,MA,2116,42.351203,-71.082382,True,Back Bay/Beacon Hill,real estate
432,2018-03-08 15:06:00,3/5/26 11:02,2030-03-05 10:46:00,Back Bay Social Club,Restaurant/Bar,867 Boylston ST,Boston,MA,2116,42.348668,-71.08340699999997,True,Back Bay/Beacon Hill,restaurant/bar
433,2023-09-14 10:57:00,,2027-09-14 10:50:00,Back Bay Staffing Group,Staffing,224 Clarendon ST,Boston,MA,2116,42.351224,-71.07565,True,Back Bay/Beacon Hill,staffing
434,2015-08-14 00:00:00,9/14/23 12:47,2027-09-14 11:37:00,BACK BAY SUITES,REAL ESTATE LEASING,269 Commonwealth AV,Boston,MA,2116,42.350686,-71.08428300000003,True,Back Bay/Beacon Hill,real estate leasing
435,2017-02-21 14:39:00,3/12/25 12:06,2029-03-12 11:49:00,BACK BAY TAILORS,TAILORING,160 Commonwealth AV,Boston,MA,2116,42.351334,-71.07860199999999,True,Back Bay/Beacon Hill,tailoring
436,2017-01-25 13:22:00,5/11/23 15:27,2027-05-11 15:27:00,Back Bay Wine & Spirits,Retail Store,185 Dartmouth ST,Boston,MA,2116,42.348522,-71.07628899999997,True,Back Bay/Beacon Hill,retail store
437,2021-11-29 13:11:00,,2025-11-29 11:40:00,BackBay Dental Design,Dental,811-813 Boylston ST,Boston,MA,2116,42.349063,-71.08228700000001,False,Back Bay/Beacon Hill,dental
438,2025-09-02 14:41:00,,2029-09-02 14:39:00,Baguette Cafe,Cafe,224 Newbury ST,Boston,MA,2116,42.349701,-71.08113600000001,True,Back Bay/Beacon Hill,cafe
439,2015-07-28 00:00:00,9/28/23 13:29,2027-09-28 12:30:00,BALANS ORGANIC SPA,MASSAGE THERAPY/AESTHETICS SPA,216 Newbury ST,Boston,MA,2116,42.349792,-71.080828,True,Back Bay/Beacon Hill,massage therapy/aesthetics spa
440,2022-02-16 11:48:00,3/26/26 13:34,2030-03-26 09:09:00,Balenciaga America,Retail,100 Huntington AV,Boston,MA,2116,42.347312,-71.07812200000001,True,Back Bay/Beacon Hill,retail
441,2017-12-27 16:17:00,1/22/26 8:40,2030-01-16 00:00:00,Banana Republic #8138,Retail,100 Huntington AV,Boston,MA,2116,42.347312,-71.07812200000001,True,Back Bay/Beacon Hill,retail
442,2019-06-14 12:55:00,,2023-06-14 11:28:00,Bang & Olufsen,retail electronics,141 Newbury ST,Boston,MA,2116,42.351202,-71.077272,False,Back Bay/Beacon Hill,retail electronics
443,2015-05-28 00:00:00,6/1/23 11:29,2027-06-01 11:22:00,BANYAN BAR AND REFUGE,BAR AND RESTAURANT,553 Tremont ST,Boston,MA,2116,42.344316,-71.07191599999999,True,Back Bay/Beacon Hill,bar and restaurant
444,2015-10-27 00:00:00,11/27/23 14:09,2027-11-27 14:00:00,BAR 10,RESTAURANT,10 Huntington AV,Boston,MA,2116,42.348575,-71.077203,True,Back Bay/Beacon Hill,restaurant
445,2019-04-19 13:13:00,4/12/23 15:33,2027-04-12 15:30:00,Barbershop Deluxe,barber shop,288 Columbus AV,Boston,MA,2116,42.346767,-71.07379400000002,True,Back Bay/Beacon Hill,barber shop
446,2016-04-19 00:00:00,4/18/24 15:56,2028-04-18 12:26:00,BARBERSHOP LOUNGE,SALONLBARBERSHOP,245 Newbury ST,Boston,MA,2116,42.34976,-71.08261600000003,True,Back Bay/Beacon Hill,salonlbarbershop
447,2014-12-15 00:00:00,3/9/23 9:42,2027-03-09 09:37:00,BARCELONA,RESTAURANT,525 Tremont ST,Boston,MA,2116,42.344575,-71.07086400000003,True,Back Bay/Beacon Hill,restaurant
448,2016-11-18 11:18:00,,,Barlola,Restaurant,160 Commonwealth AV,Boston,MA,2116,42.351334,-71.07860199999999,False,Back Bay/Beacon Hill,restaurant
449,2018-04-30 14:05:00,4/27/22 14:47,2026-04-27 11:05:00,Barry's Bootcamp,Fitness,10 Huntington AV,Boston,MA,2116,42.348575,-71.077203,True,Back Bay/Beacon Hill,fitness
450,2019-12-19 15:23:00,3/22/24 15:37,2028-03-22 15:37:00,Basile - Fine Italian Kitchen,Restaurant,162 Columbus AV,Boston,MA,2116,42.34926,-71.07060999999999,True,Back Bay/Beacon Hill,restaurant
451,2023-09-21 12:19:00,,2027-09-21 12:17:00,Bassick | Forbes Global Properties,Real Estate Brokerage,501 Boylston ST,Boston,MA,2116,42.351151,-71.074545,True,Back Bay/Beacon Hill,real estate brokerage
452,2018-08-03 13:37:00,,2022-08-03 12:23:00,Bassil & Budreau,Law Firm,20 Park PZ,Boston,MA,2116,42.35147,-71.06880999999998,False,Back Bay/Beacon Hill,law firm
453,2019-12-17 10:10:00,1/29/24 14:24,2028-01-29 14:23:00,Bauer Wine & Spirits,Liquor store,255 Newbury ST,Boston,MA,2116,42.349653,-71.08302800000001,True,Back Bay/Beacon Hill,liquor store
454,2018-06-26 16:20:00,9/2/22 15:29,2026-09-02 14:20:00,Bay State Physical Therapy,Physical Therapy,318 Tremont ST,Boston,MA,2116,42.348618,-71.066397,True,Back Bay/Beacon Hill,physical therapy
455,2025-12-03 09:17:00,,2029-12-03 09:10:00,Bay State Telemed Virtual Urgent Care 24/7,Virtual Medical Services,3 Arlington ST,Boston,MA,2116,42.355022,-71.07257500000003,True,Back Bay/Beacon Hill,virtual medical services
456,2016-09-07 11:55:00,11/5/24 15:17,2028-11-05 15:16:00,Bay Village Cleaners,Dry Cleaners,350 Tremont ST,Boston,MA,2116,42.348557,-71.06666899999999,True,Back Bay/Beacon Hill,dry cleaners
457,2023-06-05 15:37:00,,2027-06-05 12:00:00,Bay Village Rental,Hospitality STR,7 Melrose ST,Boston,MA,2116,42.349337,-71.067364,True,Back Bay/Beacon Hill,hospitality str
458,2016-07-11 09:02:00,,,Baystate Financial,Insurance & Financail,20 Park PZ,Boston,MA,2116,42.35147,-71.06880999999998,False,Back Bay/Beacon Hill,insurance & financail
459,2016-07-11 09:05:00,,,Baystate Financial,Insurance & Financial,200 Clarendon ST,Boston,MA,2116,42.348962,-71.07502399999998,False,Back Bay/Beacon Hill,insurance & financial
460,2022-12-05 13:12:00,,2026-12-05 13:10:00,BBQ Chicken,Restaurant,62 Boylston ST,Boston,MA,2116,42.352239,-71.064436,True,Back Bay/Beacon Hill,restaurant
461,2018-10-24 13:49:00,,2022-10-24 13:28:00,BBTS,Psychotherapy,29 Commonwealth AV,Boston,MA,2116,42.353231,-71.07417499999997,False,Back Bay/Beacon Hill,psychotherapy
462,2020-07-23 15:06:00,,2024-07-23 15:05:00,BCP Real Estate Group,real estate brokers,581 Boylston ST,Boston,MA,2116,42.350567,-71.07674600000001,False,Back Bay/Beacon Hill,real estate brokers
463,2020-04-06 11:29:00,3/28/24 16:02,2028-03-28 11:21:00,BE WELL BOSTON,Massage therapist,437 Boylston ST,Boston,MA,2116,42.351491,-71.07290499999999,True,Back Bay/Beacon Hill,massage therapist
464,2019-01-18 16:09:00,2/28/23 12:13,2027-02-28 12:04:00,Beacon Hill Skate,Retail,135 Charles ST,Boston,MA,2116,42.349049,-71.06664,True,Back Bay/Beacon Hill,retail
465,2025-11-07 14:03:00,,2029-11-07 14:02:00,Beamshyft.com,Kitchen Cabinets sales,261 Commonwealth AV,Boston,MA,2116,42.350796,-71.08388100000002,True,Back Bay/Beacon Hill,kitchen cabinets sales
466,2023-04-20 15:30:00,,2027-04-20 15:27:00,Beaucage Salon & Spa,Salon,71 Newbury ST,Boston,MA,2116,42.351999,-71.07433700000001,True,Back Bay/Beacon Hill,salon
467,2016-03-10 00:00:00,7/3/25 12:26,2029-07-03 12:19:00,BEDFORD/ST. MARTIN'S,PUBLISHING,75 Arlington ST,Boston,MA,2116,42.350549,-71.07041900000002,True,Back Bay/Beacon Hill,publishing
468,2020-05-29 12:25:00,,2024-05-29 12:15:00,BEEP BEEP DELIVERY,DELIVERY SERVICES,398 Columbus AV,Boston,MA,2116,42.344565,-71.07638800000001,False,Back Bay/Beacon Hill,delivery services
469,2018-11-30 13:22:00,4/4/23 15:56,2027-04-04 15:55:00,BELL CHIROPRACTIC BOSTON,CHIROPRACTIC OFFICE,137 Newbury ST,Boston,MA,2116,42.35129,-71.07713999999999,True,Back Bay/Beacon Hill,chiropractic office
470,2020-08-18 15:29:00,,2024-08-18 15:25:00,BellÃ¢ÂÂs Creation,Online Retail,376 Columbus AV,Boston,MA,2116,42.345027,-71.07592999999997,False,Back Bay/Beacon Hill,online retail
471,2015-11-06 00:00:00,1/13/20 14:00,2024-01-13 11:37:00,BELLA SANTE DAY SPA MED SPA,DAY SPA/MED SPA,38 Newbury ST,Boston,MA,2116,42.352149,-71.07281499999999,False,Back Bay/Beacon Hill,day spa/med spa
472,2023-03-13 16:05:00,,2027-03-14 16:03:00,Ben Kaplan Music,file and Media,231 Beacon ST,Boston,MA,2116,42.353705,-71.07795299999998,True,Back Bay/Beacon Hill,file and media
473,2018-08-21 12:55:00,,2022-08-21 12:15:00,Bensen,Software,165 Beacon ST,Boston,MA,2116,42.354373,-71.075422,False,Back Bay/Beacon Hill,software
474,2018-12-27 16:16:00,,2022-12-27 16:15:00,Bepoke Beauty,Esthetics,164 Newbury ST,Boston,MA,2116,42.350392,-71.07856300000003,False,Back Bay/Beacon Hill,esthetics
475,2019-11-26 10:56:00,,2023-11-26 10:52:00,Berkeley Bistro,Coffee Shop and Market,200 Berkeley ST,Boston,MA,2116,42.349778,-71.07332200000002,False,Back Bay/Beacon Hill,coffee shop and market
476,2015-03-13 00:00:00,2/14/23 10:27,2027-02-14 10:25:00,BERKELEY PERK CAFE,6174267375,69 Berkeley ST,Boston,MA,2116,42.346797,-71.07061699999997,True,Back Bay/Beacon Hill,6174267375
477,2022-11-21 15:32:00,,2026-11-21 15:23:00,Berkshire Hathaway Homeservices Robert Paul Properties,Real Estate,140 Newbury ST,Boston,MA,2116,42.350893,-71.07703700000002,True,Back Bay/Beacon Hill,real estate
478,2015-04-29 00:00:00,4/21/23 14:29,2027-04-21 14:26:00,BERKSHIRE HATHAWAY HOMESERVICES WARREN RESIDENTIAL,REAL ESTATE BROKERAGE,535 Boylston ST,Boston,MA,2116,42.350803,-71.075628,True,Back Bay/Beacon Hill,real estate brokerage
479,2021-06-25 11:13:00,11/19/25 15:29,2029-11-19 15:28:00,Best Fit Tailoring,Tailoring and Alterations,268 Newbury ST,Boston,MA,2116,42.349162,-71.08327099999997,True,Back Bay/Beacon Hill,tailoring and alterations
480,2016-02-25 00:00:00,1/8/24 15:44,2028-01-08 11:15:00,BETGOON MARIA WONG INSURANCE AGENCY,INSURANCE AGENCY,318 Tremont ST,Boston,MA,2116,42.348618,-71.066397,True,Back Bay/Beacon Hill,insurance agency
481,2019-06-10 13:11:00,7/7/23 12:31,2027-07-07 11:29:00,Beth Miga Photography,Photography,37 Fairfield ST,Boston,MA,2116,42.349338,-71.08218799999997,True,Back Bay/Beacon Hill,photography
482,2012-09-17 00:00:00,,2016-09-17 00:00:00,BETTIE PAGE,RETAIL STORE,32 Newbury ST,Boston,MA,2116,42.352018,-71.07260100000002,False,Back Bay/Beacon Hill,retail store
483,2014-06-09 00:00:00,,2018-06-09 00:00:00,BETTIE PAGE,WITHDRAWAL (9/17/12),32 Newbury ST,Boston,MA,2116,42.352018,-71.07260100000002,False,Back Bay/Beacon Hill,withdrawal (9/17/12)
484,2023-09-08 13:51:00,,2027-09-08 13:48:00,BFA Family Offices,family office-Wealth Management,118 Newbury ST,Boston,MA,2116,42.351144,-71.07611700000001,True,Back Bay/Beacon Hill,family office-wealth management
485,2016-11-08 14:30:00,,,BFX STUDIO,HEALTH AND FITNESS CLUB,699 Boylston ST,Boston,MA,2116,42.349758,-71.07944099999997,False,Back Bay/Beacon Hill,health and fitness club
486,2023-09-01 09:09:00,,2027-09-01 09:07:00,Bickford Hill Properties,STR,43 Braddock PK,Boston,MA,2116,42.344761,-71.07899399999997,True,Back Bay/Beacon Hill,str
487,2014-06-25 00:00:00,,2018-06-25 00:00:00,BIJOU,RETAIL,100 Huntington AV,Boston,MA,2116,42.347312,-71.07812200000001,False,Back Bay/Beacon Hill,retail
488,2014-10-23 00:00:00,,2018-10-23 00:00:00,BIJOU,WITHDRAWAL (6/25/2014),100 Huntington AV,Boston,MA,2116,42.347312,-71.07812200000001,False,Back Bay/Beacon Hill,withdrawal (6/25/2014)
489,2015-04-29 00:00:00,7/5/19 15:12,2023-07-05 14:46:00,BILLY'S SUB SHOP,SUB SHOP,57 Berkeley ST,Boston,MA,2116,42.346602,-71.07052199999998,False,Back Bay/Beacon Hill,sub shop
490,2024-01-31 09:41:00,,2028-01-31 09:37:00,Biologique Recherche,Retail and Spa,186 Newbury ST,Boston,MA,2116,42.350274,-71.079273,True,Back Bay/Beacon Hill,retail and spa
491,2024-12-03 16:24:00,,2028-12-03 16:21:00,Birkenstock,Apparel - Footwear and Clothing,205 Newbury ST,Boston,MA,2116,42.350258,-71.08085900000003,True,Back Bay/Beacon Hill,apparel - footwear and clothing
492,2019-07-31 12:26:00,7/18/23 11:50,2027-07-18 11:41:00,Bisexual Resource Center,Resource Center,398 Columbus AV,Boston,MA,2116,42.344565,-71.07638800000001,True,Back Bay/Beacon Hill,resource center
493,2015-09-08 00:00:00,9/18/23 9:48,2027-09-18 09:46:00,BITES OF BOSTON FOOD TOURS,WALKING TOURS,198 Tremont ST,Boston,MA,2116,42.35213,-71.06437,True,Back Bay/Beacon Hill,walking tours
494,2018-12-10 15:19:00,12/8/22 12:56,2026-12-08 11:20:00,Blackroom Salon,Hair Salon,61 Berkeley ST,Boston,MA,2116,42.346673,-71.07055000000003,True,Back Bay/Beacon Hill,hair salon
495,2025-07-03 14:06:00,,2029-07-03 14:04:00,BLDUP Advisors,Real Estate Advisors,399 Boylston ST,Boston,MA,2116,42.351799,-71.07187799999997,True,Back Bay/Beacon Hill,real estate advisors
496,2023-02-21 15:31:00,,2027-02-21 15:29:00,Blink,Optometry Practice/Retail of Eyewear,252 Newbury ST,Boston,MA,2116,42.349334,-71.08266500000002,True,Back Bay/Beacon Hill,optometry practice/retail of eyewear
497,2015-12-10 00:00:00,,2019-12-10 00:00:00,BLO,WITHDRAWAL (7/26/12),437 Columbus AV,Boston,MA,2116,42.343943,-71.07797800000003,False,Back Bay/Beacon Hill,withdrawal (7/26/12)
498,2020-01-28 13:12:00,,2024-01-28 13:11:00,Block Builders,Construction,545 Boylston ST,Boston,MA,2116,42.350755,-71.07573300000001,False,Back Bay/Beacon Hill,construction
499,2018-06-21 12:25:00,5/25/22 11:34,2026-05-25 11:34:00,Blockbuster Strategy Group,Consulting,113 Commonwealth AV,Boston,MA,2116,42.352667,-71.07703800000002,True,Back Bay/Beacon Hill,consulting
500,2024-07-17 10:24:00,,2028-07-17 10:22:00,BLONDE AND BRONDE SALON,Salon,207 Newbury ST,Boston,MA,2116,42.350192,-71.08088900000001,True,Back Bay/Beacon Hill,salon
501,2025-11-04 16:39:00,,2029-11-04 16:22:00,Bloome Fruit Tea,Restaurant,215 Newbury ST,Boston,MA,2116,42.350142,-71.08127999999999,True,Back Bay/Beacon Hill,restaurant
502,2022-09-21 15:03:00,,2026-09-21 14:40:00,Blue Bottle Coffee,Coffeeshop,163 Newbury ST,Boston,MA,2116,42.35081,-71.078778,True,Back Bay/Beacon Hill,coffeeshop
503,2023-05-15 14:39:00,,2027-05-15 14:36:00,Blue Energy and Spa,Spa,75 Newbury ST,Boston,MA,2116,42.351955,-71.07451200000003,True,Back Bay/Beacon Hill,spa
504,2019-12-11 12:21:00,1/26/24 15:21,2028-01-26 11:19:00,Blue Moon Smoke Shop,Smoke Shop,263 Newbury ST,Boston,MA,2116,42.349621,-71.083394,True,Back Bay/Beacon Hill,smoke shop
505,2018-03-26 15:31:00,9/2/22 14:10,2026-09-02 11:06:00,BLUEMERCURY,RETAIL,160 Newbury ST,Boston,MA,2116,42.350482,-71.07840399999998,True,Back Bay/Beacon Hill,retail
506,2016-10-31 10:33:00,10/15/24 15:44,2028-10-15 15:41:00,Boch Center,Theatre,270 Tremont ST,Boston,MA,2116,42.350277,-71.064819,True,Back Bay/Beacon Hill,theatre
507,2019-06-10 09:47:00,2/16/24 16:29,2028-02-16 16:27:00,BOCONCEPT,Retail,275 Newbury ST,Boston,MA,2116,42.349439,-71.08380599999998,True,Back Bay/Beacon Hill,retail
508,2025-12-09 09:25:00,,2029-12-09 09:21:00,BODYSPEC,Diagnostic Imaging,125 Newbury ST,Boston,MA,2116,42.351444,-71.07665099999997,True,Back Bay/Beacon Hill,diagnostic imaging
509,2020-11-19 13:13:00,11/13/24 12:38,2028-11-13 12:37:00,Bodywork by Stephanie,Massage therapy,262 Beacon ST,Boston,MA,2116,42.353585,-71.08032700000001,True,Back Bay/Beacon Hill,massage therapy
510,2023-03-07 11:58:00,,2027-03-07 11:56:00,Bogosplit,Retail Store,100 Huntington AV,Boston,MA,2116,42.347312,-71.07812200000001,True,Back Bay/Beacon Hill,retail store
511,2018-02-23 14:42:00,,2022-02-23 11:34:00,Bohana,Food Producer,75 Clarendon ST,Boston,MA,2116,42.347132,-71.07317999999998,False,Back Bay/Beacon Hill,food producer
512,2021-08-16 15:20:00,,2025-08-16 15:18:00,BoldLashesBabe,Aesthetic Services,222 Newbury ST,Boston,MA,2116,42.349752,-71.08107999999999,False,Back Bay/Beacon Hill,aesthetic services
513,2023-08-23 15:31:00,,2027-08-23 15:12:00,Bon Appetit Management Co.,Contracted Food Service,150 Boylston ST,Boston,MA,2116,42.352352,-71.06646799999999,True,Back Bay/Beacon Hill,contracted food service
514,2023-08-23 15:33:00,,2027-08-23 15:17:00,Bon Appetit Management Co.,Food Service Contractor,2 Boylston PL,Boston,MA,2116,42.352057,-71.06613900000002,True,Back Bay/Beacon Hill,food service contractor
515,2022-05-06 10:54:00,,2026-05-06 10:47:00,Bond Vet,Veterinary Clinic,171 Newbury ST,Boston,MA,2116,42.350768,-71.07913100000002,True,Back Bay/Beacon Hill,veterinary clinic
516,2025-06-26 11:49:00,,2029-06-26 11:48:00,Bootleg Special,Restaurant,400 TREMONT ST,BOSTON,MA,2116,42.347159,-71.06820299999998,True,Back Bay/Beacon Hill,restaurant
517,2025-02-24 14:12:00,,2029-02-24 14:11:00,Bos Shop,Gift Shop,623 Tremont ST,Roxbury,MA,2116,42.342682,-71.07451600000002,True,Back Bay/Beacon Hill,gift shop
518,2017-06-09 12:48:00,6/2/25 11:16,2029-06-02 11:13:00,Boston Acupuncture Oasis,Acupuncture Practice,667 Boylston ST,Boston,MA,2116,42.349806,-71.07876299999998,True,Back Bay/Beacon Hill,acupuncture practice
519,2021-04-27 15:34:00,4/18/25 14:41,2029-04-18 11:23:00,BOSTON BARKERY,PET BOUTIQUE & BAKERY,3 Copley PL,Boston,MA,2116,42.347278,-71.07767999999999,True,Back Bay/Beacon Hill,pet boutique & bakery
520,2023-12-13 12:47:00,,2027-12-13 12:36:00,BOSTON CENTER FOR FACIAL REJUVENATION,Cosmetic Services and Plastic Surgery,69 Newbury ST,Boston,MA,2116,42.352016,-71.07424100000003,True,Back Bay/Beacon Hill,cosmetic services and plastic surgery
521,2023-12-13 12:47:00,,2027-12-13 12:40:00,BOSTON CENTER FOR PLASTIC SURGERY,Cosmetic Services and Plastic Surgery,69 Newbury ST,Boston,MA,2116,42.352016,-71.07424100000003,True,Back Bay/Beacon Hill,cosmetic services and plastic surgery
522,2015-06-22 00:00:00,9/13/19 13:42,2023-09-13 11:00:00,BOSTON CITY GARDENS,LANDSCAPE DESIGN,38 Holyoke ST,Boston,MA,2116,42.344987,-71.078533,False,Back Bay/Beacon Hill,landscape design
523,2015-06-05 00:00:00,8/5/19 15:28,2023-08-05 15:26:00,BOSTON CITY PROPERTIES,REAL ESTATE BROKERAGE,581 Boylston ST,Boston,MA,2116,42.350567,-71.07674600000001,False,Back Bay/Beacon Hill,real estate brokerage
524,2023-05-18 16:03:00,,2027-05-18 16:02:00,Boston City Properties,Real Estate Brokerage,581 Boylston ST,Boston,MA,2116,42.350567,-71.07674600000001,True,Back Bay/Beacon Hill,real estate brokerage
525,2017-01-31 09:40:00,2/9/26 14:33,2030-02-09 12:18:00,Boston Diamond Company,Jewelry,36 Newbury ST,Boston,MA,2116,42.35201,-71.07277899999997,True,Back Bay/Beacon Hill,jewelry
526,2018-02-16 09:47:00,10/24/22 15:44,2026-10-24 14:01:00,Boston Direct Health,Medical,4 Clarendon ST,Boston,MA,2116,42.344523,-71.07239099999998,True,Back Bay/Beacon Hill,medical
527,2014-01-08 00:00:00,3/25/26 7:11,2030-01-21 00:00:00,BOSTON DUCK,TOURS,4 Copley PL,Boston,MA,2116,42.347278,-71.07767999999999,True,Back Bay/Beacon Hill,tours
528,2013-11-01 00:00:00,10/29/25 16:06,2029-10-29 11:07:00,BOSTON DUCK TOURS,TOURS,4 Copley PL,Boston,MA,2116,42.347278,-71.07767999999999,True,Back Bay/Beacon Hill,tours
529,2021-07-16 12:58:00,8/25/25 16:53,2029-08-25 15:54:00,Boston Gay Men's Chorus,Performing Arts,539 Tremont ST,Boston,MA,2116,42.344692,-71.071392,True,Back Bay/Beacon Hill,performing arts
530,2016-10-26 12:22:00,,2020-10-26 12:21:00,Boston Health and Performance,Physical and Lifestyle Medicine,551 Boylston ST,Boston,MA,2116,42.350703,-71.07599399999998,False,Back Bay/Beacon Hill,physical and lifestyle medicine
531,2023-05-12 15:47:00,,2027-05-12 15:46:00,BOSTON HOLISTIC HEALTH CENTER,Medical Office,376 Boylston ST,Boston,MA,2116,42.351241,-71.07162299999999,True,Back Bay/Beacon Hill,medical office
532,2019-06-18 16:00:00,6/7/23 12:23,2027-06-07 11:18:00,BOSTON HOME AWAY,SHORT TERM RENTAL,12 Lawrence ST,Boston,MA,2116,42.346299,-71.071912,True,Back Bay/Beacon Hill,short term rental
533,2014-08-14 00:00:00,,2018-08-14 00:00:00,BOSTON LUCKY FEET,WITHDRAWAL 2/7/2014,569 Boylston ST,Boston,MA,2116,42.350591,-71.07642800000002,False,Back Bay/Beacon Hill,withdrawal 2/7/2014
534,2014-12-16 00:00:00,12/9/22 15:11,2026-12-09 12:09:00,BOSTON MARRIOTT COPLEY PLACE,LODGING,110 Huntington AV,Boston,MA,2116,42.347161,-71.079024,True,Back Bay/Beacon Hill,lodging
535,2014-09-04 00:00:00,9/9/22 12:52,2026-09-09 11:37:00,BOSTON MASSAGE ASSOCIATES,MASSAGE THERAPY,437 Boylston ST,Boston,MA,2116,42.351491,-71.07290499999999,True,Back Bay/Beacon Hill,massage therapy
536,2021-09-16 11:35:00,,2025-09-16 11:31:00,Boston Massage Studio,Massage Therapy,651 Boylston ST,Boston,MA,2116,42.35006,-71.07850000000002,False,Back Bay/Beacon Hill,massage therapy
537,2018-06-27 15:40:00,10/6/22 13:43,2026-10-06 13:40:00,Boston Medical,Medical Work,130 Dartmouth ST,Boston,MA,2116,42.346939,-71.07610199999999,True,Back Bay/Beacon Hill,medical work
538,2025-03-21 13:51:00,,2029-03-21 13:50:00,Boston Mobile Notary & Apostille Service,Notary and Translation Services,501 Boylston ST,Boston,MA,2116,42.351151,-71.074545,True,Back Bay/Beacon Hill,notary and translation services
539,2015-11-30 00:00:00,11/9/23 14:16,2027-11-09 14:13:00,BOSTON NATURAL PRODUCTS,HEALTH AND WELLNESS,9 Knox ST,Boston,MA,2116,42.348733,-71.06841600000001,True,Back Bay/Beacon Hill,health and wellness
540,2014-10-06 00:00:00,1/17/23 11:34,2027-01-17 11:26:00,BOSTON NIKETOWN,RETAIL,200 Newbury ST,Boston,MA,2116,42.350054,-71.080153,True,Back Bay/Beacon Hill,retail
541,2014-05-30 00:00:00,5/14/18 14:40,2022-05-14 12:17:00,BOSTON OLIVE OIL COMPANY,RETAIL,262 Newbury ST,Boston,MA,2116,42.349249,-71.083053,False,Back Bay/Beacon Hill,retail
542,2013-08-12 00:00:00,,2017-08-12 00:00:00,BOSTON PARK PLAZA HOTEL & TOWERS,WITHDRAWAL (12/30/2011),50 Park PZ,Boston,MA,2116,42.351046,-71.06945999999999,False,Back Bay/Beacon Hill,withdrawal (12/30/2011)
543,2015-04-29 00:00:00,5/1/23 15:07,2027-05-01 15:06:00,BOSTON PET SITTERS,DOG WALKER/ PET CARE,144 Commonwealth AV,Boston,MA,2116,42.351626,-71.07746299999997,True,Back Bay/Beacon Hill,dog walker/ pet care
544,2020-02-12 13:30:00,,2024-02-12 13:29:00,Boston Photo Imaging,Digital Imaging,355 Boylston ST,Boston,MA,2116,42.351942,-71.07156800000001,False,Back Bay/Beacon Hill,digital imaging
545,2015-11-17 00:00:00,9/15/23 15:52,2027-09-15 15:42:00,BOSTON PROPER REAL ESTATE,REAL ESTATE,49 Gloucester ST,Boston,MA,2116,42.348782,-71.08373499999999,True,Back Bay/Beacon Hill,real estate
546,2016-10-24 11:23:00,,2026-09-07 11:39:00,BOSTON PROPERTY RENTALS,PROPERTY MANAGEMENT,607 Boylston ST,Boston,MA,2116,42.35051,-71.07717200000002,True,Back Bay/Beacon Hill,property management
547,2015-05-26 00:00:00,5/23/23 14:51,2027-05-23 11:08:00,BOSTON REALTY ADVISORS,REAL ESTATE,136 Newbury ST,Boston,MA,2116,42.350906,-71.076866,True,Back Bay/Beacon Hill,real estate
548,2024-12-11 15:30:00,,2028-12-11 15:28:00,Boston Sign Experts,Sign Company,399 Boylston ST,Boston,MA,2116,42.351799,-71.07187799999997,True,Back Bay/Beacon Hill,sign company
549,2021-06-24 15:13:00,6/27/25 16:56,2029-06-27 15:05:00,BOSTON SPORTS CLUB,HEALTH & FITNESS CLUB,505 Boylston ST,Boston,MA,2116,42.351102,-71.074704,True,Back Bay/Beacon Hill,health & fitness club
550,2020-09-08 14:27:00,12/31/24 10:32,2028-12-31 10:29:00,Boston Technology Group,Technology Consulting,867 Boylston ST,Boston,MA,2116,42.348668,-71.08340699999997,True,Back Bay/Beacon Hill,technology consulting
551,2021-04-21 13:39:00,,2025-04-20 13:27:00,Boston Terriers of Boston,Online Retail,9 Harcourt ST,Boston,MA,2116,42.345987,-71.07854099999997,False,Back Bay/Beacon Hill,online retail
552,2022-05-31 11:08:00,,2026-05-31 11:07:00,Boston Towne,Small Collectible Appraisal,199 Marlborough ST,Boston,MA,2116,42.352562,-71.08082300000001,True,Back Bay/Beacon Hill,small collectible appraisal
553,2023-09-27 11:16:00,,2027-09-27 11:16:00,Boston Towne Coin,Small Collectibles Appraisal,199 Marlborough ST,Boston,MA,2116,42.352562,-71.08082300000001,True,Back Bay/Beacon Hill,small collectibles appraisal
554,2026-01-02 10:11:00,,2030-01-02 10:09:00,Boston Veterinary Clinic,Veterinary Service,363 Tremont ST,Boston,MA,2116,42.348312,-71.06783100000001,True,Back Bay/Beacon Hill,veterinary service
555,2013-07-26 00:00:00,7/22/25 12:22,2029-07-22 12:15:00,Boston W Hotel and Residences,HOTEL,100 Stuart ST,Boston,MA,2116,42.350827,-71.06559099999998,True,Back Bay/Beacon Hill,hotel
556,2017-09-07 10:17:00,7/16/25 10:47,2029-07-16 10:43:00,Boston Wellness Massage & Skin Care,"Massage, Reflexology & Skin Care",224 Clarendon ST,Boston,MA,2116,42.351224,-71.07565,True,Back Bay/Beacon Hill,"massage, reflexology & skin care"
557,2025-08-01 14:19:00,,2029-08-01 14:16:00,Boston's Nail Lounge,Nail Salon,667 Boylston ST,Boston,MA,2116,42.349806,-71.07876299999998,True,Back Bay/Beacon Hill,nail salon
558,2015-06-30 00:00:00,6/9/23 11:46,2027-06-09 10:45:00,BOSTON'S NAILS & SPA,"HAIR, NAIL & SKIN CARE, WAX",665 Boylston ST,Boston,MA,2116,42.349947,-71.07873000000001,True,Back Bay/Beacon Hill,"hair, nail & skin care, wax"
559,2019-04-23 09:07:00,,2023-04-23 09:05:00,BostonXFT,Sales and Marketing,8 Garrison ST,Boston,MA,2116,42.346157,-71.07964600000003,False,Back Bay/Beacon Hill,sales and marketing
560,2021-01-15 13:21:00,1/6/25 16:08,2029-01-06 12:20:00,Bradley & Diegel Salon,hair salon,77 Newbury ST,Boston,MA,2116,42.351946,-71.07460400000002,True,Back Bay/Beacon Hill,hair salon
561,2020-04-02 13:29:00,,2024-04-02 13:26:00,BRAHM,PRIVATE EQUITY AND INTERNATIONAL TRADE,665 Washington ST,Boston,MA,2116,42.351874,-71.062862,False,Back Bay/Beacon Hill,private equity and international trade
562,2023-05-26 14:15:00,,2027-05-26 13:07:00,Breitling,Retail Watches & Accessories,30 Newbury ST,Boston,MA,2116,42.352082,-71.07263699999999,True,Back Bay/Beacon Hill,retail watches & accessories
563,2018-03-19 15:56:00,2/16/22 11:46,2026-02-16 11:43:00,BRIGHTR HORIZONS AT DARTMOUTH STREET,CHILD CARE CENTER,185 Dartmouth ST,Boston,MA,2116,42.348522,-71.07628899999997,False,Back Bay/Beacon Hill,child care center
564,2016-01-04 00:00:00,2/12/24 16:30,2028-02-12 16:23:00,BRILLIANT EARTH,JEWELRY SALES,38 Newbury ST,Boston,MA,2116,42.352149,-71.07281499999999,True,Back Bay/Beacon Hill,jewelry sales
565,2018-08-06 15:20:00,,2022-08-06 15:02:00,BRODEUR PARTNERS,PUBLIC RELATIONS,535 Boylston ST,Boston,MA,2116,42.350803,-71.075628,False,Back Bay/Beacon Hill,public relations
566,2014-12-22 00:00:00,11/21/22 9:08,2026-11-21 09:07:00,BRODNEY,RETAIL,176 Newbury ST,Boston,MA,2116,42.350302,-71.07909599999999,True,Back Bay/Beacon Hill,retail
567,2024-11-08 13:53:00,,2028-11-08 13:52:00,Broncato Barber CO,Barber Shop,242 Newbury ST,Boston,MA,2116,42.349434,-71.08232800000002,True,Back Bay/Beacon Hill,barber shop
568,2024-10-30 15:45:00,,2028-10-30 15:31:00,Brooks Brothers #6186,Retail - Apparel,109 Newbury ST,Boston,MA,2116,42.351542,-71.075898,True,Back Bay/Beacon Hill,retail - apparel
569,2020-08-13 12:20:00,8/7/24 11:22,2028-08-07 10:39:00,Brookside Capital,investment,200 Clarendon ST,Boston,MA,2116,42.348962,-71.07502399999998,True,Back Bay/Beacon Hill,investment
570,2024-08-07 11:21:00,,2028-08-07 11:10:00,Brookside Capital,Invesstments,200 Clarendon ST,Boston,MA,2116,42.348962,-71.07502399999998,True,Back Bay/Beacon Hill,invesstments
571,2022-04-14 13:11:00,,2026-04-14 11:58:00,Brownstone,Restuarant,111 Dartmouth ST,Boston,MA,2116,42.346434,-71.07534299999998,True,Back Bay/Beacon Hill,restuarant
572,2019-10-09 14:25:00,,2023-10-09 12:29:00,Brunello Cucinelli,Reatail Sale of Apparel,11 Newbury ST,Boston,MA,2116,42.352726,-71.072026,False,Back Bay/Beacon Hill,reatail sale of apparel
573,2024-08-28 14:37:00,,2028-08-28 14:27:00,BSMNT,NightClub,100 Stuart ST,Boston,MA,2116,42.350827,-71.06559099999998,True,Back Bay/Beacon Hill,nightclub
574,2015-11-18 00:00:00,7/22/24 15:33,2028-07-22 15:26:00,BTONE FITNESS,FITNESS STUDIO,30 Newbury ST,Boston,MA,2116,42.352082,-71.07263699999999,True,Back Bay/Beacon Hill,fitness studio
575,2022-11-04 15:54:00,,2026-11-04 14:22:00,Bucherer 1888,Sales of Luxury watches and Jewlery,100 Huntington AV,Boston,MA,2116,42.347312,-71.07812200000001,True,Back Bay/Beacon Hill,sales of luxury watches and jewlery
576,2014-11-18 00:00:00,1/6/23 13:22,2027-01-06 12:15:00,BUDGET RENT A CAR SYSTEM,SHORT TERM VEHICLE RENTAL,100 Clarendon ST,Boston,MA,2116,42.34789,-71.07404200000002,True,Back Bay/Beacon Hill,short term vehicle rental
577,2017-10-23 12:10:00,11/24/25 14:34,2029-11-24 12:11:00,Bulgari,Retail Store,14 Newbury ST,Boston,MA,2116,42.35219,-71.07206100000002,True,Back Bay/Beacon Hill,retail store
578,2024-01-02 11:46:00,,2028-01-02 11:41:00,Bumbershoot Capital Management,Property Management,128 Marlborough ST,Boston,MA,2116,42.352963,-71.07742400000001,True,Back Bay/Beacon Hill,property management
579,2024-01-02 11:46:00,,2028-01-02 11:42:00,Bumbershoot Maintenance,Property Management,128 Marlborough ST,Boston,MA,2116,42.352963,-71.07742400000001,True,Back Bay/Beacon Hill,property management
580,2014-10-03 00:00:00,8/30/18 11:36,2022-08-30 09:42:00,BURBERRY,RETAIL,2 Newbury ST,Boston,MA,2116,42.35244,-71.07134100000002,False,Back Bay/Beacon Hill,retail
581,2014-10-03 00:00:00,8/30/18 11:35,2022-08-30 09:47:00,BURBERRY,CH BUS LOC (9/17/14),100 Huntington AV,Boston,MA,2116,42.347312,-71.07812200000001,False,Back Bay/Beacon Hill,ch bus loc (9/17/14)
582,2020-12-03 12:00:00,4/7/25 16:48,2029-04-07 16:45:00,Butterknife,Video Marketing and Advertising,112 Newbury ST,Boston,MA,2116,42.351141,-71.07581600000003,True,Back Bay/Beacon Hill,video marketing and advertising
583,2014-04-10 00:00:00,,2018-04-10 00:00:00,C PIZZANO & SONS,,286 Columbus AV,Boston,MA,2116,42.346811,-71.073735,False,Back Bay/Beacon Hill,
584,2013-08-13 00:00:00,8/22/25 13:25,2029-08-22 13:24:00,"C.SPA - BOSTON, SKIN & MASSAGE STUDIO",BEAUTY/SPA/WELLNESS,715 Boylston ST,Boston,MA,2116,42.349616,-71.07998399999997,True,Back Bay/Beacon Hill,beauty/spa/wellness
585,2019-06-25 16:26:00,,2023-06-25 16:24:00,Cable Stayed Studios,Video Game Development,120 Saint James AV,Boston,MA,2116,42.34921,-71.07513,False,Back Bay/Beacon Hill,video game development
586,2015-11-16 00:00:00,10/31/23 11:46,2027-10-31 11:43:00,CABOT & COMPANY,REAL ESTATE,213 Newbury ST,Boston,MA,2116,42.350162,-71.08119999999997,True,Back Bay/Beacon Hill,real estate
587,2025-11-05 10:24:00,,2029-11-04 14:16:00,Cactus Club Cafe,Restaurant,500 Boylston ST,Boston,MA,2116,42.350697,-71.07420400000001,True,Back Bay/Beacon Hill,restaurant
588,2022-02-16 15:51:00,,2026-02-16 15:49:00,Cafe Landwer,Restaurant/Cafe,655 Boylston ST,Boston,MA,2116,42.349998,-71.07856800000002,False,Back Bay/Beacon Hill,restaurant/cafe
589,2023-09-19 12:35:00,,2027-09-19 12:31:00,CAFE PASTEL,RESTAURANT,40 Trinity PL,Boston,MA,2116,42.348427,-71.07501400000001,True,Back Bay/Beacon Hill,restaurant
590,2023-05-03 13:14:00,,2027-05-03 13:13:00,Caffe Nero,Coffee Shop,103 Newbury ST,Boston,MA,2116,42.3517,-71.07541600000002,True,Back Bay/Beacon Hill,coffee shop
591,2024-12-19 15:19:00,,2028-12-19 15:07:00,CAFFE NERO,COFFEE SHOP,100 Huntington AV,Boston,MA,2116,42.347312,-71.07812200000001,True,Back Bay/Beacon Hill,coffee shop
592,2024-12-19 15:30:00,,2028-12-19 15:27:00,CAFFE NERO,Coffee Shop,443 Boylston ST,Boston,MA,2116,42.351471,-71.07298100000003,True,Back Bay/Beacon Hill,coffee shop
593,2013-11-08 00:00:00,,2017-11-08 00:00:00,CALIFORNIA PIZZA KITCHEN,RESTAURANT - CH 227 SEC 5A,137 Stuart ST,Boston,MA,2116,42.351291,-71.065765,False,Back Bay/Beacon Hill,restaurant - ch 227 sec 5a
594,2015-06-18 00:00:00,,2019-06-18 00:00:00,CALIFORNIA PIZZA KITCHEN,WITHDRAWAL (11/8/13),137 Stuart ST,Boston,MA,2116,42.351291,-71.065765,False,Back Bay/Beacon Hill,withdrawal (11/8/13)
595,2025-04-02 14:59:00,,2029-04-02 14:58:00,Campeon Soccer,Online Soccer Store,399 Boylston ST,Boston,MA,2116,42.351799,-71.07187799999997,True,Back Bay/Beacon Hill,online soccer store
596,2014-06-25 00:00:00,5/26/22 13:26,2026-05-26 13:23:00,CANDIBAR,NIGHTCLUB,71 Warrenton ST,Boston,MA,2116,42.349932,-71.065832,True,Back Bay/Beacon Hill,nightclub
597,2024-07-15 09:00:00,,2028-07-15 08:57:00,CANDLEFISH,Retail-specialty candles,110 Newbury ST,Boston,MA,2116,42.351223,-71.075763,True,Back Bay/Beacon Hill,retail-specialty candles
598,2024-06-27 14:15:00,,2028-06-27 14:13:00,CandleLux,Candle Making Services and Sales,176 Newbury ST,Boston,MA,2116,42.350302,-71.07909599999999,True,Back Bay/Beacon Hill,candle making services and sales
599,2015-10-28 00:00:00,12/19/23 13:56,2027-12-19 10:40:00,CAPITAL ONE 360 CAFE,FINANCIAL INSTITUTION,711 Boylston ST,Boston,MA,2116,42.349814,-71.07982300000003,True,Back Bay/Beacon Hill,financial institution
600,2020-02-25 12:20:00,3/29/24 15:20,2028-03-29 15:15:00,Capsule Pharmacy Boston,Retail Pharmacy,414 Boylston ST,Boston,MA,2116,42.351256,-71.072408,True,Back Bay/Beacon Hill,retail pharmacy
601,2024-08-16 14:16:00,,2028-08-16 11:28:00,Carbon Health,Human Medical Services,399 Boylston ST,Boston,MA,2116,42.351799,-71.07187799999997,True,Back Bay/Beacon Hill,human medical services
602,2022-08-05 15:07:00,,2026-08-05 11:53:00,Card Shark,"E-Commerce, online Cards Retail",867 Boylston ST,Boston,MA,2116,42.348668,-71.08340699999997,True,Back Bay/Beacon Hill,"e-commerce, online cards retail"
603,2023-04-12 12:43:00,,2027-04-12 12:37:00,Careforth,Caregiving Services And Support,399 Boylston ST,Boston,MA,2116,42.351799,-71.07187799999997,True,Back Bay/Beacon Hill,caregiving services and support
604,2025-08-15 13:32:00,,2029-08-15 13:28:00,Careforth,Caregiving Service and Support,399 Boylston ST,Boston,MA,2116,42.351799,-71.07187799999997,True,Back Bay/Beacon Hill,caregiving service and support
605,2022-10-21 13:51:00,,2026-10-21 13:48:00,Cargo Rental Club,Consulting,867 Boylston ST,Boston,MA,2116,42.348668,-71.08340699999997,True,Back Bay/Beacon Hill,consulting
606,2019-11-01 10:20:00,10/23/23 15:04,2027-10-23 13:49:00,Carter & Company,Interior Design,36 Newbury ST,Boston,MA,2116,42.35201,-71.07277899999997,True,Back Bay/Beacon Hill,interior design
607,2016-10-06 12:59:00,11/4/25 11:34,2029-11-04 11:29:00,CARTIER NORTH AMERICA,JEWERLY,28 Newbury ST,Boston,MA,2116,42.352083,-71.072472,True,Back Bay/Beacon Hill,jewerly
608,2016-02-01 00:00:00,1/4/24 12:54,2028-01-04 12:26:00,CASTANET,CONSIGNMENT - RETAIL,175 Newbury ST,Boston,MA,2116,42.350723,-71.07929999999999,True,Back Bay/Beacon Hill,consignment - retail
609,2021-10-20 14:14:00,10/17/25 13:11,2029-10-17 13:02:00,CastleGate Forwarding,Logistics,4 Copley PL,Boston,MA,2116,42.347278,-71.07767999999999,True,Back Bay/Beacon Hill,logistics
610,2023-11-21 13:03:00,,2027-11-21 12:48:00,Catbird,Retail,156 Newbury ST,Boston,MA,2116,42.350535,-71.07825600000001,True,Back Bay/Beacon Hill,retail
611,2015-09-16 00:00:00,10/15/19 10:09,2023-10-15 10:07:00,CATCHPOINT PARTNERS,STRATEGIC MARKETING CONSULTANCY,121 Beacon ST,Boston,MA,2116,42.354874,-71.073552,False,Back Bay/Beacon Hill,strategic marketing consultancy
612,2018-11-07 13:55:00,10/19/22 13:31,2026-10-19 11:21:00,CBD AMERICAN SHAMAN,RETAIL,227 Newbury ST,Boston,MA,2116,42.350007,-71.08175900000003,True,Back Bay/Beacon Hill,retail
613,2020-07-23 12:22:00,11/26/24 7:45,2028-11-15 00:00:00,CBfit,Personal training,561 Boylston ST,Boston,MA,2116,42.350696,-71.07627400000001,True,Back Bay/Beacon Hill,personal training
614,2021-04-02 14:03:00,,2025-04-02 09:57:00,CBIZ Alliance,insurance services,500 Boylston ST,Boston,MA,2116,42.350697,-71.07420400000001,False,Back Bay/Beacon Hill,insurance services
615,2024-12-13 14:19:00,,2028-12-13 14:17:00,CBIZ Individual Insurance Solutions,Insurance Agent/Broker,500 Boylston ST,Boston,MA,2116,42.350697,-71.07420400000001,True,Back Bay/Beacon Hill,insurance agent/broker
616,2014-05-05 00:00:00,4/17/18 13:39,2022-04-17 12:34:00,CBIZ RETIREMENT PLAN ADVISORY SERVICES,CH 227 SEC 5A,500 Boylston ST,Boston,MA,2116,42.350697,-71.07420400000001,False,Back Bay/Beacon Hill,ch 227 sec 5a
617,2015-12-11 00:00:00,3/4/24 17:33,2028-03-04 17:19:00,CBIZ RETIREMENT PLAN SERVICES,CORPORATION,500 Boylston ST,Boston,MA,2116,42.350697,-71.07420400000001,True,Back Bay/Beacon Hill,corporation
618,2015-12-11 00:00:00,5/17/24 12:36,2028-05-17 11:17:00,CBIZ RETIREMENT PLAN SERVICES,CORPORATION,500 Boylston ST,Boston,MA,2116,42.350697,-71.07420400000001,True,Back Bay/Beacon Hill,corporation
619,2018-08-02 14:10:00,9/12/22 14:51,2026-09-12 13:01:00,"CBIZ TAX, ACCOUTING & ADVISORY OF NEW ENLANG",ACCOUNTING FIRM,500 Boylston ST,Boston,MA,2116,42.350697,-71.07420400000001,True,Back Bay/Beacon Hill,accounting firm
620,2018-10-29 12:39:00,1/3/23 17:02,2026-12-29 09:53:00,CBIZ Vacation Rental Insurance,Insurance Services,500 Boylston ST,Boston,MA,2116,42.350697,-71.07420400000001,True,Back Bay/Beacon Hill,insurance services
621,2020-11-06 15:26:00,1/2/25 14:13,2029-01-02 12:45:00,CDF Therapeutic Bodywork,massage therapy,437 Boylston ST,Boston,MA,2116,42.351491,-71.07290499999999,True,Back Bay/Beacon Hill,massage therapy
622,2023-09-15 14:04:00,,2027-09-15 12:51:00,Celine-Boston Copley,Retail Clothing,100 Huntington AV,Boston,MA,2116,42.347312,-71.07812200000001,True,Back Bay/Beacon Hill,retail clothing
623,2021-08-04 12:03:00,,2025-08-04 12:02:00,CellfloRegenMed,Health Care,20 Park PZ,Boston,MA,2116,42.35147,-71.06880999999998,False,Back Bay/Beacon Hill,health care
624,2019-01-25 13:09:00,,2023-01-25 13:07:00,Celso Enrique Hair Studio,Hair Studio,118 Newbury ST,Boston,MA,2116,42.351144,-71.07611700000001,False,Back Bay/Beacon Hill,hair studio
625,2015-03-30 00:00:00,7/7/23 12:36,2027-07-07 11:00:00,CENTERFOLDS,NIGHTCLUB,12 Lagrange ST,Boston,MA,2116,42.351406,-71.06325900000002,True,Back Bay/Beacon Hill,nightclub
626,2023-11-21 09:29:00,,2027-11-21 08:10:00,Central Perk,Cafe,205 Newbury ST,Boston,MA,2116,42.350258,-71.08085900000003,True,Back Bay/Beacon Hill,cafe
627,2023-12-19 09:31:00,,2027-12-19 09:29:00,Century 21 Cityside,Real Estate,232 Clarendon ST,Boston,MA,2116,42.35165,-71.07574699999998,True,Back Bay/Beacon Hill,real estate
628,2026-01-06 09:36:00,,2030-01-06 09:34:00,CGK on Newbury,Restaurant,267 Newbury ST,Boston,MA,2116,42.349534,-71.08345600000001,True,Back Bay/Beacon Hill,restaurant
629,2015-01-14 00:00:00,12/5/22 11:41,2026-12-05 11:38:00,CH CAROLINA HERRERA,RETAIL CLOTHING SALES,100 Huntington AV,Boston,MA,2116,42.347312,-71.07812200000001,True,Back Bay/Beacon Hill,retail clothing sales
630,2017-03-10 12:06:00,7/21/25 11:41,2029-07-21 10:03:00,CH2M Hill,Engineering Services,120 Saint James AV,Boston,MA,2116,42.34921,-71.07513,True,Back Bay/Beacon Hill,engineering services
631,2015-03-23 00:00:00,3/29/19 13:07,2023-03-29 11:00:00,CH2M HILL,CONSTRUCTION MANAGEMENT,120 Saint James AV,Boston,MA,2116,42.34921,-71.07513,False,Back Bay/Beacon Hill,construction management
632,2017-02-13 13:21:00,7/21/25 11:40,2029-07-21 09:52:00,CH2M Hill Engineers,Engineering Services,10 ST JAMES AV,BOSTON,MA,2116,42.350405,-71.07088399999998,True,Back Bay/Beacon Hill,engineering services
633,2017-01-23 11:25:00,7/22/25 15:15,2029-07-22 15:13:00,CHABA BY A AND M,FLOWER SHOP,71 Stuart ST,Boston,MA,2116,42.351216,-71.06449800000001,True,Back Bay/Beacon Hill,flower shop
634,2014-09-10 00:00:00,9/13/18 14:26,2022-09-13 13:37:00,CHAMPIONSCOTT PARTNERS,EXECUTIVE RECRUITING,321 Columbus AV,Boston,MA,2116,42.34641,-71.074836,False,Back Bay/Beacon Hill,executive recruiting
635,2024-07-02 16:05:00,,2028-07-02 15:28:00,Chanel,"Retail of clothing, frangrance & cosmetics.",6 Newbury ST,Boston,MA,2116,42.352292,-71.071641,True,Back Bay/Beacon Hill,"retail of clothing, frangrance & cosmetics."
636,2021-10-06 11:08:00,10/6/25 8:47,2029-10-06 08:41:00,Charles Street Dental,Dentist's Office,121 Charles ST,Boston,MA,2116,42.349197,-71.06667099999999,True,Back Bay/Beacon Hill,dentist's office
637,2017-07-21 13:30:00,5/21/25 13:49,2029-05-21 13:46:00,Charlies Sandwich Shoppe,Restaurant,429 Columbus AV,Boston,MA,2116,42.344092,-71.07771300000002,True,Back Bay/Beacon Hill,restaurant
638,2022-10-12 13:19:00,,2026-10-12 13:16:00,Charme Jewelry and Accessories,Jewelry and Accessories retail,244 Newbury ST,Boston,MA,2116,42.349392,-71.08238699999998,True,Back Bay/Beacon Hill,jewelry and accessories retail
639,2021-09-10 11:28:00,11/24/25 15:49,2029-11-24 11:17:00,Cheryl Richards,Photography,20 Park PZ,Boston,MA,2116,42.35147,-71.06880999999998,True,Back Bay/Beacon Hill,photography
640,2017-09-28 11:56:00,8/26/25 13:14,2029-08-26 13:12:00,Chi Harmony Acupuncture,Acupuncture,10 Park PZ,Boston,MA,2116,42.351709,-71.06743399999999,True,Back Bay/Beacon Hill,acupuncture
641,2021-08-18 12:50:00,7/22/25 10:45,2029-07-22 10:40:00,Chick-Fil-A Copley Square Inline,ChicFil-A Franchise Restaurant,569 Boylston ST,Boston,MA,2116,42.350591,-71.07642800000002,True,Back Bay/Beacon Hill,chicfil-a franchise restaurant
642,2021-08-09 11:42:00,,2025-08-09 11:39:00,Childs Gallery,retail art gallery,168 Newbury ST,Boston,MA,2116,42.350401,-71.078756,False,Back Bay/Beacon Hill,retail art gallery
643,2025-12-03 09:17:00,,2029-12-03 09:12:00,Chisolm Demertine General Practice Clinic,Virtual Medical Services,3 Arlington ST,Boston,MA,2116,42.355022,-71.07257500000003,True,Back Bay/Beacon Hill,virtual medical services
644,2025-07-22 11:08:00,,2029-07-22 11:08:00,Christine Fuchs Advisors,Coaching Services,184 Marlborough ST,Boston,MA,2116,42.352271,-71.08000099999998,True,Back Bay/Beacon Hill,coaching services
645,2022-03-02 15:52:00,,2026-03-02 11:58:00,Christmas Trees USA,Online Retail,665 Washington ST,Boston,MA,2116,42.351874,-71.062862,False,Back Bay/Beacon Hill,online retail
646,2018-02-28 10:13:00,,2022-02-28 10:12:00,Churros & Cravings,Street Food (fried pastry),233 Newbury ST,Boston,MA,2116,42.349896,-71.082019,False,Back Bay/Beacon Hill,street food (fried pastry)
647,2018-10-04 14:07:00,8/3/22 12:04,2026-08-03 12:03:00,City Smoke,Smoke Shop,167 Newbury ST,Boston,MA,2116,42.350802,-71.07896599999998,True,Back Bay/Beacon Hill,smoke shop
648,2021-12-17 13:44:00,11/24/25 11:41,2029-11-24 11:39:00,CJF Consulting,Freelance Consulting,52 Appleton ST,Boston,MA,2116,42.34567,-71.07219099999998,True,Back Bay/Beacon Hill,freelance consulting
649,2013-11-06 00:00:00,9/16/25 9:27,2029-09-16 09:25:00,CLARENDON BARBERS,BARBER SHOP,59 Clarendon ST,Boston,MA,2116,42.346749,-71.07310000000001,True,Back Bay/Beacon Hill,barber shop
650,2014-07-21 00:00:00,6/9/22 10:36,2026-06-09 10:35:00,CLEARPOINT STRATEGY,SOFTWARE,75 Arlington ST,Boston,MA,2116,42.350549,-71.07041900000002,True,Back Bay/Beacon Hill,software
651,2022-04-14 13:08:00,3/25/26 16:24,2030-03-25 16:01:00,Clerys,Restaurant,113 Dartmouth ST,Boston,MA,2116,42.34615,-71.07518399999998,True,Back Bay/Beacon Hill,restaurant
652,2025-06-27 11:33:00,,2029-06-27 11:30:00,Click Insurance,Property and Casualty Insurance,131 Dartmouth ST,Boston,MA,2116,42.346988,-71.07513499999999,True,Back Bay/Beacon Hill,property and casualty insurance
653,2021-03-18 13:51:00,3/13/25 16:36,2029-03-13 15:27:00,CLIENTEL3,FITNESS,364 Boylston ST,Boston,MA,2116,42.351461,-71.07155499999999,True,Back Bay/Beacon Hill,fitness
654,2025-10-27 15:31:00,,2029-10-27 15:30:00,Clover Roe Events,Event Planner,14 Fayette ST,Boston,MA,2116,42.348966,-71.06712800000003,True,Back Bay/Beacon Hill,event planner
655,2023-06-27 11:31:00,,2027-06-27 11:30:00,"CMD Dermatology, Laser & Aesthetics",Medical Practice,745 Boylston ST,Boston,MA,2116,42.349389,-71.08081800000002,True,Back Bay/Beacon Hill,medical practice
656,2023-04-10 15:52:00,,2027-04-10 15:31:00,CMG Home Loans,Mortgage Office,264 Beacon ST,Boston,MA,2116,42.353504,-71.08039200000002,True,Back Bay/Beacon Hill,mortgage office
657,2022-02-02 16:09:00,,2026-02-02 16:06:00,COAST 2 COAST VENTURES,AMAZON SALES/E-COMMERCE,867 Boylston ST,Boston,MA,2116,42.348668,-71.08340699999997,False,Back Bay/Beacon Hill,amazon sales/e-commerce
658,2019-05-06 13:15:00,4/10/23 14:15,2027-04-10 13:08:00,Cognition Financial,Private Student Loans,200 Clarendon ST,Boston,MA,2116,42.348962,-71.07502399999998,True,Back Bay/Beacon Hill,private student loans
659,2023-08-22 15:58:00,,2027-08-22 15:57:00,Colby Davis of Boston,Jewelry / Gift Store,33 Newbury ST,Boston,MA,2116,42.352402,-71.07291299999997,True,Back Bay/Beacon Hill,jewelry / gift store
660,2018-08-23 12:26:00,,2022-08-23 12:22:00,Coldwell Banker Commercial NRT,Commercial Real estate brokerage,399 Boylston ST,Boston,MA,2116,42.351799,-71.07187799999997,False,Back Bay/Beacon Hill,commercial real estate brokerage
661,2020-02-11 13:33:00,4/1/25 13:07,2029-04-01 12:53:00,Coldwell Banker Commercial Realty,Real Estate Brokerage,399 Boylston ST,Boston,MA,2116,42.351799,-71.07187799999997,True,Back Bay/Beacon Hill,real estate brokerage
662,2020-01-08 15:02:00,,2024-01-08 14:04:00,Coldwell Banker NRT,real estate brokerage,10 Berkeley ST,Boston,MA,2116,42.345203,-71.070585,False,Back Bay/Beacon Hill,real estate brokerage
663,2020-01-08 15:02:00,,2024-01-08 13:47:00,Coldwell Banker NRT,real estate brokerage,399 Boylston ST,Boston,MA,2116,42.351799,-71.07187799999997,False,Back Bay/Beacon Hill,real estate brokerage
664,2020-01-08 15:02:00,4/16/24 11:08,2028-04-16 11:04:00,Coldwell Banker Realty,real estate brokerage,519 Tremont ST,Boston,MA,2116,42.344815,-71.07098200000001,True,Back Bay/Beacon Hill,real estate brokerage
665,2020-01-08 15:02:00,4/1/25 13:07,2029-04-01 12:53:00,Coldwell Banker Realty,real estate brokerage,399 Boylston ST,Boston,MA,2116,42.351799,-71.07187799999997,True,Back Bay/Beacon Hill,real estate brokerage
666,2018-08-23 12:26:00,,2022-08-23 12:22:00,Coldwell Banker Residential Brokerage,Commercial Real estate brokerage,399 Boylston ST,Boston,MA,2116,42.351799,-71.07187799999997,False,Back Bay/Beacon Hill,commercial real estate brokerage
667,2023-02-21 15:31:00,,2027-02-21 15:29:00,Colour Jade Studio,Hair Stylist,119 Newbury ST,Boston,MA,2116,42.351445,-71.07635900000002,True,Back Bay/Beacon Hill,hair stylist
668,2023-09-15 14:15:00,,2027-09-15 14:13:00,Colt Energy Audits,Energy Auditor,110 Stuart ST,Boston,MA,2116,42.350841,-71.06559700000003,True,Back Bay/Beacon Hill,energy auditor
669,2014-06-09 00:00:00,5/31/22 14:16,2026-05-31 13:15:00,COLUMBUS DRY CLEANERS,DRY CLEANING DROP STORE,465 Columbus AV,Boston,MA,2116,42.343574,-71.07841200000001,True,Back Bay/Beacon Hill,dry cleaning drop store
670,2026-02-18 16:05:00,,2030-02-18 15:57:00,Columbus Hospitality Group,Management,74 Clarendon ST,Boston,MA,2116,42.346911,-71.07347900000002,True,Back Bay/Beacon Hill,management
671,2024-05-31 12:47:00,,2028-05-31 12:45:00,Commonwealth Breathwork,Wellness,154 Newbury ST,Boston,MA,2116,42.350532,-71.07815800000003,True,Back Bay/Beacon Hill,wellness
672,2023-11-03 13:03:00,,2027-11-03 13:00:00,Commonwealth Real Estate Advisors,Real Estate,75 Arlington ST,Boston,MA,2116,42.350549,-71.07041900000002,True,Back Bay/Beacon Hill,real estate
673,2021-10-28 13:02:00,,2025-10-28 12:59:00,Compass Development Marketing Group,Real Estate,126 Newbury ST,Boston,MA,2116,42.351018,-71.07629199999997,False,Back Bay/Beacon Hill,real estate
674,2023-08-15 10:00:00,,2027-08-15 09:38:00,Compass One,Contracted Food Prep & Sales,711 Boylston ST,Boston,MA,2116,42.349814,-71.07982300000003,True,Back Bay/Beacon Hill,contracted food prep & sales
675,2018-03-26 14:07:00,4/14/22 13:04,2026-04-14 12:41:00,Compass Wellness,Behavioral Health,75 Arlington ST,Boston,MA,2116,42.350549,-71.07041900000002,True,Back Bay/Beacon Hill,behavioral health
676,2025-01-29 15:06:00,,2029-01-29 15:05:00,Competitive Edge Essay Tutoring,Educational Services,191 Commonwealth AV,Boston,MA,2116,42.351803,-71.08027199999998,True,Back Bay/Beacon Hill,educational services
677,2020-05-11 13:59:00,,2024-05-11 13:02:00,Computer Geeks,Technology,607 Boylston ST,Boston,MA,2116,42.35051,-71.07717200000002,False,Back Bay/Beacon Hill,technology
678,2016-02-05 00:00:00,10/15/24 12:52,2028-10-15 12:49:00,CONCIERGE SERVICES FOR PATIENTS,CONCIERCE SERVICES,17 Arlington ST,Boston,MA,2116,42.352384,-71.07125400000001,True,Back Bay/Beacon Hill,concierce services
679,2018-11-28 13:06:00,,2022-11-28 13:05:00,Condo Intel,Real Estate,77 Newbury ST,Boston,MA,2116,42.351946,-71.07460400000002,False,Back Bay/Beacon Hill,real estate
680,2018-12-21 12:08:00,12/2/24 16:36,2028-12-02 16:35:00,Connect to Success,All Legal Purposes,303 Columbus AV,Boston,MA,2116,42.3467,-71.07454000000001,True,Back Bay/Beacon Hill,all legal purposes
681,2015-03-20 00:00:00,6/6/23 11:40,2027-06-06 11:35:00,COPLEY HOUSE,REAL ESTATE,239 Newton ST,Boston,MA,2116,42.344566,-71.08022399999999,True,Back Bay/Beacon Hill,real estate
682,2014-02-07 00:00:00,12/22/25 10:57,2029-12-22 10:53:00,COPLEY INVESTMENTS COMPANIES,Property Management,77 Newbury ST,Boston,MA,2116,42.351946,-71.07460400000002,True,Back Bay/Beacon Hill,property management
683,2012-10-01 00:00:00,,2016-10-01 00:00:00,COPLEY PLAZA HOTEL,WITHDRAWAL (4/14/10),138 Saint James AV,Boston,MA,2116,42.349177,-71.07660799999996,False,Back Bay/Beacon Hill,withdrawal (4/14/10)
684,2019-04-22 14:52:00,,2023-04-22 14:39:00,Copley Real Estate Group,Real Estate,399 Boylston ST,Boston,MA,2116,42.351799,-71.07187799999997,False,Back Bay/Beacon Hill,real estate
685,2024-02-15 11:41:00,,2028-02-15 11:40:00,Corcoran Property Advisors,Residential Real Estate,14 Newbury ST,Boston,MA,2116,42.35219,-71.07206100000002,True,Back Bay/Beacon Hill,residential real estate
686,2020-07-16 15:13:00,,2024-07-16 14:31:00,Core Investments,Property Management,699 Boylston ST,Boston,MA,2116,42.349758,-71.07944099999997,False,Back Bay/Beacon Hill,property management
687,2022-03-11 13:01:00,,2026-03-11 12:37:00,CorePower Yoga,Yoga Instruction Retail,399 Boylston ST,Boston,MA,2116,42.351799,-71.07187799999997,False,Back Bay/Beacon Hill,yoga instruction retail
688,2021-06-08 10:05:00,,2025-06-08 10:03:00,CoreView,Online clothing and mask,130 Dartmouth ST,Boston,MA,2116,42.346939,-71.07610199999999,False,Back Bay/Beacon Hill,online clothing and mask
689,2014-08-22 00:00:00,9/1/22 13:54,2026-09-01 13:06:00,CORNERSTONE RESEARCH,CONSULTING FIRM,699 Boylston ST,Boston,MA,2116,42.349758,-71.07944099999997,True,Back Bay/Beacon Hill,consulting firm
690,2023-12-21 11:54:00,,2027-12-21 11:49:00,COS,RETAIL CLOTHING STORE,138 Newbury ST,Boston,MA,2116,42.350869,-71.07693999999998,True,Back Bay/Beacon Hill,retail clothing store
691,2019-12-10 12:51:00,,2023-12-10 12:50:00,Cosmica,Restaurant,40 Berkeley ST,Boston,MA,2116,42.346057,-71.07084399999997,False,Back Bay/Beacon Hill,restaurant
692,2024-06-17 09:45:00,,2028-06-17 09:36:00,Cotopaxi,Retail,201 Newbury ST,Boston,MA,2116,42.350424,-71.08014100000003,True,Back Bay/Beacon Hill,retail
693,2023-02-10 12:32:00,,2027-02-10 12:31:00,Courtney Scharneck Wellness,Message Therapy,437 Boylston ST,Boston,MA,2116,42.351491,-71.07290499999999,True,Back Bay/Beacon Hill,message therapy
694,2025-06-02 09:38:00,,2029-06-02 09:36:00,Courtyard Boston Copley Square,Hotel,88 Exeter ST,Boston,MA,2116,42.348594,-71.07885599999997,True,Back Bay/Beacon Hill,hotel
695,2015-10-05 00:00:00,1/12/24 9:54,2028-01-12 09:53:00,COURTYARD BOSTON DOWNTOWN,HOTEL,275 Tremont ST,Boston,MA,2116,42.350026,-71.06564700000001,True,Back Bay/Beacon Hill,hotel
696,2013-07-02 00:00:00,,2017-07-02 00:00:00,COURTYARD BOSTON DOWNTOWN/TREMONT,WITHDRAWAL (8/17/12),275 Tremont ST,Boston,MA,2116,42.350026,-71.06564700000001,False,Back Bay/Beacon Hill,withdrawal (8/17/12)
697,2014-12-24 00:00:00,,2018-12-24 00:00:00,COX DIGITAL SOLUTIONS,WITHDRAWAL (1/4/11),399 Boylston ST,Boston,MA,2116,42.351799,-71.07187799999997,False,Back Bay/Beacon Hill,withdrawal (1/4/11)
698,2025-07-21 13:08:00,,2029-07-21 12:57:00,CP IX LUKA,Real Estate & Property Management,45 Stuart ST,Boston,MA,2116,42.351422,-71.06395399999997,True,Back Bay/Beacon Hill,real estate & property management
699,2022-03-02 15:52:00,,2026-03-02 12:13:00,Created Futures,Career and Life Coaching,665 Washington ST,Boston,MA,2116,42.351874,-71.062862,False,Back Bay/Beacon Hill,career and life coaching
700,2017-09-08 10:00:00,9/15/25 9:24,2029-09-15 09:06:00,CREDO,RETAIL,177 Newbury ST,Boston,MA,2116,42.35066,-71.07936699999999,True,Back Bay/Beacon Hill,retail
701,2014-03-21 00:00:00,,2018-03-21 00:00:00,CREPERIE ON NEWBURY,WITHDRAWAL (6/21/13),259 Newbury ST,Boston,MA,2116,42.349609,-71.08319399999999,False,Back Bay/Beacon Hill,withdrawal (6/21/13)
702,2013-06-21 00:00:00,,2017-06-21 00:00:00,CREPERIE ON NEWBURY STREET,RESTAURANT,259 Newbury ST,Boston,MA,2116,42.349609,-71.08319399999999,False,Back Bay/Beacon Hill,restaurant
703,2022-03-22 13:14:00,2/26/26 15:25,2030-02-26 11:05:00,CrossCountry Mortgage,Mortgage Company,399 Boylston ST,Boston,MA,2116,42.351799,-71.07187799999997,True,Back Bay/Beacon Hill,mortgage company
704,2016-05-02 00:00:00,,2020-05-02 00:00:00,CRYOHEALTHBOSTON,MEDICAL SPA,252 Newbury ST,Boston,MA,2116,42.349334,-71.08266500000002,False,Back Bay/Beacon Hill,medical spa
705,2016-05-02 00:00:00,,2020-05-02 00:00:00,CRYOHEALTHBOSTON,,252 Newbury ST,Boston,MA,2116,42.349334,-71.08266500000002,False,Back Bay/Beacon Hill,
706,2018-05-07 11:07:00,,2022-05-07 11:07:00,CTKelley Consulting,Consulting,274 Marlborough ST,Boston,MA,2116,42.351559,-71.08266200000003,False,Back Bay/Beacon Hill,consulting
707,2013-02-12 00:00:00,,2017-02-12 00:00:00,CUFFS BAR,WITHDRAWAL (10/21/11),350 Stuart ST,Boston,MA,2116,42.34924,-71.07244000000003,False,Back Bay/Beacon Hill,withdrawal (10/21/11)
708,2013-12-17 00:00:00,6/8/22 16:04,2026-06-08 15:51:00,CURRENCY EXCHANGE INTERNATIONAL,RETAIL/FINANCIAL CURRENCY EXCH,100 Huntington AV,Boston,MA,2116,42.347312,-71.07812200000001,True,Back Bay/Beacon Hill,retail/financial currency exch
709,2024-04-17 16:43:00,,2028-04-17 16:40:00,CURVES BRASILEIRA,Aesthetician,115 Newbury ST,Boston,MA,2116,42.351496,-71.07613500000002,True,Back Bay/Beacon Hill,aesthetician
710,2019-10-23 16:19:00,11/15/23 11:36,2027-11-15 11:28:00,Cuyana,Ladies Luxury Retailer,112 Newbury ST,Boston,MA,2116,42.351141,-71.07581600000003,True,Back Bay/Beacon Hill,ladies luxury retailer
711,2022-01-18 15:03:00,12/12/25 16:02,2029-12-12 14:19:00,CVS /Pharmacy #8972,Retail/Pharmacy,285 Columbus AV,Boston,MA,2116,42.3473,-71.0738,True,Back Bay/Beacon Hill,retail/pharmacy
712,2013-08-08 00:00:00,8/15/25 9:34,2029-08-15 08:02:00,CVS/PHARMACY # 12 0 6,RETAIL PHARMACY,240 Newbury ST,Boston,MA,2116,42.349574,-71.08189099999998,True,Back Bay/Beacon Hill,retail pharmacy
713,2013-08-08 00:00:00,8/15/25 9:35,2029-08-15 08:03:00,CVS/PHARMACY #1217,RETAIL PHARMACY,587 Boylston ST,Boston,MA,2116,42.350453,-71.076908,True,Back Bay/Beacon Hill,retail pharmacy
714,2026-02-12 16:59:00,,2030-02-12 12:50:00,D.M. Therese Byrne,STR,116 Commonwealth AV,Boston,MA,2116,42.351851,-71.07663300000002,True,Back Bay/Beacon Hill,str
715,2019-08-12 09:50:00,,2023-08-12 09:48:00,Dani DeWitt,Software Consulting,10 Fayette ST,Boston,MA,2116,42.349034,-71.067002,False,Back Bay/Beacon Hill,software consulting
716,2014-04-22 00:00:00,,2018-04-22 00:00:00,DANIELA WINSTON MEDSPA,MEDICAL SPA,135 Newbury ST,Boston,MA,2116,42.351259,-71.07704000000001,False,Back Bay/Beacon Hill,medical spa
717,2014-04-22 00:00:00,,2018-04-22 00:00:00,DANIELA WINSTON MEDSPA,,135 Newbury ST,Boston,MA,2116,42.351259,-71.07704000000001,False,Back Bay/Beacon Hill,
718,2014-06-26 00:00:00,6/13/22 15:10,2026-06-13 15:09:00,DASH LIVERY,LIVERY SERVICE,308 Columbus AV,Boston,MA,2116,42.346295,-71.07433700000001,True,Back Bay/Beacon Hill,livery service
719,2024-07-18 15:32:00,,2028-07-18 11:03:00,DAVE'S HOT CHICKEN,TAKE-OUT RESTAURANT,123 Stuart ST,Boston,MA,2116,42.351378,-71.06572900000003,True,Back Bay/Beacon Hill,take-out restaurant
720,2020-06-02 10:23:00,5/16/24 12:57,2028-05-16 11:59:00,David Cobb Massage Therapy,Massage therapy,45 Newbury ST,Boston,MA,2116,42.352183,-71.073242,True,Back Bay/Beacon Hill,massage therapy
721,2017-12-12 11:55:00,7/31/23 11:49,2027-07-31 11:45:00,David Yurman,Limited Liability Company,100 Huntington AV,Boston,MA,2116,42.347312,-71.07812200000001,True,Back Bay/Beacon Hill,limited liability company
722,2020-03-16 15:56:00,,2024-03-16 15:53:00,DayToDay Health,Technology,120 Saint James AV,Boston,MA,2116,42.34921,-71.07513,False,Back Bay/Beacon Hill,technology
723,2019-01-23 12:32:00,,2023-01-23 10:11:00,DC Advisory,Advisory Services,200 Clarendon ST,Boston,MA,2116,42.348962,-71.07502399999998,False,Back Bay/Beacon Hill,advisory services
724,2022-07-08 12:48:00,,2026-07-08 12:47:00,de Gale's Furnishing,Online Furniture Store,867 Boylston ST,Boston,MA,2116,42.348668,-71.08340699999997,True,Back Bay/Beacon Hill,online furniture store
725,2015-03-26 00:00:00,4/2/19 15:37,2023-04-02 15:36:00,DEAN MELLEN PRODUCTIONS,HAIR SALON,91 Newbury ST,Boston,MA,2116,42.351809,-71.07499200000001,False,Back Bay/Beacon Hill,hair salon
726,2016-08-05 11:20:00,5/30/24 13:48,2028-05-30 10:48:00,Defi Japan,Hair Salon,132 Newbury ST,Boston,MA,2116,42.350985,-71.07671199999999,True,Back Bay/Beacon Hill,hair salon
727,2014-10-22 00:00:00,,2018-10-22 00:00:00,DEFI JAPAN,WITHDRAWAL (11/13/12,2 Clarendon ST,Boston,MA,2116,42.344244,-71.07243499999998,False,Back Bay/Beacon Hill,withdrawal (11/13/12
728,2012-11-13 00:00:00,,2016-11-13 00:00:00,DEFI JAPAN,HAIR SALON,207 Newbury ST,Boston,MA,2116,42.350192,-71.08088900000001,False,Back Bay/Beacon Hill,hair salon
729,2014-09-23 00:00:00,,2018-09-23 00:00:00,DELIGHTFULLY DELICIOUS FILMS,FILM PRODUCTION COMPANY,120 Boylston ST,Boston,MA,2116,42.352244,-71.06554900000003,False,Back Bay/Beacon Hill,film production company
730,2015-01-15 00:00:00,,2019-01-15 00:00:00,DELIGHTFULLY DELICIOUS FILMS,WITHDRAWAL (9/23/14),120 Boylston ST,Boston,MA,2116,42.352244,-71.06554900000003,False,Back Bay/Beacon Hill,withdrawal (9/23/14)
731,2018-02-26 14:17:00,5/2/22 13:58,2026-05-02 10:15:00,DELLARIA SALON,HAIR SALON,221 Newbury ST,Boston,MA,2116,42.350104,-71.08154100000002,True,Back Bay/Beacon Hill,hair salon
732,2020-10-14 11:23:00,10/14/20 11:23,2024-10-14 10:20:00,Deloitte,Mgmt Services,200 Berkeley ST,Boston,MA,2116,42.349778,-71.07332200000002,False,Back Bay/Beacon Hill,mgmt services
733,2020-10-14 11:23:00,10/14/20 11:23,2024-10-14 10:24:00,Deloitte & Touche,Accounting Services,200 Berkeley ST,Boston,MA,2116,42.349778,-71.07332200000002,False,Back Bay/Beacon Hill,accounting services
734,2020-10-14 11:22:00,3/13/25 16:01,2029-03-13 15:49:00,Deloitte Consulting,Consulting Services,200 Berkeley ST,Boston,MA,2116,42.349778,-71.07332200000002,True,Back Bay/Beacon Hill,consulting services
735,2020-10-14 11:25:00,3/13/25 16:01,2029-03-13 15:42:00,Deloitte Financial Advisory Services,Advisory Services,200 Berkeley ST,Boston,MA,2116,42.349778,-71.07332200000002,True,Back Bay/Beacon Hill,advisory services
736,2020-10-14 11:24:00,3/13/25 16:01,2029-03-13 15:45:00,Deloitte Services,Admin Services,200 Berkeley ST,Boston,MA,2116,42.349778,-71.07332200000002,True,Back Bay/Beacon Hill,admin services
737,2020-10-16 11:29:00,3/13/25 16:01,2029-03-13 15:46:00,Deloitte Tax,Tax Services,200 Berkeley ST,Boston,MA,2116,42.349778,-71.07332200000002,True,Back Bay/Beacon Hill,tax services
738,2020-10-14 12:38:00,3/13/25 16:01,2029-03-13 15:44:00,Deloitte Transactions and Business Analytics,Accounting Services,200 Berkeley ST,Boston,MA,2116,42.349778,-71.07332200000002,True,Back Bay/Beacon Hill,accounting services
739,2022-02-25 16:07:00,2/24/26 10:08,2030-02-24 10:05:00,DeLuca's Market,Retail Grocery & Wine Cellar,239 Newbury ST,Boston,MA,2116,42.3498,-71.08244000000002,True,Back Bay/Beacon Hill,retail grocery & wine cellar
740,2020-01-16 14:35:00,,2024-01-16 09:47:00,DENIM LAB,RETAIL,156 Newbury ST,Boston,MA,2116,42.350535,-71.07825600000001,False,Back Bay/Beacon Hill,retail
741,2015-07-06 00:00:00,7/19/23 9:31,2027-07-19 12:22:00,DEPENDABLE CLEANERS,RETAIL DRY CLEANERS,110 Newbury ST,Boston,MA,2116,42.351223,-71.075763,True,Back Bay/Beacon Hill,retail dry cleaners
742,2021-08-23 11:41:00,8/12/25 11:19,2029-08-12 10:58:00,DeRosa Center,Medical Office,91 Newbury ST,Boston,MA,2116,42.351809,-71.07499200000001,True,Back Bay/Beacon Hill,medical office
743,2023-10-12 13:41:00,,2027-10-12 13:34:00,Dig.,Restaurant,557 Boylston ST,Boston,MA,2116,42.350657,-71.07617299999998,True,Back Bay/Beacon Hill,restaurant
744,2022-08-02 11:48:00,,2026-08-02 11:47:00,Dilly Dally Records,Record Label,217 Newton ST,Boston,MA,2116,42.344061,-71.07958300000001,True,Back Bay/Beacon Hill,record label
745,2024-11-20 12:03:00,,2028-11-20 11:59:00,Diptyque,Retail Fragrances,123 Newbury ST,Boston,MA,2116,42.351452,-71.07655999999997,True,Back Bay/Beacon Hill,retail fragrances
746,2013-09-23 00:00:00,2/6/25 11:32,2029-02-06 11:25:00,Dirty Water Dough Company,Restaurant,222 Newbury ST,Boston,MA,2116,42.349752,-71.08107999999999,True,Back Bay/Beacon Hill,restaurant
747,2024-10-29 09:44:00,,2028-10-29 09:41:00,Distinct Recruitment,Recruitment Services,501 Boylston ST,Boston,MA,2116,42.351151,-71.074545,True,Back Bay/Beacon Hill,recruitment services
748,2019-05-10 12:11:00,,2023-05-10 11:47:00,DoctorDoctor,Health Clinic,262 Beacon ST,Boston,MA,2116,42.353585,-71.08032700000001,False,Back Bay/Beacon Hill,health clinic
749,2021-09-16 12:26:00,8/25/25 15:01,2029-08-25 14:59:00,Dog Eat Cake Pet Bakery,Dog Treats,298 Columbus AV,Boston,MA,2116,42.346526,-71.07405299999999,True,Back Bay/Beacon Hill,dog treats
750,2013-05-23 00:00:00,,2017-05-23 00:00:00,DOLLAR RENT A CAR,WITHDRAWAL(8/27/10),110 Huntington AV,Boston,MA,2116,42.347161,-71.079024,False,Back Bay/Beacon Hill,withdrawal(8/27/10)
751,2021-11-18 14:10:00,10/27/25 13:29,2029-10-27 11:09:00,DONNELLY AND COMPANY,RESIDENTIAL REAL ESTATE,129 Newbury ST,Boston,MA,2116,42.351372,-71.076818,True,Back Bay/Beacon Hill,residential real estate
752,2013-09-16 00:00:00,3/10/26 11:41,2030-03-10 11:39:00,DOUBLETREE HOTEL - DOWNTOWN,HOTEL,821 Washington ST,Boston,MA,2116,42.348895,-71.06424500000003,True,Back Bay/Beacon Hill,hotel
753,2023-02-17 11:09:00,,2027-02-17 11:06:00,DOUGHBOYNATAN,Online Retail,399 Boylston ST,Boston,MA,2116,42.351799,-71.07187799999997,True,Back Bay/Beacon Hill,online retail
754,2017-11-20 14:23:00,11/21/25 14:22,2029-11-21 14:20:00,Douglas Elliman Real Estate,Real Estate Brokerage,20 Park PZ,Boston,MA,2116,42.35147,-71.06880999999998,True,Back Bay/Beacon Hill,real estate brokerage
755,2017-06-26 13:09:00,8/3/22 11:46,2026-08-03 11:40:00,Douzo Japanese Restaurant,Restaurant,131 Dartmouth ST,Boston,MA,2116,42.346988,-71.07513499999999,True,Back Bay/Beacon Hill,restaurant
756,2022-01-05 09:58:00,3/23/26 16:43,2030-03-23 16:10:00,Dowling PEO,PEO,131 Dartmouth ST,Boston,MA,2116,42.346988,-71.07513499999999,True,Back Bay/Beacon Hill,peo
757,2022-12-02 12:08:00,,2026-12-02 11:58:00,DOWN UNDER YOGA SCHOOL OF YOGA,YOGA STUDIO,505 Tremont ST,Boston,MA,2116,42.345,-71.07074,True,Back Bay/Beacon Hill,yoga studio
758,2019-09-06 16:15:00,,2023-09-06 16:14:00,Downtown Smoke Inc.,Smoke Shop,40 Boylston ST,Boston,MA,2116,42.352226,-71.063916,False,Back Bay/Beacon Hill,smoke shop
759,2020-11-25 13:56:00,10/28/24 16:33,2028-10-28 13:26:00,Dr. George Stevens,Dentist office,26 Marlborough ST,Boston,MA,2116,42.354056,-71.07352600000002,True,Back Bay/Beacon Hill,dentist office
760,2025-07-17 10:07:00,,2029-07-17 10:06:00,Dragana Hair Designer,Hair Salon,207 Newbury ST,Boston,MA,2116,42.350192,-71.08088900000001,True,Back Bay/Beacon Hill,hair salon
761,2018-12-11 11:20:00,1/17/23 11:56,2027-01-17 11:33:00,DRB Facility Services,Building Maintenance,4 Copley PL,Boston,MA,2116,42.347278,-71.07767999999999,True,Back Bay/Beacon Hill,building maintenance
762,2019-02-01 10:33:00,,2023-02-01 10:32:00,Drumi,On-line Mattress Sales,31 Saint James AV,Boston,MA,2116,42.350666,-71.07046700000001,False,Back Bay/Beacon Hill,on-line mattress sales
763,2022-08-02 13:00:00,,2026-08-02 12:14:00,Drybar,Hair Salon,234 Clarendon ST,Boston,MA,2116,42.351699,-71.07590299999998,True,Back Bay/Beacon Hill,hair salon
764,2016-07-13 14:31:00,2/25/21 15:00,2025-02-25 12:38:00,Drybar,Hair Salon,234 Clarendon ST,Boston,MA,2116,42.351699,-71.07590299999998,False,Back Bay/Beacon Hill,hair salon
765,2024-12-24 15:21:00,,2028-12-24 15:18:00,Drybar Back Bay,Hair Salon,234 Clarendon ST,Boston,MA,2116,42.351699,-71.07590299999998,True,Back Bay/Beacon Hill,hair salon
766,2019-07-10 14:06:00,7/14/23 9:26,2027-07-11 00:00:00,DSJ GLOBAL,Staffing Group,200 Clarendon ST,Boston,MA,2116,42.348962,-71.07502399999998,True,Back Bay/Beacon Hill,staffing group
767,2014-08-06 00:00:00,11/14/23 15:28,2027-11-14 11:39:00,DTR MODERN GALLERIES,ART GALLERY,167 Newbury ST,Boston,MA,2116,42.350802,-71.07896599999998,True,Back Bay/Beacon Hill,art gallery
768,2015-05-11 00:00:00,5/10/23 15:57,2027-05-10 12:18:00,DUCK TOURS,LAND AND WATER TOURS ON AMPHIBIOUS VEHICLES,4 Copley PL,Boston,MA,2116,42.347278,-71.07767999999999,True,Back Bay/Beacon Hill,land and water tours on amphibious vehicles
769,2023-01-20 16:03:00,,2027-01-20 15:07:00,Dunkin Donuts,Quick Service Retail,8 Park PZ,Boston,MA,2116,42.351214,-71.06642599999998,True,Back Bay/Beacon Hill,quick service retail
770,2014-06-30 00:00:00,6/27/18 14:54,2022-06-27 12:14:00,DUNKIN DONUTS,QUICK SERVICE RETAIL,8 Park PZ,Boston,MA,2116,42.351214,-71.06642599999998,False,Back Bay/Beacon Hill,quick service retail
771,2014-06-30 00:00:00,6/27/18 14:54,2022-06-27 13:37:00,DUNKIN DONUTS,QUICK SERVICE RETAIL,430 Stuart ST,Boston,MA,2116,42.348532,-71.075085,False,Back Bay/Beacon Hill,quick service retail
772,2025-08-01 12:27:00,,2029-08-01 11:34:00,DW Ventures,Medical Stay-Short Term Rental,189 Warren AV,Boston,MA,2116,42.343838,-71.07686000000001,True,Back Bay/Beacon Hill,medical stay-short term rental
773,2022-02-22 15:28:00,,2026-02-22 15:27:00,E MARKET,Convenience Store,4 Park PZ,Boston,MA,2116,42.35229,-71.06709899999998,False,Back Bay/Beacon Hill,convenience store
774,2021-05-17 15:10:00,4/24/25 16:38,2029-04-24 12:00:00,East Coast Ivy,Women's Clothing & Accessories boutique,121 Charles ST,Boston,MA,2116,42.349197,-71.06667099999999,True,Back Bay/Beacon Hill,women's clothing & accessories boutique
775,2023-11-06 12:00:00,,2027-11-06 11:58:00,East West Art,Art & Jewelry Sales,150 Newbury ST,Boston,MA,2116,42.350574,-71.07798300000002,True,Back Bay/Beacon Hill,art & jewelry sales
776,2014-07-21 00:00:00,7/19/18 11:37,2022-07-19 10:57:00,EASTERN BANK,BANKING/FINANCIAL SERVICES,155 Dartmouth ST,Boston,MA,2116,42.348137,-71.07610899999997,False,Back Bay/Beacon Hill,banking/financial services
777,2020-03-16 14:54:00,,2024-03-16 14:51:00,Easy Access Pro,Retail,398 Columbus AV,Boston,MA,2116,42.344565,-71.07638800000001,False,Back Bay/Beacon Hill,retail
778,2016-06-30 12:23:00,7/31/24 15:43,2028-07-31 15:40:00,Eating Disorder Center of Boston,Eating Desorder Treatment Center,419 Boylston ST,Boston,MA,2116,42.351629,-71.07246600000002,True,Back Bay/Beacon Hill,eating desorder treatment center
779,2014-11-25 00:00:00,12/15/23 14:06,2027-12-15 14:05:00,ECCO BEAUTY HAIR SALON,HAIR SALON,2 Boylston ST,Boston,MA,2116,42.352084,-71.06313399999999,True,Back Bay/Beacon Hill,hair salon
780,2018-07-09 12:16:00,,2022-07-09 12:13:00,Ecco6D,Hair Extensions,2 Boylston ST,Boston,MA,2116,42.352084,-71.06313399999999,False,Back Bay/Beacon Hill,hair extensions
781,2021-05-25 13:22:00,,2025-05-25 13:19:00,ECHO FENCING,FITNESS/FENCING STUDIO,883 Boylston ST,Boston,MA,2116,42.348644,-71.08369199999999,False,Back Bay/Beacon Hill,fitness/fencing studio
782,2017-01-25 15:51:00,3/31/21 12:28,2025-03-31 11:28:00,ECO-BUILDERS Worldwide,Carpentry,2 Park PZ,Boston,MA,2116,42.352252,-71.06709000000001,False,Back Bay/Beacon Hill,carpentry
783,2022-08-22 12:54:00,,2026-08-22 12:53:00,EDEN PARK PARIS,FASHION RETAIL,100 Huntington AV,Boston,MA,2116,42.347312,-71.07812200000001,True,Back Bay/Beacon Hill,fashion retail
784,2022-05-25 15:43:00,,2026-05-25 13:33:00,Edge Software,Software Development,867 Boylston ST,Boston,MA,2116,42.348668,-71.08340699999997,True,Back Bay/Beacon Hill,software development
785,2021-11-22 15:59:00,,2025-11-22 14:57:00,Edited Pieces,Online Fashion Retailer,11B Appleton ST,Boston,MA,2116,42.346257,-71.07109100000002,False,Back Bay/Beacon Hill,online fashion retailer
786,2022-11-16 15:42:00,,2026-11-16 15:31:00,Edward Jones,Financial Services,419 Boylston ST,Boston,MA,2116,42.351629,-71.07246600000002,True,Back Bay/Beacon Hill,financial services
787,2020-02-27 11:15:00,7/28/25 9:21,2029-07-28 09:20:00,Edward Voccola & Co,Loan Consulting,75 Arlington ST,Boston,MA,2116,42.350549,-71.07041900000002,True,Back Bay/Beacon Hill,loan consulting
788,2023-03-07 13:44:00,,2027-03-07 13:33:00,El Jefe's Taqueria Of Boston Common,Restaurant,80 Boylston ST,Boston,MA,2116,42.352286,-71.06495899999999,True,Back Bay/Beacon Hill,restaurant
789,2023-12-27 11:13:00,,2027-12-27 11:10:00,El Planeta Media,Spanish Newspaper,399 Boylston ST,Boston,MA,2116,42.351799,-71.07187799999997,True,Back Bay/Beacon Hill,spanish newspaper
790,2019-08-08 14:00:00,7/25/23 8:53,2027-07-24 12:50:00,Elara Caring,Home health care agency,359 Boylston ST,Boston,MA,2116,42.35193,-71.07166000000001,True,Back Bay/Beacon Hill,home health care agency
791,2024-03-29 13:34:00,,2028-03-29 13:33:00,Elemental Aesthetics,Med Spa,251 Newbury ST,Boston,MA,2116,42.349695,-71.08286299999997,True,Back Bay/Beacon Hill,med spa
792,2022-07-12 14:05:00,,2026-07-12 12:00:00,Elevate Boutique Business Solutions,Business Consulting,867 Boylston ST,Boston,MA,2116,42.348668,-71.08340699999997,True,Back Bay/Beacon Hill,business consulting
793,2024-01-30 15:04:00,,2028-01-30 15:02:00,Elevate Fitness,Personal trainer,755 Boylston ST,Boston,MA,2116,42.349334,-71.081007,True,Back Bay/Beacon Hill,personal trainer
794,2022-07-14 12:59:00,,2026-07-14 12:54:00,Elevated Hydrogen,Energy Development Consulting,232 Canton ST,Boston,MA,2116,42.345463,-71.07775700000002,True,Back Bay/Beacon Hill,energy development consulting
795,2018-04-06 10:29:00,,2022-04-06 10:27:00,Elevation Theory Newbury,Men's Grooming,250 Newbury ST,Boston,MA,2116,42.349374,-71.08260999999999,False,Back Bay/Beacon Hill,men's grooming
796,2018-10-09 13:52:00,,2022-10-09 13:49:00,ELFTRICK,ONLINE RETAIL,16 Harcourt ST,Boston,MA,2116,42.346175,-71.07817899999998,False,Back Bay/Beacon Hill,online retail
797,2018-03-22 09:14:00,10/14/22 13:15,2026-10-14 13:13:00,Elite Lash Studio,Esthetics,224 Clarendon ST,Boston,MA,2116,42.351224,-71.07565,True,Back Bay/Beacon Hill,esthetics
798,2013-07-25 00:00:00,,2017-07-25 00:00:00,ELLIOT TAILOR,TAILORING,245 Newbury ST,Boston,MA,2116,42.34976,-71.08261600000003,False,Back Bay/Beacon Hill,tailoring
799,2014-09-18 00:00:00,,2018-09-18 00:00:00,ELLIOT TAILOR,WITHDRAWAL 7/25/2013,245 Newbury ST,Boston,MA,2116,42.34976,-71.08261600000003,False,Back Bay/Beacon Hill,withdrawal 7/25/2013
800,2026-01-15 12:46:00,,2030-01-15 10:02:00,Ellis Early Learning,Child Care,58 Berkeley ST,Boston,MA,2116,42.346489,-71.07106399999998,True,Back Bay/Beacon Hill,child care
801,2026-01-14 14:48:00,,2030-01-14 14:47:00,Ellis Early Learning,Child Care,66 Berkeley ST,Boston,MA,2116,42.346757,-71.07115099999999,True,Back Bay/Beacon Hill,child care
802,2019-10-23 11:44:00,,2023-10-23 11:42:00,EMC3 Global,Event planning,501 Boylston ST,Boston,MA,2116,42.351151,-71.074545,False,Back Bay/Beacon Hill,event planning
803,2018-08-13 13:31:00,,2022-08-13 12:03:00,"EMILY JOHNSTON LICAC, MAC, MS",ACUPUNTURE CLINIC,376 Boylston ST,Boston,MA,2116,42.351241,-71.07162299999999,False,Back Bay/Beacon Hill,acupunture clinic
804,2018-06-27 15:40:00,10/6/22 13:43,2026-10-06 13:39:00,Emma Li Boston,Retail,130 Dartmouth ST,Boston,MA,2116,42.346939,-71.07610199999999,True,Back Bay/Beacon Hill,retail
805,2025-03-17 14:41:00,,2029-03-17 13:41:00,Encore,Audio Visual Rental and Services,40 Trinity PL,Boston,MA,2116,42.348427,-71.07501400000001,True,Back Bay/Beacon Hill,audio visual rental and services
806,2022-06-08 16:57:00,,2026-06-08 14:34:00,Encore,Rental Of Audio And Visual Equip,120 Huntington AV,Boston,MA,2116,42.345726,-71.08093100000002,True,Back Bay/Beacon Hill,rental of audio and visual equip
807,2016-10-31 13:02:00,7/28/25 17:25,2029-07-28 15:18:00,Encore,Audio/Visual Equipment,110 Huntington AV,Boston,MA,2116,42.347161,-71.079024,True,Back Bay/Beacon Hill,audio/visual equipment
808,2022-06-08 16:57:00,,2026-06-08 16:40:00,ENCORE,Rental Of Audio And Visual Equip,200 Boylston ST,Boston,MA,2116,42.351816,-71.067971,True,Back Bay/Beacon Hill,rental of audio and visual equip
809,2022-07-27 10:45:00,,2026-07-27 10:16:00,ENCORE,RENTAL OF AUDIO AND VISUAL EQUIP,100 Stuart ST,Boston,MA,2116,42.350827,-71.06559099999998,True,Back Bay/Beacon Hill,rental of audio and visual equip
810,2023-10-13 15:14:00,,2027-10-13 13:33:00,Encore,Audio Visual Equipment Rental,154 Berkeley ST,Boston,MA,2116,42.34929,-71.072294,True,Back Bay/Beacon Hill,audio visual equipment rental
811,2018-11-28 12:14:00,1/20/23 11:13,2027-01-20 11:10:00,Endeavor Psychology,Therapy Practice,10 Newbury ST,Boston,MA,2116,42.352403,-71.07184799999999,True,Back Bay/Beacon Hill,therapy practice
812,2014-11-17 00:00:00,,2018-11-17 00:00:00,ENGEL & VOLKERS BOSTON,REAL ESTATE BROKERAGE,2 Clarendon ST,Boston,MA,2116,42.344244,-71.07243499999998,False,Back Bay/Beacon Hill,real estate brokerage
813,2016-01-08 00:00:00,,2020-01-08 00:00:00,ENGEL & VOLKERS BOSTON,WITHDRAWAL (11/17/14),2 Clarendon ST,Boston,MA,2116,42.344244,-71.07243499999998,False,Back Bay/Beacon Hill,withdrawal (11/17/14)
814,2023-05-01 12:19:00,,2027-05-01 12:16:00,Enlighten Beauty Studios,Salon,207 Newbury ST,Boston,MA,2116,42.350192,-71.08088900000001,True,Back Bay/Beacon Hill,salon
815,2018-01-09 15:00:00,1/8/26 12:06,2030-01-08 12:00:00,Enterprise Rent-A-Car,Car Rental,200 Stuart ST,Boston,MA,2116,42.350443,-71.06708700000001,True,Back Bay/Beacon Hill,car rental
816,2016-01-21 00:00:00,2/16/24 13:58,2028-02-16 11:55:00,ENZO & CO. SALON,HAIR SALON,161 Newbury ST,Boston,MA,2116,42.350819,-71.07869099999999,True,Back Bay/Beacon Hill,hair salon
817,2024-06-12 13:36:00,,2028-06-12 12:44:00,EPM Scientific,Staffing Group,200 Clarendon ST,Boston,MA,2116,42.348962,-71.07502399999998,True,Back Bay/Beacon Hill,staffing group
818,2026-01-07 13:06:00,,2030-01-07 13:05:00,Epsilon Laboratories,"Research, Development, and Marketing",867 Boylston ST,Boston,MA,2116,42.348668,-71.08340699999997,True,Back Bay/Beacon Hill,"research, development, and marketing"
819,2015-02-12 00:00:00,2/27/23 13:48,2027-02-27 12:49:00,EQUINOX FITNESS CLUB,HEALTH & FITNESS CENTER,131 Dartmouth ST,Boston,MA,2116,42.346988,-71.07513499999999,True,Back Bay/Beacon Hill,health & fitness center
820,2017-11-09 08:49:00,10/27/25 11:39,2029-10-27 11:38:00,Eric P Lefevre,Counseling,82 Marlborough ST,Boston,MA,2116,42.353431,-71.075693,True,Back Bay/Beacon Hill,counseling
821,2021-08-04 09:09:00,,2025-08-04 09:06:00,Esperanza Herbals,Aesthetics Salon,224 Clarendon ST,Boston,MA,2116,42.351224,-71.07565,False,Back Bay/Beacon Hill,aesthetics salon
822,2024-12-26 16:22:00,,2028-12-26 16:13:00,Esther by Hadassah,Online Retail Clothing,867 Boylston ST,Boston,MA,2116,42.348668,-71.08340699999997,True,Back Bay/Beacon Hill,online retail clothing
823,2015-08-18 00:00:00,7/22/19 10:53,2023-07-22 10:52:00,ETHIOCLEANING,GENERAL CLEANING,222 Stuart ST,Boston,MA,2116,42.350452,-71.06833499999999,False,Back Bay/Beacon Hill,general cleaning
824,2015-12-07 00:00:00,11/21/23 10:09,2027-11-21 10:06:00,EUROPEAN WATCH CO,WATCH SALES AND REPAIR,137 Newbury ST,Boston,MA,2116,42.35129,-71.07713999999999,True,Back Bay/Beacon Hill,watch sales and repair
825,2015-02-26 00:00:00,,2019-02-26 00:00:00,EUROPEAN WAX CENTER,WAXING CENTER,216 Newbury ST,Boston,MA,2116,42.349792,-71.080828,False,Back Bay/Beacon Hill,waxing center
826,2018-02-23 10:59:00,2/7/22 14:23,2026-02-07 14:07:00,European Wax Center,Waxing and Hair Removal,216 Newbury ST,Boston,MA,2116,42.349792,-71.080828,False,Back Bay/Beacon Hill,waxing and hair removal
827,2015-04-23 00:00:00,,2019-04-23 00:00:00,EUROPEAN WAX CENTER,WITHDRAWAL (2/26/15),216 Newbury ST,Boston,MA,2116,42.349792,-71.080828,False,Back Bay/Beacon Hill,withdrawal (2/26/15)
828,2018-08-29 16:18:00,,2022-08-29 16:17:00,Eva Michelle Studios,Hair Salon,118 Newbury ST,Boston,MA,2116,42.351144,-71.07611700000001,False,Back Bay/Beacon Hill,hair salon
829,2025-07-21 16:48:00,,2029-07-21 16:02:00,Event Network #5003,Retail Gift Shop,64 Arlington ST,Boston,MA,2116,42.350708,-71.06992200000002,True,Back Bay/Beacon Hill,retail gift shop
830,2025-07-21 16:43:00,,2029-07-21 16:13:00,Event Network #5020,Retail Gift Shop,110 Huntington AV,Boston,MA,2116,42.347161,-71.079024,True,Back Bay/Beacon Hill,retail gift shop
831,2025-07-21 16:47:00,,2029-07-21 16:07:00,Event Network #5024,Retail Gift Shop,10 Huntington AV,Boston,MA,2116,42.348575,-71.077203,True,Back Bay/Beacon Hill,retail gift shop
832,2016-08-11 11:41:00,,,EVERBARE,AESTHEICIAN OFFICE,137 Newbury ST,Boston,MA,2116,42.35129,-71.07713999999999,False,Back Bay/Beacon Hill,aestheician office
833,2022-07-21 14:47:00,,2026-07-21 14:44:00,Everbeard,Hair Care Products Retail,867 Boylston ST,Boston,MA,2116,42.348668,-71.08340699999997,True,Back Bay/Beacon Hill,hair care products retail
834,2015-10-13 00:00:00,11/30/23 11:04,2027-11-30 11:01:00,EVERETT AUTO CO,INVESTMENT,2 Clarendon ST,Boston,MA,2116,42.344244,-71.07243499999998,True,Back Bay/Beacon Hill,investment
835,2015-10-13 00:00:00,11/30/23 11:04,2027-11-30 11:00:00,"EVERETT AUTO PARTS, CO.",INVESTMENT,266 Beacon ST,Boston,MA,2116,42.353534,-71.08055999999999,True,Back Bay/Beacon Hill,investment
836,2021-02-19 15:27:00,,,Evolve Bootcamp,Outdoor Fitness bootcamp,139 Charles ST,Boston,MA,2116,42.349017,-71.06666100000001,False,Back Bay/Beacon Hill,outdoor fitness bootcamp
837,2025-12-30 15:11:00,,2029-12-30 15:11:00,Exos,Health And Fitness,200 Clarendon ST,Boston,MA,2116,42.348962,-71.07502399999998,True,Back Bay/Beacon Hill,health and fitness
838,2021-11-08 13:53:00,10/17/25 9:53,2029-10-17 09:51:00,Expert Dental Advisory,Dental Consulting,1 Charles ST,Boston,MA,2116,42.351541,-71.067431,True,Back Bay/Beacon Hill,dental consulting
839,2023-06-01 14:07:00,,2027-06-01 13:49:00,Express Edit #2911,Retail Clothing Store,109 Newbury ST,Boston,MA,2116,42.351542,-71.075898,True,Back Bay/Beacon Hill,retail clothing store
840,2025-06-09 12:47:00,,2029-06-09 12:45:00,Extension Arts,Salon,115 Newbury ST,Boston,MA,2116,42.351496,-71.07613500000002,True,Back Bay/Beacon Hill,salon
841,2024-06-18 13:10:00,,2028-06-18 13:10:00,Extra Space Storage (#6506),Self Storage Facility,235 Beacon ST,Boston,MA,2116,42.35367,-71.078081,True,Back Bay/Beacon Hill,self storage facility
842,2015-09-24 00:00:00,,2019-09-24 00:00:00,EYESTARR,WITHDRAWAL (12/2/11),170 Commonwealth AV,Boston,MA,2116,42.351248,-71.07892900000002,False,Back Bay/Beacon Hill,withdrawal (12/2/11)
843,2022-02-09 16:00:00,,2026-02-09 15:53:00,EZ Tech Repair,e-commerce,133 Clarendon ST,Boston,MA,2116,42.348626,-71.073936,False,Back Bay/Beacon Hill,e-commerce
844,2022-02-24 16:28:00,,2026-02-24 10:36:00,Ezinne Real Estate,Real Estate,867 Boylston ST,Boston,MA,2116,42.348668,-71.08340699999997,False,Back Bay/Beacon Hill,real estate
845,2024-08-22 14:23:00,,2028-08-22 14:22:00,F.A.M. Fitness,Personal Training,560 Boylston ST,Boston,MA,2116,42.349964,-71.077022,True,Back Bay/Beacon Hill,personal training
846,2022-10-27 11:17:00,,2026-10-27 11:15:00,Faccia a Faccia,Restaurant,276 Newbury ST,Boston,MA,2116,42.349074,-71.083576,True,Back Bay/Beacon Hill,restaurant
847,2018-11-30 11:40:00,6/1/23 12:31,2027-06-01 12:27:00,Fairmont Copley Plaza,Hotel,138 Saint James AV,Boston,MA,2116,42.349177,-71.07660799999996,True,Back Bay/Beacon Hill,hotel
848,2025-12-10 11:07:00,,2029-12-10 11:05:00,Fat Orange Cat Studio,Illustration & Design,66 Chandler ST,Boston,MA,2116,42.346559,-71.07189499999998,True,Back Bay/Beacon Hill,illustration & design
849,2018-05-10 14:31:00,3/23/26 9:41,2030-03-23 09:39:00,FCLT GLOBAL,NON-PROFIT,31 Saint James AV,Boston,MA,2116,42.350666,-71.07046700000001,True,Back Bay/Beacon Hill,non-profit
850,2014-11-03 00:00:00,1/2/24 15:46,2028-01-02 15:39:00,FEDEX OFFICE & PRINT SERVICES #5123,FedEx Services,187 Dartmouth ST,Boston,MA,2116,42.348617,-71.07626099999999,True,Back Bay/Beacon Hill,fedex services
851,2019-12-10 16:28:00,12/6/23 11:48,2027-12-06 11:32:00,FedPoint,Insurance Administrative and support services,200 Berkeley ST,Boston,MA,2116,42.349778,-71.07332200000002,True,Back Bay/Beacon Hill,insurance administrative and support services
852,2023-09-15 15:04:00,,2027-09-15 10:16:00,FENDI,Retail Sale,100 Huntington AV,Boston,MA,2116,42.347312,-71.07812200000001,True,Back Bay/Beacon Hill,retail sale
853,2020-01-15 12:22:00,,2024-01-15 12:16:00,ffconsulting,Research & Consulting,198 Tremont ST,Boston,MA,2116,42.35213,-71.06437,False,Back Bay/Beacon Hill,research & consulting
854,2020-01-15 12:22:00,,2024-01-15 12:17:00,ffdeals,Research & Trading,198 Tremont ST,Boston,MA,2116,42.35213,-71.06437,False,Back Bay/Beacon Hill,research & trading
855,2020-01-15 12:22:00,,2024-01-15 12:18:00,ffinvest,Research & Investing,198 Tremont ST,Boston,MA,2116,42.35213,-71.06437,False,Back Bay/Beacon Hill,research & investing
856,2020-01-15 12:22:00,,2024-01-15 12:19:00,fftechno,Research & Technology,198 Tremont ST,Boston,MA,2116,42.35213,-71.06437,False,Back Bay/Beacon Hill,research & technology
857,2022-04-26 12:58:00,,2026-04-26 09:50:00,Finagle A Bagel,food service,535 Boylston ST,Boston,MA,2116,42.350803,-71.075628,True,Back Bay/Beacon Hill,food service
858,2020-10-09 14:26:00,1/23/26 14:26,2029-02-20 00:00:00,Find Your Calm / Laura Stevens LICSW,Healthcare,266 Beacon ST,Boston,MA,2116,42.353534,-71.08055999999999,True,Back Bay/Beacon Hill,healthcare
859,2013-10-21 00:00:00,8/15/25 13:00,2029-08-15 12:58:00,FIRAS YOUSIF ORIGINALS,FASHION INTERIOR DESIGN,35 Newbury ST,Boston,MA,2116,42.352432,-71.07299499999999,True,Back Bay/Beacon Hill,fashion interior design
860,2019-01-09 10:53:00,,2023-01-09 10:52:00,Fire & Ice,Restaurant,205 Berkeley ST,Boston,MA,2116,42.350643,-71.07253800000001,False,Back Bay/Beacon Hill,restaurant
861,2015-01-20 00:00:00,2/22/23 11:49,2027-02-22 11:25:00,FIRESTONE AND PARSON,ESTATE JEWELRY AND ANTIQUE SILVER,30 Newbury ST,Boston,MA,2116,42.352082,-71.07263699999999,True,Back Bay/Beacon Hill,estate jewelry and antique silver
862,2014-08-20 00:00:00,7/28/22 9:43,2026-07-28 09:42:00,FIRST RATE SERVICES,BUSINESS SUPPORT,198 Tremont ST,Boston,MA,2116,42.35213,-71.06437,True,Back Bay/Beacon Hill,business support
863,2025-09-30 16:14:00,,2029-09-30 16:11:00,First Watch,Restaurant,777 Boylston ST,Boston,MA,2116,42.349293,-71.08140900000001,True,Back Bay/Beacon Hill,restaurant
864,2014-09-19 00:00:00,4/10/23 15:41,2027-04-10 15:40:00,FISH AND BONE,RETAIL,217 Newbury ST,Boston,MA,2116,42.350152,-71.08137799999997,True,Back Bay/Beacon Hill,retail
865,2019-07-05 14:35:00,6/28/23 11:03,2027-06-28 10:42:00,Flats Boston,Real Estate,715 Boylston ST,Boston,MA,2116,42.349616,-71.07998399999997,True,Back Bay/Beacon Hill,real estate
866,2022-10-11 14:57:00,,2026-10-11 12:56:00,Flik International,Contracted Food Prep & Sales,200 Clarendon ST,Boston,MA,2116,42.348962,-71.07502399999998,True,Back Bay/Beacon Hill,contracted food prep & sales
867,2022-10-11 14:46:00,,2026-10-11 13:54:00,Flik International,Contracted Food Prep & Sales,500 Boylston ST,Boston,MA,2116,42.350697,-71.07420400000001,True,Back Bay/Beacon Hill,contracted food prep & sales
868,2023-06-01 12:52:00,,2027-06-01 10:44:00,Flik International,Contracted Food Prep & Sales @ Summit Partners,222 Berkeley ST,Boston,MA,2116,42.350688,-71.07325900000001,True,Back Bay/Beacon Hill,contracted food prep & sales @ summit partners
869,2026-01-08 12:54:00,,2030-01-06 12:53:00,Flour Bakery & Cafe,Restaurant / Cafe,131 Clarendon ST,Boston,MA,2116,42.348339,-71.07371599999999,True,Back Bay/Beacon Hill,restaurant / cafe
870,2026-01-06 15:23:00,,2030-01-06 15:10:00,FLOUR BAKERY + CAFE,Restaurant/Cafe,1B Charles ST,Boston,MA,2116,42.351055,-71.06720000000001,True,Back Bay/Beacon Hill,restaurant/cafe
871,2021-05-27 14:31:00,5/7/25 15:57,2029-05-07 15:53:00,Flourish Physical Therapy,physical therapy,262 Beacon ST,Boston,MA,2116,42.353585,-71.08032700000001,True,Back Bay/Beacon Hill,physical therapy
872,2025-03-14 15:44:00,,2029-03-14 15:42:00,Forever Young,Spa,262 Beacon ST,Boston,MA,2116,42.353585,-71.08032700000001,True,Back Bay/Beacon Hill,spa
873,2019-07-15 12:49:00,,2023-07-15 12:47:00,Form,Fitness,20 Piedmont ST,Boston,MA,2116,42.349877,-71.06796099999997,False,Back Bay/Beacon Hill,fitness
874,2022-05-12 14:36:00,,2026-05-12 14:34:00,Forma the Salon,Hair Salon,135 Newbury ST,Boston,MA,2116,42.351259,-71.07704000000001,True,Back Bay/Beacon Hill,hair salon
875,2022-04-27 11:39:00,,2026-04-27 11:37:00,Fossiel,Retail,20 Park PZ,Boston,MA,2116,42.35147,-71.06880999999998,True,Back Bay/Beacon Hill,retail
876,2022-08-10 09:36:00,,2026-08-10 09:31:00,Foundations Pelvic Health,Physical Therapy,23 Warren AV,Boston,MA,2116,42.345396,-71.071079,True,Back Bay/Beacon Hill,physical therapy
877,2026-01-08 10:36:00,,2030-01-08 10:35:00,Foundations Pelvic Health 23A,Physical Therapy Services,23 Warren AV,Boston,MA,2116,42.345396,-71.071079,True,Back Bay/Beacon Hill,physical therapy services
878,2014-04-16 00:00:00,3/5/26 12:11,2030-03-05 12:08:00,FOUR SEASONS HOTEL BOSTON,HOTEL,200 Boylston ST,Boston,MA,2116,42.351816,-71.067971,True,Back Bay/Beacon Hill,hotel
879,2024-09-30 11:07:00,,2028-09-30 11:02:00,Foxhole,Restaurant,267 Newbury ST,Boston,MA,2116,42.349534,-71.08345600000001,True,Back Bay/Beacon Hill,restaurant
880,2020-01-21 13:59:00,3/27/24 13:32,2028-03-27 11:51:00,Frame,Retail Sale of Apparel,156 Newbury ST,Boston,MA,2116,42.350535,-71.07825600000001,True,Back Bay/Beacon Hill,retail sale of apparel
881,2022-03-09 14:10:00,3/2/26 15:49,2030-03-02 15:09:00,Frank's Financial Advising,Financial Advising,20 Park PZ,Boston,MA,2116,42.35147,-71.06880999999998,True,Back Bay/Beacon Hill,financial advising
882,2022-06-23 15:52:00,,2026-06-23 15:45:00,Freebird Stores,Retail,201 Newbury ST,Boston,MA,2116,42.350424,-71.08014100000003,True,Back Bay/Beacon Hill,retail
883,2014-09-24 00:00:00,10/17/22 13:57,2026-10-17 12:07:00,FROG POND BOSTON,ICE SKATING/RECREATION,38 Beacon ST,Boston,MA,2116,42.357367,-71.06383900000003,True,Back Bay/Beacon Hill,ice skating/recreation
884,2015-12-28 00:00:00,2/2/24 12:29,2028-02-02 11:33:00,FRUGAL BOOKSTORE,RETAIL BOOK STORE,57 Warren AV,Boston,MA,2116,42.345114,-71.072156,True,Back Bay/Beacon Hill,retail book store
885,2018-03-12 12:27:00,,2022-03-12 12:26:00,FS Limosine,Transportation Services,119 Marlborough ST,Boston,MA,2116,42.353388,-71.077607,False,Back Bay/Beacon Hill,transportation services
886,2014-05-09 00:00:00,3/10/26 16:30,2030-03-10 11:43:00,FUNERAL CONSUMERS ALLIANCE OF EASTERN MASSACHUSETTS,CONSUMER EDUCATION,66 Marlborough ST,Boston,MA,2116,42.353596,-71.07510000000002,True,Back Bay/Beacon Hill,consumer education
887,2025-05-19 11:06:00,,2029-05-19 11:05:00,FurAwayCo,Online Retail,375 Columbus AV,Boston,MA,2116,42.34524,-71.076324,True,Back Bay/Beacon Hill,online retail
888,2025-05-14 10:44:00,,2029-05-14 10:44:00,Fussy Bookkeeping,Accounting Services,399 Boylston ST,Boston,MA,2116,42.351799,-71.07187799999997,True,Back Bay/Beacon Hill,accounting services
889,2024-03-05 14:55:00,,2028-03-05 14:52:00,G & LR Books,Periodical,45 Lawrence ST,Boston,MA,2116,42.345653,-71.074322,True,Back Bay/Beacon Hill,periodical
890,2014-10-08 00:00:00,7/25/23 13:00,2027-07-25 12:32:00,G2O SPA AND SALON,DAY SPA/SALON,278 Newbury ST,Boston,MA,2116,42.349061,-71.08365300000003,True,Back Bay/Beacon Hill,day spa/salon
891,2015-07-17 00:00:00,7/14/23 10:52,2027-07-14 10:50:00,GALLERY NAGA,ART GALLERY,67 Newbury ST,Boston,MA,2116,42.352062,-71.07413300000002,True,Back Bay/Beacon Hill,art gallery
892,2026-03-26 13:14:00,,2030-03-26 13:13:00,Gamblers Station,Convenience Store,135 Charles ST,Boston,MA,2116,42.349049,-71.06664,True,Back Bay/Beacon Hill,convenience store
893,2024-05-02 15:04:00,,2028-05-02 15:02:00,Gameday Men's Health Back Bay,Medical Clinic,575 Boylston ST,Boston,MA,2116,42.350552,-71.07654000000002,True,Back Bay/Beacon Hill,medical clinic
894,2021-03-01 14:29:00,2/5/25 14:17,2029-02-05 12:11:00,GARFINKLE DESIGN,GRAPHIC DESIGN,7 Holyoke ST,Boston,MA,2116,42.344734,-71.07750299999998,True,Back Bay/Beacon Hill,graphic design
895,2014-08-06 00:00:00,10/28/24 10:00,2028-10-28 09:56:00,GARRISON SQUARE,MULTILFAMILY APARTMENTS OWNER & MANAGER,7 Harcourt ST,Boston,MA,2116,42.346052,-71.07865900000002,True,Back Bay/Beacon Hill,multilfamily apartments owner & manager
896,2025-06-12 12:23:00,,2029-06-12 12:20:00,Gaslight Studios,Branding/Marketing,399 Boylston ST,Boston,MA,2116,42.351799,-71.07187799999997,True,Back Bay/Beacon Hill,branding/marketing
897,2019-09-30 15:38:00,1/4/24 12:55,2028-01-04 12:35:00,Gearoid Griffin,Short Term Rental Accomidation,65 Appleton ST,Boston,MA,2116,42.345853,-71.07262700000001,True,Back Bay/Beacon Hill,short term rental accomidation
898,2024-12-26 16:22:00,,2028-12-26 16:18:00,Genesis The Blueprint,Online Business Coaching,867 Boylston ST,Boston,MA,2116,42.348668,-71.08340699999997,True,Back Bay/Beacon Hill,online business coaching
899,2025-03-17 13:24:00,,2029-03-17 13:22:00,Gentlemans Classic Tuxedo,Retail Store,253 Newbury ST,Boston,MA,2116,42.349673,-71.082944,True,Back Bay/Beacon Hill,retail store
900,2018-03-01 14:17:00,,2022-03-01 13:45:00,GEORGE LAKKIS OD,OPTOMETRY,607 Boylston ST,Boston,MA,2116,42.35051,-71.07717200000002,False,Back Bay/Beacon Hill,optometry
901,2026-02-04 15:06:00,,2030-02-04 15:03:00,Getsey Hannon,Marketing Services,193 Marlborough ST,Boston,MA,2116,42.352607,-71.08054500000003,True,Back Bay/Beacon Hill,marketing services
902,2026-03-13 16:29:00,,2030-03-13 16:27:00,Ghosts and Gravestones,Historic Tours,3 Park PZ,Boston,MA,2116,42.351581352485525,-71.06878827825892,True,Back Bay/Beacon Hill,historic tours
903,2018-04-17 13:24:00,,2022-04-17 11:57:00,GIACOMO'S RESTAURANT,RESTAURANT,431 Columbus AV,Boston,MA,2116,42.344133,-71.077406,False,Back Bay/Beacon Hill,restaurant
904,2019-11-27 12:41:00,11/16/23 10:32,2027-11-16 10:28:00,Gibson Sotheby's International Realty,Real Estate Brokerage,276 Newbury ST,Boston,MA,2116,42.349074,-71.083576,True,Back Bay/Beacon Hill,real estate brokerage
905,2019-06-18 14:35:00,6/21/23 16:39,2027-06-21 14:41:00,Gifted,Retail Gift Shop,2 Dartmouth PL,Boston,MA,2116,42.344829,-71.07424100000003,True,Back Bay/Beacon Hill,retail gift shop
906,2023-03-20 16:12:00,,2027-03-20 16:09:00,Gigi,Restaurant,431 Columbus AV,Boston,MA,2116,42.344133,-71.077406,True,Back Bay/Beacon Hill,restaurant
907,2023-06-28 11:40:00,,2027-06-28 09:46:00,Giorgio Armani,Retail apparel & accessories,22 Newbury ST,Boston,MA,2116,42.352161,-71.07234499999998,True,Back Bay/Beacon Hill,retail apparel & accessories
908,2023-01-24 10:40:00,,2027-01-24 10:39:00,GLDN The Studio,Hair Salon,207 Newbury ST,Boston,MA,2116,42.350192,-71.08088900000001,True,Back Bay/Beacon Hill,hair salon
909,2016-05-24 00:00:00,6/12/24 13:32,2028-06-12 11:30:00,GLOCOMMS,STAFFING GROUP,200 Clarendon ST,Boston,MA,2116,42.348962,-71.07502399999998,True,Back Bay/Beacon Hill,staffing group
910,2024-08-21 17:05:00,,2028-08-21 17:00:00,GLOWBAR,Facial Spa,177 Newbury ST,Boston,MA,2116,42.35066,-71.07936699999999,True,Back Bay/Beacon Hill,facial spa
911,2015-08-06 00:00:00,,2019-08-06 00:00:00,GMI ARCHITECTS,WITHDRAWAL (1/5/12),45 Newbury ST,Boston,MA,2116,42.352183,-71.073242,False,Back Bay/Beacon Hill,withdrawal (1/5/12)
912,2014-10-03 00:00:00,11/16/22 12:09,2026-11-16 12:07:00,GOETHE INSTITUTE BOSTON,Language and Cultural Programs,170 Beacon ST,Boston,MA,2116,42.354633,-71.07646799999998,True,Back Bay/Beacon Hill,language and cultural programs
913,2024-03-13 16:03:00,,2028-03-13 15:30:00,Golden Goose,Shoes and Apparel,100 Huntington AV,Boston,MA,2116,42.347312,-71.07812200000001,True,Back Bay/Beacon Hill,shoes and apparel
914,2018-09-10 14:58:00,8/22/22 12:56,2026-08-22 12:55:00,Golden Plum Properties,Property Investing,198 Tremont ST,Boston,MA,2116,42.35213,-71.06437,True,Back Bay/Beacon Hill,property investing
915,2018-10-05 13:22:00,,2022-10-05 13:10:00,GoodPup,Dof Training Application,31 Saint James AV,Boston,MA,2116,42.350666,-71.07046700000001,False,Back Bay/Beacon Hill,dof training application
916,2025-10-29 14:16:00,,2029-10-29 14:14:00,GoodYou Marketing,Marketing Agency,399 Boylston ST,Boston,MA,2116,42.351799,-71.07187799999997,True,Back Bay/Beacon Hill,marketing agency
917,2024-03-28 11:02:00,,2028-03-28 10:57:00,GOOGLE,Electronic hardware and repair services,153 Newbury ST,Boston,MA,2116,42.35092,-71.07836099999997,True,Back Bay/Beacon Hill,electronic hardware and repair services
918,2023-07-28 11:07:00,,2027-07-28 11:00:00,gorjana,Retail Jewelry Sales,209 Newbury ST,Boston,MA,2116,42.350246,-71.081052,True,Back Bay/Beacon Hill,retail jewelry sales
919,2025-08-01 12:36:00,,2029-08-01 12:35:00,Graham Edge,Consulting,665 Washington ST,Boston,MA,2116,42.351874,-71.062862,True,Back Bay/Beacon Hill,consulting
920,2021-06-24 11:05:00,,2025-06-24 11:04:00,Gratinsta,online retail store,84 Berkeley ST,Boston,MA,2116,42.347201,-71.07132200000001,False,Back Bay/Beacon Hill,online retail store
921,2020-12-16 15:38:00,1/6/25 16:07,2029-01-06 12:23:00,Grazy,Grazing Boxes/Gifts,285 Columbus AV,Boston,MA,2116,42.3473,-71.0738,True,Back Bay/Beacon Hill,grazing boxes/gifts
922,2025-09-26 15:46:00,,2029-09-26 15:43:00,Greco,Restaurant,225 Newbury ST,Boston,MA,2116,42.350014,-71.08167000000003,True,Back Bay/Beacon Hill,restaurant
923,2025-11-14 15:05:00,,2029-11-14 15:03:00,Greenly Pro,Cleaning Services,399 Boylston ST,Boston,MA,2116,42.351799,-71.07187799999997,True,Back Bay/Beacon Hill,cleaning services
924,2025-10-06 15:06:00,,2029-10-06 14:01:00,Gregory Agency,Public Relations,745 Boylston ST,Boston,MA,2116,42.349389,-71.08081800000002,True,Back Bay/Beacon Hill,public relations
925,2023-02-01 13:55:00,,2027-02-01 13:51:00,Greystone Management Solutions,Property Management,20 Park PZ,Boston,MA,2116,42.35147,-71.06880999999998,True,Back Bay/Beacon Hill,property management
926,2024-08-06 12:56:00,,2028-08-06 12:55:00,Greystone Real Estate Advisory Group,Property Management,20 Park PZ,Boston,MA,2116,42.35147,-71.06880999999998,True,Back Bay/Beacon Hill,property management
927,2018-03-06 14:54:00,,2022-03-06 14:54:00,Ground Floor Games,Online Retail,274 Beacon ST,Boston,MA,2116,42.353456,-71.08094399999999,False,Back Bay/Beacon Hill,online retail
928,2022-06-23 16:00:00,,2026-06-23 15:43:00,GROUP M WORLDWIDE,MEDIA BUYING AGENCY,501 Boylston ST,Boston,MA,2116,42.351151,-71.074545,True,Back Bay/Beacon Hill,media buying agency
929,2024-10-24 10:34:00,,2028-10-24 10:33:00,Grouper,Aggregator of social fitness activites,501 Boylston ST,Boston,MA,2116,42.351151,-71.074545,True,Back Bay/Beacon Hill,aggregator of social fitness activites
930,2026-03-30 11:41:00,,2030-03-30 11:37:00,GSIR Institute,Real Estate School,277 Dartmouth ST,Boston,MA,2116,42.351134,-71.07754599999998,True,Back Bay/Beacon Hill,real estate school
931,2023-06-08 12:23:00,,2027-06-08 12:20:00,GT Realty,Real Estate,20 Park PZ,Boston,MA,2116,42.35147,-71.06880999999998,True,Back Bay/Beacon Hill,real estate
932,2015-02-13 00:00:00,1/9/23 14:57,2027-01-09 12:46:00,GW&K INVESTMENT MANAGEMENT,INVESTMENT MANAGEMENT,222 Berkeley ST,Boston,MA,2116,42.350688,-71.07325900000001,True,Back Bay/Beacon Hill,investment management
933,2015-12-24 00:00:00,5/13/24 15:58,2028-05-13 12:46:00,GYROTONIC BOSTON CENTRAL,EXERCISE,364 Boylston ST,Boston,MA,2116,42.351461,-71.07155499999999,True,Back Bay/Beacon Hill,exercise
934,2024-10-01 13:11:00,,2028-10-01 11:18:00,H&M,Retail Sales,100 Newbury ST,Boston,MA,2116,42.351017,-71.07501000000002,True,Back Bay/Beacon Hill,retail sales
935,2018-08-30 09:31:00,,2022-08-30 09:29:00,Haberdashery of New England,Retail Clothing Store,114 Newbury ST,Boston,MA,2116,42.351117,-71.07590900000002,False,Back Bay/Beacon Hill,retail clothing store
936,2016-10-12 15:14:00,,,Hainan Airlines,Airline Carrier,31 Saint James AV,Boston,MA,2116,42.350666,-71.07046700000001,False,Back Bay/Beacon Hill,airline carrier
937,2021-09-07 15:13:00,8/19/25 16:24,2029-08-19 16:22:00,Hair Adventure Salon,Hair Salon,32 Boylston ST,Boston,MA,2116,42.352218,-71.06358499999999,True,Back Bay/Beacon Hill,hair salon
938,2020-07-08 13:50:00,6/20/24 16:27,2028-06-20 12:31:00,Hair Bella,hair salon,164 Newbury ST,Boston,MA,2116,42.350392,-71.07856300000003,True,Back Bay/Beacon Hill,hair salon
939,2023-06-08 13:37:00,,2027-06-08 13:36:00,Halo + Salt Salon,Salon,207 Newbury ST,Boston,MA,2116,42.350192,-71.08088900000001,True,Back Bay/Beacon Hill,salon
940,2019-04-22 12:21:00,,2023-04-22 12:20:00,Halo + Salt Salon,Salon,207 Newbury ST,Boston,MA,2116,42.350192,-71.08088900000001,False,Back Bay/Beacon Hill,salon
941,2025-03-24 15:48:00,,2029-03-24 15:46:00,Hamilton Interiors,Interior Design,266 Beacon ST,Boston,MA,2116,42.353534,-71.08055999999999,True,Back Bay/Beacon Hill,interior design
942,2013-07-05 00:00:00,,2017-07-05 00:00:00,HAMMOND RESIDENTIAL,WITHDRAWAL (6/27/11),29 Commonwealth AV,Boston,MA,2116,42.353231,-71.07417499999997,False,Back Bay/Beacon Hill,withdrawal (6/27/11)
943,2024-12-10 15:51:00,,2028-12-10 15:50:00,Hands Of Life Massage,Massage Therapy,264 Beacon ST,Boston,MA,2116,42.353504,-71.08039200000002,True,Back Bay/Beacon Hill,massage therapy
944,2024-08-02 11:45:00,,2028-08-02 11:41:00,Happy Commutes,website/affiliate marketer,263 Commonwealth AV,Boston,MA,2116,42.350765,-71.08399300000002,True,Back Bay/Beacon Hill,website/affiliate marketer
945,2018-05-16 09:42:00,6/27/22 9:20,2026-06-27 09:18:00,Happy Lamb Hot Pot,Restaurant,693 Washington ST,Boston,MA,2116,42.351148,-71.06304799999998,True,Back Bay/Beacon Hill,restaurant
946,2013-05-16 00:00:00,,2017-05-16 00:00:00,HARRY'S FOOD & DRINK,RESTAURANT,142 Berkeley ST,Boston,MA,2116,42.348823,-71.07209899999998,False,Back Bay/Beacon Hill,restaurant
947,2013-07-30 00:00:00,,2017-07-30 00:00:00,HARRY'S FOOD & DRINK,,142 Berkeley ST,Boston,MA,2116,42.348823,-71.07209899999998,False,Back Bay/Beacon Hill,
948,2015-05-04 00:00:00,5/3/19 15:20,2023-05-03 11:44:00,HARVARD VANGUARD MEDICAL ASSOCIATES,MULTI-SPECIALTY MEDICAL GROUP,165 Dartmouth ST,Boston,MA,2116,42.347997,-71.07602800000001,False,Back Bay/Beacon Hill,multi-specialty medical group
949,2015-10-13 00:00:00,8/22/24 15:55,2028-08-22 12:13:00,HASTENS,RETAIL BEDDING,221 Newbury ST,Boston,MA,2116,42.350104,-71.08154100000002,True,Back Bay/Beacon Hill,retail bedding
950,2020-01-22 13:26:00,1/26/24 11:07,2028-01-26 11:01:00,HAVA Lounge,Night Club,246 Tremont ST,Boston,MA,2116,42.350707,-71.06465000000003,True,Back Bay/Beacon Hill,night club
951,2021-11-04 10:22:00,,2025-11-04 10:21:00,Healing Fire,Candles Sales,607 Boylston ST,Boston,MA,2116,42.35051,-71.07717200000002,False,Back Bay/Beacon Hill,candles sales
952,2024-11-08 12:28:00,,2028-11-08 12:18:00,Healthworks Fitness,GYM,441 Stuart ST,Boston,MA,2116,42.34858,-71.076006,True,Back Bay/Beacon Hill,gym
953,2023-08-10 15:20:00,,2027-08-10 15:19:00,Healthy Soles,Physical Therapy,581 Boylston ST,Boston,MA,2116,42.350567,-71.07674600000001,True,Back Bay/Beacon Hill,physical therapy
954,2018-01-08 15:19:00,12/23/25 11:00,2029-12-23 10:57:00,Heath Properties,Property Management,74 Clarendon ST,Boston,MA,2116,42.346911,-71.07347900000002,True,Back Bay/Beacon Hill,property management
955,2018-01-08 15:19:00,12/23/25 11:02,2029-12-23 10:55:00,Heath Properties FL,Property Management,74 Clarendon ST,Boston,MA,2116,42.346911,-71.07347900000002,True,Back Bay/Beacon Hill,property management
956,2021-09-29 10:46:00,10/3/25 10:25,2029-10-03 10:20:00,HELLO BEAUTIFUL,Online Retail,90 Commonwealth AV,Boston,MA,2116,42.352273,-71.075831,True,Back Bay/Beacon Hill,online retail
957,2018-07-09 15:50:00,7/6/22 12:32,2026-07-06 12:31:00,Hello Photo Booth,Photo Booth,283 Tremont ST,Boston,MA,2116,42.349614,-71.06571099999996,True,Back Bay/Beacon Hill,photo booth
958,2015-05-15 00:00:00,8/11/23 10:15,2027-08-11 10:12:00,HERMES,RETAIL OF LUXURY GOODS,320 Boylston ST,Boston,MA,2116,42.351798,-71.07039700000001,True,Back Bay/Beacon Hill,retail of luxury goods
959,2024-09-12 16:08:00,,2028-09-12 13:26:00,Hermes Academic Consulting,Online Consulting,867 Boylston ST,Boston,MA,2116,42.348668,-71.08340699999997,True,Back Bay/Beacon Hill,online consulting
960,2015-06-29 00:00:00,8/17/23 16:02,2027-08-17 16:00:00,HERTZ RENTAL CAR,RENTAL OF VEHICLES,145 Dartmouth ST,Boston,MA,2116,42.34733,-71.07494099999997,True,Back Bay/Beacon Hill,rental of vehicles
961,2015-06-29 00:00:00,8/17/23 15:58,2027-08-17 15:49:00,HERTZ RENTAL CAR,RENTAL OF VEHICLES,30 Park PZ,Boston,MA,2116,42.351054,-71.06967600000002,True,Back Bay/Beacon Hill,rental of vehicles
962,2025-05-30 10:24:00,,2029-05-30 10:22:00,HEYTEA Newbury,Tea Shop,223 Newbury ST,Boston,MA,2116,42.350076,-71.08161899999999,True,Back Bay/Beacon Hill,tea shop
963,2017-03-15 13:30:00,2/19/25 15:01,2029-02-19 10:45:00,HI Boston,Youth Hostel Operation,19 Stuart ST,Boston,MA,2116,42.351101,-71.06336299999998,True,Back Bay/Beacon Hill,youth hostel operation
964,2024-01-19 12:20:00,,2028-01-19 12:17:00,Hilton Boston Park Plaza,Full Service Hotel,50 Park PZ,Boston,MA,2116,42.351046,-71.06945999999999,True,Back Bay/Beacon Hill,full service hotel
965,2018-11-20 09:53:00,11/18/22 13:34,2026-11-18 11:24:00,Hoffman Transcription,Transcription Service,607 Boylston ST,Boston,MA,2116,42.35051,-71.07717200000002,True,Back Bay/Beacon Hill,transcription service
966,2016-12-30 09:02:00,,,Holistic Health & Nutrition Center (HH&NC),Nutrition & Health,29 Commonwealth AV,Boston,MA,2116,42.353231,-71.07417499999997,False,Back Bay/Beacon Hill,nutrition & health
967,2013-09-30 00:00:00,,2017-09-30 00:00:00,HOLLYWOOD NAIL AND SKIN SALON,WITHDRAWAL (3/31/2011),255 Newbury ST,Boston,MA,2116,42.349653,-71.08302800000001,False,Back Bay/Beacon Hill,withdrawal (3/31/2011)
968,2014-05-15 00:00:00,4/28/22 10:30,2026-04-28 10:29:00,HOPE,GIFT SHOP,272 Newbury ST,Boston,MA,2116,42.349084,-71.08340099999998,True,Back Bay/Beacon Hill,gift shop
969,2023-02-13 15:24:00,,2027-02-13 15:20:00,Hot Oven Cookies,Cookie Catering,867 Boylston ST,Boston,MA,2116,42.348668,-71.08340699999997,True,Back Bay/Beacon Hill,cookie catering
970,2022-07-15 14:41:00,,2026-07-15 14:38:00,Hotel AKA Back Bay,Hospitality,154 Berkeley ST,Boston,MA,2116,42.34929,-71.072294,True,Back Bay/Beacon Hill,hospitality
971,2022-09-02 10:11:00,,2026-09-02 10:09:00,HOUSE OF JAX,Retail of Skincare Products,59 Dartmouth ST,Boston,MA,2116,42.344487,-71.07440099999997,True,Back Bay/Beacon Hill,retail of skincare products
972,2014-04-14 00:00:00,4/19/22 15:58,2026-04-19 12:03:00,HOW AND WHY,DESIGN & INNOVATION CONSULTING,42 Melrose ST,Boston,MA,2116,42.348997,-71.06865700000003,True,Back Bay/Beacon Hill,design & innovation consulting
973,2021-11-16 13:49:00,11/13/25 14:07,2029-11-13 14:05:00,HP Escrow,Real Estate,74 Clarendon ST,Boston,MA,2116,42.346911,-71.07347900000002,True,Back Bay/Beacon Hill,real estate
974,2022-01-06 14:04:00,12/19/25 9:18,2029-12-19 09:16:00,HP Tenant Escrow,Property Management,74 Clarendon ST,Boston,MA,2116,42.346911,-71.07347900000002,True,Back Bay/Beacon Hill,property management
975,2013-11-18 00:00:00,2/28/22 12:54,2026-02-28 12:23:00,HUA HONG FIBER USA,INTERNATIONAL TRADE,581 Boylston ST,Boston,MA,2116,42.350567,-71.07674600000001,False,Back Bay/Beacon Hill,international trade
976,2023-08-21 14:01:00,,2027-08-21 13:52:00,HUBLOT,RETAIL LUXURY TIMEPIECES,30 Newbury ST,Boston,MA,2116,42.352082,-71.07263699999999,True,Back Bay/Beacon Hill,retail luxury timepieces
977,2022-10-04 15:51:00,,2026-10-04 15:49:00,HuE,Restaurant,90 Exeter ST,Boston,MA,2116,42.34824,-71.078711,True,Back Bay/Beacon Hill,restaurant
978,2020-06-05 15:23:00,5/29/24 15:21,2028-05-29 15:03:00,Hughes Marino,Commercial real estate/brokerage firm,200 Clarendon ST,Boston,MA,2116,42.348962,-71.07502399999998,True,Back Bay/Beacon Hill,commercial real estate/brokerage firm
979,2015-07-08 00:00:00,7/27/23 11:35,2027-07-27 11:33:00,I DO WEDDING DRESSES AND PHOTOGRAPHY,RETAIL STORE,285 Tremont ST,Boston,MA,2116,42.34973,-71.06554,True,Back Bay/Beacon Hill,retail store
980,2023-11-08 08:55:00,,2027-11-08 08:53:00,IAMRO,Non-Profit Professional Association,2 Park PZ,Boston,MA,2116,42.352252,-71.06709000000001,True,Back Bay/Beacon Hill,non-profit professional association
981,2019-05-06 11:36:00,,2023-05-06 11:32:00,IdeaGen,Tech Services,15 Newbury ST,Boston,MA,2116,42.352612,-71.072404,False,Back Bay/Beacon Hill,tech services
982,2018-11-29 15:10:00,11/21/22 14:17,2026-11-21 14:03:00,IDEAS WITH MERRITT,ART ONLINE CLASS,539 Tremont ST,Boston,MA,2116,42.344692,-71.071392,True,Back Bay/Beacon Hill,art online class
983,2016-08-31 11:59:00,11/22/22 15:30,2026-11-22 11:11:00,Il Decor,Furniture Retail,10 ST JAMES AV,BOSTON,MA,2116,42.350405,-71.07088399999998,True,Back Bay/Beacon Hill,furniture retail
984,2019-02-14 09:19:00,,2023-02-14 09:17:00,IMBUE,Hair Salon,207 Newbury ST,Boston,MA,2116,42.350192,-71.08088900000001,False,Back Bay/Beacon Hill,hair salon
985,2020-02-28 11:31:00,,2024-02-28 11:30:00,IMG,Touring exhibition,130 Columbus AV,Boston,MA,2116,42.34973,-71.07001000000002,False,Back Bay/Beacon Hill,touring exhibition
986,2015-07-21 00:00:00,9/16/19 9:58,2023-08-26 00:00:00,INDOCHINO,RETAIL,85 Newbury ST,Boston,MA,2116,42.351829,-71.07491900000002,False,Back Bay/Beacon Hill,retail
987,2014-06-09 00:00:00,6/15/18 9:52,2022-06-15 09:48:00,INFINITY INFOTECH,IT CONSULTING,30 Newbury ST,Boston,MA,2116,42.352082,-71.07263699999999,False,Back Bay/Beacon Hill,it consulting
988,2016-11-22 13:25:00,2/20/25 12:52,2029-02-20 12:48:00,INN @ ST. BOTOLPH,Hotel,99 Saint Botolph ST,Boston,MA,2116,42.345048,-71.080851,True,Back Bay/Beacon Hill,hotel
989,2022-10-28 15:53:00,,2026-10-28 10:27:00,Insomnia Cookies,Bakery,220 Clarendon ST,Boston,MA,2116,42.35111,-71.07557400000002,True,Back Bay/Beacon Hill,bakery
990,2014-09-08 00:00:00,8/23/18 12:13,2022-08-23 12:11:00,INTERMIX #2345,RETAIL,186 Newbury ST,Boston,MA,2116,42.350274,-71.079273,False,Back Bay/Beacon Hill,retail
991,2021-10-20 13:16:00,10/16/25 13:29,2029-10-16 13:26:00,Invictus Boston,Gym,31 Saint James AV,Boston,MA,2116,42.350666,-71.07046700000001,True,Back Bay/Beacon Hill,gym
992,2026-01-12 10:19:00,,2030-01-12 10:16:00,I-Payout,Global Payment and Commission Management Solutions,867 Boylston ST,Boston,MA,2116,42.348668,-71.08340699999997,True,Back Bay/Beacon Hill,global payment and commission management solutions
993,2023-11-16 12:01:00,,2027-11-16 11:59:00,IPTS,Information Technology Consulting,312 Beacon ST,Boston,MA,2116,42.352932,-71.082671,True,Back Bay/Beacon Hill,information technology consulting
994,2015-04-22 00:00:00,4/14/23 8:25,2027-04-14 08:23:00,IQ2 THE INTELLIGENT CHOICE,CONSULTING / PERFORMANCE ENHANCEMENT,250 Commonwealth AV,Boston,MA,2116,42.350379,-71.08286499999997,True,Back Bay/Beacon Hill,consulting / performance enhancement
995,2012-09-19 00:00:00,,2016-09-19 00:00:00,ISOCI SALON,WITHDRAWAL (9/26/08),8 Newbury ST,Boston,MA,2116,42.352249,-71.07181200000002,False,Back Bay/Beacon Hill,withdrawal (9/26/08)
996,2014-10-06 00:00:00,12/29/22 13:58,2026-12-29 11:07:00,IVY HALL SENIOR LIVING,CONSULTING,20 Park PZ,Boston,MA,2116,42.35147,-71.06880999999998,True,Back Bay/Beacon Hill,consulting
997,2024-01-05 15:12:00,,2028-01-05 11:51:00,IWC Schaffhausen,Retailer of Luxury Watches,2 Newbury ST,Boston,MA,2116,42.35244,-71.07134100000002,True,Back Bay/Beacon Hill,retailer of luxury watches
998,2023-07-20 13:34:00,,2027-07-20 11:52:00,J CREW,RETAIL,100 Huntington AV,Boston,MA,2116,42.347312,-71.07812200000001,True,Back Bay/Beacon Hill,retail
999,2025-07-07 17:32:00,,2029-07-07 14:29:00,J Crew,Retail,46 Newbury ST,Boston,MA,2116,42.351877,-71.07307100000003,True,Back Bay/Beacon Hill,retail
1000,2019-02-19 13:58:00,,2023-02-19 13:52:00,J L M Images,Artist/Photographer,87 Marlborough ST,Boston,MA,2116,42.353774,-71.076168,False,Back Bay/Beacon Hill,artist/photographer
1001,2019-10-25 13:17:00,,2023-10-25 11:45:00,J. Crew,Retail Apparel Sales,2 Copley PL,Boston,MA,2116,42.347278,-71.07767999999999,False,Back Bay/Beacon Hill,retail apparel sales
1002,2019-07-05 15:15:00,,2023-07-05 14:03:00,J.Crew,Retail Sales of Women Apparrel,100 Huntington AV,Boston,MA,2116,42.347312,-71.07812200000001,False,Back Bay/Beacon Hill,retail sales of women apparrel
1003,2015-04-16 00:00:00,,2019-04-16 00:00:00,"JACOB HOWE, M.D.",PSYCHOTHERAPY,45 Newbury ST,Boston,MA,2116,42.352183,-71.073242,False,Back Bay/Beacon Hill,psychotherapy
1004,2015-04-30 00:00:00,,2019-04-30 00:00:00,"JACOB HOWE, M.D.",WITHDRAWAL (4/16/15),45 Newbury ST,Boston,MA,2116,42.352183,-71.073242,False,Back Bay/Beacon Hill,withdrawal (4/16/15)
1005,2016-04-07 00:00:00,4/18/24 16:02,2028-04-18 12:35:00,JACOB REALTY,REAL ESTATE,279 Newbury ST,Boston,MA,2116,42.352551,-71.071888,True,Back Bay/Beacon Hill,real estate
1006,2022-11-25 13:49:00,,2026-11-25 13:48:00,JACOB WIRTH,Restaurant,31 Stuart ST,Boston,MA,2116,42.35115,-71.06377199999997,True,Back Bay/Beacon Hill,restaurant
1007,2024-04-09 10:40:00,,2028-04-09 10:38:00,JADER BATISTA MASSAGE THERAPY,MASSAGE THERAPY,264 Beacon ST,Boston,MA,2116,42.353504,-71.08039200000002,True,Back Bay/Beacon Hill,massage therapy
1008,2018-12-31 15:56:00,,2022-12-31 15:53:00,Jaho Coffee Roaster & Wine Bar,Coffee Roaster & Wine Bar,116 Huntington AV,Boston,MA,2116,42.346471,-71.08002999999997,False,Back Bay/Beacon Hill,coffee roaster & wine bar
1009,2018-05-15 13:11:00,5/3/22 15:52,2026-05-03 10:35:00,James Joseph Salon,Hair Salon,100 Stuart ST,Boston,MA,2116,42.350827,-71.06559099999998,True,Back Bay/Beacon Hill,hair salon
1010,2022-05-03 15:58:00,,2026-05-03 11:53:00,James Joseph Salons,Hair Salon,30 Newbury ST,Boston,MA,2116,42.352082,-71.07263699999999,True,Back Bay/Beacon Hill,hair salon
1011,2018-09-04 10:41:00,8/24/22 14:26,2026-08-24 14:25:00,James L. Rivers,Research Firm,7 Cortes ST,Boston,MA,2116,42.348398,-71.06995999999998,True,Back Bay/Beacon Hill,research firm
1012,2019-02-28 12:23:00,3/24/23 9:10,2027-03-24 09:06:00,Jana Rago Studios,Salon,129 Newbury ST,Boston,MA,2116,42.351372,-71.076818,True,Back Bay/Beacon Hill,salon
1013,2025-05-15 13:34:00,,2029-05-15 13:33:00,Jasmine Galvao Brandao,Hair Stylist,119 Newbury ST,Boston,MA,2116,42.351445,-71.07635900000002,True,Back Bay/Beacon Hill,hair stylist
1014,2022-03-02 15:56:00,,2026-03-02 15:52:00,JC Power Connect,Business Consulting Services,398 Columbus AV,Boston,MA,2116,42.344565,-71.07638800000001,False,Back Bay/Beacon Hill,business consulting services
1015,2023-02-23 13:29:00,,2027-02-23 13:26:00,Jeanne Lee Salon,Salon,115 Newbury ST,Boston,MA,2116,42.351496,-71.07613500000002,True,Back Bay/Beacon Hill,salon
1016,2014-01-17 00:00:00,2/9/22 10:23,2026-02-09 10:23:00,"JEFFREY A. HANLEY, ATTORNEY AT LAW",LAW FIRM,180 Marlborough ST,Boston,MA,2116,42.352318,-71.07982800000002,False,Back Bay/Beacon Hill,law firm
1017,2015-06-08 00:00:00,,2019-06-08 00:00:00,JEFFREY DAUKSEVICH HAIRDRESSING,WITHDRAWAL (1/9/12),36 Newbury ST,Boston,MA,2116,42.35201,-71.07277899999997,False,Back Bay/Beacon Hill,withdrawal (1/9/12)
1018,2014-06-16 00:00:00,10/19/22 13:35,2026-10-19 11:10:00,JENNIFER'S NAILS & SKIN SALON,NAILS & SKIN SALON,161 Newbury ST,Boston,MA,2116,42.350819,-71.07869099999999,True,Back Bay/Beacon Hill,nails & skin salon
1019,2013-12-03 00:00:00,12/16/25 14:32,2029-10-22 00:00:00,JEREL AT 119,HAIR SALON,161 Newbury ST,Boston,MA,2116,42.350819,-71.07869099999999,True,Back Bay/Beacon Hill,hair salon
1020,2026-03-25 09:59:00,,2030-03-25 09:54:00,Jessi TH,Music Artist,62 Boylston ST,Boston,MA,2116,42.352239,-71.064436,True,Back Bay/Beacon Hill,music artist
1021,2015-12-04 00:00:00,2/2/24 15:17,2028-02-02 15:14:00,JET Boston,PERSONAL TRAINING,437 Columbus AV,Boston,MA,2116,42.343943,-71.07797800000003,True,Back Bay/Beacon Hill,personal training
1022,2020-01-21 14:12:00,,2024-01-21 13:25:00,JEWELITE,Office of Manufacturer,1 Huntington AV,Boston,MA,2116,42.348833,-71.077943,False,Back Bay/Beacon Hill,office of manufacturer
1023,2018-04-12 15:04:00,,2022-04-12 15:03:00,Jewish Gems,DayCare,16 Piedmont ST,Boston,MA,2116,42.349896,-71.06786699999998,False,Back Bay/Beacon Hill,daycare
1024,2014-02-12 00:00:00,2/25/22 12:55,2026-02-25 11:51:00,JEWISH HERITAGE CENTER,FAMILY HISTORY ARCHIVES,99 Newbury ST,Boston,MA,2116,42.351742,-71.07530300000002,False,Back Bay/Beacon Hill,family history archives
1025,2017-10-13 13:16:00,8/25/25 15:50,2029-08-25 15:48:00,Jim Mooradian and Associates,Insurance Agency,277 Dartmouth ST,Boston,MA,2116,42.351134,-71.07754599999998,True,Back Bay/Beacon Hill,insurance agency
1026,2025-09-24 14:13:00,,2029-09-24 14:11:00,Jimmy Choo,Retail Store- Shoes and Accessoreis,100 Huntington AV,Boston,MA,2116,42.347312,-71.07812200000001,True,Back Bay/Beacon Hill,retail store- shoes and accessoreis
1027,2022-07-22 13:14:00,,2026-07-22 13:13:00,JJ Home Preservation Services,Home Preservation Services,867 Boylston ST,Boston,MA,2116,42.348668,-71.08340699999997,True,Back Bay/Beacon Hill,home preservation services
1028,2023-09-14 10:57:00,,2027-09-14 10:56:00,JL Design + Film,Design Production,224 Clarendon ST,Boston,MA,2116,42.351224,-71.07565,True,Back Bay/Beacon Hill,design production
1029,2019-06-13 13:57:00,5/26/23 13:28,2027-05-26 13:01:00,JL Plastic Surgery,Medical Services,170 Commonwealth AV,Boston,MA,2116,42.351248,-71.07892900000002,True,Back Bay/Beacon Hill,medical services
1030,2025-12-01 09:36:00,,2029-12-01 09:33:00,Jleequeur,Mobile Private Bartending,56 Gray ST,Boston,MA,2116,42.345304,-71.07215100000002,True,Back Bay/Beacon Hill,mobile private bartending
1031,2015-02-06 00:00:00,2/9/23 13:59,2027-02-09 11:52:00,JOE'S AMERICAN BAR & GRILL,RESTAURANT,181 Newbury ST,Boston,MA,2116,42.350543,-71.07974999999999,True,Back Bay/Beacon Hill,restaurant
1032,2018-07-16 13:28:00,8/22/22 15:59,2026-08-22 15:59:00,JOHN FLUEVOG SHOES,RETAIL SHOE STORE,226 Newbury ST,Boston,MA,2116,42.349751,-71.081256,True,Back Bay/Beacon Hill,retail shoe store
1033,2022-02-04 14:37:00,,2026-02-04 14:36:00,JOHN STEFANON DESIGN,FURNISHINGS & DESIGN,45 Newbury ST,Boston,MA,2116,42.352183,-71.073242,False,Back Bay/Beacon Hill,furnishings & design
1034,2014-08-28 00:00:00,8/16/22 12:11,2026-08-16 10:58:00,JOHNNY CUPCAKES,RETAIL CLOTHING,279 Newbury ST,Boston,MA,2116,42.352551,-71.071888,True,Back Bay/Beacon Hill,retail clothing
1035,2018-10-09 11:49:00,,2022-10-09 11:48:00,Johnson Pope Consulting,Consulting,100 Arlington ST,Boston,MA,2116,42.350019,-71.06963000000002,False,Back Bay/Beacon Hill,consulting
1036,2016-02-02 00:00:00,,2020-02-02 00:00:00,JOIE,WITHDRAWAL (12/17/14),141 Newbury ST,Boston,MA,2116,42.351202,-71.077272,False,Back Bay/Beacon Hill,withdrawal (12/17/14)
1037,2015-06-10 00:00:00,7/8/19 15:54,2023-07-08 15:54:00,JORDAN INTERIOR DEISGNS,INTERIOR DESIGN,74 Clarendon ST,Boston,MA,2116,42.346911,-71.07347900000002,False,Back Bay/Beacon Hill,interior design
1038,2013-10-16 00:00:00,11/10/25 15:35,2029-11-10 13:29:00,JORDAN THE TAILOR,TAILOR,271 Newbury ST,Boston,MA,2116,42.349488,-71.08363199999997,True,Back Bay/Beacon Hill,tailor
1039,2014-08-05 00:00:00,,2018-08-05 00:00:00,JORGO SALON,HAIR SALON,168 Newbury ST,Boston,MA,2116,42.350401,-71.078756,False,Back Bay/Beacon Hill,hair salon
1040,2016-05-02 00:00:00,,2020-05-02 00:00:00,JORGO SALON,WITHDRAWAL 8/5/2014,168 Newbury ST,Boston,MA,2116,42.350401,-71.078756,False,Back Bay/Beacon Hill,withdrawal 8/5/2014
1041,2025-02-13 09:42:00,,2029-02-13 09:39:00,Joy Squared Design,Architecture Firm,119 Berkeley ST,Boston,MA,2116,42.348371,-71.07130899999999,True,Back Bay/Beacon Hill,architecture firm
1042,2018-10-23 14:54:00,10/24/22 15:40,2026-10-24 13:44:00,JP LICKS,ICE CREAM PARTOR,173 Newbury ST,Boston,MA,2116,42.350691,-71.07919400000003,True,Back Bay/Beacon Hill,ice cream partor
1043,2013-12-20 00:00:00,3/16/26 14:53,2030-03-16 14:52:00,JPC GROUP,SERVICE MANAGMENTCONSULTING,142 Warren AV,Boston,MA,2116,42.343954,-71.07479999999998,True,Back Bay/Beacon Hill,service managmentconsulting
1044,2015-06-08 00:00:00,3/31/23 11:02,2027-03-31 10:57:00,JSD,HAIR SALON,36 Newbury ST,Boston,MA,2116,42.35201,-71.07277899999997,True,Back Bay/Beacon Hill,hair salon
1045,2013-09-17 00:00:00,,2017-09-17 00:00:00,JUICY COUTURE,RETAIL,12 Newbury ST,Boston,MA,2116,42.352248,-71.071981,False,Back Bay/Beacon Hill,retail
1046,2014-06-16 00:00:00,,2018-06-16 00:00:00,JUICY COUTURE,WITHDRAWAL (9/17/13),12 Newbury ST,Boston,MA,2116,42.352248,-71.071981,False,Back Bay/Beacon Hill,withdrawal (9/17/13)
1047,2013-05-13 00:00:00,,2017-05-13 00:00:00,JUICY COUTURE,RETAIL CLOTHING STORE,12 Newbury ST,Boston,MA,2116,42.352248,-71.071981,False,Back Bay/Beacon Hill,retail clothing store
1048,2013-09-17 00:00:00,,2017-09-17 00:00:00,JUICY COUTURE,WITHDRAWAL (5/13/13),12 Newbury ST,Boston,MA,2116,42.352248,-71.071981,False,Back Bay/Beacon Hill,withdrawal (5/13/13)
1049,2023-08-11 13:43:00,,2027-08-11 13:41:00,KAOS CONSULTING,Consulting,5 Yarmouth PL,Boston,MA,2116,42.34628,-71.07634000000002,True,Back Bay/Beacon Hill,consulting
1050,2018-05-21 14:45:00,8/15/22 14:30,2026-08-15 12:16:00,KARIN LEWIS EATING DISORDER CENTER,PSYCHO THERAPY PRATICE,399 Boylston ST,Boston,MA,2116,42.351799,-71.07187799999997,True,Back Bay/Beacon Hill,psycho therapy pratice
1051,2015-11-25 00:00:00,11/26/19 15:30,2023-11-26 15:30:00,KASHMIR RESTAURANT,RESTAURANT,279 Newbury ST,Boston,MA,2116,42.352551,-71.071888,False,Back Bay/Beacon Hill,restaurant
1052,2015-07-23 00:00:00,6/22/23 12:26,2027-06-22 10:58:00,KATRINA HESS,MAKEUP SALON,115 Newbury ST,Boston,MA,2116,42.351496,-71.07613500000002,True,Back Bay/Beacon Hill,makeup salon
1053,2018-03-09 16:11:00,3/19/26 15:44,2030-03-19 15:43:00,Kay Schwader PhD,Licensed Psychologist,143 Newbury ST,Boston,MA,2116,42.351227,-71.07739600000002,True,Back Bay/Beacon Hill,licensed psychologist
1054,2021-06-23 14:51:00,8/4/25 17:03,2029-08-04 12:17:00,Keller Williams Realty Boston-Metro,Real Estate Sales,607 Boylston ST,Boston,MA,2116,42.35051,-71.07717200000002,True,Back Bay/Beacon Hill,real estate sales
1055,2014-09-12 00:00:00,8/22/22 15:40,2026-08-22 12:18:00,KEY ENTERPRISE SOLUTIONS,SOFTWARE CONSULTING,58 Chandler ST,Boston,MA,2116,42.346623,-71.07165500000002,True,Back Bay/Beacon Hill,software consulting
1056,2016-05-23 00:00:00,7/13/20 13:59,2024-07-13 13:21:00,KEY REALTY GROUP,REAL ESTATE BROKERAGE,268 Newbury ST,Boston,MA,2116,42.349162,-71.08327099999997,False,Back Bay/Beacon Hill,real estate brokerage
1057,2022-02-24 16:28:00,,2026-02-24 10:43:00,Keypoint Remodeling and Decor,Remodeling,867 Boylston ST,Boston,MA,2116,42.348668,-71.08340699999997,False,Back Bay/Beacon Hill,remodeling
1058,2025-03-18 13:53:00,,2029-03-18 13:51:00,Keyse Angelo,Jewelry,665 Washington ST,Boston,MA,2116,42.351874,-71.062862,True,Back Bay/Beacon Hill,jewelry
1059,2015-07-23 00:00:00,10/29/19 15:30,2023-10-29 14:46:00,KIEHL'S SINCE 1851,RETAIL SALES OF BEAUTY PRODUCTS,112 Newbury ST,Boston,MA,2116,42.351141,-71.07581600000003,False,Back Bay/Beacon Hill,retail sales of beauty products
1060,2015-01-23 00:00:00,,2019-01-23 00:00:00,KIM KIM BBQ,FOOD TRUCK,615 Tremont ST,Roxbury,MA,2116,42.34282,-71.07424600000002,False,Back Bay/Beacon Hill,food truck
1061,2013-05-07 00:00:00,,2017-05-07 00:00:00,KIM LUCIAN PHOTOGRAPHY,WITHDRAWAL (4/14/11),261 Newton ST,Boston,MA,2116,42.345131,-71.08108099999998,False,Back Bay/Beacon Hill,withdrawal (4/14/11)
1062,2024-11-14 15:37:00,,2028-11-14 13:13:00,King Arthur Baking Company,Retail Consumer Products,172 Newbury ST,Boston,MA,2116,42.350346,-71.078914,True,Back Bay/Beacon Hill,retail consumer products
1063,2025-10-31 15:56:00,,2029-10-31 15:56:00,Kingdom Upscale Apparels Company,Online Retail,48 Boylston ST,Boston,MA,2116,42.352058,-71.06388300000003,True,Back Bay/Beacon Hill,online retail
1064,2024-10-09 11:47:00,,2028-10-09 11:44:00,Kizik,Retail-Footwear,118 Newbury ST,Boston,MA,2116,42.351144,-71.07611700000001,True,Back Bay/Beacon Hill,retail-footwear
1065,2021-11-03 16:11:00,,2025-11-03 16:09:00,Knox Lending,Financial Services,177 Newbury ST,Boston,MA,2116,42.35066,-71.07936699999999,False,Back Bay/Beacon Hill,financial services
1066,2019-01-29 14:49:00,1/19/23 11:43,2027-01-19 00:00:00,Knox Street Historic Association,Short Term Rental,9 Knox ST,Boston,MA,2116,42.348733,-71.06841600000001,True,Back Bay/Beacon Hill,short term rental
1067,2013-09-06 00:00:00,,2017-09-06 00:00:00,KOI BOUTIQUE SALON,WITHDRAWAL (5/25/10),125 Newbury ST,Boston,MA,2116,42.351444,-71.07665099999997,False,Back Bay/Beacon Hill,withdrawal (5/25/10)
1068,2025-07-01 15:32:00,,2029-07-01 15:31:00,Kono Global Consulting,Global Consulting,212 Stuart ST,Boston,MA,2116,42.350415,-71.06829399999998,True,Back Bay/Beacon Hill,global consulting
1069,2019-01-29 12:12:00,1/12/23 13:43,2027-01-12 13:02:00,Kowa Pharma Development Company,Consulting,500 Boylston ST,Boston,MA,2116,42.350697,-71.07420400000001,True,Back Bay/Beacon Hill,consulting
1070,2025-04-02 16:05:00,,2029-04-02 16:03:00,Kpop Nara Boston,Retail,283 Dartmouth ST,Boston,MA,2116,42.351284,-71.07770800000003,True,Back Bay/Beacon Hill,retail
1071,2019-01-16 09:22:00,3/30/23 13:00,2027-03-30 11:13:00,Kristiansen Real Estate,Realestate Sales Person,150 Warren AV,Boston,MA,2116,42.343918,-71.07509500000003,True,Back Bay/Beacon Hill,realestate sales person
1072,2023-03-23 12:52:00,,2027-03-23 12:50:00,Kristin Aronson Salon,Hair Salon,129 Newbury ST,Boston,MA,2116,42.351372,-71.076818,True,Back Bay/Beacon Hill,hair salon
1073,2018-05-03 11:40:00,,2022-05-03 11:39:00,Kristine Berube RDN,Nutrition Private Practice,399 Boylston ST,Boston,MA,2116,42.351799,-71.07187799999997,False,Back Bay/Beacon Hill,nutrition private practice
1074,2024-05-16 15:41:00,,2028-05-16 15:38:00,Krystal Gardens,Events,131 Dartmouth ST,Boston,MA,2116,42.346988,-71.07513499999999,True,Back Bay/Beacon Hill,events
1075,2020-01-17 13:26:00,,2024-01-17 13:18:00,Kymistry Lab,hair salon,76 Dartmouth ST,Boston,MA,2116,42.345197,-71.075041,False,Back Bay/Beacon Hill,hair salon
1076,2019-06-17 09:58:00,6/1/23 10:40,2027-06-01 10:39:00,La Belle Nail,Nail Salon,32 Boylston ST,Boston,MA,2116,42.352218,-71.06358499999999,True,Back Bay/Beacon Hill,nail salon
1077,2025-04-18 13:36:00,,2029-04-18 13:34:00,La Faveur,Push Cart,15 Newbury ST,Boston,MA,2116,42.352612,-71.072404,True,Back Bay/Beacon Hill,push cart
1078,2022-10-03 12:12:00,,2026-10-03 12:08:00,La Neta,Restaurant,255 Newbury ST,Boston,MA,2116,42.349653,-71.08302800000001,True,Back Bay/Beacon Hill,restaurant
1079,2024-05-29 13:51:00,,2028-05-29 13:37:00,La Padrona,Restaurant,40 Trinity PL,Boston,MA,2116,42.348427,-71.07501400000001,True,Back Bay/Beacon Hill,restaurant
1080,2015-06-01 00:00:00,5/26/23 11:12,2027-05-26 11:11:00,LA VIE EN ROSE,FINE GARDENING,143 Appleton ST,Boston,MA,2116,42.345107,-71.07539199999997,True,Back Bay/Beacon Hill,fine gardening
1081,2024-02-09 10:34:00,,2028-02-09 10:32:00,LALONDE HEALTH AND WELLNESS,health /Wellness & Message,29 Stanhope ST,Boston,MA,2116,42.348537,-71.073037,True,Back Bay/Beacon Hill,health /wellness & message
1082,2013-12-26 00:00:00,,2017-12-26 00:00:00,LAMONTS GIFT SHOP #626,WITHDRAWAL (6/12/12),10 Huntington AV,Boston,MA,2116,42.348575,-71.077203,False,Back Bay/Beacon Hill,withdrawal (6/12/12)
1083,2016-04-05 00:00:00,,2020-04-05 00:00:00,LAMONTS GIFT SHOP #645,WITHDRAWAL 6/12/2012,200 Boylston ST,Boston,MA,2116,42.351816,-71.067971,False,Back Bay/Beacon Hill,withdrawal 6/12/2012
1084,2020-11-10 10:36:00,,2024-11-10 10:09:00,Lapels Dry Cleaning,Dry Cleaning,621 Tremont ST,Roxbury,MA,2116,42.342716,-71.07444900000002,False,Back Bay/Beacon Hill,dry cleaning
1085,2021-09-03 13:37:00,7/29/25 16:15,2029-07-29 12:27:00,Larson Maddox,Staffing Group,200 Clarendon ST,Boston,MA,2116,42.348962,-71.07502399999998,True,Back Bay/Beacon Hill,staffing group
1086,2014-10-29 00:00:00,12/13/18 13:19,2022-12-13 11:25:00,LASER MD MEDSPA,BEAUTY AND SKIN CARE,172 Newbury ST,Boston,MA,2116,42.350346,-71.078914,False,Back Bay/Beacon Hill,beauty and skin care
1087,2016-08-11 11:32:00,12/3/24 13:27,2028-12-03 13:24:00,LASH L'AMOUR,SPA,129 Newbury ST,Boston,MA,2116,42.351372,-71.076818,True,Back Bay/Beacon Hill,spa
1088,2022-08-05 11:15:00,,2026-08-05 11:14:00,Lavish Budget Dreams,Consultation,867 Boylston ST,Boston,MA,2116,42.348668,-71.08340699999997,True,Back Bay/Beacon Hill,consultation
1089,2024-04-16 13:16:00,,2028-04-16 13:14:00,Law Office of Anthony Annino III,Attorney at Law,75 Arlington ST,Boston,MA,2116,42.350549,-71.07041900000002,True,Back Bay/Beacon Hill,attorney at law
1090,2022-09-15 11:32:00,,2026-09-15 11:31:00,Law Office of Hector E. Zumbado,Law Office,191 Beacon ST,Boston,MA,2116,42.35413,-71.07634000000002,True,Back Bay/Beacon Hill,law office
1091,2018-03-19 11:27:00,,2022-03-19 11:22:00,Law Office of Jonathan C. Hatfield,Legal Services,30 Newbury ST,Boston,MA,2116,42.352082,-71.07263699999999,False,Back Bay/Beacon Hill,legal services
1092,2019-09-23 16:20:00,8/28/23 10:51,2027-08-28 10:51:00,Law Office of Leonard M. Singer,Lawyer,265 Dartmouth ST,Boston,MA,2116,42.350757,-71.077291,True,Back Bay/Beacon Hill,lawyer
1093,2020-04-21 12:01:00,,2024-04-21 12:00:00,Law Office of Neil Kreuzer,Law office,268 Newbury ST,Boston,MA,2116,42.349162,-71.08327099999997,False,Back Bay/Beacon Hill,law office
1094,2022-06-28 11:46:00,,2026-06-28 11:43:00,LAZZONI,RETAIL FURNITURE STORE,75 Newbury ST,Boston,MA,2116,42.351955,-71.07451200000003,True,Back Bay/Beacon Hill,retail furniture store
1095,2024-07-09 14:21:00,,2028-07-09 14:18:00,Le Mari Restaurant,Full Service Restaurant,259 Newbury ST,Boston,MA,2116,42.349609,-71.08319399999999,True,Back Bay/Beacon Hill,full service restaurant
1096,2022-10-24 13:56:00,,2026-10-24 13:55:00,Legal Sea Foods,Restaurant,300 Boylston ST,Boston,MA,2116,42.351873,-71.06989799999997,True,Back Bay/Beacon Hill,restaurant
1097,2021-06-24 16:07:00,7/2/25 12:19,2029-07-02 11:53:00,Legal Sea Foods,Restaurant,100 Huntington AV,Boston,MA,2116,42.347312,-71.07812200000001,True,Back Bay/Beacon Hill,restaurant
1098,2016-09-13 10:41:00,9/23/24 16:11,2028-09-23 12:46:00,Leica Camera Store Boston,Retail,75 Arlington ST,Boston,MA,2116,42.350549,-71.07041900000002,True,Back Bay/Beacon Hill,retail
1099,2020-11-05 12:01:00,12/17/24 9:35,2028-12-17 09:28:00,L'ELITE BOUTIQUE BRIDAL,BRIDAL BOUTIQUE,137 Newbury ST,Boston,MA,2116,42.35129,-71.07713999999999,True,Back Bay/Beacon Hill,bridal boutique
1100,2023-02-27 13:55:00,,2027-02-27 12:21:00,LENSCRAFTERS #1140,Retail-Optical,201 Newbury ST,Boston,MA,2116,42.350424,-71.08014100000003,True,Back Bay/Beacon Hill,retail-optical
1101,2024-12-02 13:09:00,,2028-12-02 13:06:00,Levain Bakery,Retail Bakery,180 Newbury ST,Boston,MA,2116,42.350183,-71.07942000000003,True,Back Bay/Beacon Hill,retail bakery
1102,2019-05-13 12:54:00,5/5/23 13:45,2027-05-05 12:50:00,Levinson Harris Medical Group,Medical Practice,535 Boylston ST,Boston,MA,2116,42.350803,-71.075628,True,Back Bay/Beacon Hill,medical practice
1103,2022-03-14 12:00:00,,2026-03-14 11:58:00,Liberty Mutual Insurance Agency,Insurance Agent/Broker,175 Berkeley ST,Boston,MA,2116,42.35011,-71.07175699999999,False,Back Bay/Beacon Hill,insurance agent/broker
1104,2014-06-02 00:00:00,6/15/22 15:41,2026-06-15 10:26:00,LIBERTY MUTUAL INVESTMENTS,INVESTMENTS,175 Berkeley ST,Boston,MA,2116,42.35011,-71.07175699999999,True,Back Bay/Beacon Hill,investments
1105,2023-12-13 12:42:00,,2027-12-13 12:38:00,Life Changes Group of Massachusetts,Behavioral Care Services,575 Boylston ST,Boston,MA,2116,42.350552,-71.07654000000002,True,Back Bay/Beacon Hill,behavioral care services
1106,2016-12-13 14:29:00,6/24/21 13:40,2025-06-24 13:38:00,Life Planning Group,LIfe Insurance & Investments,75 Arlington ST,Boston,MA,2116,42.350549,-71.07041900000002,False,Back Bay/Beacon Hill,life insurance & investments
1107,2021-05-11 13:38:00,,2025-05-11 12:55:00,Light Street Capital Management,Investment Advisory,200 Clarendon ST,Boston,MA,2116,42.348962,-71.07502399999998,False,Back Bay/Beacon Hill,investment advisory
1108,2013-05-07 00:00:00,,2017-05-07 00:00:00,LIL ACORN STUDIO,WITHDRAWAL (9/21/11),261 Newton ST,Boston,MA,2116,42.345131,-71.08108099999998,False,Back Bay/Beacon Hill,withdrawal (9/21/11)
1109,2025-05-07 16:18:00,,2029-05-07 16:16:00,Lil Sweet Treat,Retail Candy Store,215 Newbury ST,Boston,MA,2116,42.350142,-71.08127999999999,True,Back Bay/Beacon Hill,retail candy store
1110,2019-09-03 15:43:00,9/18/23 12:39,2027-09-18 11:46:00,Lilly Pulitzer,Retail Clothing,133 Newbury ST,Boston,MA,2116,42.351333,-71.07698199999999,True,Back Bay/Beacon Hill,retail clothing
1111,2019-04-11 15:50:00,10/6/23 12:32,2027-10-06 12:30:00,Lindauer,Executive Search Firm,131 Dartmouth ST,Boston,MA,2116,42.346988,-71.07513499999999,True,Back Bay/Beacon Hill,executive search firm
1112,2014-08-21 00:00:00,10/24/22 11:34,2026-10-24 11:33:00,LINNANE REAL ESTATE,REAL ESTATE SALES / LEASING,160 Commonwealth AV,Boston,MA,2116,42.351334,-71.07860199999999,True,Back Bay/Beacon Hill,real estate sales / leasing
1113,2022-07-27 12:59:00,,2026-07-27 12:57:00,Little Panda Early Learning and Care Center,Childcare,332 Tremont ST,Boston,MA,2116,42.348403,-71.065788,True,Back Bay/Beacon Hill,childcare
1114,2016-02-04 00:00:00,2/26/24 10:42,2028-02-26 10:37:00,LITTLE PANDA EARLY LEARNING AND CARE CENTER,DAYCARE,285 Tremont ST,Boston,MA,2116,42.34973,-71.06554,True,Back Bay/Beacon Hill,daycare
1115,2024-01-23 14:42:00,,2028-01-23 14:42:00,LJR Communications Design,Marketing & Communications,651 Boylston ST,Boston,MA,2116,42.35006,-71.07850000000002,True,Back Bay/Beacon Hill,marketing & communications
1116,2019-08-30 14:53:00,,2023-08-30 14:47:00,Lobstah On A Roll,Rrestaurant,254 Newbury ST,Boston,MA,2116,42.349315,-71.08273700000001,False,Back Bay/Beacon Hill,rrestaurant
1117,2024-06-13 16:33:00,,2028-06-13 16:19:00,LOEWE BOSTON COPLEY,RETAIL,100 Huntington AV,Boston,MA,2116,42.347312,-71.07812200000001,True,Back Bay/Beacon Hill,retail
1118,2013-02-12 00:00:00,,2017-02-12 00:00:00,LOEWS BOSTON BACK BAY HOTEL,HOTEL,350 Stuart ST,Boston,MA,2116,42.34924,-71.07244000000003,False,Back Bay/Beacon Hill,hotel
1119,2013-08-21 00:00:00,,2017-08-21 00:00:00,LOEWS BOSTON BACK BAY HOTEL,WITHDRAWAL (2/12/13),350 Stuart ST,Boston,MA,2116,42.34924,-71.07244000000003,False,Back Bay/Beacon Hill,withdrawal (2/12/13)
1120,2013-08-21 00:00:00,4/28/22 15:59,2026-04-28 15:48:00,LOEWS BOSTON HOTEL,HOTEL,154 Berkeley ST,Boston,MA,2116,42.34929,-71.072294,True,Back Bay/Beacon Hill,hotel
1121,2024-08-15 14:15:00,,2028-08-15 11:54:00,LOFT #1932,RETAIL,100 Huntington AV,Boston,MA,2116,42.347312,-71.07812200000001,True,Back Bay/Beacon Hill,retail
1122,2020-01-15 12:37:00,,2024-01-15 12:24:00,Logos Communications,Onlined Marketing,198 Tremont ST,Boston,MA,2116,42.35213,-71.06437,False,Back Bay/Beacon Hill,onlined marketing
1123,2023-09-19 12:35:00,,2027-09-19 12:29:00,LONG BAR & TERRACE,RESTAURANT,40 Trinity PL,Boston,MA,2116,42.348427,-71.07501400000001,True,Back Bay/Beacon Hill,restaurant
1124,2019-06-28 11:19:00,10/5/23 15:44,2027-10-05 15:36:00,longpoint,management consulting,398 Columbus AV,Boston,MA,2116,42.344565,-71.07638800000001,True,Back Bay/Beacon Hill,management consulting
1125,2022-08-10 15:23:00,,2026-08-10 15:16:00,Longpoint Partners,Real Estate Investment,116 Huntington AV,Boston,MA,2116,42.346471,-71.08002999999997,True,Back Bay/Beacon Hill,real estate investment
1126,2016-08-29 12:09:00,8/21/24 16:03,2028-08-21 14:03:00,LONG'S JEWELERS,RETAIL JEWELRY STORE,180 NEWBURY ST,Boston,MA,2116,42.350183,-71.07942000000003,True,Back Bay/Beacon Hill,retail jewelry store
1127,2020-02-21 11:41:00,,2024-02-21 11:39:00,Longway Cheddar,Multi-Media Services,15 Yarmouth ST,Boston,MA,2116,42.34603,-71.07649000000004,False,Back Bay/Beacon Hill,multi-media services
1128,2020-10-26 14:49:00,10/23/24 16:56,2028-10-23 16:32:00,Lost Haven Press,Publishing,135 Newbury ST,Boston,MA,2116,42.351259,-71.07704000000001,True,Back Bay/Beacon Hill,publishing
1129,2016-08-25 10:19:00,8/29/25 14:45,2029-08-29 13:55:00,LOUIS VUITTON,RETAIL - LUGGAGE AND LEATHER GOODS,100 Huntington AV,Boston,MA,2116,42.347312,-71.07812200000001,True,Back Bay/Beacon Hill,retail - luggage and leather goods
1130,2014-11-26 00:00:00,8/4/22 14:21,2026-08-04 14:04:00,LULULEMON ATHLETICA,RETAIL,206 Newbury ST,Boston,MA,2116,42.34992,-71.08042,True,Back Bay/Beacon Hill,retail
1131,2019-10-09 10:27:00,9/18/23 12:34,2027-09-18 11:34:00,Luminary Strategies,Consulting,303 Columbus AV,Boston,MA,2116,42.3467,-71.07454000000001,True,Back Bay/Beacon Hill,consulting
1132,2025-01-27 10:41:00,,2029-01-27 10:37:00,Lush Handmade Cosmetics,"Cosmetics, Beauty Supplies and Perfume Retailer",144 Newbury ST,Boston,MA,2116,42.350868,-71.07738599999999,True,Back Bay/Beacon Hill,"cosmetics, beauty supplies and perfume retailer"
1133,2014-12-22 00:00:00,7/14/23 12:55,2027-07-14 12:45:00,LUX BOND & GREEN,Jewelry Store,20 Park PZ,Boston,MA,2116,42.35147,-71.06880999999998,True,Back Bay/Beacon Hill,jewelry store
1134,2025-01-23 16:16:00,,2029-01-23 16:15:00,Lux by Nix,Online Retail,274 Beacon ST,Boston,MA,2116,42.353456,-71.08094399999999,True,Back Bay/Beacon Hill,online retail
1135,2015-02-11 00:00:00,1/4/23 14:19,2027-01-04 14:17:00,LUXURY HOMES,REAL ESTATE,154 Beacon ST,Boston,MA,2116,42.354772,-71.07593800000001,True,Back Bay/Beacon Hill,real estate
1136,2017-08-22 11:00:00,7/29/25 16:14,2029-07-29 12:38:00,LVI ASSOCIATES,STAFFING GROUP,200 Clarendon ST,Boston,MA,2116,42.348962,-71.07502399999998,True,Back Bay/Beacon Hill,staffing group
1137,2018-10-18 09:35:00,2/13/23 16:38,2027-02-13 13:34:00,Lynch & Associates,Insurance,535 Boylston ST,Boston,MA,2116,42.350803,-71.075628,True,Back Bay/Beacon Hill,insurance
1138,2024-05-21 11:05:00,,2028-05-21 11:04:00,Lynx Fitness Club,Fitness Club,64 Arlington ST,Boston,MA,2116,42.350708,-71.06992200000002,True,Back Bay/Beacon Hill,fitness club
1139,2024-05-28 15:37:00,,2028-05-28 12:10:00,M&T Bank,Bank,425 Boylston ST,Boston,MA,2116,42.351557,-71.072698,True,Back Bay/Beacon Hill,bank
1140,2014-06-13 00:00:00,8/8/22 11:43,2026-08-08 10:36:00,M. J O'CONNOR'S,RESTAURANT,27 Columbus AV,Boston,MA,2116,42.351143,-71.06894999999997,True,Back Bay/Beacon Hill,restaurant
1141,2024-01-24 13:11:00,,2028-01-24 13:08:00,M. Louise Studio,Hair Salon,129 Newbury ST,Boston,MA,2116,42.351372,-71.076818,True,Back Bay/Beacon Hill,hair salon
1142,2016-04-13 00:00:00,9/8/25 14:06,2029-09-08 14:05:00,M1 AIRPORT LIVERY,TRANSPORTATION,96 Dartmouth ST,Boston,MA,2116,42.34594,-71.07549,True,Back Bay/Beacon Hill,transportation
1143,2015-12-21 00:00:00,12/27/23 16:05,2027-12-27 16:02:00,MACMILLAN HIGHER EDUCATION,PUBLISHING,75 Arlington ST,Boston,MA,2116,42.350549,-71.07041900000002,True,Back Bay/Beacon Hill,publishing
1144,2021-08-11 15:14:00,7/3/25 12:25,2029-07-03 12:22:00,Macmillan Learning,Publishing,75 Arlington ST,Boston,MA,2116,42.350549,-71.07041900000002,True,Back Bay/Beacon Hill,publishing
1145,2012-11-16 00:00:00,,2016-11-16 00:00:00,MACPHERSON GROUP,STAFING & RECRUITMENT,224 Clarendon ST,Boston,MA,2116,42.351224,-71.07565,False,Back Bay/Beacon Hill,stafing & recruitment
1146,2013-08-27 00:00:00,,2017-08-27 00:00:00,MACPHERSON GROUP,WITHDRAWAL (11/16/12),224 Clarendon ST,Boston,MA,2116,42.351224,-71.07565,False,Back Bay/Beacon Hill,withdrawal (11/16/12)
1147,2024-12-06 13:16:00,,2028-12-06 13:15:00,"MADELEINE'S CANDY SHOP,",Candy shop,47 Clarendon ST,Boston,MA,2116,42.345923,-71.072724,True,Back Bay/Beacon Hill,candy shop
1148,2018-05-22 13:15:00,4/25/22 13:58,2026-04-25 11:26:00,Maggiano's Little Italy,Restaurant,4 Columbus AV,Boston,MA,2116,42.351223,-71.06820900000002,True,Back Bay/Beacon Hill,restaurant
1149,2015-08-04 00:00:00,9/6/19 10:03,2023-09-06 09:59:00,MAGIC TOUCH CAR CLEANING SERVICE,CAR WASH,131 Dartmouth ST,Boston,MA,2116,42.346988,-71.07513499999999,False,Back Bay/Beacon Hill,car wash
1150,2015-02-04 00:00:00,,2019-02-04 00:00:00,MAHNAZ ENTERPRISE,CONVENIENCE STORE,283 Tremont ST,Boston,MA,2116,42.349614,-71.06571099999996,False,Back Bay/Beacon Hill,convenience store
1151,2015-02-17 00:00:00,,2019-02-17 00:00:00,MAHNAZ ENTERPRISE,WITHDRAWAL (2/4/15),283 Tremont ST,Boston,MA,2116,42.349614,-71.06571099999996,False,Back Bay/Beacon Hill,withdrawal (2/4/15)
1152,2023-05-10 11:54:00,,2027-05-10 11:52:00,Malmberg Travel,Travel Agency,30 Commonwealth AV,Boston,MA,2116,42.352918,-71.07272999999998,True,Back Bay/Beacon Hill,travel agency
1153,2016-12-20 15:51:00,7/12/21 14:29,2025-07-12 14:19:00,Mancebo Fitness,Health & Fitness,82 Commonwealth AV,Boston,MA,2116,42.352188,-71.07536900000002,False,Back Bay/Beacon Hill,health & fitness
1154,2023-11-14 14:00:00,,2027-11-14 14:00:00,Manifest,Retail,124 Chandler ST,Boston,MA,2116,42.345979,-71.07403899999997,True,Back Bay/Beacon Hill,retail
1155,2025-10-06 11:25:00,,2029-10-06 11:23:00,Marathon Financial Group,Financial Services,131 Dartmouth ST,Boston,MA,2116,42.346988,-71.07513499999999,True,Back Bay/Beacon Hill,financial services
1156,2016-04-05 00:00:00,2/20/24 12:04,2028-02-20 11:02:00,MARCUS MENTAL HEALTH ASSOCIATES,,82 Marlborough ST,Boston,MA,2116,42.353431,-71.075693,True,Back Bay/Beacon Hill,
1157,2015-01-12 00:00:00,1/23/23 13:56,2027-01-23 13:55:00,MARIA KARALEXIS,HAIR SALON,35 Newbury ST,Boston,MA,2116,42.352432,-71.07299499999999,True,Back Bay/Beacon Hill,hair salon
1158,2018-05-31 12:23:00,,2022-05-31 12:19:00,MARIA'S TAQUERIA,RESTAURANT CRISTIAN,226 Tremont ST,Boston,MA,2116,42.351411,-71.06464800000003,False,Back Bay/Beacon Hill,restaurant cristian
1159,2015-05-13 00:00:00,6/27/23 15:15,2027-06-27 11:21:00,MARIO RUSSO,SALON,9 Newbury ST,Boston,MA,2116,42.352736,-71.07190300000002,True,Back Bay/Beacon Hill,salon
1160,2019-08-19 15:31:00,,2023-08-19 15:30:00,Markitbull,Digital Marketing / Worksite Development,176 Newbury ST,Boston,MA,2116,42.350302,-71.07909599999999,False,Back Bay/Beacon Hill,digital marketing / worksite development
1161,2015-05-21 00:00:00,4/10/23 15:29,2027-04-10 11:34:00,MARSH PROPERTIES,REAL ESTATE,30 Newbury ST,Boston,MA,2116,42.352082,-71.07263699999999,True,Back Bay/Beacon Hill,real estate
1162,2015-11-02 00:00:00,12/1/23 12:37,2027-12-01 11:09:00,MARTHA RICHARDSON FINE ART,ART GALLERY,38 Newbury ST,Boston,MA,2116,42.352149,-71.07281499999999,True,Back Bay/Beacon Hill,art gallery
1163,2019-10-28 15:24:00,,2023-10-28 15:23:00,Martignetti Interiors,Interiors Design,400 Stuart ST,Boston,MA,2116,42.348944,-71.07378299999999,False,Back Bay/Beacon Hill,interiors design
1164,2017-02-15 11:35:00,4/22/21 13:37,2025-04-22 12:44:00,Mary Scerbo Interiors,Interior Design,1 Charles ST,Boston,MA,2116,42.351541,-71.067431,False,Back Bay/Beacon Hill,interior design
1165,2019-12-09 14:05:00,11/17/23 11:27,2027-11-17 11:25:00,Mass Wellness,"Health/ Wellness, Education",665 Boylston ST,Boston,MA,2116,42.349947,-71.07873000000001,True,Back Bay/Beacon Hill,"health/ wellness, education"
1166,2016-04-05 00:00:00,5/15/24 8:57,2028-05-15 08:34:00,MASSACHUSETTS EYE PLASTIC SURGERY AND LASER CENTER,MEDICAL PRACTICE,115 Newbury ST,Boston,MA,2116,42.351496,-71.07613500000002,True,Back Bay/Beacon Hill,medical practice
1167,2014-08-06 00:00:00,7/26/22 11:08,2026-07-26 11:04:00,MASSACHUSETTS REALTY GROUP,TRANSPORTATION PROPERTY MANAGEMENT,20 Park PZ,Boston,MA,2116,42.35147,-71.06880999999998,True,Back Bay/Beacon Hill,transportation property management
1168,2014-10-15 00:00:00,10/31/22 14:00,2026-10-31 12:40:00,MASTERPIECE DENTISTRY AT COPLEY,DENTAL OFFICE,441 Stuart ST,Boston,MA,2116,42.34858,-71.076006,True,Back Bay/Beacon Hill,dental office
1169,2020-02-21 11:04:00,,2024-02-21 11:01:00,Matter 7,Service Firm Design,501 Boylston ST,Boston,MA,2116,42.351151,-71.074545,False,Back Bay/Beacon Hill,service firm design
1170,2026-02-02 13:22:00,,2030-02-02 13:19:00,Matthew B. Ross,Consulting,19 Cortes ST,Boston,MA,2116,42.348403,-71.07045700000003,True,Back Bay/Beacon Hill,consulting
1171,2016-10-07 13:06:00,10/15/24 10:36,2028-10-15 09:52:00,Mattress Firm,Retail Mattress Sales,811 Boylston ST,Boston,MA,2116,42.349009,-71.08226000000002,True,Back Bay/Beacon Hill,retail mattress sales
1172,2022-11-21 15:55:00,,2026-11-21 15:46:00,MAVEN A COLLECT,Beauty Salon,119 Newbury ST,Boston,MA,2116,42.351445,-71.07635900000002,True,Back Bay/Beacon Hill,beauty salon
1173,2016-05-20 00:00:00,1/29/25 12:29,2029-01-29 12:28:00,MAX FREEMAN MUSIC,WRITING MUSIC,331 Columbus AV,Boston,MA,2116,42.346117,-71.07519100000002,True,Back Bay/Beacon Hill,writing music
1174,2018-07-30 13:34:00,7/13/22 13:07,2026-07-13 13:06:00,Maxi Limo,Party Bus,867 Boylston ST,Boston,MA,2116,42.348668,-71.08340699999997,True,Back Bay/Beacon Hill,party bus
1175,2014-09-17 00:00:00,9/24/18 14:00,2022-09-24 13:52:00,MAXMARA RETAIL,WOMENIS RETAILING,69 Newbury ST,Boston,MA,2116,42.352016,-71.07424100000003,False,Back Bay/Beacon Hill,womenis retailing
1176,2025-05-12 15:52:00,,2029-05-12 15:46:00,McBournie Richards,Fabric and Wallpaper Design and Sales,71 Newbury ST,Boston,MA,2116,42.351999,-71.07433700000001,True,Back Bay/Beacon Hill,fabric and wallpaper design and sales
1177,2025-05-12 15:54:00,,2029-05-12 15:44:00,McBournie Richards Home,Fabric and Wallpaper Design and Sales,71 Newbury ST,Boston,MA,2116,42.351999,-71.07433700000001,True,Back Bay/Beacon Hill,fabric and wallpaper design and sales
1178,2026-01-14 11:43:00,,2030-01-14 11:42:00,MdM - Maison de Mertine - Lifestyle - Fashion House,Fashion House - Lifestyle,3 Arlington ST,Boston,MA,2116,42.355022,-71.07257500000003,True,Back Bay/Beacon Hill,fashion house - lifestyle
1179,2025-11-07 15:02:00,,2029-11-07 15:01:00,Me to You Companionship Services,Companionship Services,4 Yarmouth PL,Boston,MA,2116,42.34628,-71.07634000000002,True,Back Bay/Beacon Hill,companionship services
1180,2015-06-05 00:00:00,6/6/19 9:45,2023-06-06 09:45:00,MELISSA M. MANN ACCOUNTING CONSULTANT,CONSULTING,505 Tremont ST,Boston,MA,2116,42.345,-71.07074,False,Back Bay/Beacon Hill,consulting
1181,2024-07-23 14:50:00,,2028-07-23 14:47:00,Memory Shop,Photography,230 Newbury ST,Boston,MA,2116,42.349702,-71.08140100000003,True,Back Bay/Beacon Hill,photography
1182,2020-02-10 10:10:00,5/13/24 15:57,2028-05-13 12:44:00,MEREDITH LANE AESTHETICS,Facial Aesthetics,283 Dartmouth ST,Boston,MA,2116,42.351284,-71.07770800000003,True,Back Bay/Beacon Hill,facial aesthetics
1183,2021-02-05 15:20:00,3/5/25 12:56,2029-03-05 12:53:00,Met Back Bay and Saltie Girl,Restaurant,277 Dartmouth ST,Boston,MA,2116,42.351134,-71.07754599999998,True,Back Bay/Beacon Hill,restaurant
1184,2019-05-16 10:20:00,8/2/23 12:20,2027-08-02 11:08:00,Met Prime & Saltie Girl,Restaurant,279 Dartmouth ST,Boston,MA,2116,42.35122,-71.07758899999999,True,Back Bay/Beacon Hill,restaurant
1185,2022-03-01 13:43:00,,2026-03-01 13:41:00,Metal Brite,Metal Cleaning,75 Arlington ST,Boston,MA,2116,42.350549,-71.07041900000002,False,Back Bay/Beacon Hill,metal cleaning
1186,2023-09-28 14:46:00,,2027-09-28 14:43:00,Metro,Nightclub,100 Stuart ST,Boston,MA,2116,42.350827,-71.06559099999998,True,Back Bay/Beacon Hill,nightclub
1187,2017-03-31 13:32:00,12/2/25 11:28,2029-12-02 11:26:00,MFRConsulting,Management Consulting,144 Beacon ST,Boston,MA,2116,42.354966,-71.07552699999997,True,Back Bay/Beacon Hill,management consulting
1188,2025-09-02 12:23:00,,2029-09-02 12:21:00,MG Boston,Retail and Wholesale of Jewlery and Watches,11 Newbury ST,Boston,MA,2116,42.352726,-71.072026,True,Back Bay/Beacon Hill,retail and wholesale of jewlery and watches
1189,2021-01-28 13:11:00,5/12/25 17:02,2029-05-12 15:18:00,Michael Albor Salons,Hair salon,253 Newbury ST,Boston,MA,2116,42.349673,-71.082944,True,Back Bay/Beacon Hill,hair salon
1190,2017-10-19 12:21:00,1/28/22 14:11,2026-01-28 14:10:00,Mike and Patty's,Restaurant,12 Church ST,Boston,MA,2116,42.348553,-71.06793399999998,False,Back Bay/Beacon Hill,restaurant
1191,2016-09-15 14:22:00,1/6/26 13:34,2030-01-06 13:26:00,Miniluxe,Nail Salon,31 Newbury ST,Boston,MA,2116,42.352423,-71.07283799999999,True,Back Bay/Beacon Hill,nail salon
1192,2023-04-04 11:43:00,,2027-04-04 11:41:00,Minnah & Korn Orthodontics on Newbury Street,Dental (Orthodontics),115 Newbury ST,Boston,MA,2116,42.351496,-71.07613500000002,True,Back Bay/Beacon Hill,dental (orthodontics)
1193,2020-10-09 11:33:00,12/2/24 13:36,2028-12-02 13:35:00,Minotti Boston,retail furniture,200 Stuart ST,Boston,MA,2116,42.350443,-71.06708700000001,True,Back Bay/Beacon Hill,retail furniture
1194,2023-06-06 14:42:00,,2027-06-06 14:41:00,Minuteman Service Co.,Painting/Landscaping,333 Columbus AV,Boston,MA,2116,42.34612,-71.07519000000002,True,Back Bay/Beacon Hill,painting/landscaping
1195,2014-06-04 00:00:00,6/2/22 12:34,2026-06-02 12:32:00,MISMAG PUBLISHING,PUBLISHING,867 Boylston ST,Boston,MA,2116,42.348668,-71.08340699999997,True,Back Bay/Beacon Hill,publishing
1196,2021-01-21 12:49:00,1/17/25 12:31,2029-01-17 12:27:00,MISS MIA,RETAIL,264 Newbury ST,Boston,MA,2116,42.349231,-71.08312999999998,True,Back Bay/Beacon Hill,retail
1197,2013-11-12 00:00:00,10/29/25 16:01,2029-10-29 15:50:00,MISTRAL,RESTAURANT,223 Columbus AV,Boston,MA,2116,42.348281,-71.072701,True,Back Bay/Beacon Hill,restaurant
1198,2025-11-28 14:01:00,,2029-11-28 13:58:00,Mizu Matcha,Ice Cream Shop,217 Newbury ST,Boston,MA,2116,42.350152,-71.08137799999997,True,Back Bay/Beacon Hill,ice cream shop
1199,2023-09-07 15:29:00,,2027-09-07 11:22:00,MM LAFLEUR,RETAIL,134 Newbury ST,Boston,MA,2116,42.350929,-71.07677999999999,True,Back Bay/Beacon Hill,retail
1200,2023-01-13 15:08:00,,2027-01-13 15:06:00,"Mo Katz-Christy, Herbalist",Educational Consultions,23 Dartmouth ST,Boston,MA,2116,42.343698,-71.07401900000002,True,Back Bay/Beacon Hill,educational consultions
1201,2022-06-24 16:05:00,,2026-06-24 16:04:00,Modern Safety,Safety Consulting,430 Columbus AV,Boston,MA,2116,42.34397,-71.07722999999999,True,Back Bay/Beacon Hill,safety consulting
1202,2020-08-13 13:15:00,,2024-08-13 13:12:00,Momma Lena's Specialties,Cook book publishing,398 Columbus AV,Boston,MA,2116,42.344565,-71.07638800000001,False,Back Bay/Beacon Hill,cook book publishing
1203,2026-03-06 16:14:00,,2030-03-06 16:07:00,Mona Minkara,Sole Proprietorship,374 Columbus AV,Boston,MA,2116,42.345069,-71.07587899999999,True,Back Bay/Beacon Hill,sole proprietorship
1204,2014-02-12 00:00:00,3/16/26 13:32,2030-03-16 12:27:00,MONDI'S BROW STUDIO,EUCBROCUSH,33 Newbury ST,Boston,MA,2116,42.352402,-71.07291299999997,True,Back Bay/Beacon Hill,eucbrocush
1205,2025-09-03 12:09:00,,2029-09-03 12:06:00,MONOS,Retail,136 Newbury ST,Boston,MA,2116,42.350906,-71.076866,True,Back Bay/Beacon Hill,retail
1206,2019-11-18 15:50:00,11/13/23 16:36,2027-11-13 14:18:00,Montblanc,Retail,100 Huntington AV,Boston,MA,2116,42.347312,-71.07812200000001,True,Back Bay/Beacon Hill,retail
1207,2015-08-14 00:00:00,7/14/23 12:56,2027-07-14 09:44:00,MONTBLANC NORTH AMERICA,RETAILER OF FINE WRITING INSTRUMENTS,100 Huntington AV,Boston,MA,2116,42.347312,-71.07812200000001,True,Back Bay/Beacon Hill,retailer of fine writing instruments
1208,2019-06-24 12:56:00,7/3/23 14:54,2027-07-03 13:55:00,Montgomery Park Short Term Rental,Short Term Rental,72 Montgomery ST,Roxbury,MA,2116,42.34328,-71.07454000000001,True,Back Bay/Beacon Hill,short term rental
1209,2017-03-20 12:22:00,4/18/25 12:30,2029-04-18 12:29:00,Montgomery Street Press,"publishing, writing, researching",73 Montgomery ST,Boston,MA,2116,42.343554,-71.07474300000001,True,Back Bay/Beacon Hill,"publishing, writing, researching"
1210,2016-03-01 00:00:00,4/18/24 13:30,2028-04-18 13:28:00,MORAN RESIDENTIAL ADVISORY GROUP,REAL ESTATE ADVISORY SERVICES,277 Dartmouth ST,Boston,MA,2116,42.351134,-71.07754599999998,True,Back Bay/Beacon Hill,real estate advisory services
1211,2016-03-25 00:00:00,3/25/24 15:28,2028-03-25 15:27:00,MORBEL GLOBAL ENT,IMPORT-EXPORT,133 Clarendon ST,Boston,MA,2116,42.348626,-71.073936,True,Back Bay/Beacon Hill,import-export
1212,2023-03-29 11:33:00,,2027-03-29 11:32:00,Moscot,Retail,142 Newbury ST,Boston,MA,2116,42.350807,-71.07708100000002,True,Back Bay/Beacon Hill,retail
1213,2019-04-12 12:24:00,5/15/23 14:57,2027-05-15 12:46:00,Motor Mart Garage,Parking Garage,201 Stuart ST,Boston,MA,2116,42.351223,-71.06820900000002,True,Back Bay/Beacon Hill,parking garage
1214,2019-10-28 15:14:00,10/18/23 10:14,2027-10-18 10:09:00,Moxy Hotel,Hotel,240 Tremont ST,Boston,MA,2116,42.350885,-71.064595,True,Back Bay/Beacon Hill,hotel
1215,2019-10-15 12:21:00,3/17/25 12:47,2029-03-17 12:43:00,Mr. Tea,Restaurant,266 Newbury ST,Boston,MA,2116,42.349192,-71.08320100000003,True,Back Bay/Beacon Hill,restaurant
1216,2019-06-19 15:40:00,6/16/23 9:07,2027-06-16 09:02:00,Ms. Huang Art Studio,Teaching Art Lessons,333 Tremont ST,Boston,MA,2116,42.348926,-71.06620399999997,True,Back Bay/Beacon Hill,teaching art lessons
1217,2018-06-05 10:09:00,8/2/22 11:22,2026-08-02 11:20:00,MTDRE,Real Estate,9 Appleton ST,Boston,MA,2116,42.346436,-71.07024899999999,True,Back Bay/Beacon Hill,real estate
1218,2022-04-21 14:37:00,,2026-04-21 14:36:00,MUNS BOSTON,Esthetics Shop,252 Newbury ST,Boston,MA,2116,42.349334,-71.08266500000002,True,Back Bay/Beacon Hill,esthetics shop
1219,2020-04-28 14:10:00,,2024-04-28 11:44:00,Murrelli,"Advertising, Consulting",867 Boylston ST,Boston,MA,2116,42.348668,-71.08340699999997,False,Back Bay/Beacon Hill,"advertising, consulting"
1220,2023-10-20 11:22:00,,2027-10-20 11:20:00,Muse.ai,Tech company,277 Marlborough ST,Boston,MA,2116,42.351961,-71.082853,True,Back Bay/Beacon Hill,tech company
1221,2020-03-02 14:20:00,,2024-03-02 14:19:00,My Freight Exchange,software,75 Arlington ST,Boston,MA,2116,42.350549,-71.07041900000002,False,Back Bay/Beacon Hill,software
1222,2020-01-29 14:20:00,,2024-01-29 14:18:00,My Game Concierge,Video Game Services,4 Copley PL,Boston,MA,2116,42.347278,-71.07767999999999,False,Back Bay/Beacon Hill,video game services
1223,2020-09-15 10:39:00,,2024-09-15 10:38:00,My Litttle Peanut,Online retail,398 Columbus AV,Boston,MA,2116,42.344565,-71.07638800000001,False,Back Bay/Beacon Hill,online retail
1224,2019-08-26 09:27:00,8/31/23 14:01,2027-08-31 13:59:00,My Merchant Needs,Consulting,30 Newbury ST,Boston,MA,2116,42.352082,-71.07263699999999,True,Back Bay/Beacon Hill,consulting
1225,2018-02-05 15:13:00,,2022-02-05 14:46:00,My Nail Salon and Skin Care,Nail & Skin,261 Newton ST,Boston,MA,2116,42.345131,-71.08108099999998,False,Back Bay/Beacon Hill,nail & skin
1226,2021-11-05 15:29:00,,2025-11-05 13:40:00,MYA ROYAL,Apparel + Art Work,162 Newbury ST,Boston,MA,2116,42.350469,-71.078508,False,Back Bay/Beacon Hill,apparel + art work
1227,2022-09-12 10:18:00,,2026-09-12 10:16:00,Myles Cole Enterprises,Business Consulting,867 Boylston ST,Boston,MA,2116,42.348668,-71.08340699999997,True,Back Bay/Beacon Hill,business consulting
1228,2025-02-21 15:41:00,,2029-02-21 15:15:00,MZ Wallace,Retail,103 Newbury ST,Boston,MA,2116,42.3517,-71.07541600000002,True,Back Bay/Beacon Hill,retail
1229,2024-08-21 11:00:00,,2028-08-21 10:58:00,Nagwa Fakhry Art,Art,8 Garrison ST,Boston,MA,2116,42.346157,-71.07964600000003,True,Back Bay/Beacon Hill,art
1230,2015-03-31 00:00:00,7/15/19 12:58,2023-07-15 12:58:00,NAHITA RESTAURANT,RESTAURANT,100 Arlington ST,Boston,MA,2116,42.350019,-71.06963000000002,False,Back Bay/Beacon Hill,restaurant
1231,2015-01-02 00:00:00,1/4/23 11:51,2027-01-04 11:50:00,NAILS BY TATYANA,MANICURE/PEDICURE,134 Newbury ST,Boston,MA,2116,42.350929,-71.07677999999999,True,Back Bay/Beacon Hill,manicure/pedicure
1232,2025-08-20 12:44:00,,2029-08-20 11:23:00,Nancy Michael Interiors,Interior Decorating,280 Beacon ST,Boston,MA,2116,42.353374,-71.08119199999999,True,Back Bay/Beacon Hill,interior decorating
1233,2023-06-02 10:52:00,,2027-06-02 09:09:00,NAS Logistics,"Invest, Acquire, and Hold Assetts",31 Saint James AV,Boston,MA,2116,42.350666,-71.07046700000001,True,Back Bay/Beacon Hill,"invest, acquire, and hold assetts"
1234,2023-01-11 13:35:00,,2027-01-11 13:32:00,Nashville Bar & Stage,Restaurant/Bar,255 Tremont ST,Boston,MA,2116,42.350457,-71.06535100000002,True,Back Bay/Beacon Hill,restaurant/bar
1235,2025-08-19 15:40:00,,2029-08-19 15:38:00,Nashvilles Ghost Light Tavern,Restaurant,260 Tremont ST,Boston,MA,2116,42.350425,-71.06491499999998,True,Back Bay/Beacon Hill,restaurant
1236,2024-05-22 15:40:00,,2028-05-22 00:00:00,Navi,Data Technologgy,129 Marlborough ST,Boston,MA,2116,42.353324,-71.07805200000001,True,Back Bay/Beacon Hill,data technologgy
1237,2023-04-05 15:16:00,,2027-04-05 15:14:00,NCS Boston Cleaning Services,Cleaning Services,21 Lawrence ST,Boston,MA,2116,42.346167,-71.072407,True,Back Bay/Beacon Hill,cleaning services
1238,2025-04-09 16:27:00,,2029-04-09 16:26:00,Neeseberry,Product Design and Manufacturing,399 Boylston ST,Boston,MA,2116,42.351799,-71.07187799999997,True,Back Bay/Beacon Hill,product design and manufacturing
1239,2022-07-19 10:31:00,,2026-07-19 10:27:00,NEIGHBORHOOD DEVELOPMENT,MANAGEMENT,867 Boylston ST,Boston,MA,2116,42.348668,-71.08340699999997,True,Back Bay/Beacon Hill,management
1240,2016-08-01 10:47:00,,,Neiman Marcus,Speciality Retail Store,5 Copley PL,Boston,MA,2116,42.347278,-71.07767999999999,False,Back Bay/Beacon Hill,speciality retail store
1241,2023-10-04 14:12:00,,2027-10-04 14:04:00,Neuhaus,Belgian Chocolatier,100 Huntington AV,Boston,MA,2116,42.347312,-71.07812200000001,True,Back Bay/Beacon Hill,belgian chocolatier
1242,2016-02-25 00:00:00,2/27/24 14:21,2028-02-27 14:16:00,NEW BALANCE,RETAIL STORE,126 Newbury ST,Boston,MA,2116,42.351018,-71.07629199999997,True,Back Bay/Beacon Hill,retail store
1243,2017-05-26 10:09:00,12/28/22 13:43,2026-12-28 13:42:00,New England Notebuyers,Real Estate Investing,607 Boylston ST,Boston,MA,2116,42.35051,-71.07717200000002,True,Back Bay/Beacon Hill,real estate investing
1244,2015-04-06 00:00:00,6/22/23 14:44,2027-06-22 14:36:00,NEW YORK PIZZA,RESTAURANT,224 Tremont ST,Boston,MA,2116,42.351457,-71.06456200000002,True,Back Bay/Beacon Hill,restaurant
1245,2022-12-02 09:17:00,,2026-12-02 09:16:00,Newbury Cleaners,Dry Cleaners,219 Newbury ST,Boston,MA,2116,42.350124,-71.08146299999999,True,Back Bay/Beacon Hill,dry cleaners
1246,2015-01-02 00:00:00,12/19/22 16:01,2026-12-19 14:04:00,NEWBURY ELECTROLOGY & SKIN CARE,ELECTROLOGY & SKIN CARE,271 Newbury ST,Boston,MA,2116,42.349488,-71.08363199999997,True,Back Bay/Beacon Hill,electrology & skin care
1247,2013-10-22 00:00:00,,2017-10-22 00:00:00,NEWBURY NAIL AND SKIN CARE SALON,WITHDRAWAL (9/30/13),255 Newbury ST,Boston,MA,2116,42.349653,-71.08302800000001,False,Back Bay/Beacon Hill,withdrawal (9/30/13)
1248,2013-09-30 00:00:00,,2017-09-30 00:00:00,NEWBURY NAIL AND SKIN SALON,"NAIL, SKIN, MASSAGE SALON",255 Newbury ST,Boston,MA,2116,42.349653,-71.08302800000001,False,Back Bay/Beacon Hill,"nail, skin, massage salon"
1249,2013-10-22 00:00:00,,2017-10-22 00:00:00,NEWBURY NAILS AND SKIN SALON,NAILSL SKINY MASSAGE SALON,255 Newbury ST,Boston,MA,2116,42.349653,-71.08302800000001,False,Back Bay/Beacon Hill,nailsl skiny massage salon
1250,2014-02-10 00:00:00,,2018-02-10 00:00:00,NEWBURY NAILS AND SKIN SALON,WITHDRAWAL (10/22/13),255 Newbury ST,Boston,MA,2116,42.349653,-71.08302800000001,False,Back Bay/Beacon Hill,withdrawal (10/22/13)
1251,2019-04-05 14:48:00,5/16/23 12:57,2027-05-16 12:54:00,Newbury Street Hair Show,Hair Show,176 Newbury ST,Boston,MA,2116,42.350302,-71.07909599999999,True,Back Bay/Beacon Hill,hair show
1252,2017-06-07 09:59:00,7/19/22 10:52,2026-07-19 10:50:00,Newbury Visions,Optomertrist,215 Newbury ST,Boston,MA,2116,42.350142,-71.08127999999999,True,Back Bay/Beacon Hill,optomertrist
1253,2019-03-29 16:05:00,,2023-03-29 15:39:00,News to Share Now,Online Marketing,198 Tremont ST,Boston,MA,2116,42.35213,-71.06437,False,Back Bay/Beacon Hill,online marketing
1254,2019-03-29 16:05:00,,2023-03-29 15:40:00,News to Share Now,Online Marketing,198 Tremont ST,Boston,MA,2116,42.35213,-71.06437,False,Back Bay/Beacon Hill,online marketing
1255,2017-05-08 15:53:00,3/9/22 9:44,2026-03-09 09:42:00,niche,Retail and Design,619 Tremont ST,Roxbury,MA,2116,42.342753,-71.07437700000003,False,Back Bay/Beacon Hill,retail and design
1256,2023-02-03 10:51:00,,2027-02-03 10:51:00,Niche Speech Therapy,Speech Therapy,867 Boylston ST,Boston,MA,2116,42.348668,-71.08340699999997,True,Back Bay/Beacon Hill,speech therapy
1257,2023-08-24 14:58:00,,2027-08-24 14:53:00,NIMBLEBOT,"DESIGN,STRATEGY,TECH,MARKETING",399 Boylston ST,Boston,MA,2116,42.351799,-71.07187799999997,True,Back Bay/Beacon Hill,"design,strategy,tech,marketing"
1258,2013-02-25 00:00:00,,2017-02-25 00:00:00,NINE WEST,RETAIL SALE FOOTWEAR & ACCESSORIES,100 Huntington AV,Boston,MA,2116,42.347312,-71.07812200000001,False,Back Bay/Beacon Hill,retail sale footwear & accessories
1259,2014-04-25 00:00:00,,2018-04-25 00:00:00,NINE WEST 7541,WITHDRAWAL (2/25/2013),100 Huntington AV,Boston,MA,2116,42.347312,-71.07812200000001,False,Back Bay/Beacon Hill,withdrawal (2/25/2013)
1260,2020-06-04 14:21:00,,2024-06-04 14:19:00,NKIRUKA PUBLISHING,PUBLISHING,867 Boylston ST,Boston,MA,2116,42.348668,-71.08340699999997,False,Back Bay/Beacon Hill,publishing
1261,2020-06-11 13:41:00,,2024-06-11 13:40:00,NKIRUKA TECH,Retail,867 Boylston ST,Boston,MA,2116,42.348668,-71.08340699999997,False,Back Bay/Beacon Hill,retail
1262,2018-06-18 15:41:00,6/17/22 14:51,2026-06-17 12:16:00,NO REST FOR BRIDGET,RETAIL,220 Newbury ST,Boston,MA,2116,42.34979,-71.08100300000001,True,Back Bay/Beacon Hill,retail
1263,2025-10-30 15:54:00,,2029-10-30 12:25:00,Northeast Assisted Fertility Group/NAFG,Fertility Services/Admin,420 Boylston ST,Boston,MA,2116,42.35112,-71.07254,True,Back Bay/Beacon Hill,fertility services/admin
1264,2019-02-22 15:16:00,,2023-02-22 12:06:00,Northeast Real Estate Group,Real Estate,715 Boylston ST,Boston,MA,2116,42.349616,-71.07998399999997,False,Back Bay/Beacon Hill,real estate
1265,2025-05-28 14:32:00,,2029-05-28 14:31:00,Nossa Beauty Studio,Hair Saloon,129 Newbury ST,Boston,MA,2116,42.351372,-71.076818,True,Back Bay/Beacon Hill,hair saloon
1266,2019-09-12 13:32:00,11/22/23 14:33,2027-11-22 11:13:00,Ntroduced,Employment recruitment services,20 Park PZ,Boston,MA,2116,42.35147,-71.06880999999998,True,Back Bay/Beacon Hill,employment recruitment services
1267,2020-11-13 14:55:00,10/21/24 14:54,2028-10-21 14:47:00,Nurse Attorney Educator,Educational,198 Tremont ST,Boston,MA,2116,42.35213,-71.06437,True,Back Bay/Beacon Hill,educational
1268,2023-04-07 09:28:00,,2027-04-07 09:27:00,Nuts Factory,Food Retail,118 Newbury ST,Boston,MA,2116,42.351144,-71.07611700000001,True,Back Bay/Beacon Hill,food retail
1269,2016-01-29 00:00:00,7/9/24 15:33,2028-07-09 15:31:00,O.D.D. JOBS,PERSONAL ASSISTANT,23 Braddock PK,Boston,MA,2116,42.344394,-71.07846699999999,True,Back Bay/Beacon Hill,personal assistant
1270,2026-01-29 14:53:00,,2030-01-29 11:16:00,ODD JOBS MEDIA,Commercial Printing,867 Boylston ST,Boston,MA,2116,42.348668,-71.08340699999997,True,Back Bay/Beacon Hill,commercial printing
1271,2024-03-25 11:03:00,,2028-03-25 11:01:00,Officina Profumo Farmaceutica di Santa Maria Novella,Retail,121 Newbury ST,Boston,MA,2116,42.351419,-71.07645200000002,True,Back Bay/Beacon Hill,retail
1272,2024-10-31 13:19:00,,2028-10-31 13:16:00,OGC,Law Firm,501 Boylston ST,Boston,MA,2116,42.351151,-71.074545,True,Back Bay/Beacon Hill,law firm
1273,2023-08-04 15:49:00,,2027-08-04 15:45:00,OIIMC,Art & Entertainment,867 Boylston ST,Boston,MA,2116,42.348668,-71.08340699999997,True,Back Bay/Beacon Hill,art & entertainment
1274,2025-06-06 13:25:00,,2029-06-06 13:24:00,Oil and Ember,Online Retail,55 Lagrange ST,Boston,MA,2116,42.351811,-71.06404499999996,True,Back Bay/Beacon Hill,online retail
1275,2015-09-23 00:00:00,8/26/19 16:10,2023-08-26 13:59:00,OISE BOSTON,ENGLISH LANGUAGE SCHOOL,31 Saint James AV,Boston,MA,2116,42.350666,-71.07046700000001,False,Back Bay/Beacon Hill,english language school
1276,2026-03-13 16:29:00,,2030-03-13 16:14:00,Old Town Trolley Tours of Boston,Historic Tours,3 Park PZ,Boston,MA,2116,42.351581352485525,-71.06878827825892,True,Back Bay/Beacon Hill,historic tours
1277,2014-08-15 00:00:00,9/27/22 11:07,2026-09-27 10:57:00,Oldways,NONPROFIT FOOD AND NUTRITION,266 Beacon ST,Boston,MA,2116,42.353534,-71.08055999999999,True,Back Bay/Beacon Hill,nonprofit food and nutrition
1278,2014-07-14 00:00:00,9/27/22 9:59,2026-09-27 08:47:00,OLIVER BROTHERS FINE ART RESTORATION & CONSERVATION,FINE ART RESTORATION,162 Newbury ST,Boston,MA,2116,42.350469,-71.078508,True,Back Bay/Beacon Hill,fine art restoration
1279,2026-03-18 11:01:00,,2030-03-18 10:58:00,ON,Sportswear Retail Store,138 Newbury ST,Boston,MA,2116,42.350869,-71.07693999999998,True,Back Bay/Beacon Hill,sportswear retail store
1280,2020-02-07 11:58:00,2/2/24 15:00,2028-02-02 14:49:00,One Medical,Medical Professional Corporation,185 Dartmouth ST,Boston,MA,2116,42.348522,-71.07628899999997,True,Back Bay/Beacon Hill,medical professional corporation
1281,2020-02-07 11:57:00,2/2/24 15:01,2028-02-02 14:47:00,One Medical Group,Medical Professional Corporation,185 Dartmouth ST,Boston,MA,2116,42.348522,-71.07628899999997,True,Back Bay/Beacon Hill,medical professional corporation
1282,2017-04-25 14:55:00,,2021-04-25 14:54:00,Onsen,Retail/Salon,128 Newbury ST,Boston,MA,2116,42.351015,-71.07653800000003,False,Back Bay/Beacon Hill,retail/salon
1283,2019-06-13 13:49:00,,2023-06-13 13:44:00,Onward U.S.A.,Retail,501 Boylston ST,Boston,MA,2116,42.351151,-71.074545,False,Back Bay/Beacon Hill,retail
1284,2021-05-26 12:45:00,9/15/25 16:37,2029-09-15 12:08:00,ONYVA,Pet Services,171 Newbury ST,Boston,MA,2116,42.350768,-71.07913100000002,True,Back Bay/Beacon Hill,pet services
1285,2022-11-01 15:27:00,,2026-11-01 15:25:00,Opal & Oak,Boutique,228 Newbury ST,Boston,MA,2116,42.349694,-71.08131300000002,True,Back Bay/Beacon Hill,boutique
1286,2017-03-17 11:55:00,2/23/21 15:41,2025-02-23 15:16:00,Operations Management International,Facilities & Operations Management,120 Saint James AV,Boston,MA,2116,42.34921,-71.07513,False,Back Bay/Beacon Hill,facilities & operations management
1287,2022-05-06 12:47:00,,2026-05-06 12:45:00,Optas,Marketing Services,9 Knox ST,Boston,MA,2116,42.348733,-71.06841600000001,True,Back Bay/Beacon Hill,marketing services
1288,2021-08-13 11:45:00,8/19/25 16:29,2029-08-05 15:46:00,Optimal Fitness,Health and wellness,217 Commonwealth AV,Boston,MA,2116,42.351376,-71.08185900000001,True,Back Bay/Beacon Hill,health and wellness
1289,2025-03-07 11:50:00,,2029-03-07 11:48:00,Optimal Performance Hypnotherapy,Hypnotherapy,20 Park PZ,Boston,MA,2116,42.35147,-71.06880999999998,True,Back Bay/Beacon Hill,hypnotherapy
1290,2023-12-13 12:41:00,,2027-12-13 12:36:00,Optum Behavioral Care of Massachusetts,Behavioral Care Services,575 Boylston ST,Boston,MA,2116,42.350552,-71.07654000000002,True,Back Bay/Beacon Hill,behavioral care services
1291,2022-11-29 15:54:00,,2026-11-29 12:51:00,Oragentheory Fitness,Fitness Gym,10 Saint James AV,Boston,MA,2116,42.350405,-71.07088399999998,True,Back Bay/Beacon Hill,fitness gym
1292,2014-04-10 00:00:00,4/9/18 15:56,2022-04-09 14:24:00,ORAL DESIGN BOSTON,DENTAL LABORATORY,11 Newbury ST,Boston,MA,2116,42.352726,-71.072026,False,Back Bay/Beacon Hill,dental laboratory
1293,2016-10-04 13:20:00,,,ORE,RETAIL STORE,80 Dartmouth ST,Boston,MA,2116,42.345277,-71.07509099999999,False,Back Bay/Beacon Hill,retail store
1294,2024-09-17 12:34:00,,2028-09-17 12:32:00,Osprey Life Sciences,Life Sciences,867 Boylston ST,Boston,MA,2116,42.348668,-71.08340699999997,True,Back Bay/Beacon Hill,life sciences
1295,2020-01-29 13:55:00,,2024-01-29 13:55:00,Out Of The Basement,Group Meetings,15 Newbury ST,Boston,MA,2116,42.352612,-71.072404,False,Back Bay/Beacon Hill,group meetings
1296,2015-05-26 00:00:00,10/11/23 11:48,2027-10-11 11:43:00,OXFORD HOUSE COLLEGE,RUN SCHOOLS THAT TEACH ENGLISH,437 Boylston ST,Boston,MA,2116,42.351491,-71.07290499999999,True,Back Bay/Beacon Hill,run schools that teach english
1297,2021-10-12 15:36:00,1/5/26 9:44,2029-12-19 00:00:00,P.F. CHANG'S CHINA BISTRO,RESTAURANT,8 Park PZ,Boston,MA,2116,42.351214,-71.06642599999998,True,Back Bay/Beacon Hill,restaurant
1298,2022-07-28 12:47:00,,2026-07-28 12:45:00,P.H.I.L. Putting Hustling Into Life,Online Retail Business,867 Boylston ST,Boston,MA,2116,42.348668,-71.08340699999997,True,Back Bay/Beacon Hill,online retail business
1299,2024-01-05 15:10:00,,2028-01-05 11:52:00,Panerai,Retailer of Luxury Watches,2 Newbury ST,Boston,MA,2116,42.35244,-71.07134100000002,True,Back Bay/Beacon Hill,retailer of luxury watches
1300,2014-04-22 00:00:00,,2018-04-22 00:00:00,PAPA RAZZI,WITHDRAWAL (8/31/10),157 Newbury ST,Boston,MA,2116,42.35089,-71.07853999999998,False,Back Bay/Beacon Hill,withdrawal (8/31/10)
1301,2014-04-22 00:00:00,,2018-04-22 00:00:00,PAPA RAZZI,WITHDRAWAL (10/21/10),157 Newbury ST,Boston,MA,2116,42.35089,-71.07853999999998,False,Back Bay/Beacon Hill,withdrawal (10/21/10)
1302,2019-06-17 12:09:00,8/3/23 13:35,2027-08-03 11:49:00,Parish Cafe,Restaurant,361 Boylston ST,Boston,MA,2116,42.351855,-71.07164499999999,True,Back Bay/Beacon Hill,restaurant
1303,2019-07-31 10:49:00,10/11/23 10:45,2027-10-11 10:41:00,Park Square Shoe Service,shoe repair,31 Saint James AV,Boston,MA,2116,42.350666,-71.07046700000001,True,Back Bay/Beacon Hill,shoe repair
1304,2019-06-10 12:31:00,3/20/24 14:37,2028-03-20 12:45:00,Parks Realty Company,Property Management,200 Newbury ST,Boston,MA,2116,42.350054,-71.080153,True,Back Bay/Beacon Hill,property management
1305,2021-05-03 15:39:00,5/30/25 10:58,2029-05-30 10:55:00,Parkside Dental Care,dental office,37 Newbury ST,Boston,MA,2116,42.349779,-71.08247599999999,True,Back Bay/Beacon Hill,dental office
1306,2019-01-08 16:41:00,,2023-01-08 16:40:00,Pathetic Pixels,Artwork and Desigin,198 Tremont ST,Boston,MA,2116,42.35213,-71.06437,False,Back Bay/Beacon Hill,artwork and desigin
1307,2021-09-22 15:39:00,8/20/25 14:28,2029-08-20 14:16:00,Pathos Salon By Konstantina,Hair Salon,270 Newbury ST,Boston,MA,2116,42.349138,-71.08334500000001,True,Back Bay/Beacon Hill,hair salon
1308,2016-11-14 13:21:00,3/12/26 16:23,2030-03-12 12:12:00,Patrice Vinci Salon,Hair Salon,91 Newbury ST,Boston,MA,2116,42.351809,-71.07499200000001,True,Back Bay/Beacon Hill,hair salon
1309,2025-02-18 11:23:00,,2029-02-18 11:22:00,PayerPrice,Software,160 Beacon ST,Boston,MA,2116,42.354742,-71.07604900000001,True,Back Bay/Beacon Hill,software
1310,2015-09-02 00:00:00,4/17/24 16:48,2028-04-17 16:06:00,PEARSON PROFESSIONAL CENTER,TESTING SERVICES,31 Saint James AV,Boston,MA,2116,42.350666,-71.07046700000001,True,Back Bay/Beacon Hill,testing services
1311,2021-09-03 13:31:00,,2025-09-03 13:26:00,Perch Energy,Energy Services Company,501 Boylston ST,Boston,MA,2116,42.351151,-71.074545,False,Back Bay/Beacon Hill,energy services company
1312,2022-03-21 14:14:00,,2026-03-21 14:12:00,Perfect Wear Boston,Retail,223 Newbury ST,Boston,MA,2116,42.350076,-71.08161899999999,False,Back Bay/Beacon Hill,retail
1313,2022-10-18 12:43:00,,2026-10-18 12:39:00,Perfection Auto,Mobile Detailing,867 Boylston ST,Boston,MA,2116,42.348668,-71.08340699999997,True,Back Bay/Beacon Hill,mobile detailing
1314,2024-10-16 12:49:00,,2028-10-16 12:45:00,Peserico,Retail Clothing Store,73 Newbury ST,Boston,MA,2116,42.352104,-71.07448999999997,True,Back Bay/Beacon Hill,retail clothing store
1315,2024-07-03 15:28:00,,2028-07-03 13:18:00,124 St Botolph Rental,Rental Unit,124 Saint Botolph ST,Boston,MA,2115,42.343996,-71.08160700000002,True,Fenway/Kenmore,rental unit
1316,2019-10-18 11:02:00,,2023-10-18 11:00:00,2 Durham St,Short Term Rentals,2 Durham ST,Boston,MA,2115,42.344175,-71.081074,False,Fenway/Kenmore,short term rentals
1317,2023-08-30 12:31:00,,2027-08-30 10:54:00,306 Comm Ave Rental,Short Term Rental,306 Commonwealth AV,Boston,MA,2115,42.349451,-71.08549800000003,True,Fenway/Kenmore,short term rental
1318,2023-12-04 15:29:00,,2027-12-04 13:00:00,337 Commonwealth Avenue,STR,337 Commonwealth AV,Boston,MA,2115,42.349767,-71.087669,True,Fenway/Kenmore,str
1319,2019-09-12 15:02:00,10/20/23 11:58,2027-10-20 11:36:00,413 Beacon Rental,Short Term Rental,413 Beacon ST,Boston,MA,2115,42.351531,-71.086052,True,Fenway/Kenmore,short term rental
1320,2025-07-22 10:33:00,,2029-07-22 10:31:00,419 Short Rentals,STR,419 Beacon ST,Boston,MA,2115,42.351452,-71.086343,True,Fenway/Kenmore,str
1321,2012-09-20 00:00:00,,2016-09-20 00:00:00,7 ELEVEN #32463J,CONVENIENCE STORE - CH 227 SEC 5A,252 Newton ST,Boston,MA,2115,42.344738,-71.08122100000003,False,Fenway/Kenmore,convenience store - ch 227 sec 5a
1322,2012-12-10 00:00:00,,2016-12-10 00:00:00,7 ELEVEN #32463J,WITHDRAWAL (9/20/12),252 Newton ST,Boston,MA,2115,42.344738,-71.08122100000003,False,Fenway/Kenmore,withdrawal (9/20/12)
1323,2017-08-04 10:12:00,2/17/26 15:38,2030-02-17 15:24:00,7-Eleven #37369A,Convienence Store,141 Massachusetts AV,Boston,MA,2115,42.346822,-71.08772999999997,True,Fenway/Kenmore,convienence store
1324,2023-11-09 10:10:00,,2027-11-09 10:07:00,7-ELEVEN 32463F,CONVENIENCE STORE,252 Newton ST,Boston,MA,2115,42.344738,-71.08122100000003,True,Fenway/Kenmore,convenience store
1325,2022-04-11 15:33:00,,2026-04-11 14:56:00,829 Studios,Marketing Agency,300 Massachusetts AV,Boston,MA,2115,42.343278,-71.08514300000002,False,Fenway/Kenmore,marketing agency
1326,2023-01-13 10:30:00,,2027-01-13 10:29:00,A Clean Boston,Cleaning,52 Francis ST,Boston,MA,2115,42.335606,-71.10748899999999,True,Fenway/Kenmore,cleaning
1327,2020-07-14 13:25:00,6/26/24 10:38,2028-06-26 10:37:00,A Square Design,Interior Design Services,361 Newbury ST,Boston,MA,2115,42.348336,-71.08797300000003,True,Fenway/Kenmore,interior design services
1328,2022-02-09 11:56:00,,2026-02-09 11:55:00,A.T. O'KEEFE'S,RESTAURANT,911 Boylston ST,Boston,MA,2115,42.348372,-71.08438000000001,False,Fenway/Kenmore,restaurant
1329,2023-02-10 11:53:00,,2027-02-10 10:26:00,ABERCROMBIE & FITCH #11336,Retail,321 Newbury ST,Boston,MA,2115,42.348742,-71.08590100000004,True,Fenway/Kenmore,retail
1330,2023-01-12 10:40:00,,2027-01-12 09:16:00,AGB Innovative Security Solutions,Private Security Firm,177 Huntington AV,Boston,MA,2115,42.344856,-71.08281599999998,True,Fenway/Kenmore,private security firm
1331,2026-03-06 10:18:00,,2030-03-06 10:15:00,Agem Property,Property Management,333 Newbury ST,Boston,MA,2115,42.348679,-71.08647300000001,True,Fenway/Kenmore,property management
1332,2025-08-20 12:39:00,,2029-08-20 12:37:00,AllisonGordonDesign,Interior Design,4 Gloucester ST,Boston,MA,2115,42.351405,-71.08545500000002,True,Fenway/Kenmore,interior design
1333,2021-04-29 10:40:00,,2025-04-29 10:29:00,ALPHA PENSION GROUP,INSURANCE BROKER DEALER,396 Commonwealth AV,Boston,MA,2115,42.348617,-71.090531,False,Fenway/Kenmore,insurance broker dealer
1334,2022-09-26 13:14:00,,2026-09-26 13:13:00,ALXS SKN GYM,SKIN CARE,297 Newbury ST,Boston,MA,2115,42.34913,-71.08524799999998,True,Fenway/Kenmore,skin care
1335,2025-06-20 16:04:00,,2029-06-20 16:03:00,Amelia's Cluck & Smash,Restaurant,309 Huntington AV,Boston,MA,2115,42.34111,-71.08739300000002,True,Fenway/Kenmore,restaurant
1336,2019-05-24 09:48:00,5/15/23 14:30,2027-05-15 14:28:00,Amelia's Taqueria,Restaurant,1076 Boylston ST,Boston,MA,2115,42.346932,-71.08796999999998,True,Fenway/Kenmore,restaurant
1337,2014-09-16 00:00:00,10/19/22 14:59,2026-10-19 14:58:00,AMERICA PAINTING AND CLEANING,INTERIOR PAINTING & CLEANING,87 Saint Stephen ST,Boston,MA,2115,42.341712,-71.08841000000001,True,Fenway/Kenmore,interior painting & cleaning
1338,2013-01-14 00:00:00,,2017-01-14 00:00:00,ANA'S BEAUTY CENTER,WITHDRAWAL (10/12/10),333 Massachusetts AV,Boston,MA,2115,42.342372,-71.08480299999997,False,Fenway/Kenmore,withdrawal (10/12/10)
1339,2020-02-27 09:29:00,12/14/23 10:39,2027-12-14 10:37:00,Andrea Cinnamond Creative,Coaching,17 Blackwood ST,Boston,MA,2115,42.342567,-71.08223099999998,True,Fenway/Kenmore,coaching
1340,2018-11-27 12:19:00,11/22/22 13:42,2026-11-22 13:37:00,Anesthesia - HMFP At BIDMC,Medical Practice,330 Brookline AV,Boston,MA,2115,42.34128,-71.10468000000003,True,Fenway/Kenmore,medical practice
1341,2025-02-27 11:34:00,,2029-02-27 11:32:00,Anna's Taqueria,Restaurant,359 Huntington AV,Boston,MA,2115,42.340095,-71.09020199999998,True,Fenway/Kenmore,restaurant
1342,2025-03-11 15:49:00,,2029-03-11 15:36:00,Aperture,Real Estate Brokerage,361 Newbury ST,Boston,MA,2115,42.348336,-71.08797300000003,True,Fenway/Kenmore,real estate brokerage
1343,2025-03-11 15:47:00,,2029-03-11 15:36:00,Aperture Global,Office of Real Estate Brokers,361 Newbury ST,Boston,MA,2115,42.348336,-71.08797300000003,True,Fenway/Kenmore,office of real estate brokers
1344,2023-12-01 11:50:00,,2027-12-01 11:45:00,ARAMARK@ BOSTON CHILDREN'S HOSPITAL,FOOD SERVICE MANGEMENT,300 Longwood AV,Boston,MA,2115,42.337322,-71.10551800000002,True,Fenway/Kenmore,food service mangement
1345,2015-12-18 00:00:00,2/14/20 13:10,2024-02-14 11:45:00,Arc'teryx,RETAIL CLOTHING,352 Newbury ST,Boston,MA,2115,42.348089,-71.08757000000003,False,Fenway/Kenmore,retail clothing
1346,2018-05-03 12:35:00,6/6/22 14:28,2026-06-06 11:22:00,Arnox,Art Business,359 Newbury ST,Boston,MA,2115,42.348373,-71.087831,True,Fenway/Kenmore,art business
1347,2020-09-15 12:58:00,9/13/24 14:33,2028-09-13 14:29:00,Artful Mediation Workshop,Arts and elder consulting,65 Westland AV,Boston,MA,2115,42.34397,-71.08848,True,Fenway/Kenmore,arts and elder consulting
1348,2015-02-19 00:00:00,4/3/23 15:57,2027-04-03 13:07:00,ARTS CONSULTING GROUP,ARTS CONSULTING,292 Newbury ST,Boston,MA,2115,42.348811,-71.08464200000003,True,Fenway/Kenmore,arts consulting
1349,2014-01-23 00:00:00,12/26/25 14:00,2029-12-26 13:57:00,ASIALINES TRAVEL,TRAVEL AGENCY,32 Francis ST,Boston,MA,2115,42.33497,-71.10649000000001,True,Fenway/Kenmore,travel agency
1350,2013-08-15 00:00:00,3/13/26 16:18,2030-03-13 12:32:00,ASTA,RESTAURANT,47 Massachusetts AV,Boston,MA,2115,42.34982,-71.08930199999998,True,Fenway/Kenmore,restaurant
1351,2018-04-30 15:35:00,6/1/22 13:46,2026-06-01 11:21:00,ATI PHYSICAL THERAPY,OUTPATIEN PHYSICAL THERAPY,197 Massachusetts AV,Boston,MA,2115,42.34523,-71.08713,True,Fenway/Kenmore,outpatien physical therapy
1352,2025-10-09 15:48:00,,2029-10-09 15:46:00,ATLAS BARBERSHOP,Barber Shop,822 Huntington AV,Boston,MA,2115,42.33309,-71.10892000000001,True,Fenway/Kenmore,barber shop
1353,2024-08-16 14:22:00,,2028-08-16 10:37:00,Atrio Boston,Apartment Complex,18 Haviland ST,Boston,MA,2115,42.346212,-71.088303,True,Fenway/Kenmore,apartment complex
1354,2015-11-24 00:00:00,12/18/23 15:15,2027-12-18 11:34:00,AUM HEALING CENTER,MEDICAL OFFICE,332 Newbury ST,Boston,MA,2115,42.348283,-71.08631300000002,True,Fenway/Kenmore,medical office
1355,2015-11-24 00:00:00,12/18/23 15:15,2027-12-18 11:35:00,AUM TRAINING CENTER,FITNESS COACHING,332 Newbury ST,Boston,MA,2115,42.348283,-71.08631300000002,True,Fenway/Kenmore,fitness coaching
1356,2021-09-14 12:24:00,9/3/25 9:46,2029-09-03 09:44:00,Avenue Residential,Relocation consulting,416 Commonwealth AV,Boston,MA,2115,42.348622,-71.09103199999998,True,Fenway/Kenmore,relocation consulting
1357,2020-08-11 12:22:00,,2024-08-11 12:19:00,B.C. GLAM DECOR,Home decor consulting,144 Saint Botolph ST,Boston,MA,2115,42.34332,-71.08238499999999,False,Fenway/Kenmore,home decor consulting
1358,2022-07-01 14:43:00,,2026-07-01 14:43:00,BACK BAY BNB,Short Term Rental,478 Beacon ST,Boston,MA,2115,42.351342,-71.08856100000003,True,Fenway/Kenmore,short term rental
1359,2022-06-22 14:19:00,,2026-06-22 14:18:00,Back Bay Chiropractic,Chiropractic,305 Newbury ST,Boston,MA,2115,42.348979,-71.08544999999998,True,Fenway/Kenmore,chiropractic
1360,2025-04-14 12:56:00,,2029-04-14 12:53:00,Back Bay Cut's,Hair Salon,86 Massachusetts AV,Boston,MA,2115,42.348757,-71.08833700000002,True,Fenway/Kenmore,hair salon
1361,2014-10-21 00:00:00,,2018-10-21 00:00:00,BACK BAY GALLERIA CLEANERS,DROP OFF/DRY CLEAN/ALT.,29 Massachusetts AV,Boston,MA,2115,42.350437,-71.089541,False,Fenway/Kenmore,drop off/dry clean/alt.
1362,2016-03-08 00:00:00,,2020-03-08 00:00:00,BACK BAY GALLERIA CLEANERS,WITHDRAWAL 10/21/2014,29 Massachusetts AV,Boston,MA,2115,42.350437,-71.089541,False,Fenway/Kenmore,withdrawal 10/21/2014
1363,2022-07-06 14:46:00,,2026-07-06 14:39:00,Back Bay Oral and Maxillofacial Surgery,DENTAL PRACTICE,311 Commonwealth AV,Boston,MA,2115,42.350062,-71.08645899999999,True,Fenway/Kenmore,dental practice
1364,2022-07-27 14:27:00,,2026-07-27 14:26:00,Back Bay Oral Surgery,Denistry,311 Commonwealth AV,Boston,MA,2115,42.350062,-71.08645899999999,True,Fenway/Kenmore,denistry
1365,2024-10-18 13:21:00,,2028-10-18 13:18:00,Back Bay Periodontics and Dental Implants,Oral Surgery,398 Commonwealth AV,Boston,MA,2115,42.348617,-71.09057100000001,True,Fenway/Kenmore,oral surgery
1366,2022-03-09 11:38:00,,2026-03-09 11:36:00,Back Bay Powerlifting,Personal Training,400 Commonwealth AV,Boston,MA,2115,42.348467,-71.091091,False,Fenway/Kenmore,personal training
1367,2025-05-12 12:37:00,,2029-05-12 12:36:00,Back Bay Spa,SPA,36 Gloucester ST,Boston,MA,2115,42.349266,-71.084451,True,Fenway/Kenmore,spa
1368,2017-08-09 13:43:00,2/9/26 14:40,2030-02-09 13:03:00,Back Bay Storitel,Consulting,416 Commonwealth AV,Boston,MA,2115,42.348622,-71.09103199999998,True,Fenway/Kenmore,consulting
1369,2023-07-19 12:49:00,,2027-07-19 12:48:00,Balance Studio,BodyWork,305 Newbury ST,Boston,MA,2115,42.348979,-71.08544999999998,True,Fenway/Kenmore,bodywork
1370,2025-08-04 13:16:00,,2029-08-04 13:14:00,BANNWEN GROUP,MANAGEMENT,416 Commonwealth AV,Boston,MA,2115,42.348622,-71.09103199999998,True,Fenway/Kenmore,management
1371,2018-11-19 13:33:00,,2022-11-19 12:17:00,BARDIC MANAGEMENT,PERSONAL ARTIST MANAGEMENT,150 Huntington AV,Boston,MA,2115,42.344976,-71.08185000000003,False,Fenway/Kenmore,personal artist management
1372,2018-06-26 16:20:00,9/2/22 15:25,2026-09-02 14:15:00,Bay State Physical Therapy,Physical Therapy,312 Huntington AV,Boston,MA,2115,42.340849,-71.08695499999999,True,Fenway/Kenmore,physical therapy
1373,2025-04-14 15:44:00,,2029-04-14 15:04:00,Beantown Boxing,Personal Training,390 Commonwealth AV,Boston,MA,2115,42.348576,-71.09037000000001,True,Fenway/Kenmore,personal training
1374,2024-06-10 13:53:00,,2028-06-10 13:53:00,Bebop,Restaurant,1116 Boylston ST,Boston,MA,2115,42.346731,-71.088754,True,Fenway/Kenmore,restaurant
1375,2022-08-19 10:18:00,,2026-08-19 10:16:00,Bella View Realty Group,Real Estate Brokerage,361 Newbury ST,Boston,MA,2115,42.348336,-71.08797300000003,True,Fenway/Kenmore,real estate brokerage
1376,2015-05-15 00:00:00,4/24/23 13:25,2027-04-24 11:33:00,BERKELEY CLEANERS,LAUNDRY AND DRY CLEANING,150 Huntington AV,Boston,MA,2115,42.344976,-71.08185000000003,True,Fenway/Kenmore,laundry and dry cleaning
1377,2016-03-14 00:00:00,4/24/24 15:01,2028-04-24 11:33:00,BERKLEE COLLEGE OF MUSIC BOOKSTORE #482,RETAIL COLLEGE BOOKSTORE,1090 Boylston ST,Boston,MA,2115,42.346857,-71.08824099999998,True,Fenway/Kenmore,retail college bookstore
1378,2023-03-02 13:51:00,,2027-03-02 13:47:00,Berklee Noodles Factory,Restaurant,173 Massachusetts AV,Boston,MA,2115,42.345903,-71.08729199999999,True,Fenway/Kenmore,restaurant
1379,2015-08-14 00:00:00,9/1/23 12:07,2027-09-01 11:27:00,BERKLEE PERFORMANCE CENTER,EDUCATIONAL INSTITUTION,130 Massachusetts AV,Boston,MA,2115,42.347157,-71.08736799999997,True,Fenway/Kenmore,educational institution
1380,2020-02-24 11:24:00,2/22/24 11:14,2028-02-22 11:13:00,Beth Israel Deaconess Department of Psychiatry Foundation,Continuing Medical Education,330 Brookline AV,Boston,MA,2115,42.34128,-71.10468000000003,True,Fenway/Kenmore,continuing medical education
1381,2021-02-05 15:24:00,1/24/25 11:59,2029-01-24 11:57:00,BILH Pharmacy 364 Brookline AVE 04 Boston MA 02215,Pharmacy,364 Brookline AV,Boston,MA,2115,42.338588,-71.10624100000001,True,Fenway/Kenmore,pharmacy
1382,2014-05-13 00:00:00,4/13/22 10:32,2026-04-13 10:32:00,BIOENERGETICS,CONTRACTED SCIENTIFIC RESEARCH,36 Symphony RD,Boston,MA,2115,42.34283,-71.08846,True,Fenway/Kenmore,contracted scientific research
1383,2018-07-06 14:13:00,8/5/22 15:17,2026-08-05 15:16:00,Black Chickadee Productions,Event Management,650 Huntington AV,Mission Hill,MA,2115,42.335227,-71.10036300000002,True,Fenway/Kenmore,event management
1384,2022-04-07 12:53:00,,2026-04-07 12:46:00,Bleu Line Designs,Construction,361 Newbury ST,Boston,MA,2115,42.348336,-71.08797300000003,False,Fenway/Kenmore,construction
1385,2024-02-07 10:24:00,,2028-02-07 10:20:00,Bli,Creative,352 Commonwealth AV,Boston,MA,2115,42.348893,-71.087647,True,Fenway/Kenmore,creative
1386,2023-05-01 15:07:00,,2027-05-01 15:03:00,BLS Consulting Services,Consulting Services,405 Commonwealth AV,Boston,MA,2115,42.349483,-71.09078799999997,True,Fenway/Kenmore,consulting services
1387,2020-11-03 11:34:00,11/12/24 15:40,2028-11-12 15:04:00,Blue Moon Smoke Shop,smoke shop,90 Westland AV,Boston,MA,2115,42.34376,-71.08973000000003,True,Fenway/Kenmore,smoke shop
1388,2023-09-05 12:46:00,,2027-09-05 12:44:00,Blue Period Company,Fine Arts,60 Saint Germain ST,Boston,MA,2115,42.345717,-71.08467100000001,True,Fenway/Kenmore,fine arts
1389,2015-05-28 00:00:00,5/6/19 13:54,2023-05-06 13:51:00,BODEGA,RETAIL,4 Clearway ST,Boston,MA,2115,42.345531,-71.08647400000001,False,Fenway/Kenmore,retail
1390,2018-08-13 13:16:00,8/1/22 12:26,2026-08-01 11:26:00,BodyScapes Fitness,Fitness,77 Avenue Louis Pasteur,Boston,MA,2115,42.338771,-71.10278299999999,True,Fenway/Kenmore,fitness
1391,2023-12-19 13:39:00,,2027-12-19 13:34:00,BONAFIDE ENTERTAINMENT,ENTERTAINMENT,84 Gainsborough ST,Boston,MA,2115,42.34219,-71.08856000000003,True,Fenway/Kenmore,entertainment
1392,2023-12-19 13:39:00,,2027-12-19 13:33:00,BONAFIDE UNLIMITED,CONSULTING,84 Gainsborough ST,Boston,MA,2115,42.34219,-71.08856000000003,True,Fenway/Kenmore,consulting
1393,2019-07-09 13:30:00,,2023-07-09 12:47:00,Bono Garage Door Repair & Installation,garage door repair,177 Huntington AV,Boston,MA,2115,42.344856,-71.08281599999998,False,Fenway/Kenmore,garage door repair
1394,2022-11-15 13:18:00,,2026-11-15 13:17:00,Boom Invest,Personal Finance,177 Huntington AV,Boston,MA,2115,42.344856,-71.08281599999998,True,Fenway/Kenmore,personal finance
1395,2014-12-23 00:00:00,1/27/23 12:27,2027-01-27 12:12:00,BOSTON ARCHITECTURAL COLLEGE,COLLEGE,320 Newbury ST,Boston,MA,2115,42.348552,-71.08579099999997,True,Fenway/Kenmore,college
1396,2022-01-26 09:30:00,,2026-01-26 09:29:00,Boston Boutique Rentals,Short-Term Rental Housing Lodging,11 Hereford ST,Boston,MA,2115,42.351119,-71.08701300000001,False,Fenway/Kenmore,short-term rental housing lodging
1397,2023-08-07 13:25:00,,2027-08-07 13:22:00,Boston Brokerage Group,Real Estate Management,58 Gainsborough ST,Boston,MA,2115,42.341847,-71.08736099999999,True,Fenway/Kenmore,real estate management
1398,2025-04-25 10:15:00,,2029-04-25 10:14:00,BOSTON BROWNSTONE AIRBN,AirBnB,45 Hemenway ST,Boston,MA,2115,42.345375,-71.08975399999997,True,Fenway/Kenmore,airbnb
1399,2016-12-19 15:17:00,4/7/25 10:13,2029-04-07 09:20:00,Boston Burger Company,Restaurant,1100 Boylston ST,Boston,MA,2115,42.346842,-71.088506,True,Fenway/Kenmore,restaurant
1400,2016-09-15 13:23:00,5/28/21 12:47,2025-05-28 12:22:00,Boston Cab Dispatch,Taxi Dispatch,0 Huntington AV,Boston,MA,2115,42.33898083857285,-71.09448205610875,False,Fenway/Kenmore,taxi dispatch
1401,2013-09-12 00:00:00,8/22/25 13:05,2029-08-22 11:58:00,BOSTON CENTER FOR ORAL HEALTH,DENTIST,400 Commonwealth AV,Boston,MA,2115,42.348467,-71.091091,True,Fenway/Kenmore,dentist
1402,2025-09-17 13:34:00,,2029-09-17 13:29:00,Boston Children's Ambulance,Hospital,300 Longwood AV,Boston,MA,2115,42.337322,-71.10551800000002,True,Fenway/Kenmore,hospital
1403,2015-03-10 00:00:00,2/16/23 9:33,2027-02-16 09:30:00,BOSTON CHILDREN'S HOSPITAL,HOSPITAL,300 Longwood AV,Boston,MA,2115,42.337322,-71.10551800000002,True,Fenway/Kenmore,hospital
1404,2025-09-17 13:35:00,,2029-09-17 13:32:00,Boston Children's Pharmacy,Pharmacy,283 Longwood AV,Boston,MA,2115,42.337735,-71.10465999999997,True,Fenway/Kenmore,pharmacy
1405,2023-12-05 14:04:00,,2027-12-05 14:02:00,Boston Cyber Pros,IT Services,40 Hereford ST,Boston,MA,2115,42.349381,-71.08575200000001,True,Fenway/Kenmore,it services
1406,2020-02-05 12:49:00,,2024-02-05 12:48:00,Boston Grand Realty,Real Estate,115 Saint Stephen ST,Boston,MA,2115,42.341378,-71.08922899999999,False,Fenway/Kenmore,real estate
1407,2021-02-11 13:51:00,,2025-02-11 13:50:00,Boston Grand Realty,real estate and management,10 Clearway ST,Boston,MA,2115,42.3455,-71.08632999999998,False,Fenway/Kenmore,real estate and management
1408,2025-02-06 15:30:00,,2029-02-06 15:27:00,Boston Grand Realty,Brokerage / Real Estate,24 Westland AV,Boston,MA,2115,42.343273,-71.08715000000001,True,Fenway/Kenmore,brokerage / real estate
1409,2016-02-24 00:00:00,4/10/24 15:25,2028-04-10 15:22:00,BOSTON HERITAGE REALTY,REAL ESTATE AGENCY,2 Symphony RD,Boston,MA,2115,42.34262,-71.08688999999998,True,Fenway/Kenmore,real estate agency
1410,2016-10-04 11:18:00,,,Boston House Of Pizza,Pizza Restaurant,305 Huntington AV,Boston,MA,2115,42.341274,-71.087336,False,Fenway/Kenmore,pizza restaurant
1411,2024-09-23 14:38:00,,2028-09-23 14:35:00,Boston Infinity Stone,Retail,393 Massachusetts AV,Boston,MA,2115,42.341035,-71.08396399999998,True,Fenway/Kenmore,retail
1412,2019-01-15 12:25:00,,2023-01-15 12:24:00,Boston Luxury Beds,Online Mattress Retail,292 Newbury ST,Boston,MA,2115,42.348811,-71.08464200000003,False,Fenway/Kenmore,online mattress retail
1413,2023-08-07 13:25:00,,2027-08-07 13:21:00,Boston Management Group,Real Estate Management,58 Gainsborough ST,Boston,MA,2115,42.341847,-71.08736099999999,True,Fenway/Kenmore,real estate management
1414,2015-09-17 00:00:00,9/13/19 13:53,2023-09-13 11:05:00,BOSTON OMAHA HOLDINGS,INVESTMENT HOLDING COMPANY,292 Newbury ST,Boston,MA,2115,42.348811,-71.08464200000003,False,Fenway/Kenmore,investment holding company
1415,2020-11-13 10:39:00,9/27/24 16:34,2028-09-27 16:33:00,Boston Orthodontics,Dental Office,396 Commonwealth AV,Boston,MA,2115,42.348617,-71.090531,True,Fenway/Kenmore,dental office
1416,2020-01-10 13:10:00,12/18/23 15:17,2027-12-18 11:38:00,Boston orthotics & Prosthetics,Orthotics & Prostthetics,300 Longwood AV,Boston,MA,2115,42.337322,-71.10551800000002,True,Fenway/Kenmore,orthotics & prostthetics
1417,2020-01-15 12:38:00,,2024-01-15 12:03:00,Boston Orthotics & Prosthetics,Orthotics & Prosthetics,330 Brookline AV,Boston,MA,2115,42.34128,-71.10468000000003,False,Fenway/Kenmore,orthotics & prosthetics
1418,2019-02-22 15:24:00,2/22/23 12:03,2027-02-22 11:56:00,Boston Rose Flower Shop,Florist,225 Massachusetts AV,Boston,MA,2115,42.344422,-71.08664799999997,True,Fenway/Kenmore,florist
1419,2019-03-29 12:47:00,5/16/23 11:23,2027-05-16 11:22:00,Boston Smile Design,Dental Lab,396 Commonwealth AV,Boston,MA,2115,42.348617,-71.090531,True,Fenway/Kenmore,dental lab
1420,2021-04-08 12:11:00,6/4/25 15:53,2029-06-04 13:44:00,Boston Symphony Orchestra,orchestra,301 Massachusetts AV,Boston,MA,2115,42.342843,-71.08568200000002,True,Fenway/Kenmore,orchestra
1421,2017-09-15 15:12:00,9/2/25 14:05,2029-09-02 14:01:00,Boston Threading,Threading Shop Owner,302 Newbury ST,Boston,MA,2115,42.348674,-71.08500800000002,True,Fenway/Kenmore,threading shop owner
1422,2015-04-29 00:00:00,4/13/23 12:33,2027-04-13 12:31:00,BOSTON UNION REALTY,REAL ESTATE OFFICE,79 Westland AV,Boston,MA,2115,42.344075,-71.08904999999999,True,Fenway/Kenmore,real estate office
1423,2025-04-28 15:32:00,,2029-04-28 15:31:00,Boston Vape N Smoke,Smoke Shop,309 Huntington AV,Boston,MA,2115,42.34111,-71.08739300000002,True,Fenway/Kenmore,smoke shop
1424,2025-03-19 10:10:00,,2029-03-19 10:03:00,Boston Vital Massage,Mobile Massage Therapy,73 Hemenway ST,Boston,MA,2115,42.344581,-71.09002800000002,True,Fenway/Kenmore,mobile massage therapy
1425,2019-01-25 12:28:00,,2023-01-25 11:37:00,Boston Yoga Union,Yoga Studio,1112 Boylston ST,Boston,MA,2115,42.34679,-71.08870999999999,False,Fenway/Kenmore,yoga studio
1426,2015-09-15 00:00:00,,2019-09-15 00:00:00,BOSTONI BARBER SHOP,BARBERSHOP,314 Newbury ST,Boston,MA,2115,42.348631,-71.08533399999999,False,Fenway/Kenmore,barbershop
1427,2016-01-04 00:00:00,,2020-01-04 00:00:00,BOSTONI BARBER SHOP,,314 Newbury ST,Boston,MA,2115,42.348631,-71.08533399999999,False,Fenway/Kenmore,
1428,2025-01-27 12:30:00,,2029-01-27 12:29:00,Bostonian Pizza,Pizza Restaurant,350 Longwood AV,Boston,MA,2115,42.338622,-71.10726799999998,True,Fenway/Kenmore,pizza restaurant
1429,2019-03-25 14:25:00,,2023-03-25 14:23:00,Bostonselltics,Online Ticket Broker,375 Commonwealth AV,Boston,MA,2115,42.349489,-71.08938999999998,False,Fenway/Kenmore,online ticket broker
1430,2020-01-23 15:15:00,1/30/24 12:58,2028-01-30 08:40:00,BOURBON STREET CAFE,Fast food restaurant,350 Longwood AV,Boston,MA,2115,42.338622,-71.10726799999998,True,Fenway/Kenmore,fast food restaurant
1431,2021-09-23 13:18:00,,2025-09-23 13:16:00,Brainy Architect,Consulting,12 Hemenway ST,Boston,MA,2115,42.346407,-71.08902799999998,False,Fenway/Kenmore,consulting
1432,2017-03-20 14:47:00,3/22/22 11:53,2026-03-22 11:03:00,BRANDY MELVILLE,Retail Clothing Business,284 Newbury ST,Boston,MA,2115,42.348943,-71.084273,False,Fenway/Kenmore,retail clothing business
1433,2024-04-23 13:38:00,,2028-04-23 13:36:00,BRIDGE CARE AND HEALTH,Home Health Agency,361 Newbury ST,Boston,MA,2115,42.348336,-71.08797300000003,True,Fenway/Kenmore,home health agency
1434,2022-04-06 09:47:00,,2026-04-06 09:46:00,Bristol Recording & Voice Studios,Recording Studio,238 Huntington AV,Boston,MA,2115,42.342947,-71.084181,False,Fenway/Kenmore,recording studio
1435,2022-05-17 13:59:00,,2026-05-17 13:58:00,BRUMALIA MEDIA GROUP,MARKETING,361 Newbury ST,Boston,MA,2115,42.348336,-71.08797300000003,True,Fenway/Kenmore,marketing
1436,2025-06-26 16:46:00,,2029-06-26 15:44:00,Bubble Bath Back Bay,Restaurant,408 Newbury ST,Boston,MA,2115,42.347948,-71.088704,True,Fenway/Kenmore,restaurant
1437,2025-01-16 14:22:00,,2029-01-16 14:20:00,BUJI Design,Retail,324 Newbury ST,Boston,MA,2115,42.348446,-71.08604500000001,True,Fenway/Kenmore,retail
1438,2016-07-26 10:35:00,9/11/25 10:41,2029-09-11 10:40:00,Bukowski Tavern,Restaurant,50 Dalton ST,Boston,MA,2115,42.347213,-71.08541000000002,True,Fenway/Kenmore,restaurant
1439,2020-09-17 11:08:00,,2024-09-17 11:06:00,By Shani,nail salon/studio,92 Massachusetts AV,Boston,MA,2115,42.34842,-71.087874,False,Fenway/Kenmore,nail salon/studio
1440,2019-01-15 13:21:00,3/1/23 14:50,2027-03-01 14:50:00,Cafe G,Restaurant,25 Evans WY,Boston,MA,2115,42.338315,-71.09903300000002,True,Fenway/Kenmore,restaurant
1441,2022-01-20 13:02:00,12/23/25 10:59,2029-12-23 10:57:00,Cafe Sauvage,Restaurant,25 Massachusetts AV,Boston,MA,2115,42.350501,-71.08953099999997,True,Fenway/Kenmore,restaurant
1442,2015-03-30 00:00:00,3/6/23 11:40,2027-03-06 11:38:00,CAFFE BENE,CAFE,333 Massachusetts AV,Boston,MA,2115,42.342372,-71.08480299999997,True,Fenway/Kenmore,cafe
1443,2024-12-19 15:29:00,,2028-12-19 15:11:00,CAFFE NERO,Coffee Shop,114 New Edgerly RD,Boston,MA,2115,42.343579,-71.08659999999998,True,Fenway/Kenmore,coffee shop
1444,2018-02-23 16:17:00,2/1/24 9:39,2028-02-01 09:35:00,CAFFE NERO,COFFEE CAFE,1100 Boylston ST,Boston,MA,2115,42.346842,-71.088506,True,Fenway/Kenmore,coffee cafe
1445,2014-10-03 00:00:00,9/24/18 15:29,2022-09-24 15:03:00,CAHOOTS,GRAPHIC DESIGN,30 Fenway,Boston,MA,2115,42.345609,-71.09015999999997,False,Fenway/Kenmore,graphic design
1446,2022-01-21 11:13:00,,2026-01-21 11:11:00,"CALLOWAY GRAPHIX, PRINTING, MARKETING","GRAPHICS, PRINTING AND MARKETING",361 Newbury ST,Boston,MA,2115,42.348336,-71.08797300000003,False,Fenway/Kenmore,"graphics, printing and marketing"
1447,2022-04-07 12:53:00,,2026-04-07 12:50:00,Capital Bleu,Consultant,361 Newbury ST,Boston,MA,2115,42.348336,-71.08797300000003,False,Fenway/Kenmore,consultant
1448,2015-10-21 00:00:00,12/30/19 16:35,2023-12-30 15:56:00,CAPPY'S LAUNDROMAT,LAUNDROMAT,90 Westland AV,Boston,MA,2115,42.34376,-71.08973000000003,False,Fenway/Kenmore,laundromat
1449,2025-07-10 14:12:00,,2029-07-10 14:11:00,Cappy's Pizza & Subs,Restaurant,82 Westland AV,Boston,MA,2115,42.343728,-71.08958200000001,True,Fenway/Kenmore,restaurant
1450,2023-09-01 09:39:00,,2027-09-01 09:34:00,Carbon Health,Human Medical Practice,400 FENWAY,BOSTON,MA,2115,42.340398,-71.101629,True,Fenway/Kenmore,human medical practice
1451,2020-08-31 13:43:00,9/30/24 14:48,2028-09-30 10:58:00,CareerMode,career consulting,177 Huntington AV,Boston,MA,2115,42.344856,-71.08281599999998,True,Fenway/Kenmore,career consulting
1452,2016-10-03 11:50:00,3/31/25 10:52,2029-03-31 10:49:00,Carl J Shapiro Instutie f/Education & Research at Harvard Medical School,Education & Research,330 Brookline AV,Boston,MA,2115,42.34128,-71.10468000000003,True,Fenway/Kenmore,education & research
1453,2014-09-15 00:00:00,8/8/22 11:45,2026-08-08 10:53:00,CARR & ASSOCIATES,DENTAL OFFICE,68 New Edgerly RD,Boston,MA,2115,42.343578533871145,-71.08659993857145,True,Fenway/Kenmore,dental office
1454,2015-03-18 00:00:00,,2019-03-18 00:00:00,CARUCCI GROUP,REAL ESTATE,316 Newbury ST,Boston,MA,2115,42.348612,-71.08541200000002,False,Fenway/Kenmore,real estate
1455,2016-02-11 00:00:00,,2020-02-11 00:00:00,CARUCCI GROUP,WITHDRAWAL (3/18/15),316 Newbury ST,Boston,MA,2115,42.348612,-71.08541200000002,False,Fenway/Kenmore,withdrawal (3/18/15)
1456,2022-08-08 11:46:00,,2026-08-08 11:44:00,Casa Romero,Restaurant,30 Gloucester ST,Boston,MA,2115,42.349438,-71.084565,True,Fenway/Kenmore,restaurant
1457,2015-09-25 00:00:00,8/16/23 11:28,2027-08-16 11:25:00,CHARLEY PHILLY STEAKS,RESTAURANT,350 Longwood AV,Boston,MA,2115,42.338622,-71.10726799999998,True,Fenway/Kenmore,restaurant
1458,2023-11-30 15:15:00,,2027-11-30 15:14:00,CHEWMAI,ONLINE RETAIL,74 Fenway,Boston,MA,2115,42.342747,-71.09091699999999,True,Fenway/Kenmore,online retail
1459,2025-05-07 12:42:00,,2029-05-07 12:33:00,CHI CHA SAN CHEN,Restaurant,408 Newbury ST,Boston,MA,2115,42.347948,-71.088704,True,Fenway/Kenmore,restaurant
1460,2021-09-28 12:39:00,9/8/25 16:26,2029-09-08 16:24:00,CHIBUZO DUNUN,Entertainment,34 Westland AV,Boston,MA,2115,42.343337,-71.08753100000001,True,Fenway/Kenmore,entertainment
1461,2014-04-18 00:00:00,,2018-04-18 00:00:00,CHINESE MIRCH BOSTON,RESTAURANT,251 Massachusetts AV,Boston,MA,2115,42.343843,-71.08634599999999,False,Fenway/Kenmore,restaurant
1462,2015-10-01 00:00:00,,2019-10-01 00:00:00,CHINESE MIRCH BOSTON,WITHDRAWAL (4/18/14),251 Massachusetts AV,Boston,MA,2115,42.343843,-71.08634599999999,False,Fenway/Kenmore,withdrawal (4/18/14)
1463,2023-01-17 15:09:00,,2027-01-17 15:07:00,Chris Cleanout & Demo,Labor,307 Huntington AV,Boston,MA,2115,42.34125,-71.0874,True,Fenway/Kenmore,labor
1464,2020-10-23 13:17:00,10/16/24 11:18,2028-10-16 08:28:00,Christian Science Practitioner,healing through prayer,334 Massachusetts AV,Boston,MA,2115,42.342604,-71.08417199999997,True,Fenway/Kenmore,healing through prayer
1465,2019-10-18 12:36:00,10/13/23 15:18,2027-10-13 15:16:00,"Christie Thanasack, LMHC",Psychotherapy Practice,361 Newbury ST,Boston,MA,2115,42.348336,-71.08797300000003,True,Fenway/Kenmore,psychotherapy practice
1466,2016-02-08 00:00:00,10/31/24 15:06,2028-10-31 15:04:00,CHRISTOPHER CHAUN,CLOTHING DESIGN,263 Huntington AV,Boston,MA,2115,42.342149,-71.086074,True,Fenway/Kenmore,clothing design
1467,2025-06-20 11:50:00,,2029-06-20 11:48:00,Chromesthesia- Color Hearing,Education,447 Marlborough ST,Boston,MA,2115,42.349942,-71.09050300000001,True,Fenway/Kenmore,education
1468,2023-04-28 09:08:00,,2027-04-28 08:24:00,Citizen Construction,Construction,46 Saint Stephen ST,Boston,MA,2115,42.342228,-71.08680300000003,True,Fenway/Kenmore,construction
1469,2024-05-16 12:44:00,,2028-05-16 11:37:00,citizenM Back Bay Hotel,Hotel,408 Newbury ST,Boston,MA,2115,42.347948,-71.088704,True,Fenway/Kenmore,hotel
1470,2026-02-26 10:01:00,,2030-02-26 09:59:00,City Liquor and Smoke Shop,Package Store,45 Massachusetts AV,Boston,MA,2115,42.349901,-71.08926400000001,True,Fenway/Kenmore,package store
1471,2022-08-03 12:04:00,,2026-08-03 11:59:00,City Smoke,Smoke Shop,324 Newbury ST,Boston,MA,2115,42.348446,-71.08604500000001,True,Fenway/Kenmore,smoke shop
1472,2015-07-06 00:00:00,8/31/23 9:21,2027-08-31 09:15:00,CITYSCAPES INTERNATIONAL REALTY GROUP,REAL ESTATE OFFICE,316 Newbury ST,Boston,MA,2115,42.348612,-71.08541200000002,True,Fenway/Kenmore,real estate office
1473,2015-08-06 00:00:00,,2019-08-06 00:00:00,CLEAN GREEN COOKING,MARKETING,263 Huntington AV,Boston,MA,2115,42.342149,-71.086074,False,Fenway/Kenmore,marketing
1474,2016-01-19 00:00:00,,2020-01-19 00:00:00,CLEAN GREEN COOKING,WITHDRAWAL (8/6/15),263 Huntington AV,Boston,MA,2115,42.342149,-71.086074,False,Fenway/Kenmore,withdrawal (8/6/15)
1475,2015-08-31 00:00:00,,2019-08-31 00:00:00,CLIO RESTAURANT,RESTAURANT,370 Commonwealth AV,Boston,MA,2115,42.348687,-71.08874700000001,False,Fenway/Kenmore,restaurant
1476,2016-03-09 00:00:00,,2020-03-09 00:00:00,CLIO RESTAURANT,WITHDRAWAL 8/31/2015,370 Commonwealth AV,Boston,MA,2115,42.348687,-71.08874700000001,False,Fenway/Kenmore,withdrawal 8/31/2015
1477,2021-04-21 15:20:00,4/11/25 15:27,2029-04-11 12:24:00,Cloverkey,Hospital Gift Shop,300 Longwood AV,Boston,MA,2115,42.337322,-71.10551800000002,True,Fenway/Kenmore,hospital gift shop
1478,2022-08-23 10:28:00,,2026-08-23 10:25:00,Clutter Erase,Consulting Services,11 New Whitney ST,Boston,MA,2115,42.335036,-71.10932600000001,True,Fenway/Kenmore,consulting services
1479,2019-05-08 14:09:00,6/29/23 11:14,2027-06-29 11:04:00,Coco Leaf,Cafe/Bakery,303 Newbury ST,Boston,MA,2115,42.349014,-71.085466,True,Fenway/Kenmore,cafe/bakery
1480,2019-10-07 12:22:00,,2023-10-07 11:36:00,Coin Cloud,Virtual Currency Kiosk Operatror,95 Westland AV,Boston,MA,2115,42.344084,-71.08947899999998,False,Fenway/Kenmore,virtual currency kiosk operatror
1481,2023-04-05 10:14:00,,2027-04-05 10:05:00,COLLEGE CONVENIENCE,Convenience Store,281 Huntington AV,Boston,MA,2115,42.341987,-71.08645999999999,True,Fenway/Kenmore,convenience store
1482,2013-09-18 00:00:00,,2017-09-18 00:00:00,COMMONWEALTH COURT GUEST HOUSE,LODGING HOUSE,284 Commonwealth AV,Boston,MA,2115,42.349709,-71.08456799999999,False,Fenway/Kenmore,lodging house
1483,2015-08-05 00:00:00,,2019-08-05 00:00:00,COMMONWEALTH COURT GUEST HOUSE,WITHDRAWAL (9/18/03),284 Commonwealth AV,Boston,MA,2115,42.349709,-71.08456799999999,False,Fenway/Kenmore,withdrawal (9/18/03)
1484,2022-12-29 14:15:00,,2026-12-29 14:14:00,Commonwealth Dental Group,Dental Office,400 Commonwealth AV,Boston,MA,2115,42.348467,-71.091091,True,Fenway/Kenmore,dental office
1485,2020-05-26 13:48:00,6/25/24 15:36,2028-06-25 12:21:00,ConsumerEXP,marketing,650 Huntington AV,Mission Hill,MA,2115,42.335227,-71.10036300000002,True,Fenway/Kenmore,marketing
1486,2018-11-05 15:55:00,,2022-11-05 15:51:00,Copley Media Group,Marketing and Consulting,251 Huntington AV,Boston,MA,2115,42.342448,-71.085917,False,Fenway/Kenmore,marketing and consulting
1487,2022-03-15 13:46:00,,2026-03-15 12:51:00,Corporate Housing Solutions,Rentals,177 Huntington AV,Boston,MA,2115,42.344856,-71.08281599999998,False,Fenway/Kenmore,rentals
1488,2017-03-15 15:20:00,,,CROSSROAD PUB,BAR/RESTAURANT,495 Beacon ST,Boston,MA,2115,42.350586,-71.08976100000001,False,Fenway/Kenmore,bar/restaurant
1489,2019-06-14 11:46:00,7/19/23 10:19,2027-07-19 10:07:00,CRYOHUB,Cryotherapy,316 Newbury ST,Boston,MA,2115,42.348612,-71.08541200000002,True,Fenway/Kenmore,cryotherapy
1490,2022-02-08 15:31:00,2/4/26 13:47,2030-02-04 11:28:00,CSPS,Publisher,210 Massachusetts AV,Boston,MA,2115,42.345115,-71.08590700000002,True,Fenway/Kenmore,publisher
1491,2017-02-07 13:44:00,12/4/24 15:26,2028-12-04 15:21:00,CVS / Pharmacy #2971,Pharmacy,350 Longwood AV,Boston,MA,2115,42.338622,-71.10726799999998,True,Fenway/Kenmore,pharmacy
1492,2013-08-08 00:00:00,8/15/25 9:37,2029-08-16 08:05:00,CVS/PHARMACY #1259,RETAIL PHARMACY,231 Massachusetts AV,Boston,MA,2115,42.344321,-71.086592,True,Fenway/Kenmore,retail pharmacy
1493,2013-08-08 00:00:00,8/18/25 7:53,2029-08-15 07:53:00,CVS/PHARMACY #524,RETAIL PHARMACY,350 Longwood AV,Boston,MA,2115,42.338622,-71.10726799999998,True,Fenway/Kenmore,retail pharmacy
1494,2024-04-17 15:47:00,,2028-04-17 14:49:00,Dandelion Massage Boston,Massage Therapy,400 Commonwealth AV,Boston,MA,2115,42.348467,-71.091091,True,Fenway/Kenmore,massage therapy
1495,2024-09-27 16:34:00,,2028-09-27 16:33:00,Dani's Queer Bar,Restaurant,909 Boylston ST,Boston,MA,2115,42.348386,-71.08430399999997,True,Fenway/Kenmore,restaurant
1496,2014-12-18 00:00:00,2/14/19 13:07,2023-02-14 11:28:00,DARA'S WINE & SPIRITS,LIQUOR PACKAGE STORE,750 Huntington AVE,Boston,MA,2115,42.33355,-71.10561999999999,False,Fenway/Kenmore,liquor package store
1497,2024-07-19 12:21:00,,2028-07-19 12:11:00,David S. Guiness,antique Dealer,30 Dalton ST,Boston,MA,2115,42.345962,-71.08461199999999,True,Fenway/Kenmore,antique dealer
1498,2025-06-04 16:17:00,,2029-06-04 16:13:00,DELUXE RUSSIAN NAILS,Salon Owner,305 Newbury ST,Boston,MA,2115,42.348979,-71.08544999999998,True,Fenway/Kenmore,salon owner
1499,2024-12-04 13:00:00,,2028-12-04 12:58:00,demandDrive,Consulting company,177 Huntington AV,Boston,MA,2115,42.344856,-71.08281599999998,True,Fenway/Kenmore,consulting company
1500,2025-09-22 16:46:00,,2029-09-22 16:44:00,Dental Designs of Boston,Dental Office,388 Commonwealth AV,Boston,MA,2115,42.348602,-71.09000000000003,True,Fenway/Kenmore,dental office
1501,2014-03-19 00:00:00,3/8/18 12:55,2022-03-08 11:36:00,DEPARTMENT OF ANESTHESIA,MEDICAL SERVICES,75 Francis ST,Boston,MA,2115,42.336164,-71.10695099999998,False,Fenway/Kenmore,medical services
1502,2014-03-19 00:00:00,3/8/18 12:55,2022-03-08 11:37:00,DEPARTMENT OF DERMATOLOGY,MEDICAL SERVICES,75 Francis ST,Boston,MA,2115,42.336164,-71.10695099999998,False,Fenway/Kenmore,medical services
1503,2014-03-19 00:00:00,3/8/18 12:54,2022-03-08 11:38:00,DEPARTMENT OF EMERGENCY MEDICINE,MEDICAL SERVICES,75 Francis ST,Boston,MA,2115,42.336164,-71.10695099999998,False,Fenway/Kenmore,medical services
1504,2014-03-19 00:00:00,3/8/18 13:21,2022-03-08 11:40:00,DEPARTMENT OF MEDICINE,MEDICAL SERVICES,75 Francis ST,Boston,MA,2115,42.336164,-71.10695099999998,False,Fenway/Kenmore,medical services
1505,2014-03-19 00:00:00,3/8/18 13:03,2022-03-08 11:42:00,DEPARTMENT OF NEUROLOGY,MEDICAL SERVICES,75 Francis ST,Boston,MA,2115,42.336164,-71.10695099999998,False,Fenway/Kenmore,medical services
1506,2014-03-19 00:00:00,3/8/18 13:04,2022-03-08 11:44:00,DEPARTMENT OF NEUROSURGERY,MEDICAL SERVICES,75 Francis ST,Boston,MA,2115,42.336164,-71.10695099999998,False,Fenway/Kenmore,medical services
1507,2014-03-19 00:00:00,3/8/18 13:17,2022-03-08 11:46:00,DEPARTMENT OF NEWBORN MEDICINE,MEDICAL SERVICES,75 Francis ST,Boston,MA,2115,42.336164,-71.10695099999998,False,Fenway/Kenmore,medical services
1508,2014-03-19 00:00:00,3/8/18 13:03,2022-03-08 11:48:00,DEPARTMENT OF OB/GYN,MEDICAL SERVICES,75 Francis ST,Boston,MA,2115,42.336164,-71.10695099999998,False,Fenway/Kenmore,medical services
1509,2014-03-19 00:00:00,3/8/18 13:00,2022-03-08 11:50:00,DEPARTMENT OF ORTHOPEDICS,MEDICAL SERVICES,75 Francis ST,Boston,MA,2115,42.336164,-71.10695099999998,False,Fenway/Kenmore,medical services
1510,2014-03-19 00:00:00,3/8/18 13:01,2022-03-08 11:52:00,DEPARTMENT OF PATHOLOGY,MEDICAL SERVICES,75 Francis ST,Boston,MA,2115,42.336164,-71.10695099999998,False,Fenway/Kenmore,medical services
1511,2014-03-19 00:00:00,3/8/18 12:59,2022-03-08 11:54:00,DEPARTMENT OF PRIMARY CARE,MEDICAL SERVICES,75 Francis ST,Boston,MA,2115,42.336164,-71.10695099999998,False,Fenway/Kenmore,medical services
1512,2014-03-19 00:00:00,3/8/18 12:58,2022-03-08 11:56:00,DEPARTMENT OF PSYCHIATRY,MEDICAL SERVICES,75 Francis ST,Boston,MA,2115,42.336164,-71.10695099999998,False,Fenway/Kenmore,medical services
1513,2014-03-19 00:00:00,3/8/18 13:00,2022-03-08 11:58:00,DEPARTMENT OF RADIATION ONCOLOGY,MEDICAL SERVICES,75 Francis ST,Boston,MA,2115,42.336164,-71.10695099999998,False,Fenway/Kenmore,medical services
1514,2014-03-19 00:00:00,3/8/18 12:57,2022-03-08 11:59:00,DEPARTMENT OF RADIOLOGY,MEDICAL SERVICES,75 Francis ST,Boston,MA,2115,42.336164,-71.10695099999998,False,Fenway/Kenmore,medical services
1515,2014-03-19 00:00:00,3/8/18 13:02,2022-03-08 12:02:00,"DEPARTMENT OF RHEUMATOLOGY, ALLERGY AND IMMUNOLOGY",MEDICAL SERVICES,75 Francis ST,Boston,MA,2115,42.336164,-71.10695099999998,False,Fenway/Kenmore,medical services
1516,2014-03-19 00:00:00,3/8/18 12:56,2022-03-08 12:04:00,DEPARTMENT OF SURGERY,MEDICAL SERVICES,75 Francis ST,Boston,MA,2115,42.336164,-71.10695099999998,False,Fenway/Kenmore,medical services
1517,2016-11-22 12:07:00,2/28/25 13:49,2029-02-28 12:01:00,DESIGN KYO,interior design & decoration,42 Saint Stephen ST,Boston,MA,2115,42.342319,-71.08669099999997,True,Fenway/Kenmore,interior design & decoration
1518,2019-06-26 10:29:00,9/29/25 12:02,2029-09-29 11:57:00,Deuxave,Restaurant/Bar,371 Commonwealth AV,Boston,MA,2115,42.349449,-71.08904100000001,True,Fenway/Kenmore,restaurant/bar
1519,2016-04-25 00:00:00,9/11/24 14:02,2028-09-11 11:48:00,DHC DESIGN,ARCHITECT,333 Commonwealth AV,Boston,MA,2115,42.349861,-71.087513,True,Fenway/Kenmore,architect
1520,2020-02-05 11:16:00,7/16/25 12:16,2029-07-16 12:14:00,DHCI Real Estate Group,Real Estate Office,316 Newbury ST,Boston,MA,2115,42.348612,-71.08541200000002,True,Fenway/Kenmore,real estate office
1521,2016-11-21 11:46:00,11/17/20 11:22,2024-11-17 11:19:00,Dick Blick Retail,Retail Art Supplies,333 Massachusetts AV,Boston,MA,2115,42.342372,-71.08480299999997,False,Fenway/Kenmore,retail art supplies
1522,2017-10-27 13:19:00,11/19/21 10:47,2025-11-19 09:23:00,Diesel,Fashion Retail,339 Newbury ST,Boston,MA,2115,42.348641,-71.086727,False,Fenway/Kenmore,fashion retail
1523,2013-10-18 00:00:00,1/22/26 10:30,2030-01-22 08:30:00,DILLON'S,RESTAURANT,955 Boylston ST,Boston,MA,2115,42.347961,-71.085894,True,Fenway/Kenmore,restaurant
1524,2022-09-06 13:23:00,,2026-09-06 13:17:00,DJ Management,Short Term Rental,14 Cumberland ST,Boston,MA,2115,42.34374,-71.08192200000002,True,Fenway/Kenmore,short term rental
1525,2022-09-06 13:23:00,,2026-09-06 13:15:00,DJ Management,Short Term Rental,14 Cumberland ST,Boston,MA,2115,42.34374,-71.08192200000002,True,Fenway/Kenmore,short term rental
1526,2018-04-19 14:45:00,,2022-04-19 14:44:00,Dolphin Microsystems,IT Consulting,390 Commonwealth AV,Boston,MA,2115,42.348576,-71.09037000000001,False,Fenway/Kenmore,it consulting
1527,2025-05-19 12:05:00,,2029-05-19 11:40:00,Don't Tell Aunty,Restaurant and Bar,1080 Boylston ST,Boston,MA,2115,42.346927,-71.08802100000003,True,Fenway/Kenmore,restaurant and bar
1528,2018-04-04 14:36:00,3/22/22 14:41,2026-03-22 14:36:00,Dos Diablos,Restaurant & Bar,52 Gainsborough ST,Boston,MA,2115,42.34176,-71.08736099999999,False,Fenway/Kenmore,restaurant & bar
1529,2024-03-05 10:43:00,,2028-03-05 10:38:00,Down Under School of Yoga,Yoga Studio,1112 Boylston ST,Boston,MA,2115,42.34679,-71.08870999999999,True,Fenway/Kenmore,yoga studio
1530,2018-06-07 15:03:00,,2022-06-07 13:36:00,DR. TRACY MURPHY,DENTIST,328 Newbury ST,Boston,MA,2115,42.348406,-71.08620200000001,False,Fenway/Kenmore,dentist
1531,2020-08-26 14:41:00,,2024-08-26 14:36:00,Dragonfly Commerce,Acquisition and Dev. of Brands,177 Huntington AV,Boston,MA,2115,42.344856,-71.08281599999998,False,Fenway/Kenmore,acquisition and dev. of brands
1532,2023-01-20 16:03:00,,2027-01-20 13:59:00,Dunkin Donuts,Quick Service Retail,330 Brookline AV,Boston,MA,2115,42.34128,-71.10468000000003,True,Fenway/Kenmore,quick service retail
1533,2019-06-25 09:44:00,8/4/23 14:54,2027-08-04 14:02:00,Dunkin Donuts,Coffee & Donuts,360 Huntington AV,Boston,MA,2115,42.338998,-71.08728500000001,True,Fenway/Kenmore,coffee & donuts
1534,2019-06-25 09:44:00,8/4/23 14:54,2027-08-04 13:55:00,Dunkin Donuts,Coffee & Donuts,115 Forsyth ST,Boston,MA,2115,42.337505,-71.09013600000003,True,Fenway/Kenmore,coffee & donuts
1535,2014-06-30 00:00:00,1/20/23 16:03,2027-01-20 14:09:00,DUNKIN DONUTS,QUICK SERVICE RETAIL,350 Longwood AV,Boston,MA,2115,42.338622,-71.10726799999998,True,Fenway/Kenmore,quick service retail
1536,2020-02-28 10:33:00,,2024-02-28 10:30:00,Egan Sustainability Consulting,Sustainability consulting,411 Marlborough ST,Boston,MA,2115,42.350287,-71.08897100000002,False,Fenway/Kenmore,sustainability consulting
1537,2025-09-15 13:44:00,,2029-09-15 13:42:00,El Barco,Resturant,50A Dalton ST,Boston,MA,2115,42.347065,-71.085643,True,Fenway/Kenmore,resturant
1538,2023-03-07 13:45:00,,2027-03-07 13:38:00,El Jefe's Taqueria Of Northeastern,Restaurant,269 Huntington AV,Boston,MA,2115,42.342179,-71.08623999999998,True,Fenway/Kenmore,restaurant
1539,2015-06-22 00:00:00,8/18/23 12:43,2027-08-18 11:24:00,EMACK AND BOLIO'S,ICE CREAM,290 Newbury ST,Boston,MA,2115,42.348832,-71.08456799999999,True,Fenway/Kenmore,ice cream
1540,2017-11-03 14:44:00,11/9/21 14:49,2025-11-09 13:54:00,Ember Creative,Design,358 Commonwealth AV,Boston,MA,2115,42.348833,-71.08786700000002,False,Fenway/Kenmore,design
1541,2025-03-17 14:39:00,,2029-03-17 13:35:00,Encore,Audio Visual Equipment Rental Services,1 Dalton ST,Boston,MA,2115,42.345818,-71.08411100000001,True,Fenway/Kenmore,audio visual equipment rental services
1542,2016-01-08 00:00:00,1/4/24 11:42,2028-01-04 11:39:00,ENGEL & VOLKERS BOSTON,REAL ESTATE,46 Gloucester ST,Boston,MA,2115,42.348777,-71.08415100000002,True,Fenway/Kenmore,real estate
1543,2015-12-30 00:00:00,,2019-12-30 00:00:00,ENGEL & VOLKERS METRO BOSTON,REAL ESTATE SALES & LEASING,46 Gloucester ST,Boston,MA,2115,42.348777,-71.08415100000002,False,Fenway/Kenmore,real estate sales & leasing
1544,2016-01-08 00:00:00,,2020-01-08 00:00:00,ENGEL & VOLKERS METRO BOSTON,WITHDRAWAL (12/30/15),46 Gloucester ST,Boston,MA,2115,42.348777,-71.08415100000002,False,Fenway/Kenmore,withdrawal (12/30/15)
1545,2022-08-16 12:43:00,,2026-08-16 12:42:00,Enovis Surgi-Care,Sales,364 Brookline AV,Boston,MA,2115,42.338588,-71.10624100000001,True,Fenway/Kenmore,sales
1546,2022-04-14 15:06:00,,2026-04-14 15:04:00,Eva,Restaurant,279A Newbury ST,Boston,MA,2115,42.349289,-71.08436699999999,True,Fenway/Kenmore,restaurant
1547,2023-02-27 09:59:00,,2027-02-27 09:57:00,Evolve Chiropractic & Wellness,Fitness & Wellness,30 Fenway,Boston,MA,2115,42.345609,-71.09015999999997,True,Fenway/Kenmore,fitness & wellness
1548,2022-04-27 10:36:00,,2026-04-27 10:35:00,ezzie + co.,Legal + Consulting Services,230 Newton ST,Boston,MA,2115,42.344158,-71.08029499999998,True,Fenway/Kenmore,legal + consulting services
1549,2024-08-13 14:40:00,,2028-08-13 14:36:00,F & P Mechanical,Mechanical Contractor,361 Newbury ST,Boston,MA,2115,42.348336,-71.08797300000003,True,Fenway/Kenmore,mechanical contractor
1550,2019-02-28 14:23:00,,2023-02-28 14:20:00,Fanny Dupuis Photography,Photography,27H Massachusetts AV,Boston,MA,2115,42.350415,-71.08963599999998,False,Fenway/Kenmore,photography
1551,2015-07-23 00:00:00,,2019-07-23 00:00:00,FANTASY NAILS AND SPA,WITHDRAWAL (10/17/13),184 Massachusetts AV,Boston,MA,2115,42.345761,-71.086792,False,Fenway/Kenmore,withdrawal (10/17/13)
1552,2024-09-23 15:29:00,,2028-09-23 15:27:00,Farmer's Horse Coffee,Restaurant,374 Massachusetts AV,Boston,MA,2115,42.341906,-71.083346,True,Fenway/Kenmore,restaurant
1553,2013-07-29 00:00:00,,2017-07-29 00:00:00,FELICIA'S COSMETICS,RETAIL STORE,314 Newbury ST,Boston,MA,2115,42.348631,-71.08533399999999,False,Fenway/Kenmore,retail store
1554,2015-09-03 00:00:00,,2019-09-03 00:00:00,FELICIA'S COSMETICS,WITHDRAWAL (7/29/15),314 Newbury ST,Boston,MA,2115,42.348631,-71.08533399999999,False,Fenway/Kenmore,withdrawal (7/29/15)
1555,2024-04-26 15:56:00,,2028-04-26 15:14:00,Fengate Properties,Apartment Rental,48 Fenway,Boston,MA,2115,42.345002,-71.09036600000002,True,Fenway/Kenmore,apartment rental
1556,2023-06-16 11:15:00,,2027-06-16 11:12:00,Fensgate Properties Realty Trust,Residential Rental,48 Fenway,Boston,MA,2115,42.345002,-71.09036600000002,True,Fenway/Kenmore,residential rental
1557,2023-03-20 10:51:00,,2027-03-20 10:50:00,Fenway Financial Consultants,Accounting Services,51 Saint Stephen ST,Boston,MA,2115,42.342341,-71.08724699999999,True,Fenway/Kenmore,accounting services
1558,2025-08-29 10:35:00,,2029-08-29 10:34:00,Fenway Forward,Community Organization,70 Burbank ST,Boston,MA,2115,42.34436,-71.08901000000003,True,Fenway/Kenmore,community organization
1559,2020-04-09 14:18:00,4/10/24 15:25,2028-04-10 15:23:00,Fenway Property Solutions,property management,327 Huntington AV,Boston,MA,2115,42.340955,-71.08816999999999,True,Fenway/Kenmore,property management
1560,2018-12-12 15:25:00,12/1/22 11:18,2026-12-01 10:59:00,Five Guys,Fast Food,263 Huntington AV,Boston,MA,2115,42.342149,-71.086074,True,Fenway/Kenmore,fast food
1561,2018-09-25 13:25:00,3/4/24 17:22,2028-03-04 11:52:00,Fjallraven,Retail Sales - Outdoor Clothing,330 Newbury ST,Boston,MA,2115,42.348387,-71.086277,True,Fenway/Kenmore,retail sales - outdoor clothing
1562,2014-03-11 00:00:00,,2018-03-11 00:00:00,FLORENTIA PROPERTIES,WITHDRAWAL (3/24/11),375 Newbury ST,Boston,MA,2115,42.348326,-71.08858099999998,False,Fenway/Kenmore,withdrawal (3/24/11)
1563,2026-01-06 15:23:00,,2030-01-06 15:07:00,FLOUR BAKERY + CAFE,Restaurant/Cafe,30 Dalton ST,Boston,MA,2115,42.345962,-71.08461199999999,True,Fenway/Kenmore,restaurant/cafe
1564,2012-10-23 00:00:00,,2016-10-23 00:00:00,FLOYDS 99 BARBERSHOP,WITHDRAWAL (2/16/11),189 Massachusetts AV,Boston,MA,2115,42.345379,-71.087111,False,Fenway/Kenmore,withdrawal (2/16/11)
1565,2014-05-20 00:00:00,6/2/22 10:26,2026-06-02 10:25:00,FLUTEFX,MUSICAL INSTRUMENT REPAIR,73 Hemenway ST,Boston,MA,2115,42.344581,-71.09002800000002,True,Fenway/Kenmore,musical instrument repair
1566,2025-10-15 11:42:00,,2029-10-15 11:41:00,Fontaine Wellness,Wellness Consulting Services,292 Newbury ST,Boston,MA,2115,42.348811,-71.08464200000003,True,Fenway/Kenmore,wellness consulting services
1567,2018-01-29 14:43:00,3/10/26 13:20,2030-03-10 13:15:00,Forbes Real Estate,Real Estate,411 Beacon ST,Boston,MA,2115,42.351542,-71.08595400000002,True,Fenway/Kenmore,real estate
1568,2016-06-24 14:37:00,8/8/24 12:48,2028-08-08 12:46:00,Forsyth Dental Hygiene Clinic,Univertiy Dental,179 Longwood AV,Boston,MA,2115,42.33653,-71.101406,True,Fenway/Kenmore,univertiy dental
1569,2015-12-04 00:00:00,11/21/23 9:52,2027-11-21 09:47:00,FORTY DALTON,HOTEL RESTAURANT,40 Dalton ST,Boston,MA,2115,42.346422,-71.08506499999999,True,Fenway/Kenmore,hotel restaurant
1570,2021-08-27 13:11:00,8/27/25 14:13,2029-08-27 14:12:00,Forward Spine And Sport,Health Care Services,400 Commonwealth AV,Boston,MA,2115,42.348467,-71.091091,True,Fenway/Kenmore,health care services
1571,2023-05-19 11:23:00,,2027-05-19 11:22:00,Four Seaons Hotel One Dalton,Full Service Hotel,1 Dalton ST,Boston,MA,2115,42.345818,-71.08411100000001,True,Fenway/Kenmore,full service hotel
1572,2019-05-22 11:37:00,6/2/23 16:09,2027-06-02 16:06:00,Four Seasons Boston at One Dalton,Full Service Hotel,1 Dalton ST,Boston,MA,2115,42.345818,-71.08411100000001,True,Fenway/Kenmore,full service hotel
1573,2024-02-07 10:24:00,,2028-02-07 10:23:00,Frame Advisors,Advisory Services,352 Commonwealth AV,Boston,MA,2115,42.348893,-71.087647,True,Fenway/Kenmore,advisory services
1574,2024-10-22 13:01:00,,2028-10-22 12:13:00,Free People Movement #6052,Clothing retail,333 Newbury ST,Boston,MA,2115,42.348679,-71.08647300000001,True,Fenway/Kenmore,clothing retail
1575,2024-10-16 11:19:00,,2028-10-16 11:17:00,Friends of the Back Bay Fens,Environmental Advocacy,120 Norway ST,Boston,MA,2115,42.34503,-71.08889999999997,True,Fenway/Kenmore,environmental advocacy
1576,2013-08-13 00:00:00,7/22/25 13:26,2029-07-22 13:24:00,FRIENDS PLACE,SPECIALTY STORE,450 Brookline AV,Boston,MA,2115,42.337556,-71.107641,True,Fenway/Kenmore,specialty store
1577,2025-01-15 12:47:00,,2029-01-15 12:46:00,GalaxyNexus Software,Software Development,45 Westland AV,Boston,MA,2115,42.343916,-71.08804700000002,True,Fenway/Kenmore,software development
1578,2014-09-16 00:00:00,,2018-09-16 00:00:00,GALLERIA CLEANERS EXPRESS,WITHDRAWAL 5/22/2012,334 Massachusetts AV,Boston,MA,2115,42.342604,-71.08417199999997,False,Fenway/Kenmore,withdrawal 5/22/2012
1579,2022-09-02 14:12:00,,2026-09-02 10:58:00,Gemelli Tax & Accounting,Tax Prep/Accounting,150 Huntington AV,Boston,MA,2115,42.344976,-71.08185000000003,True,Fenway/Kenmore,tax prep/accounting
1580,2025-09-30 12:22:00,,2029-09-30 12:22:00,George Howell Coffee,Cafe,400 Newbury ST,Boston,MA,2115,42.347723,-71.08860199999998,True,Fenway/Kenmore,cafe
1581,2023-01-13 14:46:00,,2027-01-13 14:26:00,Gerald butler Short Term Rental,Short Term Rental,28 Edgerly RD,Boston,MA,2115,42.345698,-71.08767999999998,True,Fenway/Kenmore,short term rental
1582,2024-08-05 16:38:00,,2028-08-05 16:38:00,Glenn Dunne,STR 546475,8 Symphony RD,Boston,MA,2115,42.342661,-71.08739600000001,True,Fenway/Kenmore,str 546475
1583,2018-09-20 14:57:00,,2022-09-20 14:52:00,Global Insights,Management Consulting,30 Dalton ST,Boston,MA,2115,42.345962,-71.08461199999999,False,Fenway/Kenmore,management consulting
1584,2019-11-21 14:47:00,11/8/23 11:48,2027-11-08 10:48:00,GNC Church Park #5904,Vitamin Store,225 Massachusetts AV,Boston,MA,2115,42.344422,-71.08664799999997,True,Fenway/Kenmore,vitamin store
1585,2022-04-21 12:38:00,,2026-04-21 12:34:00,GND Cleaning Services,Cleaning Services,54 Fenwood RD,Boston,MA,2115,42.334986,-71.10783700000002,True,Fenway/Kenmore,cleaning services
1586,2013-09-25 00:00:00,9/22/25 10:48,2029-09-22 10:38:00,GREENHOUSE REALTY,Apartment Rentals,150 Huntington AV,Boston,MA,2115,42.344976,-71.08185000000003,True,Fenway/Kenmore,apartment rentals
1587,2019-02-22 15:19:00,2/22/23 12:03,2027-02-22 11:58:00,Gyroscope,Restaurant,305 Huntington AV,Boston,MA,2115,42.341274,-71.087336,True,Fenway/Kenmore,restaurant
1588,2015-03-10 00:00:00,5/3/23 14:31,2027-05-03 11:56:00,H&R BLOCK,TAX PREPARATION SERVICES,205 Massachusetts AV,Boston,MA,2115,42.344802,-71.08683500000001,True,Fenway/Kenmore,tax preparation services
1589,2013-09-24 00:00:00,,2017-09-24 00:00:00,HAIGH CONSULTING,WITHDRAWAL (10/9/12),396 Marlborough ST,Boston,MA,2115,42.350108,-71.088008,False,Fenway/Kenmore,withdrawal (10/9/12)
1590,2012-10-09 00:00:00,,2016-10-09 00:00:00,HAIGH CONSULTING,CONSULTING,396 Marlborough ST,Boston,MA,2115,42.350108,-71.088008,False,Fenway/Kenmore,consulting
1591,2021-10-19 13:53:00,9/30/25 15:34,2029-09-30 15:32:00,Haju Kitchen,Restaurant,175 Massachusetts AV,Boston,MA,2115,42.345849,-71.08727699999997,True,Fenway/Kenmore,restaurant
1592,2019-05-06 09:27:00,,2023-05-06 09:24:00,Hannah Rose Photography,Photography,129 Saint Botolph ST,Boston,MA,2115,42.344139,-71.08204899999998,False,Fenway/Kenmore,photography
1593,2014-03-26 00:00:00,2/16/18 12:56,2022-02-16 12:55:00,HARRISON PROPERTIES,REAL ESTATE,16 Parker Hill AV,Boston,MA,2115,42.332503,-71.109329,False,Fenway/Kenmore,real estate
1594,2016-04-19 00:00:00,,2020-04-19 00:00:00,HARVARD YAN XIN LIFE SCIENCE AND TECHNOLOGY CENTER,WITHDRAWAL 12/29/2015,371 Commonwealth AV,Boston,MA,2115,42.349449,-71.08904100000001,False,Fenway/Kenmore,withdrawal 12/29/2015
1595,2016-04-21 00:00:00,5/22/24 15:30,2028-05-22 15:28:00,HATCH HAUS DESIGN,GRAPHIC DESIGN,21 Cumberland ST,Boston,MA,2115,42.34331,-71.08182099999999,True,Fenway/Kenmore,graphic design
1596,2015-12-16 00:00:00,3/6/24 16:11,2028-02-09 16:08:00,HAVIER DAIVON ENTERTAINMENT,ENTERTAINMENT,150 Massachusetts AV,Boston,MA,2115,42.34667,-71.08717999999999,True,Fenway/Kenmore,entertainment
1597,2015-07-20 00:00:00,9/20/23 15:28,2027-09-20 13:01:00,HBCS,BILLING OF HOSP & PHYS ACCTS REC,330 Brookline AV,Boston,MA,2115,42.34128,-71.10468000000003,True,Fenway/Kenmore,billing of hosp & phys accts rec
1598,2024-03-01 13:39:00,,2028-03-01 13:37:00,Heal Yourself & Love Yourself,Non Profit,72 Westland AV,Boston,MA,2115,42.34358,-71.08922999999999,True,Fenway/Kenmore,non profit
1599,2018-05-10 15:36:00,3/17/26 14:47,2030-03-17 14:45:00,HEALTHNEIQUE ENTERPRISES,DEVELOP VARIOUS KITS,33 Symphony RD,Boston,MA,2115,42.34308,-71.088124,True,Fenway/Kenmore,develop various kits
1600,2020-02-18 13:35:00,5/28/24 15:52,2028-05-28 15:51:00,Higginson Boston Rental,Short Term Rental,36 Edgerly RD,Boston,MA,2115,42.345444,-71.08758699999998,True,Fenway/Kenmore,short term rental
1601,2021-01-28 10:11:00,,2025-01-28 10:10:00,Hilton Boston Back Bay,hotel,40 Dalton ST,Boston,MA,2115,42.346422,-71.08506499999999,False,Fenway/Kenmore,hotel
1602,2023-12-18 15:20:00,,2027-12-18 11:54:00,HISSHO SUSHI,Wholesale sushi vendor,500 Huntington AV,Boston,MA,2115,42.338166,-71.09381200000001,True,Fenway/Kenmore,wholesale sushi vendor
1603,2022-05-16 12:58:00,,2026-05-16 11:25:00,HISSHO SUSHI inside MassArt Eat Cafe- The Colleges Of The Fenway,Wholesale Sushi Vendor,625 Huntington AV,Boston,MA,2115,42.336311,-71.10037399999999,True,Fenway/Kenmore,wholesale sushi vendor
1604,2019-03-08 11:04:00,,2023-03-08 11:02:00,Historic Boston Crime Tours,Tour Company,650 Huntington AV,Mission Hill,MA,2115,42.335227,-71.10036300000002,False,Fenway/Kenmore,tour company
1605,2026-02-19 15:52:00,,2030-02-19 13:49:00,Hoka,Retail,337 Newbury ST,Boston,MA,2115,42.348692,-71.08666700000003,True,Fenway/Kenmore,retail
1606,2025-05-21 10:21:00,,2029-05-21 10:20:00,Homie Property Management,Technology,402 Marlborough ST,Boston,MA,2115,42.350044,-71.088259,True,Fenway/Kenmore,technology
1607,2018-10-23 11:32:00,,2022-10-23 11:31:00,Honest Trading Post,Online Retail,376 Riverway,Boston,MA,2115,42.332971,-71.11163299999998,False,Fenway/Kenmore,online retail
1608,2024-04-12 15:38:00,,2028-04-12 15:34:00,Hope Support Foundation,Basic Necessities for the Needy,361 Newbury ST,Boston,MA,2115,42.348336,-71.08797300000003,True,Fenway/Kenmore,basic necessities for the needy
1609,2018-06-18 10:42:00,12/1/22 11:24,2026-12-01 10:52:00,HORIZON Data Science Applications,Consulting,159 Saint Botolph ST,Boston,MA,2115,42.343464,-71.08283599999999,True,Fenway/Kenmore,consulting
1610,2025-04-17 16:15:00,,2029-04-17 16:13:00,HOTWORX,Fitness Studio,189 Massachusetts AV,Boston,MA,2115,42.345379,-71.087111,True,Fenway/Kenmore,fitness studio
1611,2016-01-25 00:00:00,3/17/25 15:47,2029-03-17 15:28:00,HUB GUITAR,GUITAR INSTRUCTION,236 Huntington AV,Boston,MA,2115,42.34296,-71.08415000000002,True,Fenway/Kenmore,guitar instruction
1612,2021-01-21 14:10:00,2/25/25 15:54,2029-02-25 15:46:00,HUNTINGTON MARKET,CONVENIENCE STORE,818 Huntington AV,Boston,MA,2115,42.33308,-71.10807999999997,True,Fenway/Kenmore,convenience store
1613,2020-04-09 14:18:00,4/10/24 15:26,2028-04-10 15:18:00,Huntington Property Services,property management,327 Huntington AV,Boston,MA,2115,42.340955,-71.08816999999999,True,Fenway/Kenmore,property management
1614,2025-10-21 12:41:00,,2029-10-21 12:39:00,Huntington Salon Barbershop,Hair Salon,333 Huntington AV,Boston,MA,2115,42.340889,-71.08847700000001,True,Fenway/Kenmore,hair salon
1615,2015-06-22 00:00:00,6/21/23 16:41,2027-06-21 14:44:00,IBS CAPITAL,INVESTMENT MANAGER,31 Saint Germain ST,Boston,MA,2115,42.345631,-71.08576600000004,True,Fenway/Kenmore,investment manager
1616,2017-07-07 13:25:00,5/29/25 10:26,2029-05-29 10:26:00,Ichiban Yakitori Sushi House,Asian Restaurant,14 Westland AV,Boston,MA,2115,42.343225,-71.08675299999999,True,Fenway/Kenmore,asian restaurant
1617,2022-07-14 13:25:00,,2026-07-14 13:10:00,Icon,Communications Aid Technology,177 Huntington AV,Boston,MA,2115,42.344856,-71.08281599999998,True,Fenway/Kenmore,communications aid technology
1618,2023-02-17 15:16:00,,2027-02-17 15:14:00,IdeaForward,Consulting,30 Dalton ST,Boston,MA,2115,42.345962,-71.08461199999999,True,Fenway/Kenmore,consulting
1619,2023-02-06 09:44:00,,2027-02-06 09:39:00,Infushon,Online Infusion Services Management,32 Francis ST,Boston,MA,2115,42.33497,-71.10649000000001,True,Fenway/Kenmore,online infusion services management
1620,2019-04-03 15:13:00,4/14/23 15:44,2027-04-14 15:43:00,Irene Smalls,Marketing Sales,2 Durham ST,Boston,MA,2115,42.344175,-71.081074,True,Fenway/Kenmore,marketing sales
1621,2023-10-27 15:44:00,,2027-10-27 15:43:00,Istanbul Doner Burrito,Restaurant,350 Longwood AV,Boston,MA,2115,42.338622,-71.10726799999998,True,Fenway/Kenmore,restaurant
1622,2024-11-04 13:04:00,,2028-11-04 13:03:00,Istanbul Doner Burrito,Restaurant,350 Longwood AV,Boston,MA,2115,42.338622,-71.10726799999998,True,Fenway/Kenmore,restaurant
1623,2021-10-06 12:59:00,,2025-10-06 12:58:00,iTaV Logistics,Logistics,80 Fenwood RD,Boston,MA,2115,42.335946,-71.10942599999998,False,Fenway/Kenmore,logistics
1624,2024-10-24 12:47:00,,2028-10-24 12:34:00,It's So Mari,Online Retail Sale (Custom Products),835 Huntington AV,Boston,MA,2115,42.334073,-71.10919899999999,True,Fenway/Kenmore,online retail sale (custom products)
1625,2023-09-29 15:32:00,,2027-09-29 15:29:00,J. Money Entertainment,Promotion Services and Management Services,361 Newbury ST,Boston,MA,2115,42.348336,-71.08797300000003,True,Fenway/Kenmore,promotion services and management services
1626,2014-07-31 00:00:00,6/9/22 15:45,2026-06-09 15:35:00,J.P. LICKS,ICE CREAM/YOGURT CAFE,1106 Boylston ST,Boston,MA,2115,42.346833,-71.08855199999999,True,Fenway/Kenmore,ice cream/yogurt cafe
1627,2015-07-01 00:00:00,8/15/19 14:08,2023-08-15 11:56:00,JACK CRONIN & ASSOCIATES,CONSULTING,419 Beacon ST,Boston,MA,2115,42.351452,-71.086343,False,Fenway/Kenmore,consulting
1628,2018-06-06 08:51:00,5/16/22 9:41,2026-05-16 09:40:00,Jacques Amar Coiffure,Salon,175 Huntington AV,Boston,MA,2115,42.345082,-71.08269000000001,True,Fenway/Kenmore,salon
1629,2021-08-12 13:04:00,8/5/25 14:18,2029-08-05 14:15:00,Janey Construction Management,Construction Management,236 Huntington AV,Boston,MA,2115,42.34296,-71.08415000000002,True,Fenway/Kenmore,construction management
1630,2020-05-01 10:45:00,,2024-05-01 10:43:00,Jayla's Obsessions,hair extensions,177 Huntington AV,Boston,MA,2115,42.344856,-71.08281599999998,False,Fenway/Kenmore,hair extensions
1631,2018-03-30 09:13:00,2/2/26 16:05,2030-02-02 13:51:00,jdw357 Consulting,Consulting,221 Massachusetts AV,Boston,MA,2115,42.34448,-71.08681999999999,True,Fenway/Kenmore,consulting
1632,2015-01-22 00:00:00,2/10/23 13:58,2027-02-10 13:52:00,JING GONG CONSTRUCTION CO.,CONSTRUCTION,99 Norway ST,Boston,MA,2115,42.345384,-71.08822299999997,True,Fenway/Kenmore,construction
1633,2015-08-10 00:00:00,8/7/23 9:11,2027-08-07 09:09:00,JNYANI,Online Retail,48 Burbank ST,Boston,MA,2115,42.344187,-71.08824199999998,True,Fenway/Kenmore,online retail
1634,2016-07-05 14:16:00,5/25/21 11:33,2025-05-25 11:33:00,John Tile & Marble,Tile & Marble,52 Francis ST,Boston,MA,2115,42.335606,-71.10748899999999,False,Fenway/Kenmore,tile & marble
1635,2023-01-26 11:29:00,,2027-01-26 11:22:00,Johnson Paint,Paint and Supplies Retail,355 Newbury ST,Boston,MA,2115,42.34844,-71.08757200000002,True,Fenway/Kenmore,paint and supplies retail
1636,2015-01-20 00:00:00,12/28/18 13:39,2022-12-28 11:31:00,JOHNSON PAINT COMPANY,RETAIL SALES,355 Newbury ST,Boston,MA,2115,42.34844,-71.08757200000002,False,Fenway/Kenmore,retail sales
1637,2018-09-17 15:41:00,,2022-09-17 15:14:00,JORDAN DOWNING PHD,THERAPY,36 Gloucester ST,Boston,MA,2115,42.349266,-71.084451,False,Fenway/Kenmore,therapy
1638,2022-10-25 13:47:00,,2026-10-25 13:42:00,JOVIAL CELLOS,MUSICAL INSTRUMENTS,236 Huntington AV,Boston,MA,2115,42.34296,-71.08415000000002,True,Fenway/Kenmore,musical instruments
1639,2021-09-20 11:44:00,9/17/25 14:24,2029-09-17 14:23:00,Juba Transportation,Livery,50 New Whitney ST,Boston,MA,2115,42.333497,-71.10997900000001,True,Fenway/Kenmore,livery
1640,2019-03-01 08:55:00,,2023-03-01 08:54:00,JUUL,Electronics,334 Newbury ST,Boston,MA,2115,42.348279,-71.08648299999999,False,Fenway/Kenmore,electronics
1641,2022-04-29 11:20:00,,2026-04-29 11:02:00,KAAD HOME CARE,NON-MEDICAL HOME CARE,361 Newbury ST,Boston,MA,2115,42.348336,-71.08797300000003,True,Fenway/Kenmore,non-medical home care
1642,2023-01-09 14:33:00,,2027-01-09 14:28:00,KDSAP,COMMUNITY OUTREACH AND EDUCATION,221 Longwood AV,Boston,MA,2115,42.337142,-71.102215,True,Fenway/Kenmore,community outreach and education
1643,2018-02-06 14:34:00,,2022-02-06 13:09:00,Keen Independent Research,Economic and Market Research,21 Fenwood RD,Boston,MA,2115,42.334511,-71.106379,False,Fenway/Kenmore,economic and market research
1644,2025-10-20 10:04:00,,2029-10-20 10:03:00,Kelly Engineering Solutions,Engineering Consultants,79 Gainsborough ST,Boston,MA,2115,42.34247,-71.08803,True,Fenway/Kenmore,engineering consultants
1645,2015-08-17 00:00:00,8/8/23 14:23,2027-08-08 14:21:00,KELLY'S UNDERGROUND DOG GROOMING,DOG GROOMER,248 Newton ST,Boston,MA,2115,42.344528,-71.08075300000002,True,Fenway/Kenmore,dog groomer
1646,2024-01-12 11:10:00,,2028-01-12 11:09:00,Ki Talent Collective,Artist Management,46 Westland AV,Boston,MA,2115,42.343418,-71.08795600000002,True,Fenway/Kenmore,artist management
1647,2023-01-09 14:33:00,,2027-01-09 14:27:00,KIDNEY DISEASE SCREENING AND AWARENESS PROGRAM,COMMUNITY OUTREACH AND EDUCATION,221 Longwood AV,Boston,MA,2115,42.337142,-71.102215,True,Fenway/Kenmore,community outreach and education
1648,2025-12-30 15:45:00,,2029-12-30 15:39:00,King's,Bowling Alley and Restaurant,50A Dalton ST,Boston,MA,2115,42.347065,-71.085643,True,Fenway/Kenmore,bowling alley and restaurant
1649,2018-10-03 13:06:00,,2022-10-03 11:54:00,KNOWN,Designer,49 Massachusetts AV,Boston,MA,2115,42.349764,-71.08922100000001,False,Fenway/Kenmore,designer
1650,2019-09-26 12:32:00,,2023-09-26 12:30:00,Kosumosu,Beauty Aid Retail,330 Newbury ST,Boston,MA,2115,42.348387,-71.086277,False,Fenway/Kenmore,beauty aid retail
1651,2020-10-26 15:06:00,10/8/24 16:33,2028-10-08 15:20:00,Kowa Ophthalmic Research Laboratories,Research,3 Blackfan CI,Boston,MA,2115,42.33904,-71.10427099999998,True,Fenway/Kenmore,research
1652,2020-02-21 14:52:00,,2024-02-21 14:49:00,Krasi,Restaurant,48 Gloucester ST,Boston,MA,2115,42.348689,-71.084068,False,Fenway/Kenmore,restaurant
1653,2013-12-27 00:00:00,1/6/26 11:38,2030-01-06 11:35:00,KUNG FU TEA,Tea House,334 Massachusetts AV,Boston,MA,2115,42.342604,-71.08417199999997,True,Fenway/Kenmore,tea house
1654,2020-08-04 13:15:00,9/3/24 9:55,2028-09-03 09:53:00,Kyazimba Learning,Online and in-person learning coach,73 Hemenway ST,Boston,MA,2115,42.344581,-71.09002800000002,True,Fenway/Kenmore,online and in-person learning coach
1655,2017-04-12 10:39:00,6/9/25 12:36,2029-06-09 12:35:00,Laughing Monk Cafe,Restaurant,737 Huntington AV,Boston,MA,2115,42.334069,-71.10552899999999,True,Fenway/Kenmore,restaurant
1656,2019-11-14 10:09:00,,2023-11-14 10:07:00,Laundro Magic Coin-Op Laundromat,Laundromat,59 Westland AV,Boston,MA,2115,42.34394,-71.08830999999998,False,Fenway/Kenmore,laundromat
1657,2021-06-15 10:23:00,6/9/25 11:08,2029-06-09 11:07:00,Legacy Homes and Estates,Real Estate,361 Newbury ST,Boston,MA,2115,42.348336,-71.08797300000003,True,Fenway/Kenmore,real estate
1658,2025-03-21 10:10:00,,2029-03-21 10:09:00,LEONIZA,Consulting,63 New Whitney ST,Boston,MA,2115,42.333707,-71.11040100000002,True,Fenway/Kenmore,consulting
1659,2018-06-08 12:51:00,8/10/22 14:27,2026-08-10 11:37:00,Letters Foundation,Charitable Foundation,292 Newbury ST,Boston,MA,2115,42.348811,-71.08464200000003,True,Fenway/Kenmore,charitable foundation
1660,2023-05-11 12:35:00,,2027-05-11 12:34:00,Level 1,Retail,304 Newbury ST,Boston,MA,2115,42.348692,-71.08510899999999,True,Fenway/Kenmore,retail
1661,2022-05-18 15:14:00,,2026-05-18 15:13:00,Liberare Bookkeeping,Bookkeeping,149 Massachusetts AV,Boston,MA,2115,42.34667,-71.08767999999998,True,Fenway/Kenmore,bookkeeping
1662,2022-04-05 15:23:00,,2026-04-05 15:20:00,Lighten Digital Media,Commercial Advertising,15 Edgerly RD,Boston,MA,2115,42.34599,-71.08817899999997,False,Fenway/Kenmore,commercial advertising
1663,2015-10-26 00:00:00,11/18/24 15:47,2028-11-18 12:13:00,LINSCOTT GROUP,ONLINE MARKETING,263 Huntington AV,Boston,MA,2115,42.342149,-71.086074,True,Fenway/Kenmore,online marketing
1664,2019-02-12 10:28:00,,2023-02-12 10:26:00,LipsSealedEnt,Entertainment,100 Norway ST,Boston,MA,2115,42.34503,-71.08812,False,Fenway/Kenmore,entertainment
1665,2019-12-17 15:51:00,12/15/23 10:21,2027-12-15 10:18:00,Lipstick,Fashion/Retail,293 Newbury ST,Boston,MA,2115,42.349138,-71.085083,True,Fenway/Kenmore,fashion/retail
1666,2022-09-12 14:53:00,,2026-09-12 11:28:00,Little Whale Oyster Bar,Restaurant,314 Newbury ST,Boston,MA,2115,42.348631,-71.08533399999999,True,Fenway/Kenmore,restaurant
1667,2015-05-13 00:00:00,,2019-05-13 00:00:00,LIYTE DEVELOPMENT STRATEGIES,CONSULTING,450 Parker ST,Boston,MA,2115,42.338254,-71.09186599999998,False,Fenway/Kenmore,consulting
1668,2015-12-01 00:00:00,,2019-12-01 00:00:00,LIYTE DEVELOPMENT STRATEGIES,WITHDRAWAL (5/13/15),450 Parker ST,Boston,MA,2115,42.338254,-71.09186599999998,False,Fenway/Kenmore,withdrawal (5/13/15)
1669,2025-10-28 15:14:00,,2029-10-28 15:13:00,Loa's Shop,Aesthetician,409 Beacon ST,Boston,MA,2115,42.351561,-71.085869,True,Fenway/Kenmore,aesthetician
1670,2018-05-10 10:12:00,6/13/22 12:29,2026-06-13 12:26:00,LONGWOOD BARBERSHOP,BARBER SHOP,342 Longwood AV,Boston,MA,2115,42.338216,-71.106561,True,Fenway/Kenmore,barber shop
1671,2019-12-24 09:30:00,,2023-12-24 09:30:00,Longwood Jewelry,Jeweler,350 Longwood AV,Boston,MA,2115,42.338622,-71.10726799999998,False,Fenway/Kenmore,jeweler
1672,2016-01-11 00:00:00,1/17/20 14:14,2024-01-17 12:04:00,LONGWOOD OPTOMETRY,OPTOMETRY,342 Longwood AV,Boston,MA,2115,42.338216,-71.106561,False,Fenway/Kenmore,optometry
1673,2018-03-30 11:42:00,3/16/22 16:15,2026-03-16 11:30:00,Lorenzo Painting and Cleaning Services,Painting and Cleaning Services,65 Westland AV,Boston,MA,2115,42.34397,-71.08848,False,Fenway/Kenmore,painting and cleaning services
1674,2020-04-06 16:24:00,7/19/24 14:36,2028-07-19 14:31:00,Love Art Sushi,Food,1 Haviland ST,Boston,MA,2115,42.346613,-71.08786199999997,True,Fenway/Kenmore,food
1675,2019-12-17 15:51:00,12/15/23 10:21,2027-12-15 10:17:00,Lure,Fashion/Retail,306 Newbury ST,Boston,MA,2115,42.34867,-71.08518800000002,True,Fenway/Kenmore,fashion/retail
1676,2022-03-16 12:50:00,,2026-03-16 12:50:00,Luxury Aesthetic Center,Aesthetic Spa,305 Newbury ST,Boston,MA,2115,42.348979,-71.08544999999998,False,Fenway/Kenmore,aesthetic spa
1677,2016-02-24 00:00:00,4/10/24 15:26,2028-04-10 15:21:00,M & R MAINTENANCE SERVICES,REAL ESTATE AGENCY,327 Huntington AV,Boston,MA,2115,42.340955,-71.08816999999999,True,Fenway/Kenmore,real estate agency
1678,2015-03-17 00:00:00,3/19/19 12:45,2023-03-19 12:44:00,M 3 TAILORED MENSWEAR,CUSTOM MENSWEAR,150 Huntington AV,Boston,MA,2115,42.344976,-71.08185000000003,False,Fenway/Kenmore,custom menswear
1679,2020-03-10 12:39:00,4/17/24 13:27,2028-04-17 11:28:00,Madewell,Retail sales of apparel,325 Newbury ST,Boston,MA,2115,42.348795,-71.08623599999999,True,Fenway/Kenmore,retail sales of apparel
1680,2026-03-26 12:59:00,,2030-03-26 12:57:00,Mag Made This,Home Decor and Baskets,436 Marlborough ST,Boston,MA,2115,42.349687,-71.08993700000002,True,Fenway/Kenmore,home decor and baskets
1681,2014-03-03 00:00:00,3/10/26 13:03,2030-03-10 13:02:00,MAID IN THE SHADE CLEANING,CLEANING SERVICES,30 Fenwood RD,Boston,MA,2115,42.3344,-71.10693000000003,True,Fenway/Kenmore,cleaning services
1682,2021-10-08 15:52:00,12/11/25 13:03,2029-12-11 13:03:00,Mamacita Mexican Comida,Restaurant,329 Huntington AV,Boston,MA,2115,42.340924,-71.08819,True,Fenway/Kenmore,restaurant
1683,2023-10-30 10:39:00,,2027-10-30 10:37:00,MANHATTAN BAGEL & COFFEE CO,CAFE,147 Massachusetts AV,Boston,MA,2115,42.346662,-71.087649,True,Fenway/Kenmore,cafe
1684,2018-10-10 14:26:00,,2022-10-10 14:25:00,MARCH VIII,ONLINE FASHINON APPAREL,177 Huntington AV,Boston,MA,2115,42.344856,-71.08281599999998,False,Fenway/Kenmore,online fashinon apparel
1685,2018-05-31 15:44:00,,2022-05-31 15:43:00,Maria Cleaning Services,Cleaning Services,263 Huntington AV,Boston,MA,2115,42.342149,-71.086074,False,Fenway/Kenmore,cleaning services
1686,2021-06-11 12:17:00,,2025-06-11 12:16:00,Marina Skyes,Internet Sales,381 Commonwealth AV,Boston,MA,2115,42.349465,-71.08966199999998,False,Fenway/Kenmore,internet sales
1687,2020-01-22 13:25:00,,2024-01-22 13:24:00,Marteamo,Freelance Marketplace,177 Huntington AV,Boston,MA,2115,42.344856,-71.08281599999998,False,Fenway/Kenmore,freelance marketplace
1688,2019-08-23 15:51:00,8/23/23 10:00,2027-08-23 09:40:00,Mass College of Health Sciences,University,179 Longwood AV,Boston,MA,2115,42.33653,-71.101406,True,Fenway/Kenmore,university
1689,2019-08-23 15:50:00,8/23/23 10:00,2027-08-23 09:42:00,Mass College of Pharmacy,University,179 Longwood AV,Boston,MA,2115,42.33653,-71.101406,True,Fenway/Kenmore,university
1690,2019-08-23 15:51:00,8/23/23 10:00,2027-08-23 09:41:00,Mass College of Pharmacy and Health Sciences,University,179 Longwood AV,Boston,MA,2115,42.33653,-71.101406,True,Fenway/Kenmore,university
1691,2020-09-18 13:41:00,12/27/24 14:35,2028-12-27 14:30:00,Mass De Cleaning Company,cleaning services,361 Newbury ST,Boston,MA,2115,42.348336,-71.08797300000003,True,Fenway/Kenmore,cleaning services
1692,2019-08-23 15:51:00,8/23/23 10:00,2027-08-23 09:46:00,Massachusetts College of Health Sciences,University,179 Longwood AV,Boston,MA,2115,42.33653,-71.101406,True,Fenway/Kenmore,university
1693,2019-08-23 15:51:00,,2023-08-23 14:11:00,Massachusetts College of Pharmacy,University,179 Longwood AV,Boston,MA,2115,42.33653,-71.101406,False,Fenway/Kenmore,university
1694,2019-08-23 15:51:00,8/23/23 10:00,2027-08-23 09:43:00,Massachusetts College of Pharmacy and Allied Health Sciences,University,179 Longwood AV,Boston,MA,2115,42.33653,-71.101406,True,Fenway/Kenmore,university
1695,2019-08-23 15:51:00,8/23/23 10:00,2027-08-23 09:48:00,Massachusetts College of Pharmacy and Health Sciences,University,179 Longwood AV,Boston,MA,2115,42.33653,-71.101406,True,Fenway/Kenmore,university
1696,2016-03-11 00:00:00,2/25/20 12:22,2024-02-25 10:26:00,MASSACHUSETTS LANDMARK REALTY ADVISORS,REGISTERED INVESTMENT ADVISORS,21 Saint Germain ST,Boston,MA,2115,42.345705,-71.08614699999998,False,Fenway/Kenmore,registered investment advisors
1697,2023-02-13 12:48:00,,2027-02-13 12:47:00,Master Consulting,IT Consulting,80 Fenwood RD,Boston,MA,2115,42.335946,-71.10942599999998,True,Fenway/Kenmore,it consulting
1698,2014-06-30 00:00:00,6/23/22 10:01,2026-06-23 09:59:00,MCDONALD'S,RESTAURANT,340 Longwood AV,Boston,MA,2115,42.338197,-71.10648100000003,True,Fenway/Kenmore,restaurant
1699,2019-08-23 15:51:00,8/23/23 10:00,2027-08-23 09:47:00,MCP,University,179 Longwood AV,Boston,MA,2115,42.33653,-71.101406,True,Fenway/Kenmore,university
1700,2019-08-23 15:51:00,8/23/23 10:00,2027-08-23 09:46:00,MCP University,University,179 Longwood AV,Boston,MA,2115,42.33653,-71.101406,True,Fenway/Kenmore,university
1701,2025-08-07 14:46:00,,2029-08-07 14:44:00,Mellora Books,Bookkeeping Services,361 Newbury ST,Boston,MA,2115,42.348336,-71.08797300000003,True,Fenway/Kenmore,bookkeeping services
1702,2017-12-18 12:52:00,12/31/25 10:37,2029-12-31 10:36:00,Michelle Yarde Day Care,Day care,31 Fenwood RD,Boston,MA,2115,42.334685,-71.10662000000002,True,Fenway/Kenmore,day care
1703,2019-03-12 15:37:00,,2023-03-12 15:37:00,Midwood & Co.,Real Estate,361 Newbury ST,Boston,MA,2115,42.348336,-71.08797300000003,False,Fenway/Kenmore,real estate
1704,2021-03-29 15:05:00,4/10/25 14:15,2029-04-10 13:33:00,Mie Higgshimoto,Hair Salon,316 Newbury ST,Boston,MA,2115,42.348612,-71.08541200000002,True,Fenway/Kenmore,hair salon
1705,2022-09-21 13:20:00,,2026-09-21 13:17:00,MIGHTY STARTUP,ACCOUNTING SERVICES,177 Huntington AV,Boston,MA,2115,42.344856,-71.08281599999998,True,Fenway/Kenmore,accounting services
1706,2015-02-05 00:00:00,1/27/23 9:29,2027-01-27 08:31:00,MIHM CUTANEOUS PATHOLOGY CONSULTATIVE SERVICE,MEDICAL,41 Avenue Louis Pasteur,Boston,MA,2115,42.339165,-71.10234700000001,True,Fenway/Kenmore,medical
1707,2017-11-03 14:27:00,1/20/26 14:08,2030-01-20 13:14:00,Mikyoung Kim Design,Landscape Architecture,100 Massachusetts AV,Boston,MA,2115,42.348311,-71.08802600000001,True,Fenway/Kenmore,landscape architecture
1708,2017-05-26 11:26:00,,,Mini Ruby Contemporary Childrenswear,Retail,292 Newbury ST,Boston,MA,2115,42.348811,-71.08464200000003,False,Fenway/Kenmore,retail
1709,2020-04-06 16:24:00,7/19/24 14:36,2028-07-19 14:32:00,Momo No Yume,Food/ consulting,1 Haviland ST,Boston,MA,2115,42.346613,-71.08786199999997,True,Fenway/Kenmore,food/ consulting
1710,2020-09-22 12:45:00,,2024-09-22 12:44:00,Monde Beauty,online retail store,30 Dalton ST,Boston,MA,2115,42.345962,-71.08461199999999,False,Fenway/Kenmore,online retail store
1711,2021-10-14 10:20:00,10/8/25 14:21,2029-10-08 14:17:00,Mother Juice,Restaurant,291 Newbury ST,Boston,MA,2115,42.349155,-71.08500600000002,True,Fenway/Kenmore,restaurant
1712,2018-04-03 11:27:00,,2022-04-03 11:22:00,MSH VENTURES,HOLDING COMPANY,100 Massachusetts AV,Boston,MA,2115,42.348311,-71.08802600000001,False,Fenway/Kenmore,holding company
1713,2013-04-26 00:00:00,,2017-04-26 00:00:00,MUDDY RIVER CREATIVE,WITHDRAWAL (12/2/10,73 Hemenway ST,Boston,MA,2115,42.344581,-71.09002800000002,False,Fenway/Kenmore,withdrawal (12/2/10
1714,2024-12-30 15:47:00,,2028-12-30 15:41:00,Mumbai Spice,Restaurant,251 Massachusetts AV,Boston,MA,2115,42.343843,-71.08634599999999,True,Fenway/Kenmore,restaurant
1715,2022-08-16 13:37:00,,2026-08-16 13:34:00,Nana's Hairbraiding,Hairbraiding Salon,901 Huntington AV,Boston,MA,2115,42.332149,-71.112191,True,Fenway/Kenmore,hairbraiding salon
1716,2026-01-30 15:23:00,,2030-01-30 14:43:00,Nancy Elliot Short Term Rental,Short Term Rental,106 Saint Stephen ST,Boston,MA,2115,42.34123,-71.08857,True,Fenway/Kenmore,short term rental
1717,2022-06-23 13:06:00,,2026-06-23 13:05:00,New Beginning Multi Service,Online Office Multiservice,6 Kempton ST,Boston,MA,2115,42.334287,-71.10814099999999,True,Fenway/Kenmore,online office multiservice
1718,2013-07-23 00:00:00,12/22/22 9:44,2026-12-22 09:31:00,NEWBURY COMICS,RETAIL SALES,332 Newbury ST,Boston,MA,2115,42.348283,-71.08631300000002,True,Fenway/Kenmore,retail sales
1719,2024-12-20 14:08:00,,2028-12-20 14:07:00,Newbury Health Spa,Bodyworks,297 Newbury ST,Boston,MA,2115,42.34913,-71.08524799999998,True,Fenway/Kenmore,bodyworks
1720,2019-10-22 13:57:00,,2023-10-22 13:56:00,No Fake Flowers,Online/ Communications,263 Huntington AV,Boston,MA,2115,42.342149,-71.086074,False,Fenway/Kenmore,online/ communications
1721,2018-06-22 09:25:00,6/3/22 15:45,2026-06-03 14:31:00,NO. 284,LODGING HOUSE,284 Commonwealth AV,Boston,MA,2115,42.349709,-71.08456799999999,True,Fenway/Kenmore,lodging house
1722,2024-03-06 13:33:00,,2028-03-06 10:54:00,Norrona,Retail,349 Newbury ST,Boston,MA,2115,42.34848,-71.08720399999999,True,Fenway/Kenmore,retail
1723,2016-03-14 00:00:00,4/24/24 15:02,2028-04-24 11:32:00,NORTHEASTERN UNIVERSITY BOOKSTORE #656,RETAIL COLLEGE BOOKSTORE,360 Huntington AV,Boston,MA,2115,42.338998,-71.08728500000001,True,Fenway/Kenmore,retail college bookstore
1724,2023-12-04 15:38:00,,2027-12-04 15:01:00,Notary Active,Legal Services,361 Newbury ST,Boston,MA,2115,42.348336,-71.08797300000003,True,Fenway/Kenmore,legal services
1725,2021-09-15 15:06:00,,2025-09-15 15:03:00,Note the Nuance,Consulting,179 Saint Botolph ST,Boston,MA,2115,42.343156,-71.08320900000001,False,Fenway/Kenmore,consulting
1726,2015-03-20 00:00:00,3/6/23 14:12,2027-03-06 11:46:00,"OFFICE OF THE PUBLISHER'S AGENT, MARY BAKER EDDY'S WRITINGS",CHURCH,204 Massachusetts AV,Boston,MA,2115,42.345184,-71.08618100000001,True,Fenway/Kenmore,church
1727,2025-06-05 15:08:00,,2029-06-05 15:06:00,OG Serv Safe Barista,Consulting,32 Gloucester ST,Boston,MA,2115,42.349386,-71.08451100000002,True,Fenway/Kenmore,consulting
1728,2018-06-22 09:51:00,,2022-06-22 09:50:00,OJ Fit,Personal Trainer,177 Huntington AV,Boston,MA,2115,42.344856,-71.08281599999998,False,Fenway/Kenmore,personal trainer
1729,2016-03-31 00:00:00,5/28/24 10:09,2028-05-28 10:08:00,OJEE'S,HAIR SALON,88 Massachusetts AV,Boston,MA,2115,42.348712,-71.08820700000001,True,Fenway/Kenmore,hair salon
1730,2024-04-25 13:04:00,,2028-04-25 12:34:00,Old Flame Project,Fine Art,292 Newbury ST,Boston,MA,2115,42.348811,-71.08464200000003,True,Fenway/Kenmore,fine art
1731,2024-03-19 13:54:00,,2028-03-19 13:52:00,Omi Korean Grill,Restaurant,261 Huntington AV,Boston,MA,2115,42.342055,-71.08645000000001,True,Fenway/Kenmore,restaurant
1732,2019-04-11 10:01:00,,2023-04-11 09:59:00,Omikaprint,Online Retail,650 Huntington AV,Mission Hill,MA,2115,42.335227,-71.10036300000002,False,Fenway/Kenmore,online retail
1733,2025-06-12 15:15:00,,2029-06-12 15:13:00,ONYX Sports Physical Therapy,Physical Therapy,400 Commonwealth AV,Boston,MA,2115,42.348467,-71.091091,True,Fenway/Kenmore,physical therapy
1734,2025-04-28 12:19:00,,2029-04-28 12:17:00,OP Specialty Bracing,Custom Orthotics / Prosthetics,300 Longwood AV,Boston,MA,2115,42.337322,-71.10551800000002,True,Fenway/Kenmore,custom orthotics / prosthetics
1735,2015-12-11 00:00:00,11/15/23 13:47,2027-11-15 13:46:00,OPERA PLACE STUDIO,PHOTOGRAPHY,331 Huntington AV,Boston,MA,2115,42.3409,-71.08838700000001,True,Fenway/Kenmore,photography
1736,2016-01-25 00:00:00,3/5/24 16:14,2028-03-05 16:07:00,OPTIMINDHEALTH,PSYCHIATRIC SERVICES,361 Newbury ST,Boston,MA,2115,42.348336,-71.08797300000003,True,Fenway/Kenmore,psychiatric services
1737,2014-03-17 00:00:00,,2018-03-17 00:00:00,ORANGE CORNER CAFE,WITHDRAWAL (10/4/11),374 Massachusetts AV,Boston,MA,2115,42.341906,-71.083346,False,Fenway/Kenmore,withdrawal (10/4/11)
1738,2022-08-25 09:22:00,,2026-08-25 09:19:00,Origin Financial,Financial Wellness Services & Products & related activities,177 Huntington AV,Boston,MA,2115,42.344856,-71.08281599999998,True,Fenway/Kenmore,financial wellness services & products & related activities
1739,2015-09-10 00:00:00,8/8/24 12:58,2028-08-08 12:56:00,ORPHEUS,MUSIC STORE,362 Commonwealth AV,Boston,MA,2115,42.348785,-71.08820100000003,True,Fenway/Kenmore,music store
1740,2017-08-02 13:48:00,3/4/26 16:42,2030-01-06 14:46:00,O'Trafford Dental Spacialists,Special Dental Office,388 Commonwealth AV,Boston,MA,2115,42.348602,-71.09000000000003,True,Fenway/Kenmore,special dental office
1741,2017-06-27 13:52:00,8/12/25 10:46,2029-07-10 00:00:00,Owed to Nature,Photography & Jewelry,381 Marlborough ST,Boston,MA,2115,42.350668,-71.087628,True,Fenway/Kenmore,photography & jewelry
1742,2013-02-04 00:00:00,,2017-02-04 00:00:00,P S NAILS & SPA,NAILS & SPA,34 Gloucester ST,Boston,MA,2115,42.349328,-71.08448199999998,False,Fenway/Kenmore,nails & spa
1743,2015-03-23 00:00:00,,2019-03-23 00:00:00,P S NAILS & SPA,WITHDRAWAL (2/4/13),34 Gloucester ST,Boston,MA,2115,42.349328,-71.08448199999998,False,Fenway/Kenmore,withdrawal (2/4/13)
1744,2015-03-23 00:00:00,5/16/19 12:10,2023-05-16 11:47:00,P S NAILS & SPA,NAILS BEAUTY SALON,34 Gloucester ST,Boston,MA,2115,42.349328,-71.08448199999998,False,Fenway/Kenmore,nails beauty salon
1745,2017-09-15 12:58:00,8/7/25 15:21,2029-08-07 11:54:00,Pad Thai Cafe,Thai Restaurant,6 Hemenway ST,Boston,MA,2115,42.346637,-71.08903099999998,True,Fenway/Kenmore,thai restaurant
1746,2024-06-26 16:43:00,,2028-06-26 16:40:00,Panera Bread,Bakery/Cafe,300 Longwood AV,Boston,MA,2115,42.337322,-71.10551800000002,True,Fenway/Kenmore,bakery/cafe
1747,2023-01-26 13:41:00,,2027-01-26 11:29:00,PANERA BREAD,BAKERY/CAFE,75 Francis ST,Boston,MA,2115,42.336164,-71.10695099999998,True,Fenway/Kenmore,bakery/cafe
1748,2017-07-11 14:09:00,7/24/25 13:03,2029-07-24 13:01:00,Papa's Pizza Company,Food and Beverage,682 Huntington AVE,Boston,MA,2115,42.334854,-71.10244,True,Fenway/Kenmore,food and beverage
1749,2017-06-09 11:22:00,6/24/25 8:08,2029-06-24 07:08:00,Pappas & Pappas,Employment Agency,177 Huntington AV,Boston,MA,2115,42.344856,-71.08281599999998,True,Fenway/Kenmore,employment agency
1750,2019-06-24 11:02:00,,2023-06-24 10:59:00,Paradigm Catastrophic Care Management,Case Management Services,177 Huntington AV,Boston,MA,2115,42.344856,-71.08281599999998,False,Fenway/Kenmore,case management services
1751,2021-01-29 10:06:00,1/20/26 12:10,2030-01-20 12:10:00,Parker & Co,UNKNOWN,344 Commonwealth AV,Boston,MA,2115,42.348973,-71.087355,True,Fenway/Kenmore,unknown
1752,2015-08-14 00:00:00,8/12/19 15:26,2023-08-12 15:25:00,PASTORAL MENTORS,CONSULTING,4 Charlesgate,Boston,MA,2115,42.350114,-71.09133199999997,False,Fenway/Kenmore,consulting
1753,2015-03-17 00:00:00,4/25/23 11:47,2027-04-25 10:32:00,PATAGONIA,OUTDOOR CLOTHING RETAILER,346 Newbury ST,Boston,MA,2115,42.34821,-71.08698500000003,True,Fenway/Kenmore,outdoor clothing retailer
1754,2022-01-11 15:20:00,,2026-01-11 13:11:00,Pathogenz,online merchandise retail,361 Newbury ST,Boston,MA,2115,42.348336,-71.08797300000003,False,Fenway/Kenmore,online merchandise retail
1755,2023-05-02 12:35:00,,2027-05-02 12:35:00,Pat's Place,Catering Services,682 Huntington AVE,Boston,MA,2115,42.334854,-71.10244,True,Fenway/Kenmore,catering services
1756,2021-03-09 13:51:00,2/20/25 12:30,2029-02-20 12:29:00,Pat's Place,Catering/Delivery Service,15 Francis ST,Boston,MA,2115,42.335051,-71.10454099999998,True,Fenway/Kenmore,catering/delivery service
1757,2026-02-27 11:37:00,,2030-02-27 11:31:00,Pavement Coffeehouse,Cafe,286 Newbury ST,Boston,MA,2115,42.348887,-71.08441299999998,True,Fenway/Kenmore,cafe
1758,2026-02-27 11:37:00,,2030-02-27 11:28:00,Pavement Coffeehouse,Cafe,44 Gainsborough ST,Boston,MA,2115,42.341633,-71.08697999999998,True,Fenway/Kenmore,cafe
1759,2026-02-27 11:37:00,,2030-02-27 11:34:00,Pavement Coffeehouse,Cafe,1096 Boylston ST,Boston,MA,2115,42.346864,-71.08841899999999,True,Fenway/Kenmore,cafe
1760,2018-06-04 12:51:00,,2022-06-04 12:49:00,Payne Group,Consulting,359 Newbury ST,Boston,MA,2115,42.348373,-71.087831,False,Fenway/Kenmore,consulting
1761,2016-02-18 00:00:00,2/27/24 13:52,2028-02-27 13:35:00,PENGUIN,CAFE,735 Huntington AV,Boston,MA,2115,42.334063,-71.10539499999999,True,Fenway/Kenmore,cafe
1762,2014-11-26 00:00:00,12/14/22 13:29,2026-12-14 13:28:00,PERSONAL PET CARE,PET SITTING,73 Hemenway ST,Boston,MA,2115,42.344581,-71.09002800000002,True,Fenway/Kenmore,pet sitting
1763,2022-02-03 13:51:00,,2026-02-03 11:36:00,Physiotivity,Massage Therapy,285 Newbury ST,Boston,MA,2115,42.349181,-71.08475199999998,False,Fenway/Kenmore,massage therapy
1764,2024-04-03 12:43:00,,2028-04-03 12:41:00,"Piedras Preciosas ""Faszhar""",Events,149 Hemenway ST,Boston,MA,2115,42.34198,-71.09075000000001,True,Fenway/Kenmore,events
1765,2021-12-16 12:25:00,,2025-12-16 12:20:00,Planet Fitness,Fitness Center,361 Newbury ST,Boston,MA,2115,42.348336,-71.08797300000003,False,Fenway/Kenmore,fitness center
1766,2019-12-13 09:54:00,12/27/23 14:55,2027-12-27 10:52:00,Playa Bowls,Restaurant,277 Huntington AV,Boston,MA,2115,42.34205,-71.08639,True,Fenway/Kenmore,restaurant
1767,2018-05-16 13:23:00,,2022-05-16 13:22:00,Pocket Grooves media,Video Production Agency,100 Massachusetts AV,Boston,MA,2115,42.348311,-71.08802600000001,False,Fenway/Kenmore,video production agency
1768,2018-11-13 12:21:00,10/24/22 15:47,2026-10-24 13:21:00,POKE BAR & KITCHEN,RESTAURANT,313 Huntington AV,Boston,MA,2115,42.341139,-71.08768399999997,True,Fenway/Kenmore,restaurant
1769,2021-01-22 14:52:00,12/30/24 15:57,2028-12-30 12:28:00,POPLAR TREE MEDIA,MEDIA AND PR,14 Durham ST,Boston,MA,2115,42.343954,-71.08074799999997,True,Fenway/Kenmore,media and pr
1770,2014-09-23 00:00:00,9/21/18 9:06,2022-09-21 09:05:00,PORTER ENTERPRISES,SELLING BOOKS,33 Edgerly RD,Boston,MA,2115,42.345558,-71.087964,False,Fenway/Kenmore,selling books
1771,2016-03-18 00:00:00,3/15/24 10:21,2028-03-15 10:17:00,POST HOSPITALITY GROUP,Real Estate Investments,46 Gloucester ST,Boston,MA,2115,42.348777,-71.08415100000002,True,Fenway/Kenmore,real estate investments
1772,2021-08-17 12:35:00,,2025-08-17 11:18:00,Pressed,jucie food retail store,288 Newbury ST,Boston,MA,2115,42.348822,-71.084476,False,Fenway/Kenmore,jucie food retail store
1773,2025-09-26 15:04:00,,2029-09-26 15:03:00,Pressed Juicery,Retail,288 Newbury ST,Boston,MA,2115,42.348822,-71.084476,True,Fenway/Kenmore,retail
1774,2018-07-03 12:52:00,8/4/22 9:59,2026-08-04 09:44:00,Primula Health,Phychology,292 Newbury ST,Boston,MA,2115,42.348811,-71.08464200000003,True,Fenway/Kenmore,phychology
1775,2022-03-21 16:11:00,,2026-03-21 16:10:00,Pringle Professional Development Advisory,Advisory Services,52 Fenway,Boston,MA,2115,42.34486,-71.09038900000002,False,Fenway/Kenmore,advisory services
1776,2017-04-03 12:19:00,,,Prudential Lyons Group Real Estate,Real Estate,323 Newbury ST,Boston,MA,2115,42.348835,-71.086251,False,Fenway/Kenmore,real estate
1777,2015-03-20 00:00:00,3/6/23 14:11,2027-03-06 11:50:00,"PUBLISHER, THE WRITINGS OF MARY BAKER EDDY",CHURCH,204 Massachusetts AV,Boston,MA,2115,42.345184,-71.08618100000001,True,Fenway/Kenmore,church
1778,2022-03-31 14:19:00,,2026-03-31 14:16:00,Puma Run House,Retail Shoe Outlet,292 Newbury ST,Boston,MA,2115,42.348811,-71.08464200000003,False,Fenway/Kenmore,retail shoe outlet
1779,2025-09-08 12:57:00,,2029-09-08 12:39:00,Qdoba Mexican Eats,fast casual Restaurant,279 Massachusetts AV,Boston,MA,2115,42.343647,-71.08636100000001,True,Fenway/Kenmore,fast casual restaurant
1780,2016-10-27 10:55:00,,,QDOBA MEXICAN GRILL,RESTAURANT,393 Huntington AV,Boston,MA,2115,42.339777,-71.09088300000002,False,Fenway/Kenmore,restaurant
1781,2019-08-26 12:12:00,8/8/23 14:24,2027-08-08 14:09:00,RAISON D'ETRE TRAVEL,Travel Service,361 Newbury ST,Boston,MA,2115,42.348336,-71.08797300000003,True,Fenway/Kenmore,travel service
1782,2017-05-16 13:45:00,,,REALLOOK 360,3D Holding/ Real Estate Photography,291 Saint Botolph ST,Boston,MA,2115,42.340463,-71.08688899999999,False,Fenway/Kenmore,3d holding/ real estate photography
1783,2025-08-05 14:41:00,,2029-08-05 14:39:00,Rebecca Rivers Interiors,Interior Design,6 Gloucester ST,Boston,MA,2115,42.351335,-71.085421,True,Fenway/Kenmore,interior design
1784,2019-07-18 12:45:00,,2023-07-18 12:43:00,Rebecca Storage Mass,Shipping,207 Massachusetts AV,Boston,MA,2115,42.344817,-71.08694100000002,False,Fenway/Kenmore,shipping
1785,2025-05-29 14:20:00,,2029-05-29 14:15:00,Rebel Without A Pause,books,316 Huntington AV,Boston,MA,2115,42.340653,-71.08728000000002,True,Fenway/Kenmore,books
1786,2023-10-03 11:01:00,,2027-10-03 10:55:00,REDCON SECURITY,Security systems and guards,361 Newbury ST,Boston,MA,2115,42.348336,-71.08797300000003,True,Fenway/Kenmore,security systems and guards
1787,2018-08-27 10:53:00,,2022-08-27 10:53:00,RedWhite,Vegan Take Out Restaurant,294 Newbury ST,Boston,MA,2115,42.348793,-71.08471400000002,False,Fenway/Kenmore,vegan take out restaurant
1788,2018-04-30 15:30:00,5/11/22 13:12,2026-05-11 11:15:00,REFORMATION,RETAIL CLOTHING & GOODS,342 Newbury ST,Boston,MA,2115,42.348206,-71.08674400000001,True,Fenway/Kenmore,retail clothing & goods
1789,2020-01-22 13:22:00,,2024-01-22 13:20:00,Regus Insurance,Insurance Agent,287 Newbury ST,Boston,MA,2115,42.349195,-71.08485100000001,False,Fenway/Kenmore,insurance agent
1790,2025-10-02 16:00:00,,2029-10-02 15:58:00,REPREZENTU,Consulting,72 Westland AV,Boston,MA,2115,42.34358,-71.08922999999999,True,Fenway/Kenmore,consulting
1791,2021-11-02 15:02:00,1/12/26 16:21,2030-01-12 16:19:00,Retro Ricky,Shoe E-Commerce,142 Hemenway ST,Boston,MA,2115,42.34206,-71.09021999999999,True,Fenway/Kenmore,shoe e-commerce
1792,2022-06-01 14:23:00,,2026-06-01 14:23:00,Revolution Health Kitchen,Restaurant,150 Huntington AV,Boston,MA,2115,42.344976,-71.08185000000003,True,Fenway/Kenmore,restaurant
1793,2014-06-19 00:00:00,6/12/18 12:35,2022-06-12 12:33:00,REVOLUTION HEALTH KITCHEN,"QUICK SERVE RESTAURANT, JUICE BAR",150 Huntington AV,Boston,MA,2115,42.344976,-71.08185000000003,False,Fenway/Kenmore,"quick serve restaurant, juice bar"
1794,2017-09-07 13:11:00,8/28/25 11:09,2029-08-28 11:07:00,RICK WALKERS,RETAIL,306 Newbury ST,Boston,MA,2115,42.34867,-71.08518800000002,True,Fenway/Kenmore,retail
1795,2025-07-15 12:35:00,,2029-07-15 12:34:00,RimaSiri Massage Studio,Massage Studio,361 Newbury ST,Boston,MA,2115,42.348336,-71.08797300000003,True,Fenway/Kenmore,massage studio
1796,2017-06-01 14:17:00,4/30/25 9:32,2029-04-30 09:28:00,Rittners School,School,345 Marlborough ST,Boston,MA,2115,42.351132,-71.08590200000003,True,Fenway/Kenmore,school
1797,2018-07-26 15:53:00,,2022-07-26 15:51:00,RJ Scalzi and Sons,Vinyl Siding,175 Saint Botolph ST,Boston,MA,2115,42.343237,-71.08311100000003,False,Fenway/Kenmore,vinyl siding
1798,2022-12-05 15:08:00,,2026-12-05 14:57:00,Rooted In Roxbury,Marijuana Retailer,331 Newbury ST,Boston,MA,2115,42.348728,-71.08641799999998,True,Fenway/Kenmore,marijuana retailer
1799,2016-01-14 00:00:00,1/14/20 16:10,2024-01-14 16:08:00,ROOTS MUSIC MANAGEMENT,ARTIST MANAGEMENT,189 Massachusetts AV,Boston,MA,2115,42.345379,-71.087111,False,Fenway/Kenmore,artist management
1800,2026-02-03 15:27:00,,2030-02-03 15:18:00,Rosa y Marigold,Restaurant,400 Newbury ST,Boston,MA,2115,42.347723,-71.08860199999998,True,Fenway/Kenmore,restaurant
1801,2020-03-13 10:35:00,,2024-03-13 10:34:00,Rose Garden Clothing,Retail (E-Commerce),361 Newbury ST,Boston,MA,2115,42.348336,-71.08797300000003,False,Fenway/Kenmore,retail (e-commerce)
1802,2020-07-02 13:02:00,,2024-07-02 12:54:00,Rosebud Calligraphy,Calligraphy,292 Newbury ST,Boston,MA,2115,42.348811,-71.08464200000003,False,Fenway/Kenmore,calligraphy
1803,2020-02-27 12:06:00,,2024-02-27 11:20:00,Rosewood Land Properties,Real Estate,292 Newbury ST,Boston,MA,2115,42.348811,-71.08464200000003,False,Fenway/Kenmore,real estate
1804,2014-08-27 00:00:00,8/10/22 10:19,2026-08-10 10:18:00,RUBY'S NAIL SALON AND SPA,NAILS & SPA,301 Massachusetts AV,Boston,MA,2115,42.342843,-71.08568200000002,True,Fenway/Kenmore,nails & spa
1805,2013-07-26 00:00:00,,2017-07-26 00:00:00,RUGBY,WITHDRAWAL (12/7/10),342 Newbury ST,Boston,MA,2115,42.348206,-71.08674400000001,False,Fenway/Kenmore,withdrawal (12/7/10)
1806,2013-07-26 00:00:00,,2017-07-26 00:00:00,RUGBY,,342 Newbury ST,Boston,MA,2115,42.348206,-71.08674400000001,False,Fenway/Kenmore,
1807,2014-10-14 00:00:00,,2018-10-14 00:00:00,RUGBY,WITHDRAWAL 07/26/2013,342 Newbury ST,Boston,MA,2115,42.348206,-71.08674400000001,False,Fenway/Kenmore,withdrawal 07/26/2013
1808,2023-05-12 14:15:00,,2027-05-12 14:13:00,Ruta Laukien Short Term Rental,STR,294 Commonwealth AV,Boston,MA,2115,42.349619,-71.08496300000002,True,Fenway/Kenmore,str
1809,2021-11-23 12:28:00,3/2/26 12:47,2030-03-02 12:45:00,Saigon Fusion,Restaurant,201 Massachusetts AV,Boston,MA,2115,42.345087,-71.08697899999999,True,Fenway/Kenmore,restaurant
1810,2022-12-13 11:22:00,,2026-12-13 11:20:00,Sail Consulting,Consulting,407 Marlborough ST,Boston,MA,2115,42.350422,-71.08874000000003,True,Fenway/Kenmore,consulting
1811,2015-07-13 00:00:00,7/11/19 14:51,2023-07-11 14:48:00,SAKURA JAPAN,FAST FOOD SERVICES,350 Longwood AV,Boston,MA,2115,42.338622,-71.10726799999998,False,Fenway/Kenmore,fast food services
1812,2022-09-27 14:40:00,,2026-09-27 14:38:00,SALESFORCE RECRUITING USA,STAFFING AGENCY,12 Saint Germain ST,Boston,MA,2115,42.345983,-71.08644600000002,True,Fenway/Kenmore,staffing agency
1813,2024-10-23 10:08:00,,2028-10-23 10:06:00,Sal's Barbershop,Barbershop,303 Huntington AV,Boston,MA,2115,42.34131,-71.08728000000002,True,Fenway/Kenmore,barbershop
1814,2016-04-27 00:00:00,10/20/22 12:46,2026-10-20 12:42:00,SANTOUKA,RESTAURANT,66 Hereford ST,Boston,MA,2115,42.348466,-71.08533399999999,True,Fenway/Kenmore,restaurant
1815,2022-03-08 15:19:00,,2026-03-08 15:15:00,SC Funding Group,Property Loan Funding,361 Newbury ST,Boston,MA,2115,42.348336,-71.08797300000003,False,Fenway/Kenmore,property loan funding
1816,2015-03-26 00:00:00,12/19/24 12:32,2028-12-19 12:28:00,SELECT OYSTER BAR,RESTAURANT,50 Gloucester ST,Boston,MA,2115,42.348638,-71.08403699999997,True,Fenway/Kenmore,restaurant
1817,2025-07-16 12:42:00,,2029-07-16 12:23:00,SEV Laser,Medical Services,296 Newbury ST,Boston,MA,2115,42.348775,-71.08478100000002,True,Fenway/Kenmore,medical services
1818,2025-09-24 09:42:00,,2029-09-24 09:36:00,SEV Laser,Medical Services,296 Newbury ST,Boston,MA,2115,42.348775,-71.08478100000002,True,Fenway/Kenmore,medical services
1819,2020-01-22 10:29:00,,2024-01-22 10:28:00,"Shah""s Halal Food",Restaurant,1124 Boylston ST,Boston,MA,2115,42.346738,-71.08893899999998,False,Fenway/Kenmore,restaurant
1820,2022-06-23 15:42:00,,2026-06-23 10:35:00,ShipNation,pack & ship Mailbox rentals,90 Massachusetts AV,Boston,MA,2115,42.348661,-71.08817899999997,True,Fenway/Kenmore,pack & ship mailbox rentals
1821,2016-03-14 00:00:00,4/24/24 15:01,2028-04-24 11:34:00,SIMMONS COLLEGE BOOKSTORE #635,RETAIL COLLEGE BOOKSTORE,300 Fenway,Boston,MA,2115,42.339255,-71.099988,True,Fenway/Kenmore,retail college bookstore
1822,2025-08-14 16:10:00,,2029-08-14 16:09:00,Simple & Elegant,Florist,103 Norway ST,Boston,MA,2115,42.34543,-71.088457,True,Fenway/Kenmore,florist
1823,2015-03-16 00:00:00,4/25/24 12:24,2028-04-25 12:21:00,SIR JACK'S,RETAIL & OTHER SERVICES,292 Newbury ST,Boston,MA,2115,42.348811,-71.08464200000003,True,Fenway/Kenmore,retail & other services
1824,2015-12-21 00:00:00,2/14/24 14:33,2028-02-14 10:37:00,SKIN SPA,AESTHETICS AND MASSAGE SPA,284 Newbury ST,Boston,MA,2115,42.348943,-71.084273,True,Fenway/Kenmore,aesthetics and massage spa
1825,2018-03-30 13:20:00,,2022-03-30 13:19:00,Sky Ledgers,Accounting Services,650 Huntington AV,Mission Hill,MA,2115,42.335227,-71.10036300000002,False,Fenway/Kenmore,accounting services
1826,2024-11-27 16:01:00,,2028-11-27 15:59:00,SleepWiseHealth,Educational Health and Wellness,2 Durham ST,Boston,MA,2115,42.344175,-71.081074,True,Fenway/Kenmore,educational health and wellness
1827,2025-08-04 11:06:00,,2029-08-04 11:01:00,Small Fortune Music Group,Music Artist Management & Publishing,59 Westland AV,Boston,MA,2115,42.34394,-71.08830999999998,True,Fenway/Kenmore,music artist management & publishing
1828,2023-10-31 11:43:00,,2027-10-31 11:42:00,SmartOffice,Online Office Supplies,4 Albemarle ST,Boston,MA,2115,42.342536,-71.082649,True,Fenway/Kenmore,online office supplies
1829,2025-04-15 14:45:00,,2029-04-15 14:42:00,Sobhian Productions,Music Production,511 Beacon ST,Boston,MA,2115,42.350426,-71.090303,True,Fenway/Kenmore,music production
1830,2022-03-10 15:04:00,2/19/26 15:39,2030-02-19 13:55:00,Sodexo @ East End Cafe,Cafe,364 Brookline AV,Boston,MA,2115,42.338588,-71.10624100000001,True,Fenway/Kenmore,cafe
1831,2013-09-27 00:00:00,,2017-09-27 00:00:00,SODEXO AT DANA FARBER,FOOD SERVICE MGT,450 Brookline AV,Boston,MA,2115,42.337556,-71.107641,False,Fenway/Kenmore,food service mgt
1832,2015-07-31 00:00:00,,2019-07-31 00:00:00,SODEXO AT DANA FARBER,WITHDRAWAL (9/27/13),450 Brookline AV,Boston,MA,2115,42.337556,-71.107641,False,Fenway/Kenmore,withdrawal (9/27/13)
1833,2017-10-24 13:44:00,10/10/25 16:15,2029-10-10 13:16:00,Sodexso @ Dona Farber,Food Service Management,450 Brookline AV,Boston,MA,2115,42.337556,-71.107641,True,Fenway/Kenmore,food service management
1834,2019-09-16 12:33:00,9/12/23 10:57,2027-09-12 10:56:00,Solar Lashes & Nails Spa,Lashes & Nails,150 Huntington AV,Boston,MA,2115,42.344976,-71.08185000000003,True,Fenway/Kenmore,lashes & nails
1835,2019-08-27 10:23:00,,2023-08-27 10:22:00,Solar Nails,Nail Salon,150 Huntington AV,Boston,MA,2115,42.344976,-71.08185000000003,False,Fenway/Kenmore,nail salon
1836,2015-05-18 00:00:00,6/6/23 14:54,2027-06-06 14:52:00,SOMERSET HALL PRESS,PUBLISHER,416 Commonwealth AV,Boston,MA,2115,42.348622,-71.09103199999998,True,Fenway/Kenmore,publisher
1837,2020-03-04 15:48:00,4/1/24 15:29,2028-04-01 15:27:00,SONSIE,RESTAURANT,327 Newbury ST,Boston,MA,2115,42.348767,-71.08621700000003,True,Fenway/Kenmore,restaurant
1838,2023-08-21 14:14:00,,2027-08-21 11:45:00,Spaces Co-Working,Execuite Suites Rental,361 Newbury ST,Boston,MA,2115,42.348336,-71.08797300000003,True,Fenway/Kenmore,execuite suites rental
1839,2021-09-24 13:40:00,,2025-09-24 12:11:00,Spagnola Sanitation & Disposal Services,Cleaning & Trash Removal,177 Huntington AV,Boston,MA,2115,42.344856,-71.08281599999998,False,Fenway/Kenmore,cleaning & trash removal
1840,2017-04-21 12:40:00,8/15/25 15:45,2029-08-15 15:43:00,Spyglass Books,Walking Tours/Children's books,221 Massachusetts AV,Boston,MA,2115,42.34448,-71.08681999999999,True,Fenway/Kenmore,walking tours/children's books
1841,2021-03-23 12:56:00,3/4/25 16:53,2029-03-04 15:59:00,StageCoach Improv,improv for business,100 Saint Botolph ST,Boston,MA,2115,42.344607,-71.080871,True,Fenway/Kenmore,improv for business
1842,2014-07-15 00:00:00,9/7/22 11:22,2026-09-01 11:58:00,STARBUCKS COFFEE #7224,RETAIL/CAFE,364 Brookline AV,Boston,MA,2115,42.338588,-71.10624100000001,True,Fenway/Kenmore,retail/cafe
1843,2014-07-15 00:00:00,9/1/22 13:42,2026-09-01 13:00:00,STARBUCKS COFFEE #7804,RETAIL/CAFE,283 Longwood AV,Boston,MA,2115,42.337735,-71.10465999999997,True,Fenway/Kenmore,retail/cafe
1844,2014-07-15 00:00:00,9/1/22 13:42,2026-09-01 12:14:00,STARBUCKS COFFEE #872,RETAIL/CAFE,350 Newbury ST,Boston,MA,2115,42.34816,-71.08717200000001,True,Fenway/Kenmore,retail/cafe
1845,2024-10-31 16:15:00,,2028-10-31 16:13:00,Stephalinda Services,Consulting Services,80 Fenwood RD,Boston,MA,2115,42.335946,-71.10942599999998,True,Fenway/Kenmore,consulting services
1846,2017-08-09 12:29:00,2/9/26 14:40,2030-02-09 13:04:00,Storitel,Consulting,416 Commonwealth AV,Boston,MA,2115,42.348622,-71.09103199999998,True,Fenway/Kenmore,consulting
1847,2013-04-05 00:00:00,,2017-04-05 00:00:00,STRADA MANAGEMENT,WITHDRAWAL (4/7/11),58 Gainsborough ST,Boston,MA,2115,42.341847,-71.08736099999999,False,Fenway/Kenmore,withdrawal (4/7/11)
1848,2016-03-16 00:00:00,1/29/24 12:39,2028-01-29 12:38:00,STYLE YOUR THREADS,FASHION CONSULTING,292 Newbury ST,Boston,MA,2115,42.348811,-71.08464200000003,True,Fenway/Kenmore,fashion consulting
1849,2025-07-24 14:14:00,,2029-07-24 14:12:00,Subway,Restaurant,393 Massachusetts AV,Boston,MA,2115,42.341035,-71.08396399999998,True,Fenway/Kenmore,restaurant
1850,2024-12-04 10:08:00,,2028-12-04 10:06:00,Summit Global Consulting,Cosulting Firm,364 Riverway,Boston,MA,2115,42.333239,-71.11147900000003,True,Fenway/Kenmore,cosulting firm
1851,2019-08-14 12:14:00,,2023-08-14 11:04:00,Super Tutor,Education,359 Newbury ST,Boston,MA,2115,42.348373,-71.087831,False,Fenway/Kenmore,education
1852,2019-08-14 12:13:00,,2023-08-14 11:02:00,Super Tutoring,Education,359 Newbury ST,Boston,MA,2115,42.348373,-71.087831,False,Fenway/Kenmore,education
1853,2025-12-16 13:06:00,,2029-12-16 13:04:00,Support Savvy Consulting,"AI Consulting, Training and Tool Development",5 Durham ST,Boston,MA,2115,42.343866,-71.08129200000002,True,Fenway/Kenmore,"ai consulting, training and tool development"
1854,2013-11-20 00:00:00,,2017-11-20 00:00:00,SUPREME PIZZA & SUB SHOP,WITHDRAWAL (6/22/2010),177B Massachusetts AV,Boston,MA,2115,42.34577,-71.08733999999998,False,Fenway/Kenmore,withdrawal (6/22/2010)
1855,2013-11-20 00:00:00,12/11/25 9:43,2029-12-11 09:41:00,SUPREME PIZZA & SUB SHOP,PIZZA & SUB SHOP,177B Massachusetts AV,Boston,MA,2115,42.34577,-71.08733999999998,True,Fenway/Kenmore,pizza & sub shop
1856,2017-07-20 13:55:00,7/6/21 12:33,2025-07-06 10:57:00,Symphony Market,Retail,291 Huntington AV,Boston,MA,2115,42.341522,-71.08681100000001,False,Fenway/Kenmore,retail
1857,2024-10-10 10:21:00,,2028-10-10 10:17:00,Symphony Market,Convenience Store,291 Huntington AV,Boston,MA,2115,42.341522,-71.08681100000001,True,Fenway/Kenmore,convenience store
1858,2019-10-04 14:49:00,9/21/23 14:16,2027-09-21 12:07:00,Symphony Place,Short-Term Rental,43 Saint Stephen ST,Boston,MA,2115,42.342498,-71.08705700000002,True,Fenway/Kenmore,short-term rental
1859,2024-10-10 10:22:00,,2028-10-10 10:20:00,Symphony Smoke Shop,Smoke Shop,293 Huntington AV,Boston,MA,2115,42.341457,-71.08689099999998,True,Fenway/Kenmore,smoke shop
1860,2025-01-17 11:41:00,,2029-01-17 11:39:00,Symphony Suites,Short Term Rental,58 Burbank ST,Boston,MA,2115,42.344275,-71.08865400000002,True,Fenway/Kenmore,short term rental
1861,2018-01-11 13:57:00,3/5/26 11:48,2030-03-05 11:48:00,Symphony Sushi,Restaurant,45 Gainsborough ST,Boston,MA,2115,42.34199,-71.08708100000001,True,Fenway/Kenmore,restaurant
1862,2024-07-29 13:52:00,,2028-07-29 13:51:00,Tao's,Cosmetic Retail,334 Newbury ST,Boston,MA,2115,42.348279,-71.08648299999999,True,Fenway/Kenmore,cosmetic retail
1863,2018-08-30 13:29:00,6/30/23 14:09,2027-06-28 00:00:00,Tatte Bakery + Cafe,Bakery + Cafe,369 Huntington AV,Boston,MA,2115,42.340346,-71.09066100000001,True,Fenway/Kenmore,bakery + cafe
1864,2020-07-07 14:57:00,8/7/24 14:21,2028-08-07 14:18:00,TBaar,Tea cafe,754 Huntington AVE,Mission Hill,MA,2115,42.333487,-71.10572400000001,True,Fenway/Kenmore,tea cafe
1865,2021-03-29 15:06:00,,2025-03-29 11:57:00,Technology Transitions,Consulting,492 Beacon ST,Boston,MA,2115,42.351257,-71.08925799999997,False,Fenway/Kenmore,consulting
1866,2018-11-29 12:30:00,,2022-11-29 12:28:00,Tecisa J Boutique,Online Retail,150 Saint Botolph ST,Boston,MA,2115,42.343206,-71.08248900000001,False,Fenway/Kenmore,online retail
1867,2016-11-01 11:11:00,,,Tedeschi Food Shops #37369,Convenience Store,141 Massachusetts AV,Boston,MA,2115,42.346822,-71.08772999999997,False,Fenway/Kenmore,convenience store
1868,2015-08-07 00:00:00,,2019-08-07 00:00:00,TEDESCHI FOOD SHOPS #65,,141 Massachusetts AV,Boston,MA,2115,42.346822,-71.08772999999997,False,Fenway/Kenmore,
1869,2012-09-07 00:00:00,,2016-09-07 00:00:00,TEDESCHI FOOD SHOPS (#65),RETAIL CONVENIENCE STORE,141 Massachusetts AV,Boston,MA,2115,42.346822,-71.08772999999997,False,Fenway/Kenmore,retail convenience store
1870,2021-05-20 14:28:00,6/18/25 13:28,2029-06-18 13:26:00,TGI Investment,investments,12 Mission Park DR,Boston,MA,2115,42.333904,-71.10804200000001,True,Fenway/Kenmore,investments
1871,2025-12-30 15:45:00,,2029-12-30 15:36:00,The 88 Club,Bowling Alley and Restaurant,50A Dalton ST,Boston,MA,2115,42.347065,-71.085643,True,Fenway/Kenmore,bowling alley and restaurant
1872,2021-04-22 10:51:00,,2025-04-22 10:49:00,The All Seeing Eye Security Services,unarmed guard services,7 Blackwood ST,Boston,MA,2115,42.342823,-71.08260100000001,False,Fenway/Kenmore,unarmed guard services
1873,2025-09-15 11:47:00,,2029-09-15 11:46:00,The Beauty Studio,Eyebrow Threading,197A Massachusetts AV,Boston,MA,2115,42.345233,-71.08704599999999,True,Fenway/Kenmore,eyebrow threading
1874,2024-06-26 11:24:00,,2028-06-26 11:19:00,The Boston Art Corps,Designer,373 Commonwealth AV,Boston,MA,2115,42.349509,-71.089245,True,Fenway/Kenmore,designer
1875,2018-04-13 12:33:00,,2022-04-13 12:32:00,The Boston Green Project,Non-Profit,292 Newbury ST,Boston,MA,2115,42.348811,-71.08464200000003,False,Fenway/Kenmore,non-profit
1876,2018-04-13 12:33:00,,2022-04-13 12:29:00,The Boston Saving Lives Project,Non-Profit,292 Newbury ST,Boston,MA,2115,42.348811,-71.08464200000003,False,Fenway/Kenmore,non-profit
1877,2018-09-17 12:51:00,9/26/22 11:09,2026-09-26 11:09:00,The Charlesgate Alliance,Non-Profit,423 Marlborough ST,Boston,MA,2115,42.35013,-71.08947,True,Fenway/Kenmore,non-profit
1878,2022-02-08 15:31:00,2/4/26 13:47,2030-02-04 11:24:00,The Christian Science Monitor,Publisher,210 Massachusetts AV,Boston,MA,2115,42.345115,-71.08590700000002,True,Fenway/Kenmore,publisher
1879,2022-02-08 15:31:00,2/4/26 13:46,2030-02-04 11:10:00,The Christian Science Publishing Society,Publisher,210 Massachusetts AV,Boston,MA,2115,42.345115,-71.08590700000002,True,Fenway/Kenmore,publisher
1880,2014-02-06 00:00:00,2/19/26 13:13,2030-02-19 13:12:00,THE CORNER TAVERN,RESTAURANT,33 Massachusetts AV,Boston,MA,2115,42.35029,-71.08951000000002,True,Fenway/Kenmore,restaurant
1881,2015-08-31 00:00:00,10/5/23 14:49,2027-10-05 14:42:00,THE ELIOT HOTEL,HOTEL,370 Commonwealth AV,Boston,MA,2115,42.348687,-71.08874700000001,True,Fenway/Kenmore,hotel
1882,2020-04-21 11:12:00,,2024-04-21 11:09:00,THE FIDDLEHEADS,Music group,1088 Boylston ST,Boston,MA,2115,42.346857,-71.08824099999998,False,Fenway/Kenmore,music group
1883,2014-08-11 00:00:00,8/12/22 14:58,2026-08-12 14:50:00,THE HOLISTIC ORGANIZER,PROF ORGANIZING & WELLNESS,650 Huntington AV,Mission Hill,MA,2115,42.335227,-71.10036300000002,True,Fenway/Kenmore,prof organizing & wellness
1884,2025-05-02 12:18:00,,2029-05-02 12:16:00,The Informed Frontier,Consulting / Advisory Services,445 Beacon ST,Boston,MA,2115,42.351142,-71.08747599999998,True,Fenway/Kenmore,consulting / advisory services
1885,2023-06-14 14:16:00,,2027-06-14 14:12:00,THE INN AT LONGWOOD MEDICAL,HOTEL LODGING,342 Longwood AV,Boston,MA,2115,42.338216,-71.106561,True,Fenway/Kenmore,hotel lodging
1886,2014-02-28 00:00:00,6/22/22 14:57,2026-06-22 14:50:00,THE ISOSCELES GROUP,CONSULTING,353 Newbury ST,Boston,MA,2115,42.348423,-71.08743800000002,True,Fenway/Kenmore,consulting
1887,2014-01-06 00:00:00,12/11/25 15:04,2029-12-11 14:01:00,THE JIMMY FUND,Cancer Institute/Hospital,450 Brookline AV,Boston,MA,2115,42.337556,-71.107641,True,Fenway/Kenmore,cancer institute/hospital
1888,2018-03-16 15:49:00,,2022-03-16 15:48:00,The Jimmy Fund,Cancer Institute Hospital,450 Brookline AV,Boston,MA,2115,42.337556,-71.107641,False,Fenway/Kenmore,cancer institute hospital
1889,2018-02-23 10:58:00,,2022-02-23 10:45:00,The Journee Network,Management Consulting,30 Symphony RD,Boston,MA,2115,42.342792,-71.088214,False,Fenway/Kenmore,management consulting
1890,2019-09-11 12:50:00,,2023-09-11 10:51:00,The Law Office of Danielle Simone Bart,Law Office,177 Huntington AV,Boston,MA,2115,42.344856,-71.08281599999998,False,Fenway/Kenmore,law office
1891,2015-01-16 00:00:00,1/12/23 11:23,2027-01-12 10:52:00,THE MARY BAKER EDDY COLLECTION,CHURCH,204 Massachusetts AV,Boston,MA,2115,42.345184,-71.08618100000001,True,Fenway/Kenmore,church
1892,2022-02-08 15:31:00,2/4/26 13:41,2030-02-04 11:16:00,The Mary Baker Eddy Library,Library Services & Exhibits,210 Massachusetts AV,Boston,MA,2115,42.345115,-71.08590700000002,True,Fenway/Kenmore,library services & exhibits
1893,2016-09-19 10:59:00,,,The Mary Baker Eddy Library f/the Betterment of Humanity,Library/Gift Shop,200 Massachusetts AV,Boston,MA,2115,42.345207,-71.08617700000002,False,Fenway/Kenmore,library/gift shop
1894,2025-08-08 09:53:00,,2029-08-08 09:51:00,The Midtown Hotel,Hotel,220 Huntington AV,Boston,MA,2115,42.343459,-71.08369099999999,True,Fenway/Kenmore,hotel
1895,2015-11-02 00:00:00,11/18/19 10:03,2023-11-18 10:02:00,THE MIDTOWN HOTEL,HOTEL,220 Huntington AV,Boston,MA,2115,42.343459,-71.08369099999999,False,Fenway/Kenmore,hotel
1896,2019-04-12 16:02:00,,2023-04-12 15:43:00,The North Face #014,Retail Apparel Store,326 Newbury ST,Boston,MA,2115,42.348379,-71.08610199999998,False,Fenway/Kenmore,retail apparel store
1897,2025-06-12 15:15:00,,2029-06-12 15:10:00,The Oncologic Athlete,Physical Therapy,400 Commonwealth AV,Boston,MA,2115,42.348467,-71.091091,True,Fenway/Kenmore,physical therapy
1898,2018-04-13 12:33:00,,2022-04-13 12:30:00,The Saving Lives Project,Non-Profit,292 Newbury ST,Boston,MA,2115,42.348811,-71.08464200000003,False,Fenway/Kenmore,non-profit
1899,2015-03-20 00:00:00,3/6/23 14:13,2027-03-06 11:46:00,THE WRITINGS OF MARY BAKER EDDY,CHURCH,204 Massachusetts AV,Boston,MA,2115,42.345184,-71.08618100000001,True,Fenway/Kenmore,church
1900,2022-05-06 12:56:00,,2026-05-06 12:54:00,Thomas B Miller,Short Term Rental,386 Commonwealth AV,Boston,MA,2115,42.348586,-71.08986400000003,True,Fenway/Kenmore,short term rental
1901,2019-10-15 14:06:00,5/24/24 12:11,2028-05-24 12:09:00,Thornton's Restaurant,Restaurant,150 Huntington AV,Boston,MA,2115,42.344976,-71.08185000000003,True,Fenway/Kenmore,restaurant
1902,2019-07-05 14:03:00,7/31/23 15:39,2027-07-31 13:45:00,Title Boxing Club,Boxing Club,338 Newbury ST,Boston,MA,2115,42.348298,-71.086637,True,Fenway/Kenmore,boxing club
1903,2025-09-22 17:11:00,,2029-09-22 11:19:00,TITTLE BOXING CLUB NEWBURY STREET,Fitness Studio,338 Newbury ST,Boston,MA,2115,42.348298,-71.086637,True,Fenway/Kenmore,fitness studio
1904,2016-04-11 00:00:00,8/15/24 14:21,2028-08-15 10:59:00,TJ MAXX #1447,RETAIL - FAMILY APPAREL,360 Newbury ST,Boston,MA,2115,42.348038,-71.08765299999999,True,Fenway/Kenmore,retail - family apparel
1905,2022-04-25 09:36:00,3/24/26 14:51,2030-03-24 14:48:00,Tori Japan,Restaurant,1110 Boylston ST,Boston,MA,2115,42.346814,-71.08862799999997,True,Fenway/Kenmore,restaurant
1906,2014-08-01 00:00:00,7/11/22 15:38,2026-07-11 12:53:00,TOWN'S NAILS & SKIN SALON,NAILS & SALON,336 Newbury ST,Boston,MA,2115,42.348346,-71.08651399999997,True,Fenway/Kenmore,nails & salon
1907,2017-10-31 16:01:00,10/28/25 13:50,2029-10-28 11:20:00,Trader Joe's #510,Retail Grocery,899 Boylston ST,Boston,MA,2115,42.348445,-71.08410100000003,True,Fenway/Kenmore,retail grocery
1908,2019-01-11 11:42:00,,2023-01-11 11:32:00,Trendmill,Online Advertising Solutions,177 Huntington AV,Boston,MA,2115,42.344856,-71.08281599999998,False,Fenway/Kenmore,online advertising solutions
1909,2013-12-02 00:00:00,11/19/25 15:44,2029-11-19 12:33:00,TRIDENT BOOKSELLERS & CAFE,RETAIL & FOOD SERVICE,338 Newbury ST,Boston,MA,2115,42.348298,-71.086637,True,Fenway/Kenmore,retail & food service
1910,2025-09-09 13:03:00,,2029-09-09 13:02:00,Tulloch Group,Property Services (Non Construction),316 Huntington AV,Boston,MA,2115,42.340653,-71.08728000000002,True,Fenway/Kenmore,property services (non construction)
1911,2018-04-04 14:36:00,3/22/22 14:41,2026-03-22 14:38:00,Two Saints Tavern,Restaurant & Bar,52 Gainsborough ST,Boston,MA,2115,42.34176,-71.08736099999999,False,Fenway/Kenmore,restaurant & bar
1912,2023-12-27 14:47:00,,2027-12-27 13:27:00,UGG,Retail Store,344 Newbury ST,Boston,MA,2115,42.348181,-71.08684900000003,True,Fenway/Kenmore,retail store
1913,2015-08-31 00:00:00,10/5/23 14:48,2027-10-05 14:43:00,UNI,RESTAURANT,370 Commonwealth AV,Boston,MA,2115,42.348687,-71.08874700000001,True,Fenway/Kenmore,restaurant
1914,2015-09-14 00:00:00,8/29/23 14:11,2027-08-29 14:08:00,UNIVERSITY HOUSE OF PIZZA,RESTAURANT,452 Huntington AV,Boston,MA,2115,42.338553,-71.09281799999997,True,Fenway/Kenmore,restaurant
1915,2015-08-03 00:00:00,3/6/24 13:28,2028-03-06 11:44:00,UPS STORE 0348,RETAIL,292 Newbury ST,Boston,MA,2115,42.348811,-71.08464200000003,True,Fenway/Kenmore,retail
1916,2019-03-08 09:03:00,,2023-03-08 09:03:00,Urban Identifier,Consulting,409 Marlborough ST,Boston,MA,2115,42.350389,-71.08887300000004,False,Fenway/Kenmore,consulting
1917,2019-08-26 16:30:00,,2023-08-26 16:20:00,Urban Outfiitters,Retail Clothing,899 Boylston ST,Boston,MA,2115,42.348445,-71.08410100000003,False,Fenway/Kenmore,retail clothing
1918,2023-10-05 09:56:00,,2027-10-05 09:42:00,Urban Outfitters #9,Clothing Sales,361 Newbury ST,Boston,MA,2115,42.348336,-71.08797300000003,True,Fenway/Kenmore,clothing sales
1919,2017-05-22 11:41:00,,,Urbane Galore 81,Blog/E-Commerce,292 Newbury ST,Boston,MA,2115,42.348811,-71.08464200000003,False,Fenway/Kenmore,blog/e-commerce
1920,2025-10-16 11:52:00,,2029-10-16 11:50:00,Use Creations,General Services / Procurment,361 Newbury ST,Boston,MA,2115,42.348336,-71.08797300000003,True,Fenway/Kenmore,general services / procurment
1921,2018-02-13 11:03:00,,2022-02-13 11:02:00,USMLE Pro Tutors,Tutoring Agency,107 Avenue Louis Pasteur,Boston,MA,2115,42.33764,-71.10417000000001,False,Fenway/Kenmore,tutoring agency
1922,2016-02-01 00:00:00,1/18/24 15:11,2028-01-18 14:52:00,V TANGLEWOOD STUDIO,TAX PREPARER,174 Saint Botolph ST,Boston,MA,2115,42.342677,-71.083193,True,Fenway/Kenmore,tax preparer
1923,2015-02-27 00:00:00,2/23/23 10:54,2027-02-23 10:52:00,VAGABOND ENTERTAINMENT,ART & ENTERTAINMENT,70 Park DR,Boston,MA,2115,42.341941,-71.09488599999997,True,Fenway/Kenmore,art & entertainment
1924,2024-03-29 16:46:00,,2028-03-29 16:43:00,Vange's None Medical Homecare Agency,Non Medical Staffing Agency,361 Newbury ST,Boston,MA,2115,42.348336,-71.08797300000003,True,Fenway/Kenmore,non medical staffing agency
1925,2024-04-30 13:57:00,,2028-04-30 13:31:00,Veya,e-Commerce,177 Huntington AV,Boston,MA,2115,42.344856,-71.08281599999998,True,Fenway/Kenmore,e-commerce
1926,2014-07-25 00:00:00,5/4/18 11:27,2022-05-04 10:23:00,VIGO REMITTANCE,MONEY TRANSFER MACHINE,150 Huntington AV,Boston,MA,2115,42.344976,-71.08185000000003,False,Fenway/Kenmore,money transfer machine
1927,2019-12-06 13:00:00,,2023-12-06 12:58:00,Villa Luisa,Restaurant,316 Newbury ST,Boston,MA,2115,42.348612,-71.08541200000002,False,Fenway/Kenmore,restaurant
1928,2022-05-04 14:09:00,,2026-05-04 14:08:00,vipticketconsignment.com,Ticket Resale,375 Commonwealth AV,Boston,MA,2115,42.349489,-71.08938999999998,True,Fenway/Kenmore,ticket resale
1929,2015-08-24 00:00:00,10/27/25 16:16,2029-10-27 15:52:00,VIRTUOSITY MUSICAL INSTRUMENTS,RETAIL,234 Huntington AV,Boston,MA,2115,42.342991,-71.08431200000001,True,Fenway/Kenmore,retail
1930,2014-09-22 00:00:00,,2018-09-22 00:00:00,VISELLI SANTORO SALON,HAIR SALON,297 Newbury ST,Boston,MA,2115,42.34913,-71.08524799999998,False,Fenway/Kenmore,hair salon
1931,2015-07-27 00:00:00,,2019-07-27 00:00:00,VISELLI SANTORO SALON,WITHDRAWAL (9/22/14),297 Newbury ST,Boston,MA,2115,42.34913,-71.08524799999998,False,Fenway/Kenmore,withdrawal (9/22/14)
1932,2016-12-01 14:16:00,9/10/25 8:48,2029-09-10 08:47:00,Viyada Thai Spa,Spa,336 Newbury ST,Boston,MA,2115,42.348346,-71.08651399999997,True,Fenway/Kenmore,spa
1933,2015-06-09 00:00:00,8/10/23 14:47,2027-08-10 14:45:00,WALKING BOSTON,WALKING TOURS,221 Massachusetts AV,Boston,MA,2115,42.34448,-71.08681999999999,True,Fenway/Kenmore,walking tours
1934,2013-09-30 00:00:00,10/20/25 16:39,2029-10-20 14:58:00,WARSHAUER & SANTAMARIA,DENTAL OFFICE,396 Commonwealth AV,Boston,MA,2115,42.348617,-71.090531,True,Fenway/Kenmore,dental office
1935,2021-12-08 09:58:00,,2025-12-08 09:57:00,Weather Guard Roofing,Roofing Contractor,359 Newbury ST,Boston,MA,2115,42.348373,-71.087831,False,Fenway/Kenmore,roofing contractor
1936,2022-08-09 14:43:00,,2026-08-09 14:42:00,Webstudio Boston,Internet Design/Marketing/Development,361 Newbury ST,Boston,MA,2115,42.348336,-71.08797300000003,True,Fenway/Kenmore,internet design/marketing/development
1937,2016-08-26 11:48:00,9/10/24 16:27,2028-09-10 15:30:00,Wendy's,Fast Food Restaurant,150 Massachusetts AV,Boston,MA,2115,42.34667,-71.08717999999999,True,Fenway/Kenmore,fast food restaurant
1938,2013-12-20 00:00:00,12/3/25 13:14,2029-12-03 10:50:00,WHOLE FOODS MARKET,GROCERY STORE,15 Westland AV,Boston,MA,2115,42.343893,-71.087267,True,Fenway/Kenmore,grocery store
1939,2024-02-20 10:49:00,,2028-02-20 10:45:00,WILD DUCK FOOD MARKET,food market,362 Commonwealth AV,Boston,MA,2115,42.348785,-71.08820100000003,True,Fenway/Kenmore,food market
1940,2023-02-10 11:02:00,,2027-02-10 11:01:00,WILD DUCK SMOKE SHOP,Smoke Shop,90 A Massachusetts AV,Boston,MA,2115,41.54910757577113,-70.56364761612622,True,Fenway/Kenmore,smoke shop
1941,2017-09-20 13:41:00,6/24/25 8:38,2029-06-24 07:18:00,WinnResidential - St Botolph,Property Management,351 Massachusetts AV,Boston,MA,2115,42.34193,-71.08416,True,Fenway/Kenmore,property management
1942,2022-12-28 16:01:00,,2026-12-28 15:59:00,With A Twist New England,Mobile Bartending,361 Newbury ST,Boston,MA,2115,42.348336,-71.08797300000003,True,Fenway/Kenmore,mobile bartending
1943,2020-07-24 10:18:00,,2024-07-24 10:17:00,Work Skirt,online job search engine,355 Massachusetts AV,Boston,MA,2115,42.34186,-71.08402999999998,False,Fenway/Kenmore,online job search engine
1944,2015-02-02 00:00:00,2/4/19 13:32,2023-02-04 12:25:00,WWW.ENTRYONLY.COM,REAL ESTATE,292 Newbury ST,Boston,MA,2115,42.348811,-71.08464200000003,False,Fenway/Kenmore,real estate
1945,2024-07-30 10:25:00,,2028-07-30 10:23:00,Yard-Aid,Landscape,400 Marlborough ST,Boston,MA,2115,42.350065,-71.08817499999998,True,Fenway/Kenmore,landscape
1946,2014-04-08 00:00:00,3/13/26 15:41,2030-03-13 15:40:00,YE OLDE BOSTON TOURS,WALKING TOURS,292 Newbury ST,Boston,MA,2115,42.348811,-71.08464200000003,True,Fenway/Kenmore,walking tours
1947,2023-10-20 10:30:00,,2027-10-20 10:25:00,YGF MALATANG,CAFE/RESTAURANT,137 Massachusetts AV,Boston,MA,2115,42.346987,-71.087808,True,Fenway/Kenmore,cafe/restaurant
1948,2025-02-07 15:51:00,,2029-02-07 15:48:00,Ziggy Billy,Online Tutoring Services,40 Fenwood RD,Boston,MA,2115,42.33461,-71.10725000000002,True,Fenway/Kenmore,online tutoring services
1949,2024-04-24 15:11:00,,2028-04-24 13:35:00,Zuma,Restaurant,1 Dalton ST,Boston,MA,2115,42.345818,-71.08411100000001,True,Fenway/Kenmore,restaurant
1950,2022-12-05 14:54:00,,2026-12-05 14:53:00,1 ONSLOW TERRACE,Short Term Rental,1 Onslow TE,South Boston,MA,2127,42.33365,-71.03201999999999,True,South Boston,short term rental
1951,2023-01-27 15:17:00,,2027-01-27 15:16:00,110 Tudor,Short Term Rental,110 Tudor ST,South Boston,MA,2127,42.336447,-71.05318299999999,True,South Boston,short term rental
1952,2026-03-16 14:48:00,,2030-03-16 14:47:00,13 Emmet Condo,Short-Term Rental,13 Emmet ST,South Boston,MA,2127,42.337021,-71.03862400000003,True,South Boston,short-term rental
1953,2022-08-30 13:36:00,,2026-08-30 13:21:00,131 N STREET,SHORT TERM RENTAL,131 N ST,South Boston,MA,2127,42.333793,-71.031385,True,South Boston,short term rental
1954,2023-02-16 15:25:00,,2027-02-16 11:56:00,142 WEST EIGHTH STREET,SHORT TERM RENTAL,142 Eighth ST,South Boston,MA,2127,42.334897,-71.05344400000001,True,South Boston,short term rental
1955,2022-09-26 14:11:00,,2026-09-26 14:07:00,148 W9th Apt 4 Rental,Short Term Rental,148 Ninth ST,South Boston,MA,2127,42.334441,-71.05377099999998,True,South Boston,short term rental
1956,2019-09-30 11:46:00,9/8/23 2:27,2027-09-07 15:22:00,169 I Street Air BnB,Short term Rental,169 I ST,South Boston,MA,2127,42.332385,-71.04003899999998,True,South Boston,short term rental
1957,2020-01-17 16:06:00,,2024-01-17 14:21:00,173 West Seventh Rental,Short Term Rental,173 Seventh ST,South Boston,MA,2127,42.334725,-71.05171999999999,False,South Boston,short term rental
1958,2024-04-11 15:48:00,,2028-04-11 10:47:00,18 GATES STR,SHORT TERM RENTAL,18 Gates ST,South Boston,MA,2127,42.333473,-71.04807499999998,True,South Boston,short term rental
1959,2019-09-26 15:47:00,,2023-09-26 15:44:00,21 Plus Shop,Smoke Shop,100 Dorchester ST,South Boston,MA,2127,42.33526,-71.04572999999999,False,South Boston,smoke shop
1960,2024-05-22 11:39:00,,2028-05-22 10:38:00,232 Dorchester St,SHORT TERM RENTAL,232 Dorchester ST,South Boston,MA,2127,42.332826,-71.05084699999998,True,South Boston,short term rental
1961,2024-09-12 14:37:00,,2028-09-12 14:37:00,273 Dorchester AirBnB,STR,273 Dorchester ST,South Boston,MA,2127,42.332347,-71.05222000000003,True,South Boston,str
1962,2023-10-18 11:45:00,,2027-10-18 11:42:00,277 W Third St #2 Rental,STR,277 Third ST,South Boston,MA,2127,42.337948,-71.04760799999997,True,South Boston,str
1963,2024-03-01 15:44:00,,2028-03-01 15:41:00,"288 E ST, #3",Short Term Rental,288 E ST,South Boston,MA,2127,42.336927,-71.050566,True,South Boston,short term rental
1964,2023-01-09 15:08:00,,2027-01-09 15:06:00,365 Capital,Real Estate,11 Elkins ST,South Boston,MA,2127,42.339353,-71.03612900000002,True,South Boston,real estate
1965,2019-08-06 11:39:00,9/14/23 9:49,2027-09-14 09:48:00,375 Silver Street Realty,Short Term Rental,375 Silver ST,South Boston,MA,2127,42.334924,-71.044962,True,South Boston,short term rental
1966,2019-02-01 14:57:00,,2023-02-01 14:57:00,3rd Street Salvage,Online Retail,580 Third ST,South Boston,MA,2127,42.336626,-71.036719,False,South Boston,online retail
1967,2019-02-04 13:38:00,,2023-02-04 13:18:00,429 -2 Short Term Rental,Short Term Rental,429 Third ST,South Boston,MA,2127,42.336221,-71.04308500000002,False,South Boston,short term rental
1968,2022-08-04 10:59:00,,2026-08-04 10:58:00,48 Telegraph,Short Term Rental,48 Telegraph ST,South Boston,MA,2127,42.333067,-71.04877099999999,True,South Boston,short term rental
1969,2023-10-13 15:18:00,,2027-10-13 15:15:00,588 E 7th STR,Short Term Rental,588 Seventh ST,South Boston,MA,2127,42.33241,-71.036722,True,South Boston,short term rental
1970,2025-06-09 15:48:00,,2029-06-09 15:47:00,6 Bay State,STR,6 Bay State PL,South Boston,MA,2127,42.33778,-71.03793999999999,True,South Boston,str
1971,2020-01-27 14:03:00,5/3/24 13:20,2028-05-03 11:11:00,60 P Street,Short Term Rental,60 P ST,South Boston,MA,2127,42.336302,-71.026722,True,South Boston,short term rental
1972,2019-05-29 14:46:00,4/12/23 15:06,2027-04-12 11:49:00,607 East Second Air Bnb,Short-Term Rental,599 Broadway,South Boston,MA,2127,42.33537,-71.04032000000001,True,South Boston,short-term rental
1973,2014-05-27 00:00:00,,2018-05-27 00:00:00,617 JUNK,JUNK REMOVAL,96 F ST,South Boston,MA,2127,42.335729,-71.04925700000001,False,South Boston,junk removal
1974,2016-02-08 00:00:00,,2020-02-08 00:00:00,617 JUNK,WITHDRAWAL (5/27/14),96 F ST,South Boston,MA,2127,42.335729,-71.04925700000001,False,South Boston,withdrawal (5/27/14)
1975,2015-01-23 00:00:00,,2019-01-23 00:00:00,7 ELEVEN #335921,WITHDRAWAL (1/15/14),673 Broadway,South Boston,MA,2127,42.33543,-71.03762999999998,False,South Boston,withdrawal (1/15/14)
1976,2019-03-05 12:45:00,,2023-03-05 12:41:00,7 Eleven #33592J,Convenience Store,673 Broadway,South Boston,MA,2127,42.33543,-71.03762999999998,False,South Boston,convenience store
1977,2025-08-20 13:41:00,,2029-08-20 13:40:00,750 Condo Association,Condo Association,750 Fourth ST,South Boston,MA,2127,42.334964,-71.034334,True,South Boston,condo association
1978,2014-01-15 00:00:00,,2018-01-15 00:00:00,7-ELEVEN #33592A,CONVENIENCE STORE,673 Broadway,South Boston,MA,2127,42.33543,-71.03762999999998,False,South Boston,convenience store
1979,2026-03-23 16:25:00,,2030-03-23 10:14:00,7-Eleven 33568C,Retail Convenience Store,473 Broadway,South Boston,MA,2127,42.335551,-71.04611,True,South Boston,retail convenience store
1980,2019-10-29 13:19:00,12/4/23 15:25,2027-12-04 12:43:00,7-Eleven 37492B,Retail Grocery Convenience Store,566 Dorchester AV,South Boston,MA,2127,42.330305,-71.05656699999997,True,South Boston,retail grocery convenience store
1981,2022-05-09 10:35:00,,2026-05-09 10:31:00,816 E. FIFTH ST,Short Term Rental,816 Fifth ST,South Boston,MA,2127,42.334229,-71.02792199999999,True,South Boston,short term rental
1982,2025-09-18 11:53:00,,2029-09-18 11:52:00,90 I St. Short Term Rental,Short-Term Rental,96 I ST,South Boston,MA,2127,42.334979,-71.03976599999999,True,South Boston,short-term rental
1983,2023-12-11 12:34:00,,2027-12-11 12:32:00,98 Old Harbor St,Short Term Rental,98 Old Harbor ST,South Boston,MA,2127,42.331685,-71.04724599999997,True,South Boston,short term rental
1984,2022-01-04 15:20:00,,2026-01-04 15:17:00,A Chip A Chair Productions,Film Production,630 Broadway,South Boston,MA,2127,42.335744,-71.039243,False,South Boston,film production
1985,2022-09-01 11:48:00,,2026-09-01 11:46:00,A Spot of Therapy,Speech & Occupational Therapy,308 K ST,South Boston,MA,2127,42.333187,-71.03716600000001,True,South Boston,speech & occupational therapy
1986,2015-04-25 00:00:00,,2019-04-25 00:00:00,A&M PROPERTY MANAGEMENT,WITHDRAWN (5/27/14),526 Fifth ST,South Boston,MA,2127,42.334161,-71.039376,False,South Boston,withdrawn (5/27/14)
1987,2026-03-18 11:53:00,,2030-03-18 11:52:00,A.T. Property Services,Exterior Property Services,66 Orton Marotta WA,South Boston,MA,2127,42.338249,-71.055001,True,South Boston,exterior property services
1988,2018-12-04 12:46:00,,2022-12-04 12:46:00,AB Construction,Construction,5 G ST,South Boston,MA,2127,42.336098,-71.044467,False,South Boston,construction
1989,2024-02-09 16:18:00,,2028-02-09 16:17:00,ABACUS BUILDERS & GENERAL CONTRACTORS,General contractor,190 Old Colony AV,South Boston,MA,2127,42.333588,-71.05400700000001,True,South Boston,general contractor
1990,2026-01-21 16:36:00,,2030-01-21 16:32:00,Able Publishing,Literary/Media Publishing,320 D ST,South Boston,MA,2127,42.340972,-71.04964899999999,True,South Boston,literary/media publishing
1991,2026-01-21 16:36:00,,2030-01-21 16:29:00,ABLE Records,Record Label,320 D ST,South Boston,MA,2127,42.340972,-71.04964899999999,True,South Boston,record label
1992,2023-08-03 15:22:00,,2027-08-03 14:13:00,AC3 MEDIA,PRODUCTION COMPANY,630 Broadway,South Boston,MA,2127,42.335744,-71.039243,True,South Boston,production company
1993,2018-08-28 09:12:00,,2022-08-28 09:10:00,Acosta Real Estate,Residential Real Estate,816 Fifth ST,South Boston,MA,2127,42.334229,-71.02792199999999,False,South Boston,residential real estate
1994,2016-03-21 00:00:00,1/30/24 13:12,2028-01-30 13:09:00,ADVANCED HAIR DESIGN,HAIR SALON,487 Broadway,South Boston,MA,2127,42.33527,-71.04543999999999,True,South Boston,hair salon
1995,2020-07-24 10:08:00,7/25/24 14:44,2028-07-25 14:41:00,Advancing Agency,Consulting,125 B ST,South Boston,MA,2127,42.34128,-71.05307900000003,True,South Boston,consulting
1996,2014-10-17 00:00:00,12/5/22 11:00,2026-12-05 10:56:00,AG LUXURY PROPERTIES,REAL ESTATE SALES AND RENTALS,732 Broadway,South Boston,MA,2127,42.335868,-71.03605099999999,True,South Boston,real estate sales and rentals
1997,2024-08-09 10:22:00,,2028-08-09 10:19:00,AG PARTNERS,Marketing and Sales,470 Broadway,South Boston,MA,2127,42.33561271913169,-71.03650826260878,True,South Boston,marketing and sales
1998,2025-11-19 11:21:00,,2029-11-19 11:20:00,"Agavero, Guac & Margs",Restaurant,360 West Broadway,South Boston,MA,2127,42.338143,-71.04936499999997,True,South Boston,restaurant
1999,2020-07-08 13:52:00,,2024-07-08 13:51:00,AKS TAKEOUT,Fast Food Takeout,309 D ST,South Boston,MA,2127,42.33998,-71.04924,False,South Boston,fast food takeout
2000,2022-01-20 10:37:00,,2026-01-20 10:31:00,Alchemista,Buy and Sell Food Products,1 Ellery ST,South Boston,MA,2127,42.33101,-71.05773599999998,False,South Boston,buy and sell food products
2001,2017-01-26 15:27:00,8/14/25 12:54,2029-08-14 12:50:00,Alfredo's Italian Kitchen,Restaurant,243 Dorchester ST,South Boston,MA,2127,42.332874,-71.05127700000003,True,South Boston,restaurant
2002,2021-04-01 14:44:00,,2025-04-01 14:41:00,All Covid PPE,Online retail,604A Dorchester AV,South Boston,MA,2127,42.329157,-71.05670099999998,False,South Boston,online retail
2003,2024-07-22 11:08:00,,2028-07-22 11:06:00,ALMAS ALEGRE FAMILY CHILD CARE,Daycare,150 D ST,South Boston,MA,2127,42.336749,-71.05371100000002,True,South Boston,daycare
2004,2023-12-14 13:52:00,,2027-12-14 13:51:00,alphai,AI/Technology,105 Third ST,South Boston,MA,2127,42.341156,-71.052751,True,South Boston,ai/technology
2005,2016-08-11 13:15:00,,,Alrazzag Service,Livery Service,1 Douglas ST,South Boston,MA,2127,42.331055,-71.04292199999998,False,South Boston,livery service
2006,2019-09-03 13:19:00,,2023-09-03 13:18:00,Al's Bottled Liquors,Retail Package Store,226 Broadway,South Boston,MA,2127,42.340048,-71.05229199999997,False,South Boston,retail package store
2007,2021-06-28 11:19:00,,2025-06-28 11:16:00,ALWAYS EATIN,Contractor/Social Media Management,165 Third ST,South Boston,MA,2127,42.340007,-71.05082400000003,False,South Boston,contractor/social media management
2008,2019-06-03 15:46:00,,2023-06-03 15:42:00,Alzheimer's Medical Center,Herbal Medicine,236 Dorchester ST,South Boston,MA,2127,42.332542,-71.05130700000001,False,South Boston,herbal medicine
2009,2022-08-05 10:26:00,,2026-08-05 10:14:00,Amanda Driscoll Movement,Personal Training & Mindset,33 I ST,South Boston,MA,2127,42.336984,-71.04013500000002,True,South Boston,personal training & mindset
2010,2013-05-01 00:00:00,,2017-05-01 00:00:00,AMERICAN CLEANERS,WITHDRAWAL(3/16/2012),541 Broadway,South Boston,MA,2127,42.335317,-71.04243099999997,False,South Boston,withdrawal(3/16/2012)
2011,2013-05-01 00:00:00,,2017-05-01 00:00:00,AMERICAN CLEANERS,DRYCLEANERS,541 Broadway,South Boston,MA,2127,42.335317,-71.04243099999997,False,South Boston,drycleaners
2012,2014-12-18 00:00:00,,2018-12-18 00:00:00,AMERICAN CLEANERS,WITHDRAWAL (5/1/13),541 Broadway,South Boston,MA,2127,42.335317,-71.04243099999997,False,South Boston,withdrawal (5/1/13)
2013,2019-05-31 15:41:00,,2023-05-31 15:39:00,American Constable Service Associates,constable services,824 Third ST,South Boston,MA,2127,42.336824,-71.026726,False,South Boston,constable services
2014,2018-12-13 10:08:00,12/13/22 11:39,2026-12-13 11:35:00,American Dry Cleaners,Dry Cleaners,541 Broadway,South Boston,MA,2127,42.335317,-71.04243099999997,True,South Boston,dry cleaners
2015,2016-01-12 00:00:00,11/1/23 12:03,2027-11-01 11:14:00,AMERICAN PROVISIONS,SPECIALTY SHOP,613 Broadway,South Boston,MA,2127,42.33538,-71.03982000000002,True,South Boston,specialty shop
2016,2014-06-05 00:00:00,6/9/22 9:46,2026-06-09 09:44:00,AMRHEINS RESTAURANT,RESTAURANT,80 Broadway,South Boston,MA,2127,42.34192,-71.05524000000003,True,South Boston,restaurant
2017,2022-03-28 14:10:00,,2026-03-28 14:07:00,Amy The Dogwalker & Other Pet Services,Dog Walker and Pet Services,759 Broadway,South Boston,MA,2127,42.335454,-71.03500300000002,False,South Boston,dog walker and pet services
2018,2014-08-26 00:00:00,8/15/22 12:23,2026-08-15 12:20:00,AMY'S LAUNDROMAT,LAUNDROMAT,143 Dorchester ST,South Boston,MA,2127,42.334737,-71.04769099999999,True,South Boston,laundromat
2019,2018-12-13 15:01:00,11/17/22 12:07,2026-11-17 11:53:00,Andrew Square House of Pizza,Pizzeria,395 Dorchester ST,South Boston,MA,2127,42.330061,-71.056576,True,South Boston,pizzeria
2020,2022-04-25 13:50:00,,2026-04-25 13:10:00,Andrew Square Liquors,Package Store,605 Dorchester AV,South Boston,MA,2127,42.328926,-71.057119,True,South Boston,package store
2021,2023-10-05 09:59:00,,2027-10-05 09:59:00,Andrew Square Nails Spa,Nail Salon Owner,385 Dorchester AV,South Boston,MA,2127,42.334598,-71.05800099999999,True,South Boston,nail salon owner
2022,2015-09-30 00:00:00,10/27/23 13:39,2027-10-27 12:46:00,"ANN MARIE MCLAUGHLIN, CFP",TAX RETURN PREPARER,184 Athens ST,South Boston,MA,2127,42.340068,-71.051511,True,South Boston,tax return preparer
2023,2023-09-26 15:48:00,,2027-09-26 15:46:00,Annies Bakery And Cafe,Bakery & Cafe,753 Broadway,South Boston,MA,2127,42.335436,-71.03522700000002,True,South Boston,bakery & cafe
2024,2018-05-04 08:57:00,7/15/22 14:11,2026-07-15 14:09:00,Anzo Creative,Internet-Website Design,150 Dorchester AV,South Boston,MA,2127,42.341659,-71.056576,True,South Boston,internet-website design
2025,2015-09-25 00:00:00,11/16/23 11:47,2027-11-16 11:42:00,APPLEBEE'S NEIGHBORHOOD GRILL & BAR,RESTAURANT,205 Fifth ST,South Boston,MA,2127,42.335237,-71.05083100000002,True,South Boston,restaurant
2026,2025-10-29 14:53:00,,2029-10-29 14:51:00,AR Host,Short Term Rental,354 Athens ST,South Boston,MA,2127,42.33691,-71.04656,True,South Boston,short term rental
2027,2024-01-18 12:52:00,,2028-01-18 12:51:00,AR Host,STR,121 F ST,South Boston,MA,2127,42.33623,-71.04819399999997,True,South Boston,str
2028,2013-10-15 00:00:00,8/3/21 9:13,2025-08-03 09:10:00,ARMANY BARBER SHOP,BARBER SHOP,397 Dorchester ST,South Boston,MA,2127,42.329978,-71.056669,False,South Boston,barber shop
2029,2013-02-22 00:00:00,,2017-02-22 00:00:00,ARMANY BARBER SHOP,BARBER SHOP,397 Dorchester ST,South Boston,MA,2127,42.329978,-71.056669,False,South Boston,barber shop
2030,2013-10-15 00:00:00,,2017-10-15 00:00:00,ARMANY BARBER SHOP,WITHDRAWAL (2/22/2013),397 Dorchester ST,South Boston,MA,2127,42.329978,-71.056669,False,South Boston,withdrawal (2/22/2013)
2031,2013-02-22 00:00:00,,2017-02-22 00:00:00,ARMANY BARBER SHOP,WITHDRAWAL (1/5/10),397 Dorchester ST,South Boston,MA,2127,42.329978,-71.056669,False,South Boston,withdrawal (1/5/10)
2032,2024-03-21 14:16:00,,2028-03-21 14:13:00,Armstrong Remodeling,Remodeling,60 Ellery ST,South Boston,MA,2127,42.32946575193187,-71.05822207820643,True,South Boston,remodeling
2033,2015-01-15 00:00:00,2/25/19 14:30,2023-02-25 14:25:00,ARTESIANIA,INTERIOR DESIGN,1612 Columbia RD,South Boston,MA,2127,42.329885,-71.03710899999999,False,South Boston,interior design
2034,2016-06-08 12:45:00,7/11/24 14:56,2028-07-11 11:23:00,Artist Operation,Design and Consultation,516 Second ST,South Boston,MA,2127,42.337385,-71.04192899999998,True,South Boston,design and consultation
2035,2025-08-29 11:49:00,,2029-08-29 11:47:00,Artistic Threading,Eyebrow threading,643 Broadway,South Boston,MA,2127,42.33542,-71.03877,True,South Boston,eyebrow threading
2036,2022-03-16 12:22:00,3/10/26 11:52,2030-03-10 11:50:00,Assembly Nail Bar,Nail Salon,315 Broadway,South Boston,MA,2127,42.338378,-71.05056300000001,True,South Boston,nail salon
2037,2024-01-18 15:19:00,,2028-01-18 15:16:00,AT&T Authorized Retailer,Service Retail,366 Broadway,South Boston,MA,2127,42.33803,-71.04921999999999,True,South Boston,service retail
2038,2023-02-02 10:38:00,,2027-02-02 10:35:00,ATHENS APARTMENT ONE,Short Term Rental,308 Athens ST,South Boston,MA,2127,42.337698,-71.04778299999998,True,South Boston,short term rental
2039,2020-02-21 16:12:00,,2024-02-21 15:48:00,Austin 158,Short Term Rental,205 E ST,South Boston,MA,2127,42.334402,-71.05275,False,South Boston,short term rental
2040,2026-03-06 13:14:00,,2030-03-06 13:13:00,Avant Garde Home,Social Media and Content Creator,580 Broadway,South Boston,MA,2127,42.3357,-71.04095999999998,True,South Boston,social media and content creator
2041,2019-10-02 14:16:00,,2023-10-02 14:15:00,Avelino Montes Worldwide,Online Retail,81 Orton-Marotta WY,South Boston,MA,2127,42.337822,-71.05488600000001,False,South Boston,online retail
2042,2022-03-09 15:49:00,3/16/26 10:59,2030-03-16 10:57:00,Azmera African Hairbraiding,Hair Braiding,163 Old Colony AV,South Boston,MA,2127,42.334034,-71.05503099999999,True,South Boston,hair braiding
2043,2013-08-09 00:00:00,5/16/22 12:59,2026-05-16 11:17:00,B & 4TH STREET VARIETY,CONVENIENCE STORE,178 Fourth ST,South Boston,MA,2127,42.340298,-71.05475799999999,True,South Boston,convenience store
2044,2015-05-27 00:00:00,5/23/19 10:04,2023-05-23 10:03:00,B FIT WITH SAMANTHA,FITNESS,17 Middle ST,South Boston,MA,2127,42.331334,-71.05479400000002,False,South Boston,fitness
2045,2019-10-15 13:56:00,9/27/23 12:17,2027-09-27 12:15:00,B Street STR,Short-Term Rental,147 B ST,South Boston,MA,2127,42.341952,-71.052347,True,South Boston,short-term rental
2046,2023-01-27 13:19:00,,2027-01-27 13:17:00,B/Spoke,Fitness Studio,54 Old Colony AV,South Boston,MA,2127,42.336578,-71.05597699999998,True,South Boston,fitness studio
2047,2022-10-19 13:32:00,,2026-10-19 11:34:00,BADPUP PRODUCTIONS,EVENT PRODUCTION AND CONSULTING,185 Fifth ST,South Boston,MA,2127,42.336877,-71.05174,True,South Boston,event production and consulting
2048,2016-05-19 00:00:00,12/31/24 15:03,2028-12-31 14:55:00,BAILEY'S TOO,CONVENIENCE STORE,354 Broadway,South Boston,MA,2127,42.338171,-71.04942,True,South Boston,convenience store
2049,2018-06-06 13:22:00,5/16/22 12:16,2026-05-16 12:12:00,Baltic Deli,Deli Shop,632 Dorchester AV,South Boston,MA,2127,42.328286,-71.05674999999997,True,South Boston,deli shop
2050,2023-07-07 12:33:00,,2027-07-07 11:21:00,Banfield Pet Hospital #4041,Veterinary Services,9 Broadway,South Boston,MA,2127,42.34252,-71.05691000000002,True,South Boston,veterinary services
2051,2024-04-19 14:06:00,,2028-04-19 11:13:00,Bardo's Bar Pizza,Restaurant,10 Old Colony AV,South Boston,MA,2127,42.337806,-71.056555,True,South Boston,restaurant
2052,2025-03-12 13:17:00,,2029-03-12 13:16:00,Battista Bootcamp,Virtual Fitness App,105 Third ST,South Boston,MA,2127,42.341156,-71.052751,True,South Boston,virtual fitness app
2053,2018-06-26 16:20:00,9/2/22 15:27,2026-09-02 14:16:00,Bay State Physical Therapy,Physical Therapy,470 Broadway,South Boston,MA,2127,42.33561271913169,-71.03650826260878,True,South Boston,physical therapy
2054,2022-03-28 11:27:00,,2026-03-28 11:25:00,Bay State Renewables,Electrical Contractor,75 Gates ST,South Boston,MA,2127,42.331434,-71.04833500000001,False,South Boston,electrical contractor
2055,2022-05-23 14:18:00,,2026-05-23 14:17:00,Bay View Liquors,Liquor Store,108 Dorchester ST,South Boston,MA,2127,42.335144,-71.04587700000002,True,South Boston,liquor store
2056,2013-12-20 00:00:00,,2017-12-20 00:00:00,BAYSIDE FINANCIAL SERVICES,ACCOUNTING & TAX PREP,29 Farragut RD,South Boston,MA,2127,42.33727,-71.02544999999998,False,South Boston,accounting & tax prep
2057,2015-06-05 00:00:00,,2019-06-05 00:00:00,BAYSIDE FINANCIAL SERVICES,WITHDRAWAL (12/20/13),29 Farragut RD,South Boston,MA,2127,42.33727,-71.02544999999998,False,South Boston,withdrawal (12/20/13)
2058,2016-07-11 08:58:00,,,Baystate Financial,Insurance & Financial,430 Broadway,South Boston,MA,2127,42.33561271913169,-71.03650826260878,False,South Boston,insurance & financial
2059,2026-03-17 11:11:00,,2030-03-17 09:58:00,BBJ Linen La Tavola Fine Linen Rental,Short Term Linen Rentals,423 Broadway,South Boston,MA,2127,42.33652,-71.04773,True,South Boston,short term linen rentals
2060,2026-02-26 15:23:00,,2030-02-26 13:35:00,Bean Town Soft Wash,Soft Wash,371 Dorchester AV,South Boston,MA,2127,42.335629,-71.05805399999997,True,South Boston,soft wash
2061,2014-03-05 00:00:00,2/27/18 9:58,2022-02-27 09:37:00,BEANTOWN TROLLEY,SIGHTSEEING TROLLEY,210 Ninth ST,South Boston,MA,2127,42.333107,-71.05217199999998,False,South Boston,sightseeing trolley
2062,2026-02-05 11:30:00,,2030-02-05 11:29:00,Beauti Nail Bar,Nail Salon,360 West Broadway,South Boston,MA,2127,42.338143,-71.04936499999997,True,South Boston,nail salon
2063,2023-08-09 15:28:00,,2027-08-09 15:27:00,BeLiv,Online retail,109 Dresser ST,South Boston,MA,2127,42.337394,-71.04433899999998,True,South Boston,online retail
2064,2025-11-13 14:10:00,,2029-11-13 14:08:00,Bell's Market,Market,236 Dorchester ST,South Boston,MA,2127,42.332542,-71.05130700000001,True,South Boston,market
2065,2019-08-12 14:06:00,,2023-08-12 13:26:00,Bennett 170 Botton,Short Term Rental,170 Bolton ST,South Boston,MA,2127,42.339546,-71.04891299999997,False,South Boston,short term rental
2066,2025-07-08 13:20:00,,2029-07-08 13:18:00,Bennett O'Donnell,Short Term Rental,524 Fifth ST,South Boston,MA,2127,42.334021,-71.03944999999999,True,South Boston,short term rental
2067,2019-07-26 15:47:00,,2023-07-26 15:45:00,Bettah Buttah,Personal Care,1410 Columbia RD,South Boston,MA,2127,42.330939,-71.043613,False,South Boston,personal care
2068,2025-04-23 12:15:00,,2029-04-23 10:17:00,BHD,General IT Support,803 Summer ST,South Boston,MA,2127,42.34009,-71.03579500000001,True,South Boston,general it support
2069,2025-11-12 16:03:00,,2029-11-12 16:01:00,Billboardman,Marketing Agency,140 Third ST,South Boston,MA,2127,42.340399,-71.050929,True,South Boston,marketing agency
2070,2024-04-17 15:45:00,,2028-04-17 14:02:00,Black Rabbit Pictures,Production Company,535 First ST,South Boston,MA,2127,42.337885,-71.03852,True,South Boston,production company
2071,2022-08-30 13:36:00,,2026-08-30 13:28:00,BLANCHARD ARCHITECTS,ARCHITECTURE FIRM,599 Broadway,South Boston,MA,2127,42.33537,-71.04032000000001,True,South Boston,architecture firm
2072,2023-02-14 11:51:00,,2027-02-14 11:49:00,BLESSED FAMILY DAY CARE,Day Care,37 Joyce Hayes WY,South Boston,MA,2127,42.337959,-71.05407100000002,True,South Boston,day care
2073,2019-03-27 14:32:00,,2023-03-27 14:31:00,Blue Collar Coding,Freelance Web Services,904 Broadway,South Boston,MA,2127,42.33561271913169,-71.03650826260878,False,South Boston,freelance web services
2074,2019-09-20 12:03:00,,2023-09-20 11:57:00,BN. Digital,C-Corp,728 Broadway,South Boston,MA,2127,42.335807,-71.03625999999997,False,South Boston,c-corp
2075,2021-02-08 15:26:00,1/22/25 13:40,2029-01-22 11:57:00,BOHDII BOUTIQUE,Retail,397 Broadway,South Boston,MA,2127,42.337087,-71.04857900000002,True,South Boston,retail
2076,2012-09-10 00:00:00,,2016-09-10 00:00:00,BOSTON AUTOMOTIVE SERVICE,WITHDRAWAL (10/4/11),369 Dorchester AV,South Boston,MA,2127,42.335707,-71.05742099999998,False,South Boston,withdrawal (10/4/11)
2077,2024-03-04 10:47:00,,2028-03-04 10:45:00,Boston Babes Social Club,"Events, Retreats, Consulting",356 K ST,South Boston,MA,2127,42.331643,-71.037125,True,South Boston,"events, retreats, consulting"
2078,2012-12-12 00:00:00,,2016-12-12 00:00:00,BOSTON BEACH VOLLEY BALL,WITHDRAWL (4/21/10),528 Third ST,South Boston,MA,2127,42.336574,-71.03856000000002,False,South Boston,withdrawl (4/21/10)
2079,2023-09-05 15:15:00,,2027-09-05 15:13:00,Boston Beautox,Med Spa,423 Broadway,South Boston,MA,2127,42.33652,-71.04773,True,South Boston,med spa
2080,2017-12-29 09:05:00,6/2/22 13:14,2026-06-02 13:11:00,Boston Business Partners,Business Consulting,917 Broadway,South Boston,MA,2127,42.3356,-71.02733999999998,True,South Boston,business consulting
2081,2013-11-15 00:00:00,12/23/21 13:24,2025-12-23 10:48:00,BOSTON CASH REGISTER EXCHANGE,CASH REGISTER SYSTEMS,264 Broadway,South Boston,MA,2127,42.3388345649572,-71.05089270276682,False,South Boston,cash register systems
2082,2013-10-08 00:00:00,,2017-10-08 00:00:00,BOSTON CENTRAL KITCHEN EXPRESS,CATERING SERVICES,28 Damrell ST,South Boston,MA,2127,42.333461,-71.05555400000003,False,South Boston,catering services
2083,2016-06-06 11:27:00,,,Boston Central Kitchen Express,Catering Servies,28 Damrell ST,South Boston,MA,2127,42.333461,-71.05555400000003,False,South Boston,catering servies
2084,2016-06-06 00:00:00,,2020-06-06 00:00:00,BOSTON CENTRAL KITHCHEN EXPRESS,,28 Damrell ST,South Boston,MA,2127,42.333461,-71.05555400000003,False,South Boston,
2085,2020-08-27 13:58:00,8/6/24 13:26,2028-08-06 10:38:00,Boston Chiropractic and Physical Therapy,physical therapy and chiropractic office,377 Broadway,South Boston,MA,2127,42.337477,-71.04932400000001,True,South Boston,physical therapy and chiropractic office
2086,2023-12-12 15:41:00,,2027-12-12 15:36:00,Boston Civil,Civil Engineering/Land Planning,711 Broadway,South Boston,MA,2127,42.33542,-71.03692999999998,True,South Boston,civil engineering/land planning
2087,2021-07-16 09:37:00,,2025-07-16 09:36:00,BOSTON ELITE CONSULTANT,CONSULTING,24 Knowlton ST,South Boston,MA,2127,42.33216,-71.04966000000002,False,South Boston,consulting
2088,2018-09-21 10:43:00,9/21/22 11:32,2026-09-21 11:31:00,Boston Finest Auto & BikeTeam,Auto Team / Club,227 Broadway,South Boston,MA,2127,42.339226,-71.05181399999998,True,South Boston,auto team / club
2089,2018-10-15 13:27:00,,2022-10-15 12:50:00,BOSTON HOME INSPECTORS,HONE INPSECTOR,1326 Columbia RD,South Boston,MA,2127,42.330652,-71.04634399999998,False,South Boston,hone inpsector
2090,2024-01-05 11:10:00,,2028-01-05 11:08:00,BOSTON LASH,Lash extensions,661 Broadway,South Boston,MA,2127,42.33541,-71.03816,True,South Boston,lash extensions
2091,2015-02-11 00:00:00,,2019-02-11 00:00:00,BOSTON LIQUOR GROUP,WITHDRAWAL (11/19/14),336 K ST,South Boston,MA,2127,42.332167,-71.03709100000003,False,South Boston,withdrawal (11/19/14)
2092,2014-11-19 00:00:00,,2018-11-19 00:00:00,BOSTON LIQUOR GROUP,LIQUOR STORE,336 K ST,South Boston,MA,2127,42.332167,-71.03709100000003,False,South Boston,liquor store
2093,2016-11-18 12:18:00,3/27/26 9:49,2030-03-27 09:47:00,Boston Lobster Company,Wholesale Lobster Distributor,345 First ST,South Boston,MA,2127,42.338647,-71.045841,True,South Boston,wholesale lobster distributor
2094,2025-01-07 12:59:00,,2029-01-07 12:58:00,Boston Lock,Locksmith,673 Broadway,South Boston,MA,2127,42.33543,-71.03762999999998,True,South Boston,locksmith
2095,2021-07-20 09:57:00,9/29/25 10:34,2029-09-29 13:44:00,Boston Microgreens,Urban Farming,416 Broadway,South Boston,MA,2127,42.3369,-71.04743000000002,True,South Boston,urban farming
2096,2017-12-06 12:53:00,12/4/25 15:35,2029-12-04 10:37:00,Boston NAPS,"Prenatal, Postpartum, Newborn Lactation and Children's classes and support",384 Broadway,South Boston,MA,2127,42.337607,-71.04852,True,South Boston,"prenatal, postpartum, newborn lactation and children's classes and support"
2097,2018-02-28 15:05:00,,2022-02-28 15:03:00,Boston Navigation,Consulting,128 G ST,South Boston,MA,2127,42.331474,-71.04395699999998,False,South Boston,consulting
2098,2024-01-12 10:57:00,,2028-01-12 10:56:00,Boston Physical Therapy,Physical Therapy,377 Broadway,South Boston,MA,2127,42.337477,-71.04932400000001,True,South Boston,physical therapy
2099,2023-11-16 14:03:00,,2027-11-16 14:02:00,Boston Pickleball Club,Mobile Fitness & Pickleball Facility,138 O ST,South Boston,MA,2127,42.333548,-71.028997,True,South Boston,mobile fitness & pickleball facility
2100,2025-08-07 14:02:00,,2029-08-07 14:01:00,Boston Seaport Home,Short Term Rental,259 Bolton ST,South Boston,MA,2127,42.337613,-71.04625699999997,True,South Boston,short term rental
2101,2024-01-24 14:50:00,,2028-01-24 14:18:00,Boston Seaport Self Storage,Self Storage Facility,380 E ST,Boston,MA,2127,42.340897,-71.04655300000002,True,South Boston,self storage facility
2102,2020-07-24 14:20:00,4/24/24 12:33,2028-04-24 12:31:00,Boston Smoke Shop and Convenience,smoke shop and convenience,334 Dorchester ST,South Boston,MA,2127,42.330837,-71.05394100000001,True,South Boston,smoke shop and convenience
2103,2021-01-15 13:18:00,1/13/25 16:01,2029-01-13 12:56:00,Boston Speech Therapy,speech therapy,816 Fifth ST,South Boston,MA,2127,42.334229,-71.02792199999999,True,South Boston,speech therapy
2104,2022-03-29 15:32:00,,2026-03-29 15:27:00,BOSTON WHOLESALE LOBSTER,SEAFOOD SALES,345 First ST,South Boston,MA,2127,42.338647,-71.045841,False,South Boston,seafood sales
2105,2024-04-02 11:28:00,,2028-04-02 11:26:00,Bostons Groomer,Dog Grooming,548 Broadway,South Boston,MA,2127,42.33568,-71.04228,True,South Boston,dog grooming
2106,2022-07-14 15:25:00,,2026-07-14 15:17:00,Boynton Insurance Group,Insurance,320 Third ST,South Boston,MA,2127,42.336967,-71.04551100000003,True,South Boston,insurance
2107,2019-12-04 14:47:00,,2023-12-04 14:46:00,BQ & Associates,Short-Term Rental,102 D ST,South Boston,MA,2127,42.335375,-71.05515600000001,False,South Boston,short-term rental
2108,2026-03-10 11:31:00,,2030-03-10 11:30:00,Brancato Barber Co,Barber Shop,324 Broadway,South Boston,MA,2127,42.3388345649572,-71.05089270276682,True,South Boston,barber shop
2109,2022-05-11 15:18:00,,2026-05-11 15:16:00,Brian East Airbnb,Short-Term Rental,122 Ninth ST,South Boston,MA,2127,42.334934,-71.05444599999998,True,South Boston,short-term rental
2110,2024-11-25 16:08:00,,2028-11-25 16:06:00,BRILLIANT EARTH,Retail Jewelry Sale,254 E ST,South Boston,MA,2127,42.336071,-71.051557,True,South Boston,retail jewelry sale
2111,2015-10-19 00:00:00,9/18/23 13:30,2027-09-18 11:31:00,BRINGING UP BABY,RETAIL CHILDRENIS BOUTIQUE,663 Broadway,South Boston,MA,2127,42.33543,-71.03800000000001,True,South Boston,retail childrenis boutique
2112,2019-05-06 15:30:00,4/27/23 12:58,2027-04-27 12:10:00,Brito Family Dental,Dental Office,272 Broadway,South Boston,MA,2127,42.3388345649572,-71.05089270276682,True,South Boston,dental office
2113,2024-10-22 11:21:00,,2028-10-22 11:20:00,Broadway Golf Club,"Bar, Lounge",423 Broadway,South Boston,MA,2127,42.33652,-71.04773,True,South Boston,"bar, lounge"
2114,2020-04-07 10:57:00,,2024-04-07 10:46:00,Broadway Jiu-Jitsu and Fitness,Fitness,36 Broadway,South Boston,MA,2127,42.34269,-71.05628000000002,False,South Boston,fitness
2115,2025-05-30 12:59:00,,2029-05-30 12:55:00,Broadway Laundromat,laundromat,132 W BROADWAY,BOSTON,MA,2127,42.341037,-71.053992,True,South Boston,laundromat
2116,2026-02-09 11:21:00,,2030-02-09 11:20:00,Browdolize Esthetics,Aesthetics Salon,405 First ST,South Boston,MA,2127,42.337821,-71.04452500000002,True,South Boston,aesthetics salon
2117,2019-10-17 15:02:00,11/30/23 14:09,2027-11-30 14:07:00,BRS Airbnb,Short Term rental,364 E ST,South Boston,MA,2127,42.339016,-71.04809,True,South Boston,short term rental
2118,2014-11-28 00:00:00,12/19/22 15:21,2026-12-19 11:24:00,BSC GROUP,CONSULTING ENGINEERING,803 Summer ST,South Boston,MA,2127,42.34009,-71.03579500000001,True,South Boston,consulting engineering
2119,2017-06-12 12:28:00,11/3/21 15:41,2025-11-03 15:34:00,Btone Fitness,Fitness Studios,416 Broadway,South Boston,MA,2127,42.3369,-71.04743000000002,False,South Boston,fitness studios
2120,2022-03-24 09:39:00,,2026-03-24 09:37:00,Bucky Golf,Online Clothing Retail,9 Monks ST,South Boston,MA,2127,42.33271,-71.03273000000002,False,South Boston,online clothing retail
2121,2025-11-13 10:58:00,,2029-11-13 10:57:00,Buda Sneakers,Retail,11 Broadway,South Boston,MA,2127,42.342384,-71.05674699999997,True,South Boston,retail
2122,2016-03-10 00:00:00,2/28/20 13:24,2024-02-28 12:06:00,BURNS REALTY & INVESTMENTS,REAL ESTATE BROKERAGE,599 Broadway,South Boston,MA,2127,42.33537,-71.04032000000001,False,South Boston,real estate brokerage
2123,2019-02-27 10:43:00,,2023-02-27 10:42:00,Buylyne Co.,Online Retail,9 M ST,South Boston,MA,2127,42.337845,-71.03360499999997,False,South Boston,online retail
2124,2025-01-14 14:51:00,,2029-01-14 14:50:00,C to C Services,Consulting,320 D ST,South Boston,MA,2127,42.340972,-71.04964899999999,True,South Boston,consulting
2125,2015-08-03 00:00:00,7/11/23 13:57,2027-07-11 13:54:00,C&G SERVICE,"GAS STATION, CONVENIENCE STORE",77 L ST,South Boston,MA,2127,42.335076,-71.03574200000003,True,South Boston,"gas station, convenience store"
2126,2012-09-06 00:00:00,,2016-09-06 00:00:00,CAFE BROADWAY,WITHDRAWAL (6/2/11),402 Broadway,South Boston,MA,2127,42.337288,-71.04804999999999,False,South Boston,withdrawal (6/2/11)
2127,2016-04-06 00:00:00,4/25/25 15:54,2029-04-25 15:53:00,CAFE PORTO BELLO,RESTAURANT,672 Broadway,South Boston,MA,2127,42.3358,-71.03762999999998,True,South Boston,restaurant
2128,2018-02-23 16:17:00,12/14/23 10:40,2027-12-14 10:11:00,CAFFE NERO,COFFEE CAFE,327 W BROADWAY,SOUTH BOSTON,MA,2127,42.338238,-71.05038000000002,True,South Boston,coffee cafe
2129,2019-05-06 15:03:00,,2023-05-06 14:56:00,Cambria,Hotel Restaurant,6 Broadway,South Boston,MA,2127,42.343027,-71.05703,False,South Boston,hotel restaurant
2130,2025-03-14 13:21:00,,2029-03-14 13:18:00,Cambria Hotel,Hotel,6 Broadway,South Boston,MA,2127,42.343027,-71.05703,True,South Boston,hotel
2131,2018-07-13 15:37:00,,2022-07-13 15:36:00,Campus Border,Real Estate,697 Sixth ST,South Boston,MA,2127,42.333,-71.03247799999997,False,South Boston,real estate
2132,2022-07-26 11:35:00,,2026-07-26 11:31:00,Cannonball Cafe,Cafe,383 Dorchester AV,South Boston,MA,2127,42.33505,-71.05721399999999,True,South Boston,cafe
2133,2022-12-14 10:42:00,,2026-12-14 10:40:00,CANO'S BARBERSHOP,Barber,551 Dorchester AV,South Boston,MA,2127,42.330547,-71.05717099999998,True,South Boston,barber
2134,2018-05-16 12:20:00,,2022-05-16 12:19:00,Cape Cod Bay Outfitters,Charter Fishing,228 E ST,South Boston,MA,2127,42.335496,-71.052233,False,South Boston,charter fishing
2135,2016-01-15 00:00:00,12/15/25 16:22,2029-12-15 14:38:00,Capo Restaurant & Supper Club,RESTAURANT,443 Broadway,South Boston,MA,2127,42.336076,-71.04701999999997,True,South Boston,restaurant
2136,2019-06-27 15:07:00,6/5/23 12:48,2027-06-05 12:44:00,Caress Healthy Skin & Hair,hairdressing,499 Broadway,South Boston,MA,2127,42.33527,-71.04496,True,South Boston,hairdressing
2137,2022-07-28 14:12:00,,2026-07-28 14:08:00,Cartage America,COMMERCIAL MOVING,592 Third ST,South Boston,MA,2127,42.336635,-71.03616599999998,True,South Boston,commercial moving
2138,2025-05-23 13:08:00,,2029-05-23 12:51:00,Castle Island Brewing Company,Manufacturer of Beer,10 Old Colony AV,South Boston,MA,2127,42.337806,-71.056555,True,South Boston,manufacturer of beer
2139,2017-07-10 13:19:00,6/26/25 15:05,2029-06-26 13:34:00,Castle Self Storage,Self Storage,39 Old Colony AV,South Boston,MA,2127,42.336566,-71.05638999999996,True,South Boston,self storage
2140,2023-05-02 11:37:00,,2027-05-02 11:34:00,CATHOLIC CHARITIES BOSTON,NON-PROFIT SOCIAL SERVICES,275 Broadway,South Boston,MA,2127,42.339003,-71.05154099999999,True,South Boston,non-profit social services
2141,2019-08-16 11:51:00,8/14/23 10:51,2027-08-14 10:40:00,ChainMail Communications,Multimedia Communications,55 William T Morrissey BLVD,Dorchester,MA,2127,42.317769,-71.05016799999999,True,South Boston,multimedia communications
2142,2023-08-14 10:51:00,,2027-08-14 10:48:00,ChainMail Media,Multimedia productions,55 William T Morrissey BLVD,Dorchester,MA,2127,42.317769,-71.05016799999999,True,South Boston,multimedia productions
2143,2025-02-04 09:28:00,,2029-02-04 09:27:00,ChainMail Prints,Custom Apparel,55 William T Morrissey BLVD,Dorchester,MA,2127,42.317769,-71.05016799999999,True,South Boston,custom apparel
2144,2018-02-16 16:15:00,,2022-02-16 16:14:00,Chapdelaine Consulting Services,consulting,10 A ST,South Boston,MA,2127,42.34088,-71.05680000000001,False,South Boston,consulting
2145,2019-08-29 13:39:00,,2023-08-29 13:38:00,Chateau De Ombler,Short Term Rental,178 Fourth ST,South Boston,MA,2127,42.340298,-71.05475799999999,False,South Boston,short term rental
2146,2018-04-06 15:00:00,6/2/22 13:14,2026-06-02 13:10:00,CHENEY CAPITAL PARTNERS,INVESTMENT,917 Broadway,South Boston,MA,2127,42.3356,-71.02733999999998,True,South Boston,investment
2147,2019-10-30 11:03:00,12/22/23 13:19,2027-12-22 13:16:00,Cheung Realty,Short Term Rental,157 Third ST,South Boston,MA,2127,42.340143,-71.05109900000002,True,South Boston,short term rental
2148,2022-09-23 10:11:00,,2026-09-22 13:43:00,Chilactes,Restaurant,69 L ST,South Boston,MA,2127,42.335233,-71.03521999999998,True,South Boston,restaurant
2149,2022-10-03 13:22:00,,2026-10-03 11:20:00,Chiropractic & Sports Services of Boston,Chiropractic,14 Dorchester ST,South Boston,MA,2127,42.33701,-71.04342200000002,True,South Boston,chiropractic
2150,2016-02-17 00:00:00,1/31/24 10:17,2028-01-31 10:14:00,CHRISTINE ANNE LINNANE,YOGA/PUBLISHING COMPANY,133 M ST,South Boston,MA,2127,42.333415,-71.03344700000002,True,South Boston,yoga/publishing company
2151,2022-01-10 14:38:00,1/8/26 16:00,2030-01-08 13:33:00,Cindy Kanter Bookkeeping Consultant,Bookkeeping,141 Dorchester AV,South Boston,MA,2127,42.342105,-71.05791599999998,True,South Boston,bookkeeping
2152,2022-01-28 13:57:00,12/16/25 16:19,2029-12-16 16:03:00,Circle K 4707521,Convenience Store,14 Broadway,South Boston,MA,2127,42.3429,-71.05674999999997,True,South Boston,convenience store
2153,2022-02-08 13:12:00,2/5/26 16:10,2030-02-05 12:50:00,Circle Strategies,HR Solutions,88 G ST,South Boston,MA,2127,42.332881,-71.04394100000002,True,South Boston,hr solutions
2154,2023-03-29 13:18:00,,2027-03-29 11:16:00,City Convenience & Smoke Shop,Convenience Store,301 Broadway,South Boston,MA,2127,42.338538,-71.05086399999999,True,South Boston,convenience store
2155,2024-02-14 12:08:00,,2028-02-14 11:45:00,CITY LIQUOR & SMOKE SHOP,Liquor & smoke shop,259 Dorchester ST,South Boston,MA,2127,42.33253,-71.05187000000001,True,South Boston,liquor & smoke shop
2156,2023-10-12 15:46:00,,2027-10-12 13:59:00,CITY POINT BEHAVIORAL CONSULTING,APPLIED BEHAVIOR ANALYSIS,663 Seventh ST,South Boston,MA,2127,42.332163,-71.03384,True,South Boston,applied behavior analysis
2157,2020-01-02 14:11:00,3/8/24 15:01,2028-03-08 14:59:00,City Point Plants,interior plantscaping,628 Third ST,South Boston,MA,2127,42.33667,-71.034561,True,South Boston,interior plantscaping
2158,2019-11-04 12:58:00,12/14/23 12:53,2027-12-14 11:21:00,City Spin Events,Entertainment,27 Farragut RD,South Boston,MA,2127,42.33729,-71.02538199999998,True,South Boston,entertainment
2159,2025-06-09 14:36:00,,2029-06-09 14:33:00,Cleanminexx,Cleaning Services,401 Broadway,South Boston,MA,2127,42.337,-71.04843,True,South Boston,cleaning services
2160,2024-02-23 15:09:00,,2028-02-23 15:06:00,Clock Tavern,Bar,342 Broadway,South Boston,MA,2127,42.338328,-71.04972399999997,True,South Boston,bar
2161,2017-07-05 12:08:00,4/25/22 14:05,2026-04-25 11:19:00,Clock Tavern,Restaurant & Bar,327 W BROADWAY,SOUTH BOSTON,MA,2127,42.338238,-71.05038000000002,True,South Boston,restaurant & bar
2162,2025-08-14 10:45:00,,2029-08-14 10:44:00,Clover Clubhouse,Community Center,368 Broadway,South Boston,MA,2127,42.33793,-71.04892000000001,True,South Boston,community center
2163,2018-03-22 13:06:00,,2022-03-22 13:04:00,Coffey Exchange,Consulting,378 K ST,South Boston,MA,2127,42.330897,-71.03710999999998,False,South Boston,consulting
2164,2025-09-03 14:05:00,,2029-09-03 13:55:00,Common Craft,Restaurant,85 Damrell ST,South Boston,MA,2127,42.33284624275062,-71.05532888748945,True,South Boston,restaurant
2165,2023-01-25 10:17:00,,2027-01-25 10:16:00,COMMUNE HAIR,HAIR SALON,840 Summer ST,South Boston,MA,2127,42.33785,-71.03521999999998,True,South Boston,hair salon
2166,2015-07-27 00:00:00,7/6/23 11:29,2027-07-06 11:28:00,COMPANY 1 COACH,LIVERY,94 F ST,South Boston,MA,2127,42.335689,-71.049305,True,South Boston,livery
2167,2024-10-21 11:36:00,,2028-10-21 11:35:00,Compass YP,Networking Group,232 Gold ST,South Boston,MA,2127,42.336144,-71.04927099999998,True,South Boston,networking group
2168,2022-04-22 11:18:00,,2026-04-22 11:15:00,COOP'S,FOOD MANUFACTURING,28 Damrell ST,South Boston,MA,2127,42.333461,-71.05555400000003,True,South Boston,food manufacturing
2169,2022-04-22 11:18:00,,2026-04-22 11:14:00,COOP'S MICROCREAMERY,FOOD MANUFACTURING,28 Damrell ST,South Boston,MA,2127,42.333461,-71.05555400000003,True,South Boston,food manufacturing
2170,2018-05-03 10:35:00,,2022-05-03 10:34:00,Coop's MicroCreamery,Food Production,28 Damrell ST,South Boston,MA,2127,42.333461,-71.05555400000003,False,South Boston,food production
2171,2019-10-28 13:45:00,11/13/23 12:24,2027-11-13 12:23:00,CORNER MARKET,CONVENIENCE STORE,104 Dorchester ST,South Boston,MA,2127,42.335235,-71.04573900000003,True,South Boston,convenience store
2172,2018-05-18 10:37:00,,2022-05-18 10:36:00,Cranberry Cafe,Cafe,704 Broadway,South Boston,MA,2127,42.33579,-71.037239,False,South Boston,cafe
2173,2014-03-28 00:00:00,3/19/18 13:12,2022-03-19 12:05:00,CROSSFIT SOUTHIE,FITNESS FACILITY,385 Dorchester AV,South Boston,MA,2127,42.334598,-71.05800099999999,False,South Boston,fitness facility
2174,2020-08-24 13:16:00,8/23/24 14:51,2028-08-23 14:50:00,Crossroads Mart,Convenient Store,673 Broadway,South Boston,MA,2127,42.33543,-71.03762999999998,True,South Boston,convenient store
2175,2018-05-29 13:27:00,7/13/22 11:14,2026-07-13 11:12:00,Cruztele Construction and Paintings,Home Improvement,20 General Lawrence J Logan WY,South Boston,MA,2127,42.32704,-71.05385999999999,True,South Boston,home improvement
2176,2019-12-16 09:54:00,11/27/23 11:30,2027-11-27 11:29:00,CSP Advisors,Consulting,9 Broadway,South Boston,MA,2127,42.34252,-71.05691000000002,True,South Boston,consulting
2177,2013-08-08 00:00:00,8/18/25 7:52,2029-08-18 07:52:00,CVS/PHARMACY # 979,RETAIL PHARMACY,423 Broadway,South Boston,MA,2127,42.33652,-71.04773,True,South Boston,retail pharmacy
2178,2026-01-20 14:17:00,,2030-01-20 14:03:00,CyberQP,Cybersecutiry SaaS,12 Linden ST,South Boston,MA,2127,42.33415,-71.045118,True,South Boston,cybersecutiry saas
2179,2014-09-17 00:00:00,9/21/22 14:31,2026-09-21 14:30:00,D & D TOWING,24 HOUR TOWING,1 Ellery ST,South Boston,MA,2127,42.33101,-71.05773599999998,True,South Boston,24 hour towing
2180,2020-01-09 13:41:00,1/11/24 11:31,2028-01-08 00:00:00,D.H. Pace Company,Security Hardware,307 First ST,South Boston,MA,2127,42.339355,-71.04690199999999,True,South Boston,security hardware
2181,2023-05-16 13:43:00,,2027-05-16 13:42:00,Dacas Transportation,Delivery Service,48 Crowley-Rogers WY,South Boston,MA,2127,42.33894,-71.05267100000003,True,South Boston,delivery service
2182,2019-03-01 13:34:00,,2023-03-01 13:33:00,DadBrunch,Event Planning,73 Old Harbor ST,South Boston,MA,2127,42.332345,-71.04764499999999,False,South Boston,event planning
2183,2018-07-30 14:05:00,,2022-07-30 14:02:00,DALEEN JORDAN HAIR,HAIR SALON,401 First ST,South Boston,MA,2127,42.337507,-71.04395099999999,False,South Boston,hair salon
2184,2020-03-11 13:12:00,,2024-03-11 13:10:00,Daniel's Painting,Interior Painting,231 Broadway,South Boston,MA,2127,42.339226,-71.05181399999998,False,South Boston,interior painting
2185,2019-12-13 12:19:00,11/24/23 13:54,2027-11-24 11:40:00,Dark Star Management,Short Term Rental,15 Ward ST,South Boston,MA,2127,42.329891,-71.05505700000003,True,South Boston,short term rental
2186,2015-05-26 00:00:00,5/17/23 9:34,2027-05-16 00:00:00,DAVIS HAIRDRESSING,BOSTON,341 Broadway,South Boston,MA,2127,42.33804,-71.05007999999998,True,South Boston,boston
2187,2018-03-23 14:24:00,,2022-03-23 14:23:00,Davvid,DJ / Entertainment Services,1410 Columbia RD,South Boston,MA,2127,42.330939,-71.043613,False,South Boston,dj / entertainment services
2188,2021-06-03 10:08:00,7/11/25 12:38,2029-07-11 11:41:00,Dawn,Hair salon,283 Old Colony AV,South Boston,MA,2127,42.330328,-71.05290000000002,True,South Boston,hair salon
2189,2022-10-04 15:05:00,,2026-10-04 15:03:00,DDL Consulting,Consulting Services,62 L ST,South Boston,MA,2127,42.336125,-71.03521999999998,True,South Boston,consulting services
2190,2018-05-09 12:52:00,7/19/22 12:59,2026-07-19 10:47:00,Deirfiur Home,Home Furnishing Store,735 Broadway,South Boston,MA,2127,42.33561271913169,-71.03650826260878,True,South Boston,home furnishing store
2191,2023-01-27 12:28:00,,2027-01-27 10:47:00,DeKay Insurance Agency,Insurance Sales,651 Broadway,South Boston,MA,2127,42.33541,-71.03858000000002,True,South Boston,insurance sales
2192,2013-04-05 00:00:00,,2017-04-05 00:00:00,DELANEY'S,WITHDRAWAL (11/3/11),471 Broadway,South Boston,MA,2127,42.33556,-71.0462,False,South Boston,withdrawal (11/3/11)
2193,2024-01-31 13:21:00,,2028-01-31 13:07:00,DermHub,Healthcare/Teledermatology,447 Fourth ST,South Boston,MA,2127,42.335282,-71.047575,True,South Boston,healthcare/teledermatology
2194,2020-02-03 14:04:00,4/29/24 16:26,2028-04-29 12:05:00,deVine,botanical beauty wellness,619 Broadway,South Boston,MA,2127,42.33561271913169,-71.03650826260878,True,South Boston,botanical beauty wellness
2195,2019-12-17 14:55:00,,2023-12-17 14:54:00,DEXTER,Short Term Rental,27 Dexter ST,South Boston,MA,2127,42.330466,-71.05807099999998,False,South Boston,short term rental
2196,2023-03-28 11:46:00,,2027-03-28 11:46:00,DEXTERITY ENTERPRISE,Short Term Rental,29 Dexter ST,South Boston,MA,2127,42.330468,-71.05814199999998,True,South Boston,short term rental
2197,2015-12-09 00:00:00,10/31/23 15:22,2027-10-31 11:17:00,DHL EXPRESS,FREIGHT & TRANSPORTATION SERVICES,420 E ST,Boston,MA,2127,42.341743,-71.04544699999997,True,South Boston,freight & transportation services
2198,2023-09-21 12:01:00,,2027-09-21 11:58:00,DHL Global Forwarding,Shipping Services,420 E ST,Boston,MA,2127,42.341743,-71.04544699999997,True,South Boston,shipping services
2199,2019-07-15 14:43:00,,2023-07-15 14:42:00,Diamond Dymes by Zertina,Online Retail,2 Bent CT,South Boston,MA,2127,42.330715,-71.04815000000002,False,South Boston,online retail
2200,2015-03-02 00:00:00,5/23/19 10:19,2023-05-23 10:17:00,DIAZ EVENT,DECORATION,251 Monsignor Dennis F. O'Callaghan WY,South Boston,MA,2127,42.32763,-71.05509999999998,False,South Boston,decoration
2201,2016-03-17 00:00:00,,2020-03-17 00:00:00,DIGITAL MEDIA/DIGITAL AVERTISING,DIGITAL MEDIA/DIGITAL ADVERTISING,19 Third ST,South Boston,MA,2127,42.342656,-71.05496,False,South Boston,digital media/digital advertising
2202,2020-09-16 12:26:00,,2024-09-16 12:24:00,Diligent Contractors,Building Contractor,82 Broadway,South Boston,MA,2127,42.341907,-71.05521599999997,False,South Boston,building contractor
2203,2022-09-16 14:15:00,,2026-09-16 12:55:00,Dimond Rentals,STR,5 Emmet ST,South Boston,MA,2127,42.336799,-71.03858500000001,True,South Boston,str
2204,2020-09-08 15:01:00,,2024-09-08 12:42:00,DiscountCreative,Software and Web design,646 Seventh ST,South Boston,MA,2127,42.332469,-71.03437400000001,False,South Boston,software and web design
2205,2021-02-11 14:18:00,1/31/25 14:59,2029-01-31 10:55:00,DLUXE NAIL BAR WEST,NAIL SALON,377 Broadway,South Boston,MA,2127,42.337477,-71.04932400000001,True,South Boston,nail salon
2206,2014-01-21 00:00:00,,2018-01-21 00:00:00,DOLLAR EXPRESS,CONVENIENCE STORE,626 Dorchester AV,South Boston,MA,2127,42.328471,-71.056691,False,South Boston,convenience store
2207,2016-04-08 00:00:00,,2020-04-08 00:00:00,DOLLAR EXPRESS,WITHDRAWAL 1/21/2014,626 Dorchester AV,South Boston,MA,2127,42.328471,-71.056691,False,South Boston,withdrawal 1/21/2014
2208,2018-09-13 12:58:00,9/1/22 14:02,2026-09-01 11:30:00,Dollface,Beauty/Service,546 Broadway,South Boston,MA,2127,42.33574,-71.04242999999997,True,South Boston,beauty/service
2209,2025-08-29 14:33:00,,2029-08-29 14:30:00,Double The Risk XX,Online Retail,66 Orton Marotta WA,South Boston,MA,2127,42.338249,-71.055001,True,South Boston,online retail
2210,2016-11-17 11:56:00,12/12/24 11:48,2028-12-12 11:44:00,DOUGHBOY DONUTS & DELI,DONUT SHOP / DELI,220 Dorchester AV,South Boston,MA,2127,42.340124,-71.05678999999998,True,South Boston,donut shop / deli
2211,2025-04-10 10:42:00,,2029-04-10 10:24:00,Draw 1 Constructors,Bridge & Rail Construction,339 Dorchester ST,South Boston,MA,2127,42.331003,-71.05454800000001,True,South Boston,bridge & rail construction
2212,2025-04-10 10:43:00,,2029-04-10 10:42:00,Draw One Constructors,Bridge & Rail Construction,339 Dorchester ST,South Boston,MA,2127,42.331003,-71.05454800000001,True,South Boston,bridge & rail construction
2213,2020-08-28 15:06:00,,2024-08-28 15:01:00,Drip Higher,Online Marketplace,840 Summer ST,South Boston,MA,2127,42.33785,-71.03521999999998,False,South Boston,online marketplace
2214,2019-06-06 13:27:00,,2023-06-06 13:26:00,Dryer Vent Covers,Dryer Vent Covers,52 General Lawrence J Logan WY,South Boston,MA,2127,42.32813,-71.05532,False,South Boston,dryer vent covers
2215,2025-05-09 12:10:00,,2029-05-09 12:05:00,DS Cleaner and More,Cleaning Services,319 Eighth ST,South Boston,MA,2127,42.331077,-71.048225,True,South Boston,cleaning services
2216,2013-12-30 00:00:00,3/12/26 16:21,2030-03-12 12:18:00,DUNKIN DONUTS,RETAIL FOOD,510 Southampton ST,South Boston,MA,2127,42.32975,-71.057434,True,South Boston,retail food
2217,2014-06-30 00:00:00,1/20/23 16:03,2027-01-20 14:22:00,DUNKIN DONUTS,QUICK SERVICE RETAIL,48 Broadway,South Boston,MA,2127,42.342447,-71.05596600000001,True,South Boston,quick service retail
2218,2013-12-30 00:00:00,3/12/26 16:20,2030-03-12 12:23:00,DUNKIN DONUTS,RETAIL FOOD,75 Old Colony AV,South Boston,MA,2127,42.335757,-71.05601000000001,True,South Boston,retail food
2219,2017-01-09 14:04:00,,,E & S A-1 Auto Service,Auto Repairs,40 B ST,South Boston,MA,2127,42.339507,-71.055904,False,South Boston,auto repairs
2220,2015-12-11 00:00:00,2/6/20 13:53,2024-02-06 13:50:00,EAGLE FOODSERVICE EQUIPMENT AND SUPPLIES,RETAIL,163 Old Colony AV,South Boston,MA,2127,42.334034,-71.05503099999999,False,South Boston,retail
2221,2022-05-23 14:09:00,,2026-05-23 14:08:00,East Broadway Market,Convenience Store,869 Broadway,South Boston,MA,2127,42.335538,-71.02908200000002,True,South Boston,convenience store
2222,2013-08-20 00:00:00,3/10/26 11:13,2030-03-10 11:11:00,EAST MEETS WEST CATERING,CATERING,212 Old Colony AV,South Boston,MA,2127,42.332844,-71.05356499999999,True,South Boston,catering
2223,2015-05-12 00:00:00,8/2/23 12:52,2027-08-02 12:26:00,EAST SIDE HAIR SALON,SALON,92 P ST,South Boston,MA,2127,42.335117,-71.02701100000002,True,South Boston,salon
2224,2021-09-10 11:58:00,8/15/25 16:28,2029-08-15 11:31:00,East Side Yoga And Fitness,Yoga Studio,584 Broadway,South Boston,MA,2127,42.33575,-71.04079000000002,True,South Boston,yoga studio
2225,2018-07-30 16:24:00,10/4/22 15:40,2026-10-04 15:40:00,Eda LaPlaca Homeshare,Air B&B,521 Sixth ST,South Boston,MA,2127,42.332938,-71.03952200000003,True,South Boston,air b&b
2226,2018-03-22 16:00:00,,2022-03-22 15:59:00,Egaal Transportation Company,Livery,289 Ninth ST,South Boston,MA,2127,42.330965,-71.05002100000002,False,South Boston,livery
2227,2021-01-29 10:48:00,,2025-01-29 10:47:00,ElieAngie Best Cleaning,cleaning services,183 Broadway,South Boston,MA,2127,42.34005,-71.053114,False,South Boston,cleaning services
2228,2023-10-10 15:54:00,,2027-10-10 15:52:00,ELISSA CALDICOTT,Short Term Rental,0 F ST,South Boston,MA,2127,42.336055015576406,-71.04866401506428,True,South Boston,short term rental
2229,2014-05-22 00:00:00,6/15/22 15:21,2026-06-15 15:15:00,ELLEN M FRITCH & ASSOCIATES,STENOGRAPHER/COURT REPORTING,363 Silver ST,South Boston,MA,2127,42.334891,-71.04546700000003,True,South Boston,stenographer/court reporting
2230,2021-09-09 11:41:00,9/3/25 15:15,2029-09-03 15:10:00,Emerson Automotive,Automotive Repair,420 Third ST,South Boston,MA,2127,42.336491,-71.043341,True,South Boston,automotive repair
2231,2022-01-28 13:51:00,1/21/26 11:36,2030-01-21 11:35:00,Emme Lash and Brow,Lash Bar,216 Broadway,South Boston,MA,2127,42.34015,-71.05252000000002,True,South Boston,lash bar
2232,2020-02-26 10:56:00,1/23/24 12:06,2028-01-23 12:04:00,EMO Health,Non-Profit/Advocacy Assistance,20 Fifth ST,South Boston,MA,2127,42.340247,-71.05623200000002,True,South Boston,non-profit/advocacy assistance
2233,2022-03-31 15:32:00,,2026-03-31 15:29:00,Engel+Volkers South Boston,Real Estate Sales + Leasing,493 Broadway,South Boston,MA,2127,42.33528,-71.04518999999999,False,South Boston,real estate sales + leasing
2234,2015-01-12 00:00:00,10/25/22 15:16,2026-10-25 11:59:00,ENTERPRISE RENT-A-CAR,CAR RENTAL,230 Dorchester AV,South Boston,MA,2127,42.339831,-71.05690300000003,True,South Boston,car rental
2235,2017-05-12 13:08:00,5/19/25 13:35,2029-05-19 13:34:00,Epinova Consulting,Software Development,8 Douglas ST,South Boston,MA,2127,42.330958,-71.04259300000001,True,South Boston,software development
2236,2020-06-19 12:56:00,,2024-06-19 12:54:00,Epoca Styles,Online retail,49 Crowley-Rogers WY,South Boston,MA,2127,42.339469,-71.05397099999999,False,South Boston,online retail
2237,2023-10-23 15:01:00,,2027-10-23 11:22:00,ERAN BECHOR,STR,10 Wendeller ST,South Boston,MA,2127,42.328808,-71.05456400000003,True,South Boston,str
2238,2024-04-29 16:47:00,,2028-04-29 11:32:00,Erin Griffin Speech Therapy,Speech Language Therapy,50 Ward ST,South Boston,MA,2127,42.328861,-71.054123,True,South Boston,speech language therapy
2239,2021-09-10 15:33:00,12/5/25 15:48,2029-12-05 15:44:00,Esthetic Bean,Coffee shop,16 Preble ST,South Boston,MA,2127,42.329599,-71.05634700000002,True,South Boston,coffee shop
2240,2014-02-11 00:00:00,2/26/26 16:43,2030-02-26 15:30:00,ETHEL AND ANDY'S SANDWICH SHOP,TAKE OUT COFFEE SHOP,11 Elkins ST,South Boston,MA,2127,42.339353,-71.03612900000002,True,South Boston,take out coffee shop
2241,2023-06-14 13:18:00,,2027-06-14 13:15:00,Ethos,School - Day Care,416 Broadway,South Boston,MA,2127,42.3369,-71.04743000000002,True,South Boston,school - day care
2242,2019-05-03 14:44:00,6/14/23 13:18,2027-06-14 13:16:00,Ethos Early Learning Center,school-day care,416 Broadway,South Boston,MA,2127,42.3369,-71.04743000000002,True,South Boston,school-day care
2243,2018-02-20 13:30:00,,2022-02-20 13:27:00,Evans Consulting Group,Consulting,938 Broadway,South Boston,MA,2127,42.336,-71.02638000000002,False,South Boston,consulting
2244,2025-07-11 12:13:00,,2029-07-11 12:12:00,EverGrow Solutions,Consulting,235 Old Colony AV,South Boston,MA,2127,42.331615,-71.05354499999999,True,South Boston,consulting
2245,2024-06-13 16:38:00,,2028-06-13 12:46:00,EVOLVE POWER YOGA,YOGA STUDIO,416 Broadway,South Boston,MA,2127,42.3369,-71.04743000000002,True,South Boston,yoga studio
2246,2014-08-28 00:00:00,11/14/22 15:27,2026-11-14 12:32:00,EXECUTIVE CLEANERS,LAUNDRY & DRY CLEANER,85 L ST,South Boston,MA,2127,42.334517,-71.03558099999998,True,South Boston,laundry & dry cleaner
2247,2023-03-10 14:02:00,,2027-03-10 14:00:00,EXPAND,Marketing,69 Marine RD,South Boston,MA,2127,42.330468,-71.03651500000001,True,South Boston,marketing
2248,2014-04-17 00:00:00,,2018-04-17 00:00:00,EXPRESS T & DESIGN,WITHDRAWAL (8/5/13),10 Old Colony AV,South Boston,MA,2127,42.337806,-71.056555,False,South Boston,withdrawal (8/5/13)
2249,2013-08-05 00:00:00,,2017-08-05 00:00:00,EXPRESS T &. DESIGN,SILK SCREEN PRINTING,10 Old Colony AV,South Boston,MA,2127,42.337806,-71.056555,False,South Boston,silk screen printing
2250,2021-12-14 15:55:00,,2025-12-14 15:54:00,F & M Painting Co.,Interior Painting,66 Orton Marotta WA,South Boston,MA,2127,42.338249,-71.055001,False,South Boston,interior painting
2251,2026-02-17 15:43:00,,2030-02-17 15:38:00,F C Auto Consulting Services,Consulting Services,110 Mercer ST,South Boston,MA,2127,42.33056,-71.04980999999998,True,South Boston,consulting services
2252,2024-10-04 12:40:00,,2028-10-04 12:38:00,F45 Training Southie,Fitness Training Studio,235 Old Colony AV,South Boston,MA,2127,42.331615,-71.05354499999999,True,South Boston,fitness training studio
2253,2024-01-05 11:15:00,,2028-01-05 11:14:00,Fairytale Maids Cleaning Service,Cleaning Services,235 Old Colony AV,South Boston,MA,2127,42.331615,-71.05354499999999,True,South Boston,cleaning services
2254,2017-09-28 09:19:00,12/1/25 12:08,2029-12-01 12:05:00,Fasignation,vinyl signs/calligraphy,614 Broadway,South Boston,MA,2127,42.33575,-71.03955000000002,True,South Boston,vinyl signs/calligraphy
2255,2020-09-11 13:53:00,9/23/24 16:11,2028-09-23 12:31:00,Feather & Waves Hair Boutique,Hair Salon,653 Broadway,South Boston,MA,2127,42.3354,-71.03849000000002,True,South Boston,hair salon
2256,2015-09-23 00:00:00,,2019-09-23 00:00:00,FIGARO BARBER SHOP,BARBER SHOP,346 Broadway,South Boston,MA,2127,42.33829,-71.04966000000002,False,South Boston,barber shop
2257,2016-01-29 00:00:00,,2020-01-29 00:00:00,FIGARO BARBER SHOP,WITHDRAWAL (9/23/15),346 Broadway,South Boston,MA,2127,42.33829,-71.04966000000002,False,South Boston,withdrawal (9/23/15)
2258,2016-01-19 00:00:00,11/6/25 14:28,2029-11-06 14:24:00,FIGARO BARBER SHOP,BARBER SHOP,346 Broadway,South Boston,MA,2127,42.33829,-71.04966000000002,True,South Boston,barber shop
2259,2014-04-08 00:00:00,4/22/22 13:48,2026-02-22 13:48:00,FINANCIAL REPORTING SERVICES,TAXES,653 Broadway,South Boston,MA,2127,42.3354,-71.03849000000002,False,South Boston,taxes
2260,2018-02-20 12:09:00,,2022-02-20 12:06:00,First Ascent Marketing,Consultancy - Marketing,204 N ST,South Boston,MA,2127,42.331395,-71.03096499999998,False,South Boston,consultancy - marketing
2261,2023-11-15 13:07:00,,2027-11-15 12:53:00,Fitbalancedrd,Nutrition Counseling,335 E ST,South Boston,MA,2127,42.338187,-71.048631,True,South Boston,nutrition counseling
2262,2022-11-04 12:02:00,,2026-11-04 11:59:00,FITZPATRICK,Construction,170 Bolton ST,South Boston,MA,2127,42.339546,-71.04891299999997,True,South Boston,construction
2263,2015-06-29 00:00:00,8/13/19 16:27,2023-08-13 16:23:00,FJALLRAVEN,RETAIL SALES-OUTDOOR CLOTHING,205 Fifth ST,South Boston,MA,2127,42.335237,-71.05083100000002,False,South Boston,retail sales-outdoor clothing
2264,2014-08-22 00:00:00,,2018-08-22 00:00:00,FJALLRAVEN USA,RETAIL,205 Fifth ST,South Boston,MA,2127,42.335237,-71.05083100000002,False,South Boston,retail
2265,2015-06-29 00:00:00,,2019-06-29 00:00:00,FJALLRAVEN USA,WITHDRAWAL (8/22/14),205 Fifth ST,South Boston,MA,2127,42.335237,-71.05083100000002,False,South Boston,withdrawal (8/22/14)
2266,2018-07-13 15:24:00,,2022-07-13 15:23:00,Florentino Cleaning,Cleaning Services,8 Carmody CT,South Boston,MA,2127,42.330947,-71.04894100000001,False,South Boston,cleaning services
2267,2023-04-28 14:09:00,,2027-04-28 14:07:00,Focus Physical Therapy and Wellness,Physical and Wellness,14 Dorchester ST,South Boston,MA,2127,42.33701,-71.04342200000002,True,South Boston,physical and wellness
2268,2015-11-09 00:00:00,11/14/19 14:29,2023-11-14 10:46:00,FOR THE TABLE,COOKING CLASSES,311 Emerson ST,South Boston,MA,2127,42.334389,-71.03406100000001,False,South Boston,cooking classes
2269,2024-12-06 12:55:00,,2028-12-06 12:53:00,Fourth Networks,Information Technology,26 Boston ST,South Boston,MA,2127,42.328561,-71.05746099999999,True,South Boston,information technology
2270,2018-09-04 14:04:00,,2022-09-04 14:02:00,Fox & the Knife,Restaurant,28 Broadway,South Boston,MA,2127,42.342727,-71.05651899999998,False,South Boston,restaurant
2271,2021-12-16 15:05:00,11/17/25 10:58,2029-11-17 10:56:00,FRAME RESIDENTIAL,REAL ESTATE BROKERAGE,45 Third ST,South Boston,MA,2127,42.342059,-71.05429400000003,True,South Boston,real estate brokerage
2272,2015-06-08 00:00:00,5/1/23 10:40,2027-05-01 10:39:00,FRANK A. KRAVITSKY-CONSTABLE CITY OF BOSTON,LEGAL PROCESS,202 Sixth ST,South Boston,MA,2127,42.335507,-71.05038100000002,True,South Boston,legal process
2273,2013-08-07 00:00:00,,2017-08-07 00:00:00,FRANKLIN SOUTHIE,RESTAURANT,152 Dorchester AV,South Boston,MA,2127,42.341682,-71.05688399999997,False,South Boston,restaurant
2274,2015-01-30 00:00:00,,2019-01-30 00:00:00,FRANKLIN SOUTHIE,WITHDRAWAL (8/7/13),152 Dorchester AV,South Boston,MA,2127,42.341682,-71.05688399999997,False,South Boston,withdrawal (8/7/13)
2275,2018-06-28 13:25:00,6/15/22 15:18,2026-06-15 13:21:00,FRAN'S AUTO REPAIR,AUTO REPAIR & SALES,43 Preble ST,South Boston,MA,2127,42.329021,-71.05510200000003,True,South Boston,auto repair & sales
2276,2023-11-22 09:54:00,,2027-11-22 09:53:00,FRENCH FRY SHOP,Online Retail,244 Third ST,South Boston,MA,2127,42.338362,-71.04773599999999,True,South Boston,online retail
2277,2022-02-16 12:27:00,,2026-02-16 12:12:00,Fresh Boston,Retail Package Store,232 Old Colony AV,South Boston,MA,2127,42.332306,-71.05328199999997,False,South Boston,retail package store
2278,2022-02-16 12:27:00,3/30/26 15:47,2030-03-30 12:23:00,Fresh SB,Food Service/Restaurant,232 Old Colony AV,South Boston,MA,2127,42.332306,-71.05328199999997,True,South Boston,food service/restaurant
2279,2022-05-04 12:52:00,,2026-05-04 12:50:00,From The Ground Up Health and Wellness Coaching,Virtual Health Coaching,16 National ST,South Boston,MA,2127,42.333902,-71.04657099999997,True,South Boston,virtual health coaching
2280,2015-01-07 00:00:00,4/6/23 15:19,2027-04-06 14:37:00,G4 PROPERTY MANAGEMENT,PROPERTY MANAGEMENT,771 Fourth ST,South Boston,MA,2127,42.334553,-71.032916,True,South Boston,property management
2281,2026-01-13 15:20:00,,2030-01-13 15:17:00,Gabor Geczy Photography,Photography Services,1410 Columbia RD,South Boston,MA,2127,42.330939,-71.043613,True,South Boston,photography services
2282,2013-01-17 00:00:00,,2017-01-17 00:00:00,GAELIC DAY SPA SALON,,389 Broadway,South Boston,MA,2127,42.33732,-71.04892000000001,False,South Boston,
2283,2013-04-29 00:00:00,,2017-04-29 00:00:00,GAELIC DAY SPA SALON,WITHDRAWAL(1/17/2013),389 Broadway,South Boston,MA,2127,42.33732,-71.04892000000001,False,South Boston,withdrawal(1/17/2013)
2284,2018-12-19 11:56:00,12/28/22 8:46,2026-12-28 08:44:00,Gaelic Day Spa Salon,Beauty Salon,389 Broadway,South Boston,MA,2127,42.33732,-71.04892000000001,True,South Boston,beauty salon
2285,2018-10-12 12:11:00,10/17/22 15:11,2026-10-17 13:05:00,Galaxy Pharmacy,Pharmacy,534 Dorchester AV,South Boston,MA,2127,42.331077,-71.056761,True,South Boston,pharmacy
2286,2024-11-15 15:21:00,,2028-11-15 15:19:00,Galeb Optics,Optical Engineering,480 Broadway,South Boston,MA,2127,42.33561271913169,-71.03650826260878,True,South Boston,optical engineering
2287,2025-11-18 13:53:00,,2029-11-18 09:07:00,Gather33A,Event Venue / Space Rental,33 A ST,South Boston,MA,2127,42.341203,-71.05607800000001,True,South Boston,event venue / space rental
2288,2019-05-24 12:16:00,,2023-05-24 12:15:00,GCB Consulting,Consulting,66 L ST,South Boston,MA,2127,42.336008,-71.035212,False,South Boston,consulting
2289,2014-03-27 00:00:00,4/19/18 14:16,2022-04-19 12:34:00,GENTLE DENTAL - SOUTH BOSTON,DENTAL PRACTICE,368 Broadway,South Boston,MA,2127,42.33793,-71.04892000000001,False,South Boston,dental practice
2290,2021-09-10 12:57:00,,2025-09-10 10:54:00,Ghost Tequila,Online Marketing,862 Second ST,South Boston,MA,2127,42.337592,-71.028684,False,South Boston,online marketing
2291,2018-09-07 12:27:00,8/22/22 15:19,2026-08-22 13:06:00,Gibson Sotheby's International Realty,Real Estate Brokerage,141 Dorchester AV,South Boston,MA,2127,42.342105,-71.05791599999998,True,South Boston,real estate brokerage
2292,2019-05-17 10:25:00,5/26/23 13:57,2027-05-26 13:54:00,Gina Varvelli Studio,Aesthetician/Skincare,517 First ST,South Boston,MA,2127,42.338162449332,-71.03471987137647,True,South Boston,aesthetician/skincare
2293,2025-04-11 09:47:00,,2029-04-11 09:46:00,Girls in Real Life,Healthcare Workshop,831 E SECOND ST,SOUTH BOSTON,MA,2127,42.337287,-71.030081,True,South Boston,healthcare workshop
2294,2025-02-04 09:28:00,,2029-02-04 09:22:00,Glamorous Booths,Photo Booths & Party Services,55 William T Morrissey BLVD,Dorchester,MA,2127,42.317769,-71.05016799999999,True,South Boston,photo booths & party services
2295,2018-04-04 09:22:00,,2022-04-04 09:19:00,GLANBEHY MEDIA,MEDIA,352 K ST,South Boston,MA,2127,42.331762,-71.03711499999997,False,South Boston,media
2296,2016-08-31 12:06:00,,,Global Brand Vision,Retail Consulting,559 Second ST,South Boston,MA,2127,42.337055,-71.04076099999997,False,South Boston,retail consulting
2297,2014-04-02 00:00:00,,2018-04-02 00:00:00,GLOBAL BRAND VISION,TOUR OPERATOR,559 Second ST,South Boston,MA,2127,42.337055,-71.04076099999997,False,South Boston,tour operator
2298,2015-01-06 00:00:00,,2019-01-06 00:00:00,GLOBAL BRAND VISION,WITHDRAWAL (4/2/14),559 Second ST,South Boston,MA,2127,42.337055,-71.04076099999997,False,South Boston,withdrawal (4/2/14)
2299,2019-04-17 11:41:00,4/28/23 13:21,2027-04-28 10:45:00,Gopuff,Convenience Store W/Delivery,371 Dorchester AV,South Boston,MA,2127,42.335629,-71.05805399999997,True,South Boston,convenience store w/delivery
2300,2018-04-25 12:24:00,5/24/22 11:34,2026-05-24 11:33:00,Grand Sea Boston,Wholesale Retail,281 Second ST,South Boston,MA,2127,42.339557,-71.04862100000003,True,South Boston,wholesale retail
2301,2016-01-08 00:00:00,1/4/24 12:52,2028-01-04 11:45:00,GRANT CONSULTING,CONSULTING,492 Broadway,South Boston,MA,2127,42.33562,-71.04503999999997,True,South Boston,consulting
2302,2019-11-22 11:39:00,11/1/23 12:04,2027-11-01 11:01:00,Gray's Hall,Wine Bar,615 Broadway,South Boston,MA,2127,42.33561271913169,-71.03650826260878,True,South Boston,wine bar
2303,2019-01-04 13:20:00,,2023-01-04 13:19:00,Great Vibes Entertainnment,social & event Planning,35 Patterson WY,South Boston,MA,2127,42.330307,-71.05219999999997,False,South Boston,social & event planning
2304,2024-01-11 12:38:00,,2028-01-11 12:36:00,Grounding Technology,Online Products/Online Store,49 Old Harbor ST,South Boston,MA,2127,42.333184,-71.04762299999999,True,South Boston,online products/online store
2305,2024-04-05 13:00:00,,2028-04-05 12:59:00,Grove Property Group,Real Estate,423 Broadway,South Boston,MA,2127,42.33652,-71.04773,True,South Boston,real estate
2306,2019-12-06 15:22:00,2/1/24 14:13,2028-02-01 14:12:00,Guery Short-Term Rental,Short-Term Rental,0 Gold ST,South Boston,MA,2127,42.33704183655313,-71.05087523575787,True,South Boston,short-term rental
2307,2021-01-14 10:01:00,,2025-01-14 09:59:00,Gure Transportation,Transportation,199 Broadway,South Boston,MA,2127,42.339767,-71.05267300000003,False,South Boston,transportation
2308,2015-07-15 00:00:00,6/29/23 14:23,2027-06-29 11:10:00,H&R BLOCK,TAX PREPARATION SERVICES,850 Summer ST,South Boston,MA,2127,42.337511,-71.03506900000002,True,South Boston,tax preparation services
2309,2021-09-22 12:42:00,12/23/25 12:21,2029-12-23 12:11:00,Habit,Retail boutique,703 Broadway,South Boston,MA,2127,42.33541,-71.03721999999999,True,South Boston,retail boutique
2310,2019-05-30 09:18:00,7/5/23 10:19,2027-07-05 10:16:00,Habitat Realty,Real Estate,816 Fifth ST,South Boston,MA,2127,42.334229,-71.02792199999999,True,South Boston,real estate
2311,2020-08-17 13:31:00,11/6/24 16:35,2028-11-06 16:22:00,HAIR BY JENNIFER,COSMETOLOGY,92 P ST,South Boston,MA,2127,42.335117,-71.02701100000002,True,South Boston,cosmetology
2312,2025-09-23 15:38:00,,2029-09-23 15:37:00,Happy Path Digital,Digital Consulting,115 B ST,South Boston,MA,2127,42.341035,-71.05334800000003,True,South Boston,digital consulting
2313,2022-07-08 12:27:00,,2026-07-08 12:26:00,Hard Card,Sports Card Collectables,400 K ST,South Boston,MA,2127,42.330172,-71.03704800000003,True,South Boston,sports card collectables
2314,2025-10-15 10:56:00,,2029-10-15 10:55:00,Harry & Lou,Boutique,735 Broadway,South Boston,MA,2127,42.33561271913169,-71.03650826260878,True,South Boston,boutique
2315,2018-04-20 13:38:00,7/8/22 15:13,2026-07-08 15:01:00,HAWKE Commercial Filmaking,Multimedia Production,516 Second ST,South Boston,MA,2127,42.337385,-71.04192899999998,True,South Boston,multimedia production
2316,2022-07-08 15:06:00,,2026-07-08 15:04:00,Hawke Commercial Photography,Photography,516 Second ST,South Boston,MA,2127,42.337385,-71.04192899999998,True,South Boston,photography
2317,2024-03-14 14:36:00,,2028-03-14 14:35:00,Hawke Commercial Photography,Photography,516 Second ST,South Boston,MA,2127,42.337385,-71.04192899999998,True,South Boston,photography
2318,2023-01-12 09:14:00,,2027-01-12 09:13:00,Hayward and Sons,Property Maintenance,371 Dorchester AV,South Boston,MA,2127,42.335629,-71.05805399999997,True,South Boston,property maintenance
2319,2015-01-20 00:00:00,1/16/19 11:49,2023-01-16 11:22:00,HEADLINES IMPRESSION & COMPANY,HAIR SALON (BOOTH RENTAL),205 Sixth ST,South Boston,MA,2127,42.33523,-71.05084499999998,False,South Boston,hair salon (booth rental)
2320,2014-11-05 00:00:00,10/17/22 13:58,2026-10-17 12:23:00,HEADQUARTERS HAIR SALON,HAIR SALON,545 Broadway,South Boston,MA,2127,42.33561271913169,-71.03650826260878,True,South Boston,hair salon
2321,2024-05-17 13:42:00,,2028-05-17 13:38:00,Heather McGrath,Arts and Entertainment,516 Second ST,South Boston,MA,2127,42.337385,-71.04192899999998,True,South Boston,arts and entertainment
2322,2022-01-27 13:33:00,3/5/26 15:40,2030-03-05 12:31:00,HELD FAMILIES,POSTPARTUM DOULA CERTIFIED LACTATION COUNSELOR,91 Old Harbor ST,South Boston,MA,2127,42.331696,-71.04763100000002,True,South Boston,postpartum doula certified lactation counselor
2323,2019-07-15 08:50:00,,2023-07-15 08:45:00,Helping Hands,Online Retail,199 H ST,South Boston,MA,2127,42.330971,-71.04177300000003,False,South Boston,online retail
2324,2015-07-09 00:00:00,,2019-07-09 00:00:00,HESS #21517,WITHDRAWAL (7/8/14),151 Old Colony AV,South Boston,MA,2127,42.334409,-71.05532199999999,False,South Boston,withdrawal (7/8/14)
2325,2014-07-08 00:00:00,,2018-07-08 00:00:00,HESS 21517,RETAIL/GAS,151 Old Colony AV,South Boston,MA,2127,42.334409,-71.05532199999999,False,South Boston,retail/gas
2326,2014-07-08 00:00:00,,2018-07-08 00:00:00,HESS 21517,WITHDRAWAL (7/13/12),151 Old Colony AV,South Boston,MA,2127,42.334409,-71.05532199999999,False,South Boston,withdrawal (7/13/12)
2327,2013-09-17 00:00:00,,2017-09-17 00:00:00,HOLLYWOOD STAR NAILS & SPA,"FACIAL, NAIL & SPA SALON",643 Broadway,South Boston,MA,2127,42.33542,-71.03877,False,South Boston,"facial, nail & spa salon"
2328,2015-07-16 00:00:00,,2019-07-16 00:00:00,HOLLYWOOD STAR NAILS & SPA,WITHDRAWAL (9/17/13),643 Broadway,South Boston,MA,2127,42.33542,-71.03877,False,South Boston,withdrawal (9/17/13)
2329,2015-06-15 00:00:00,4/9/20 14:14,2024-04-09 10:16:00,HOMELIGHT BOSTON,ELECTRICAL CONTRACTOR,151 I ST,South Boston,MA,2127,42.332948,-71.04005000000001,False,South Boston,electrical contractor
2330,2018-07-19 12:54:00,,2022-07-19 12:52:00,Hook & Loop Fabrication Studio,Wood Working Fabrication,570 First ST,South Boston,MA,2127,42.338327,-71.03685100000001,False,South Boston,wood working fabrication
2331,2017-03-20 13:23:00,3/18/25 14:36,2029-03-18 14:33:00,House of Hurwitz,Sale of party supplies,61 Dorchester ST,South Boston,MA,2127,42.336208,-71.04485399999999,True,South Boston,sale of party supplies
2332,2020-01-02 10:08:00,1/2/24 14:51,2028-01-02 11:51:00,House Of Ivy,Hair Salon,699 Broadway,South Boston,MA,2127,42.335792,-71.03754900000001,True,South Boston,hair salon
2333,2014-02-13 00:00:00,3/30/26 15:48,2030-03-30 12:40:00,HUB LOCK & DOOR CLOSER,LOCKSMITH,281 Dorchester ST,South Boston,MA,2127,42.332209,-71.05249300000003,True,South Boston,locksmith
2334,2021-07-16 09:37:00,,2025-07-16 09:31:00,HUGHES & LOUIS INVESTING,PROPERTY INVESTMENT,24 Knowlton ST,South Boston,MA,2127,42.33216,-71.04966000000002,False,South Boston,property investment
2335,2021-05-28 14:12:00,6/2/25 16:52,2029-06-02 10:57:00,Hunter's,restaurant,110 Dorchester ST,South Boston,MA,2127,42.335139,-71.04595,True,South Boston,restaurant
2336,2024-12-02 11:41:00,,2028-12-02 11:40:00,iBeauty Lounge,Nails & Spa,592 Broadway,South Boston,MA,2127,42.335692,-71.04053799999997,True,South Boston,nails & spa
2337,2015-02-25 00:00:00,3/27/23 12:55,2027-03-27 12:44:00,ILEX DESIGNS,FLORIST,850 Summer ST,South Boston,MA,2127,42.337511,-71.03506900000002,True,South Boston,florist
2338,2019-11-13 14:56:00,,2023-11-13 09:36:00,ILG Guest Stay,Short Term Rental,247 Fifth ST,South Boston,MA,2127,42.335612,-71.04975999999999,False,South Boston,short term rental
2339,2023-11-21 09:27:00,,2027-11-21 07:51:00,ILG Music and Media,Music/Media,247 Fifth ST,South Boston,MA,2127,42.335612,-71.04975999999999,True,South Boston,music/media
2340,2023-12-04 14:49:00,,2027-12-04 14:47:00,Imported Foods,Wholesale,474 Dorchester AV,South Boston,MA,2127,42.332458,-71.056266,True,South Boston,wholesale
2341,2021-03-22 15:13:00,8/5/25 16:26,2029-08-05 15:44:00,In Good Company Shop,Home Decor Shop,653 Broadway,South Boston,MA,2127,42.3354,-71.03849000000002,True,South Boston,home decor shop
2342,2018-01-31 13:37:00,3/3/26 11:16,2030-03-03 08:18:00,Indresano Studios,Photography and Video,33 A ST,South Boston,MA,2127,42.341203,-71.05607800000001,True,South Boston,photography and video
2343,2015-09-03 00:00:00,2/20/24 16:18,2028-02-20 16:16:00,INDULGE DAY SPA,SKIN & BODYCARE,637 Broadway,South Boston,MA,2127,42.33561271913169,-71.03650826260878,True,South Boston,skin & bodycare
2344,2021-07-16 09:37:00,,2025-07-16 09:34:00,IN-HOUSE PRODUCTION GROUP,MEDIA,24 Knowlton ST,South Boston,MA,2127,42.33216,-71.04966000000002,False,South Boston,media
2345,2014-03-11 00:00:00,2/11/26 9:36,2030-02-11 09:34:00,INNER HARBOR JEWELERS,JEWELRY WATCH REPAIR,705 Broadway,South Boston,MA,2127,42.33541,-71.03714000000002,True,South Boston,jewelry watch repair
2346,2026-01-23 10:13:00,,2030-01-23 10:11:00,In-Place Remodeling,Home Improvement Contractor,240 E ST,South Boston,MA,2127,42.335727,-71.05195300000003,True,South Boston,home improvement contractor
2347,2018-06-06 10:38:00,,2022-06-06 10:37:00,Integrity Protection Service,Security Firm,551 Dorchester AV,South Boston,MA,2127,42.330547,-71.05717099999998,False,South Boston,security firm
2348,2017-07-12 14:33:00,11/25/25 11:45,2029-11-25 11:44:00,Interactive Construction,Residential Construction,9 M ST,South Boston,MA,2127,42.337845,-71.03360499999997,True,South Boston,residential construction
2349,2022-11-21 15:39:00,,2026-11-21 14:19:00,Ionic Development Company,Real Estate Developing/Consulting,71 Broadway,South Boston,MA,2127,42.34173,-71.05579,True,South Boston,real estate developing/consulting
2350,2013-08-26 00:00:00,,2017-08-26 00:00:00,IPHONE EXPRESS,WITHDRAWAL (07/31/2012),518 Dorchester AV,South Boston,MA,2127,42.331549,-71.05679499999997,False,South Boston,withdrawal (07/31/2012)
2351,2020-01-27 12:51:00,,2024-01-27 12:50:00,J & J Services,Maintenance,143 Dorchester ST,South Boston,MA,2127,42.334737,-71.04769099999999,False,South Boston,maintenance
2352,2014-07-14 00:00:00,8/24/18 12:12,2022-08-24 11:51:00,"J RYAN SOLUTIONS,",EDUCATIONAL/TECHNOLOGY CONSULT,171 M ST,South Boston,MA,2127,42.332049,-71.03344800000002,False,South Boston,educational/technology consult
2353,2023-05-05 15:43:00,,2027-05-05 15:40:00,J.A.C.E. Designs,Home Decor,713 Fifth ST,South Boston,MA,2127,42.333859,-71.03155700000002,True,South Boston,home decor
2354,2015-09-16 00:00:00,10/13/23 11:16,2027-10-13 11:15:00,JACKIE'S LITTLE HOUSE DAY CARE,CHILD CARE,141 Broadway,South Boston,MA,2127,42.340727,-71.05420300000003,True,South Boston,child care
2355,2024-08-30 15:10:00,,2028-08-30 15:09:00,James Hanley,Cleaning Services,881 First ST,South Boston,MA,2127,42.338057,-71.028073,True,South Boston,cleaning services
2356,2022-05-23 14:09:00,,2026-05-23 14:08:00,Jamie's Variety,Convenience Store with Beer&Wine,113 H ST,South Boston,MA,2127,42.333942,-71.04169100000001,True,South Boston,convenience store with beer&wine
2357,2022-03-03 15:29:00,2/13/26 13:17,2030-02-13 12:16:00,JANICE IWAMA,CONSULTING,14 Barnard PL,South Boston,MA,2127,42.336732,-71.03932600000002,True,South Boston,consulting
2358,2018-08-09 12:53:00,1/6/23 14:53,2027-01-06 14:51:00,JAS PRODUCTION,ENTERTAINMENT,100 Dorchester ST,South Boston,MA,2127,42.33526,-71.04572999999999,True,South Boston,entertainment
2359,2014-11-24 00:00:00,11/23/18 8:54,2022-11-23 08:52:00,JAVA HOUSE,COFFEE SHOP,541 Broadway,South Boston,MA,2127,42.335317,-71.04243099999997,False,South Boston,coffee shop
2360,2020-01-16 13:34:00,,2024-01-16 13:33:00,Jazize Photography,Photography,168 Seventh ST,South Boston,MA,2127,42.334892,-71.051493,False,South Boston,photography
2361,2023-11-30 15:50:00,,2027-11-30 15:48:00,JEFF SWAIN AIRBNB,SHORT TERM RENTAL,4 Jason TE,South Boston,MA,2127,42.331612,-71.04458699999998,True,South Boston,short term rental
2362,2013-11-25 00:00:00,,2017-11-25 00:00:00,JENNIFER RILEY,CONSULTING - CH227 SEC5A,442 Fourth ST,South Boston,MA,2127,42.335585,-71.04744700000003,False,South Boston,consulting - ch227 sec5a
2363,2014-11-24 00:00:00,,2018-11-24 00:00:00,JENNIFER RILEY,WITHDRAWAL (11/25/14),442 Fourth ST,South Boston,MA,2127,42.335585,-71.04744700000003,False,South Boston,withdrawal (11/25/14)
2364,2022-01-12 14:12:00,12/22/25 13:31,2029-12-22 13:28:00,Jenso Custom Homes,GENERAL CONTRACTING,621 First ST,South Boston,MA,2127,42.337935,-71.03460000000001,True,South Boston,general contracting
2365,2023-08-02 12:26:00,,2027-08-02 11:01:00,Jess Klein Studio,Interior Design Studio,110 K ST,South Boston,MA,2127,42.338579,-71.03732100000002,True,South Boston,interior design studio
2366,2023-11-27 10:23:00,,2027-11-27 10:19:00,JHOANKA & CO,Fashion design,503 Second ST,South Boston,MA,2127,42.336899,-71.043248,True,South Boston,fashion design
2367,2017-09-28 11:02:00,9/23/25 11:20,2029-09-23 11:18:00,Jill Hoffmeister Jewelry,Jewelry Wholesale/Resale,590 Eighth ST,South Boston,MA,2127,42.331594,-71.03803900000003,True,South Boston,jewelry wholesale/resale
2368,2016-01-20 00:00:00,2/14/24 12:08,2028-02-14 11:21:00,JIMMY'S KORNER,PACKAGE STORE,143 P ST,South Boston,MA,2127,42.333363,-71.027311,True,South Boston,package store
2369,2013-08-12 00:00:00,10/7/25 15:07,2029-10-07 15:07:00,JIM'S VARIETY,CONVENIENCE STORE,258 Fifth ST,South Boston,MA,2127,42.335484,-71.04909600000002,True,South Boston,convenience store
2370,2013-01-07 00:00:00,,2017-01-07 00:00:00,JINNY'S BOUTIQUE,WITHDRAWAL (04/27/2012),360 Second ST,South Boston,MA,2127,42.338473,-71.04636700000003,False,South Boston,withdrawal (04/27/2012)
2371,2025-08-20 13:59:00,,2029-08-20 13:56:00,Joe St. Pierre Photography,Photography,366 Broadway,South Boston,MA,2127,42.33803,-71.04921999999999,True,South Boston,photography
2372,2014-07-24 00:00:00,11/14/22 15:44,2026-11-14 11:41:00,JOHN CARTER FIRE ESCAPE SERVICES,FIRE ESCAPES,70 G ST,South Boston,MA,2127,42.333611,-71.04402299999998,True,South Boston,fire escapes
2373,2014-12-17 00:00:00,,2018-12-17 00:00:00,JOIE,RETAIL SALE OF APPAREL & ACCESSORIES,141 Sixth ST,South Boston,MA,2127,42.336535,-71.05287699999997,False,South Boston,retail sale of apparel & accessories
2374,2023-09-25 13:22:00,,2027-09-25 13:20:00,JoJo Brows Skin Makeup,Beauty Salon,509 First ST,South Boston,MA,2127,42.33795,-71.039308,True,South Boston,beauty salon
2375,2015-12-21 00:00:00,11/29/19 13:40,2023-11-29 13:40:00,JONATHAN MARSH REAL ESTATE,REAL ESTATE,636 Dorchester AV,South Boston,MA,2127,42.328119,-71.05669,False,South Boston,real estate
2376,2022-03-22 10:28:00,,2026-03-22 09:57:00,JOSEPH & ROBERT ALVARADO,SHORT TERM RENTAL,550 Dorchester AV,South Boston,MA,2127,42.330587,-71.05674099999999,False,South Boston,short term rental
2377,2022-05-24 12:48:00,,2026-05-24 12:44:00,Joseph's Bakery,Bakery,258 K ST,South Boston,MA,2127,42.334545,-71.03720800000002,True,South Boston,bakery
2378,2014-04-23 00:00:00,,2018-04-23 00:00:00,JOSEPH'S BAKERY & DELI,WITHDRAWAL (7/20/12),258 K ST,South Boston,MA,2127,42.334545,-71.03720800000002,False,South Boston,withdrawal (7/20/12)
2379,2024-06-17 12:54:00,,2028-06-17 12:53:00,Joy Lee,Short Term Rental,674 Broadway,South Boston,MA,2127,42.33579,-71.03757000000002,True,South Boston,short term rental
2380,2018-10-23 14:51:00,10/24/22 15:41,2026-10-24 13:47:00,JP LICKS,ICE CREAM PARTOR,376 West Broadway,South Boston,MA,2127,42.337817,-71.04875400000003,True,South Boston,ice cream partor
2381,2019-07-22 15:09:00,,2023-07-22 15:07:00,JS Rentals,Short Term Rentals,209 Second ST,South Boston,MA,2127,42.340963,-71.05081200000001,False,South Boston,short term rentals
2382,2020-01-08 12:27:00,1/3/24 12:46,2028-01-03 12:44:00,K & 8th Street Market,Beer & Wine/Grocery,362 K ST,South Boston,MA,2127,42.331349,-71.03706399999999,True,South Boston,beer & wine/grocery
2383,2025-03-04 13:32:00,,2029-03-04 13:31:00,K + D Airbnb,Airbnb,13 Pacific ST,South Boston,MA,2127,42.333861,-71.045681,True,South Boston,airbnb
2384,2018-05-04 11:14:00,,2022-05-04 11:13:00,K Street Candlles,Online Manufacturing,308 K ST,South Boston,MA,2127,42.333187,-71.03716600000001,False,South Boston,online manufacturing
2385,2016-08-11 15:52:00,6/30/20 14:23,2024-06-30 14:21:00,Kae & Co. Consulting,Consulting,9 Liberty PL,South Boston,MA,2127,42.328848,-71.05361900000003,False,South Boston,consulting
2386,2024-06-05 11:21:00,,2028-06-05 11:16:00,KARPP,CONSTRUCTION MATERIALS,480 First ST,South Boston,MA,2127,42.338677,-71.04044299999998,True,South Boston,construction materials
2387,2023-11-06 14:32:00,,2027-11-06 14:31:00,Karve Spa,Day Spa,416 Broadway,South Boston,MA,2127,42.3369,-71.04743000000002,True,South Boston,day spa
2388,2019-10-03 12:08:00,,2023-10-03 12:06:00,Karve Spa,Day Spa,416 Broadway,South Boston,MA,2127,42.3369,-71.04743000000002,False,South Boston,day spa
2389,2018-10-19 12:03:00,11/30/22 13:06,2026-11-30 13:04:00,Kate Hadden Design Co.,Web & Graphic Design,847 Fourth ST,South Boston,MA,2127,42.334723,-71.02958699999999,True,South Boston,web & graphic design
2390,2020-03-25 11:18:00,,2024-03-25 11:16:00,Kayla Mehr Fitness,online/mobile personal training,9 Atlantic ST,South Boston,MA,2127,42.334238,-71.04638899999998,False,South Boston,online/mobile personal training
2391,2025-05-07 15:23:00,,2029-05-07 14:10:00,KB Bookkeeping Plus,Bookkeeping,1306 Columbia RD,South Boston,MA,2127,42.330616,-71.04705899999999,True,South Boston,bookkeeping
2392,2023-07-18 14:52:00,,2027-07-18 14:47:00,Kelly Antonucci Group,Real Estate,825 Fourth ST,South Boston,MA,2127,42.334672,-71.03061100000002,True,South Boston,real estate
2393,2018-12-12 12:27:00,12/19/22 16:03,2026-12-19 14:16:00,Kennard Architects,Architectural Services,141 Dorchester AV,South Boston,MA,2127,42.342105,-71.05791599999998,True,South Boston,architectural services
2394,2013-12-16 00:00:00,,2017-12-16 00:00:00,KIM'S MARKET,WITHDRAWAL (6/15/10),305 Broadway,South Boston,MA,2127,42.3388345649572,-71.05089270276682,False,South Boston,withdrawal (6/15/10)
2395,2020-01-31 12:36:00,,2024-01-31 12:35:00,Kingdom Racing,Horse Racing,715 Fourth ST,South Boston,MA,2127,42.334576,-71.03598399999998,False,South Boston,horse racing
2396,2015-05-28 00:00:00,5/28/19 9:27,2023-05-28 09:22:00,KING'S & QUEEN'S CUSTOM DESIGNS,ONLINE RETAIL,180 Monsignor Dennis F. O'Callaghan WY,South Boston,MA,2127,42.326407,-71.05564099999998,False,South Boston,online retail
2397,2019-11-25 13:34:00,11/13/23 12:37,2027-11-13 12:35:00,KLS Hair Studio,Hair Salon,537 First ST,South Boston,MA,2127,42.33781,-71.03829999999999,True,South Boston,hair salon
2398,2016-02-29 00:00:00,3/4/24 17:30,2028-03-04 13:43:00,KUBY COMMUNICATIONS,PUBLIC RELATIONS,320 D ST,South Boston,MA,2127,42.340972,-71.04964899999999,True,South Boston,public relations
2399,2014-04-16 00:00:00,4/1/22 15:29,2026-04-01 12:52:00,L STREET DINER AND PIZZERIA,RESTAURANT,108 L ST,South Boston,MA,2127,42.334053,-71.03509200000002,False,South Boston,restaurant
2400,2024-03-12 09:28:00,,2028-03-12 09:20:00,L Street Tavern,Tavern,658 Eighth ST,South Boston,MA,2127,42.331637,-71.035461,True,South Boston,tavern
2401,2025-11-07 12:26:00,,2029-11-07 12:23:00,LAND OF PIZZA,PIZZA SHOP,445 Broadway,South Boston,MA,2127,42.336049,-71.046876,True,South Boston,pizza shop
2402,2021-12-07 13:55:00,,2025-12-07 13:44:00,Landlord,Landlord,11 Elkins ST,South Boston,MA,2127,42.339353,-71.03612900000002,False,South Boston,landlord
2403,2015-12-30 00:00:00,5/29/20 13:58,2024-05-29 13:47:00,LAPELS DRY CLEANING,DRY CLEANING,54 Old Colony AV,South Boston,MA,2127,42.336578,-71.05597699999998,False,South Boston,dry cleaning
2404,2019-04-04 14:54:00,4/21/23 17:00,2026-04-20 00:00:00,Lash Season,Aesthetics,481 Broadway,South Boston,MA,2127,42.33527,-71.04563000000002,True,South Boston,aesthetics
2405,2025-04-09 10:31:00,,2029-04-09 10:30:00,Law Office of Julia R Sauve,Law Office,25 Story ST,South Boston,MA,2127,42.333308,-71.043207,True,South Boston,law office
2406,2020-05-22 14:03:00,,2024-05-22 12:25:00,Law Office Of Michael A. Hammer,Law Office,320 D ST,South Boston,MA,2127,42.340972,-71.04964899999999,False,South Boston,law office
2407,2021-01-19 12:39:00,,2025-01-19 12:37:00,Law Office of Michael P. Welsh,Law Office,339 Broadway,South Boston,MA,2127,42.3388345649572,-71.05089270276682,False,South Boston,law office
2408,2023-06-29 13:49:00,,2027-06-29 13:46:00,Layla's American Tavern,Restaurant,332 Broadway,South Boston,MA,2127,42.338415,-71.04987599999998,True,South Boston,restaurant
2409,2018-09-12 09:21:00,,2022-09-12 09:20:00,Lazy Jack Supply,Retail - Home Goods,111 Marine RD,South Boston,MA,2127,42.3305,-71.03451999999999,False,South Boston,retail - home goods
2410,2016-04-15 00:00:00,1/25/24 15:42,2028-01-25 15:39:00,LEDUCQ,Administrative Services,19 Third ST,South Boston,MA,2127,42.342656,-71.05496,True,South Boston,administrative services
2411,2017-06-21 11:50:00,,,Lee Chen's Restaurant,Restaurant,475 Broadway,South Boston,MA,2127,42.33555,-71.04611,False,South Boston,restaurant
2412,2015-02-05 00:00:00,2/21/23 10:42,2027-02-21 10:41:00,LEE'S CLEANING SERVICES,CLEANING,8 Joyce Hayes WY,South Boston,MA,2127,42.337719,-71.05537099999998,True,South Boston,cleaning
2413,2018-03-23 13:02:00,,2022-03-23 12:14:00,Leg Up Marketing & Communications,Marketing/PR Agency,795 Fifth ST,South Boston,MA,2127,42.333902,-71.02875799999998,False,South Boston,marketing/pr agency
2414,2024-12-18 14:22:00,,2028-12-18 14:21:00,Lejit,Retail Apparell,517 Eighth ST,South Boston,MA,2127,42.331267,-71.04070100000001,True,South Boston,retail apparell
2415,2024-12-18 14:22:00,,2028-12-18 14:20:00,Lejit Branding,Retail Apparell,517 Eighth ST,South Boston,MA,2127,42.331267,-71.04070100000001,True,South Boston,retail apparell
2416,2024-12-18 14:22:00,,2028-12-18 14:18:00,Lejit Branding Company,Retail Apparell,517 Eighth ST,South Boston,MA,2127,42.331267,-71.04070100000001,True,South Boston,retail apparell
2417,2021-12-20 12:15:00,12/16/25 11:43,2029-12-16 11:41:00,Lenox Sophia,Restaurant,87 A ST,South Boston,MA,2127,42.342431,-71.054618,True,South Boston,restaurant
2418,2016-06-06 11:19:00,,,Leteat.com,Catering Services,28 Damrell ST,South Boston,MA,2127,42.333461,-71.05555400000003,False,South Boston,catering services
2419,2016-06-06 11:33:00,,2024-06-22 14:23:00,Leteat.com,Catering Services,28 Damrell ST,South Boston,MA,2127,42.333461,-71.05555400000003,False,South Boston,catering services
2420,2013-10-08 00:00:00,,2017-10-08 00:00:00,LETEAT.COM,CATERING SERVICES,28 Damrell ST,South Boston,MA,2127,42.333461,-71.05555400000003,False,South Boston,catering services
2421,2016-06-06 00:00:00,,2020-06-06 00:00:00,LETEAT.COM,,28 Damrell ST,South Boston,MA,2127,42.333461,-71.05555400000003,False,South Boston,
2422,2014-09-11 00:00:00,10/17/22 12:18,2026-10-17 12:17:00,LETICIA LIMO SERVICES,LIVERY,20 General Lawrence J Logan WY,South Boston,MA,2127,42.32704,-71.05385999999999,True,South Boston,livery
2423,2022-12-19 12:45:00,,2026-12-19 12:44:00,Level Up Meal Prep,Delivery,604A Dorchester AV,South Boston,MA,2127,42.329157,-71.05670099999998,True,South Boston,delivery
2424,2019-03-05 12:16:00,4/12/23 10:41,2027-04-12 10:36:00,LexRx,NP Business Office,395 Broadway,South Boston,MA,2127,42.33719,-71.04876000000002,True,South Boston,np business office
2425,2019-10-08 15:56:00,,2023-10-08 15:55:00,LightFlex Studios,Photography,566 Sixth ST,South Boston,MA,2127,42.333231,-71.03795300000002,False,South Boston,photography
2426,2023-03-01 14:46:00,,2027-03-01 14:43:00,Lilahs Crystals & Tarot,Retail,376 West Broadway,South Boston,MA,2127,42.337817,-71.04875400000003,True,South Boston,retail
2427,2021-05-17 15:25:00,,2025-05-17 15:25:00,lilawesomeboutique,clothing boutique,43 General Lawrence J Logan WY,South Boston,MA,2127,42.328362,-71.05440199999998,False,South Boston,clothing boutique
2428,2024-04-04 15:47:00,,2028-04-04 15:46:00,Lili Latin Dance,Dance Studio,423 Broadway,South Boston,MA,2127,42.33652,-71.04773,True,South Boston,dance studio
2429,2015-10-02 00:00:00,3/12/26 9:39,2030-03-09 09:39:00,LINCOLN TAVERN & RESTAURANT,FULL SERVICE RESTAURANT,425 Broadway,South Boston,MA,2127,42.336319,-71.04763600000001,True,South Boston,full service restaurant
2430,2024-07-03 15:20:00,,2028-07-03 14:29:00,Link Health,Community Engagement,12 Mohawk ST,South Boston,MA,2127,42.328724,-71.05548699999997,True,South Boston,community engagement
2431,2024-02-14 12:08:00,,2028-02-14 11:54:00,LIQUOR & WINE GALLERY,Liquor Store,605 Broadway,South Boston,MA,2127,42.33561271913169,-71.03650826260878,True,South Boston,liquor store
2432,2014-11-21 00:00:00,1/13/23 14:31,2027-01-13 14:30:00,LIRIANO'S TAX SERVICE,TAX SERVICES,35 Patterson WY,South Boston,MA,2127,42.330307,-71.05219999999997,True,South Boston,tax services
2433,2014-06-04 00:00:00,5/11/22 13:03,2026-05-11 11:18:00,LISA NAIL SALON,NAIL & SKIN CARE,746 Broadway,South Boston,MA,2127,42.33561271913169,-71.03650826260878,True,South Boston,nail & skin care
2434,2017-03-20 13:23:00,3/18/25 14:36,2029-03-18 14:31:00,Little Jack Horner,Novelty Sales,61 Dorchester ST,South Boston,MA,2127,42.336208,-71.04485399999999,True,South Boston,novelty sales
2435,2021-10-07 15:37:00,,2025-10-07 15:35:00,Liv Charron Events,wedding/event planning,339 K ST,South Boston,MA,2127,42.33208,-71.03749700000003,False,South Boston,wedding/event planning
2436,2018-03-02 16:42:00,1/26/23 12:13,2027-01-26 12:13:00,LIVE LONGER GET FIT,PERSONAL TRAINING,323 Dorchester AV,South Boston,MA,2127,42.336913,-71.058135,True,South Boston,personal training
2437,2020-10-13 15:41:00,10/4/24 15:40,2028-10-04 15:39:00,LIZ ON E,BEAUTY SALON,661 Broadway,South Boston,MA,2127,42.33541,-71.03816,True,South Boston,beauty salon
2438,2014-03-20 00:00:00,1/27/26 16:46,2030-01-27 15:55:00,LOCAL 149,RESTAURANT,149 P ST,South Boston,MA,2127,42.333108,-71.02731799999998,True,South Boston,restaurant
2439,2014-12-29 00:00:00,2/10/23 16:14,2027-02-08 12:00:00,LOCO TAQUERIA & OYSTER BAR,RESTAURANT,412 Broadway,South Boston,MA,2127,42.337039,-71.04768999999999,True,South Boston,restaurant
2440,2015-04-02 00:00:00,6/6/19 14:24,2023-06-06 14:20:00,LOGRASSO'S BARBER SHOP,BARBER SHOP,331 Broadway,South Boston,MA,2127,42.3388345649572,-71.05089270276682,False,South Boston,barber shop
2441,2023-06-23 12:08:00,,2027-06-23 12:07:00,Lori Hosea Studio,Hair Salon,621 First ST,South Boston,MA,2127,42.337935,-71.03460000000001,True,South Boston,hair salon
2442,2020-06-26 14:09:00,11/14/24 15:34,2028-11-14 13:15:00,Louie Styles,barbershop,100 Dorchester ST,South Boston,MA,2127,42.33526,-71.04572999999999,True,South Boston,barbershop
2443,2020-05-19 11:49:00,,2024-05-19 11:47:00,Love Child,Floral studio + Event venue,313 E ST,South Boston,MA,2127,42.337587,-71.04939000000002,False,South Boston,floral studio + event venue
2444,2019-11-12 13:02:00,11/6/23 15:44,2027-11-06 13:00:00,Love Realty,Short Term Rental,532 Eighth ST,South Boston,MA,2127,42.331514,-71.040235,True,South Boston,short term rental
2445,2021-01-08 11:48:00,3/28/25 12:38,2029-03-28 12:35:00,LU LU GREEN BEVERAGE,Juice retail,246A Broadway,South Boston,MA,2127,42.339686,-71.051512,True,South Boston,juice retail
2446,2018-09-14 12:52:00,4/28/23 13:25,2027-04-28 13:24:00,Luck Wellness,Yoga Studio,516 Second ST,South Boston,MA,2127,42.337385,-71.04192899999998,True,South Boston,yoga studio
2447,2017-07-19 11:14:00,9/1/22 13:21,2026-09-01 13:03:00,LUCKY STAR BUS,BUS TRANSPORTATION,38 Damrell ST,South Boston,MA,2127,42.332993,-71.05516799999998,True,South Boston,bus transportation
2448,2019-07-26 10:15:00,9/1/23 14:01,2027-09-01 13:58:00,Lucy Family Daycare,Family Daycare,78 Seventh ST,South Boston,MA,2127,42.336629,-71.05415099999999,True,South Boston,family daycare
2449,2023-05-17 12:27:00,,2027-05-17 12:24:00,Luisa Fernandez Designs,Deigns Sole Proprietorship,235 Broadway,South Boston,MA,2127,42.339226,-71.05181399999998,True,South Boston,deigns sole proprietorship
2450,2021-01-08 11:10:00,3/28/25 12:38,2029-03-28 12:36:00,Lulu Green Cafe Bakery Juice Bar,Cafe,246A Broadway,South Boston,MA,2127,42.339686,-71.051512,True,South Boston,cafe
2451,2025-03-25 15:43:00,,2029-03-25 15:40:00,Lumen et Logos,Book Publishing,582 Fourth ST,South Boston,MA,2127,42.334805,-71.04139499999997,True,South Boston,book publishing
2452,2025-01-21 14:39:00,,2029-01-21 14:38:00,Lunita Family Daycare,Daycare,7 Orton Marotta WA,South Boston,MA,2127,42.338589,-71.05596100000002,True,South Boston,daycare
2453,2022-02-15 10:15:00,,2026-02-15 10:06:00,Luxe Home Interiors,Boutique Store,754 Broadway,South Boston,MA,2127,42.335857,-71.03525300000001,False,South Boston,boutique store
2454,2015-07-20 00:00:00,6/25/19 13:08,2023-06-25 13:07:00,LYDON EXTERIORS,HOME IMPROVEMENT,139 Ninth ST,South Boston,MA,2127,42.334426,-71.05418800000001,False,South Boston,home improvement
2455,2018-12-17 14:39:00,,2022-12-17 14:38:00,M & G Handyman Service,Handyman Service,163 Orton Marotta WA,South Boston,MA,2127,42.337071,-71.053697,False,South Boston,handyman service
2456,2015-10-22 00:00:00,12/13/19 16:31,2023-12-13 16:30:00,MA PLUME CALLIGRAPHY,CALLIGRAPHY SERVICES,610 Broadway,South Boston,MA,2127,42.33575,-71.03965,False,South Boston,calligraphy services
2457,2020-06-25 09:24:00,6/11/24 16:00,2028-06-11 15:56:00,Maddox Builders,Carpenter,855 Fifth ST,South Boston,MA,2127,42.333935,-71.026025,True,South Boston,carpenter
2458,2025-12-02 11:01:00,,2029-12-02 11:00:00,Madelyn Pilates,Mobile Pilates,821 Fifth ST,South Boston,MA,2127,42.333914,-71.02769799999999,True,South Boston,mobile pilates
2459,2021-09-07 13:13:00,,2025-09-07 13:11:00,Malik Abbas Limo and Taxi Service,transportation,20 General Lawrence J Logan WY,South Boston,MA,2127,42.32704,-71.05385999999999,False,South Boston,transportation
2460,2022-06-21 11:03:00,,2026-06-21 11:01:00,Mara May,Online Retail,208 Seventh ST,South Boston,MA,2127,42.334137,-71.050321,True,South Boston,online retail
2461,2016-06-07 00:00:00,6/30/20 10:27,2024-06-30 10:25:00,MARRS GROUP,CONSULTING/RECRUITING,320 D ST,South Boston,MA,2127,42.340972,-71.04964899999999,False,South Boston,consulting/recruiting
2462,2013-03-14 00:00:00,,2017-03-14 00:00:00,MARY KAY BEATY CONSULTANT,,524 Sixth ST,South Boston,MA,2127,42.333219,-71.03931399999999,False,South Boston,
2463,2013-03-14 00:00:00,,2017-03-14 00:00:00,MARY KAY BEAUTY CONSULTANT,INDEPENDENT BEAUTY CONSULTANT,524 Sixth ST,South Boston,MA,2127,42.333219,-71.03931399999999,False,South Boston,independent beauty consultant
2464,2016-06-21 12:26:00,,,Mary Kay Beauty Consultant,Independent Beauty Consultant,524 Sixth ST,South Boston,MA,2127,42.333219,-71.03931399999999,False,South Boston,independent beauty consultant
2465,2019-10-07 13:34:00,,2023-10-07 13:32:00,Mass Maids,Cleaning Business,236 Dorchester ST,South Boston,MA,2127,42.332542,-71.05130700000001,False,South Boston,cleaning business
2466,2023-12-07 14:52:00,,2027-12-07 14:51:00,MassMicro,Produce Farm,67 G ST,South Boston,MA,2127,42.333736,-71.044419,True,South Boston,produce farm
2467,2018-10-05 16:07:00,10/5/22 13:51,2026-10-05 10:33:00,McColl RE Consultants,Real Estate Consulting,314 K ST,South Boston,MA,2127,42.332941,-71.03717,True,South Boston,real estate consulting
2468,2019-12-09 13:25:00,,2023-12-09 10:10:00,McGlynn Associates,Contract Furnture,60 K ST,South Boston,MA,2127,42.339553,-71.037372,False,South Boston,contract furnture
2469,2015-12-17 00:00:00,1/18/24 12:52,2028-01-18 12:50:00,MCGOO'S PIZZA,RESTAURANT,479 Broadway,South Boston,MA,2127,42.33546,-71.04601000000002,True,South Boston,restaurant
2470,2015-06-30 00:00:00,,2019-06-30 00:00:00,MCGOO'S PIZZERIA,RESTAURANT,479 Broadway,South Boston,MA,2127,42.33546,-71.04601000000002,False,South Boston,restaurant
2471,2015-12-17 00:00:00,,2019-12-17 00:00:00,MCGOO'S PIZZERIA,WITHDRAWAL (6/30/15),479 Broadway,South Boston,MA,2127,42.33546,-71.04601000000002,False,South Boston,withdrawal (6/30/15)
2472,2015-12-17 00:00:00,,2019-12-17 00:00:00,MCGOOSTA,WITHDRAWAL (6/30/15),479 Broadway,South Boston,MA,2127,42.33546,-71.04601000000002,False,South Boston,withdrawal (6/30/15)
2473,2015-06-30 00:00:00,,2019-06-30 00:00:00,MCGOOSTA,RESTAURANT,479 Broadway,South Boston,MA,2127,42.33546,-71.04601000000002,False,South Boston,restaurant
2474,2025-04-07 12:47:00,,2029-04-07 12:46:00,MCM Properties,Real Estate,948 Broadway,South Boston,MA,2127,42.33604,-71.02591999999999,True,South Boston,real estate
2475,2025-04-11 12:47:00,,2029-04-11 12:47:00,Meek Oak,Art Sale,40 Baxter ST,South Boston,MA,2127,42.33618,-71.05450100000002,True,South Boston,art sale
2476,2025-05-05 15:30:00,,2029-05-05 15:28:00,Mei Mei Dumplings,Cafe,58 Old Colony AV,South Boston,MA,2127,42.33636,-71.05584599999997,True,South Boston,cafe
2477,2023-04-21 15:27:00,,2027-04-21 11:40:00,Melinda Acupuncture,Acupuncture,632 Broadway,South Boston,MA,2127,42.33575,-71.03917000000001,True,South Boston,acupuncture
2478,2020-04-13 15:07:00,4/16/24 12:23,2028-04-16 12:21:00,MelOPhoto,Photography,148 F ST,South Boston,MA,2127,42.33718,-71.04757000000001,True,South Boston,photography
2479,2016-03-11 00:00:00,2/29/24 16:22,2028-02-29 16:07:00,METRO ENERGY,DELIVERY OF #2 FUEL OIL,641 Broadway,South Boston,MA,2127,42.33561271913169,-71.03650826260878,True,South Boston,delivery of #2 fuel oil
2480,2019-07-30 09:19:00,,2023-07-30 09:17:00,Miah and Jaydens Magic Garden,Family Day Care,157 Broadway,South Boston,MA,2127,42.34036,-71.05365,False,South Boston,family day care
2481,2021-03-08 14:56:00,4/14/25 15:48,2029-04-14 14:21:00,Michael Co,Home Staging,24 F ST,South Boston,MA,2127,42.333931,-71.051376,True,South Boston,home staging
2482,2023-04-26 09:18:00,,2027-04-26 09:17:00,Micro Plant Studio,Florist,365 Broadway,South Boston,MA,2127,42.3388345649572,-71.05089270276682,True,South Boston,florist
2483,2022-08-01 12:17:00,,2026-08-01 12:16:00,Milton Pediatric Speech and Language,Speech-Language Therapy,275 Old Colony AV,South Boston,MA,2127,42.330623,-71.05300299999999,True,South Boston,speech-language therapy
2484,2025-05-28 14:01:00,,2029-05-28 13:58:00,Minis & More,Vending Machine,6 Orton Marotta WA,South Boston,MA,2127,42.33869,-71.05569000000003,True,South Boston,vending machine
2485,2022-04-25 11:26:00,,2026-04-25 11:25:00,Mister A Barber Shop,Barber Shop,400 Dorchester ST,South Boston,MA,2127,42.329717,-71.05666200000002,True,South Boston,barber shop
2486,2019-07-23 13:58:00,,2023-07-23 13:57:00,MLLG PROPERTIES,SHORT TERM RENTAL,123 G ST,South Boston,MA,2127,42.331725,-71.04431799999998,False,South Boston,short term rental
2487,2014-10-02 00:00:00,11/21/22 9:22,2026-11-21 09:21:00,MMMAC & CHEESE,FAST FOOD,210 Ninth ST,South Boston,MA,2127,42.333107,-71.05217199999998,True,South Boston,fast food
2488,2016-10-31 13:32:00,3/9/26 12:00,2030-03-09 11:59:00,Moko Japanese Restaurant,Restaurant,674 Broadway,South Boston,MA,2127,42.33579,-71.03757000000002,True,South Boston,restaurant
2489,2015-05-12 00:00:00,9/8/23 9:44,2027-09-08 09:42:00,MOLLY'S BEACHSIDE,ICE CREAM & CAFE,165 William J Day BL,South Boston,MA,2127,46.137518617072864,12.21817083656788,True,South Boston,ice cream & cafe
2490,2023-07-13 15:32:00,,2027-07-13 15:25:00,Monarc Properties,Real Estate Sales & Rentals,728 Broadway,South Boston,MA,2127,42.335807,-71.03625999999997,True,South Boston,real estate sales & rentals
2491,2020-10-26 14:50:00,12/12/24 14:22,2028-12-12 13:47:00,Mone Law,Attroney,49 Marine RD,South Boston,MA,2127,42.330484,-71.037709,True,South Boston,attroney
2492,2021-03-29 14:50:00,,2025-03-29 11:26:00,Montgomery Wilshire Capital,Real Estate Agent & Appraiser,520 Broadway,South Boston,MA,2127,42.33568,-71.04345,False,South Boston,real estate agent & appraiser
2493,2015-01-30 00:00:00,4/10/23 15:09,2027-04-10 14:45:00,MOONSHINE 152,RESTAURANT,152 Dorchester AV,South Boston,MA,2127,42.341682,-71.05688399999997,True,South Boston,restaurant
2494,2015-03-18 00:00:00,,2019-03-18 00:00:00,MORAN DOCKWALKER SERVICES,SERVICES: MARINE ADVISORS,11 Elkins ST,South Boston,MA,2127,42.339353,-71.03612900000002,False,South Boston,services: marine advisors
2495,2015-04-16 00:00:00,,2019-04-16 00:00:00,MORAN DOCKWALKER SERVICES,WITHDRAWAL (3/18/2015),11 Elkins ST,South Boston,MA,2127,42.339353,-71.03612900000002,False,South Boston,withdrawal (3/18/2015)
2496,2023-05-02 10:46:00,,2027-05-02 10:44:00,Mr. A Barber Shop,Barber Shop,601 Broadway,South Boston,MA,2127,42.3354,-71.04019499999998,True,South Boston,barber shop
2497,2022-03-11 13:43:00,,2026-03-11 13:42:00,Murphy's Law,Restaurant,837 Summer ST,South Boston,MA,2127,42.338023,-71.035684,False,South Boston,restaurant
2498,2021-08-09 13:58:00,8/4/25 17:11,2029-08-04 13:49:00,MW HAIR STUDIO,HAIR SALON,401 First ST,South Boston,MA,2127,42.337507,-71.04395099999999,True,South Boston,hair salon
2499,2023-02-23 13:32:00,,2027-02-23 13:31:00,My 1st Letters Home Daycare,Home Daycare,33 B ST,South Boston,MA,2127,42.339043,-71.05559800000003,True,South Boston,home daycare
2500,2018-07-10 11:00:00,8/31/22 12:58,2026-08-31 12:56:00,MY DINER,RESTAURANT,455 Eighth ST,South Boston,MA,2127,42.331231,-71.042869,True,South Boston,restaurant
2501,2024-08-16 13:10:00,,2028-08-16 13:09:00,Mysa Nail Bar,Nail Salon,746 Broadway,South Boston,MA,2127,42.33561271913169,-71.03650826260878,True,South Boston,nail salon
2502,2021-09-21 15:05:00,11/18/25 11:32,2029-11-18 10:51:00,MYSTRYDE,Fitness,850 Summer ST,South Boston,MA,2127,42.337511,-71.03506900000002,True,South Boston,fitness
2503,2023-10-12 10:25:00,,2027-10-12 10:24:00,Nail Nooky,Nail Salon,515 First ST,South Boston,MA,2127,42.337891,-71.03905600000002,True,South Boston,nail salon
2504,2020-10-06 13:22:00,11/4/24 16:01,2028-11-04 14:02:00,NAILD IT,nail salon,663 Broadway,South Boston,MA,2127,42.33543,-71.03800000000001,True,South Boston,nail salon
2505,2015-12-07 00:00:00,2/16/24 11:39,2028-02-16 11:38:00,NANA'S FAMILY CHILD CARE,CHILD CARE,40 Linsky-Barry CT,South Boston,MA,2127,42.33812,-71.05356999999998,True,South Boston,child care
2506,2020-11-27 14:52:00,12/24/24 13:14,2028-12-24 12:48:00,NAPS,PRENATAL & POSTPARTUM CONSULTING & EDUCATION,395 Broadway,South Boston,MA,2127,42.33719,-71.04876000000002,True,South Boston,prenatal & postpartum consulting & education
2507,2023-08-18 14:16:00,,2027-08-18 14:16:00,NATIVE SUN,RETAIL,538 First ST,South Boston,MA,2127,42.338307,-71.03809100000001,True,South Boston,retail
2508,2013-04-01 00:00:00,,2017-04-01 00:00:00,NATURAL NAILS AND SKIN SALON,BEAUTY SALON,469 Broadway,South Boston,MA,2127,42.33565,-71.04622999999998,False,South Boston,beauty salon
2509,2014-07-28 00:00:00,,2018-07-28 00:00:00,NATURAL NAILS AND SKIN SALON,WITHDRAWAL (4/1/13),469 Broadway,South Boston,MA,2127,42.33565,-71.04622999999998,False,South Boston,withdrawal (4/1/13)
2510,2017-10-30 15:08:00,9/16/25 15:43,2029-09-16 15:42:00,Need Signs Will Paint,Sign Advertising,516 Second ST,South Boston,MA,2127,42.337385,-71.04192899999998,True,South Boston,sign advertising
2511,2025-02-27 14:55:00,,2029-02-27 14:53:00,Neighborhood Collections,Online Retail,745 Sixth ST,South Boston,MA,2127,42.33296,-71.030236,True,South Boston,online retail
2512,2015-04-27 00:00:00,5/17/23 13:33,2027-05-17 10:53:00,NEW ENGLAND CONSTABLES,PROCESS SERVING,77 L ST,South Boston,MA,2127,42.335076,-71.03574200000003,True,South Boston,process serving
2513,2024-06-05 11:21:00,,2028-06-05 11:15:00,NEW ENGLAND GYPSUM,CONSTRUCTION MATERIALS,480 First ST,South Boston,MA,2127,42.338677,-71.04044299999998,True,South Boston,construction materials
2514,2018-11-26 16:21:00,2/13/23 16:41,2027-02-13 13:48:00,NextHome Titletown,Real Estate Brokerage,100 A ST,South Boston,MA,2127,42.342861,-71.05468400000001,True,South Boston,real estate brokerage
2515,2021-06-28 14:34:00,,2025-06-28 13:12:00,Nicholas Tornaritis,Short Term Rental,619 Third ST,South Boston,MA,2127,42.33636,-71.034922,False,South Boston,short term rental
2516,2024-10-23 13:06:00,,2028-10-23 13:05:00,Nico's Short Term Rental,Short Term Rental,145 Sixth ST,South Boston,MA,2127,42.336457,-71.052771,True,South Boston,short term rental
2517,2020-06-22 16:07:00,,2024-06-22 16:07:00,Nina Gallant Photography,photography services,516 Second ST,South Boston,MA,2127,42.337385,-71.04192899999998,False,South Boston,photography services
2518,2024-06-05 11:21:00,,2028-06-05 11:17:00,NORTH AMERICAN DOOR & HARDWARE,CONSTRUCTION MATERIALS,480 First ST,South Boston,MA,2127,42.338677,-71.04044299999998,True,South Boston,construction materials
2519,2013-08-08 00:00:00,12/16/22 10:18,2026-12-16 09:27:00,NORTON LILLY INTERNATIONAL,SHIP AGENT,840 Summer ST,South Boston,MA,2127,42.33785,-71.03521999999998,True,South Boston,ship agent
2520,2025-02-20 15:00:00,,2029-02-20 14:33:00,Norton Lilly International U.S,Ship Agent,840 Summer ST,South Boston,MA,2127,42.33785,-71.03521999999998,True,South Boston,ship agent
2521,2021-01-28 10:40:00,1/23/25 14:14,2029-01-23 14:12:00,NS Butler Services,administrative services,291 Emerson ST,South Boston,MA,2127,42.334347,-71.034851,True,South Boston,administrative services
2522,2025-10-16 10:59:00,,2029-10-16 10:58:00,Nurture South Boston,Salon,127 L ST,South Boston,MA,2127,42.33335,-71.03544,True,South Boston,salon
2523,2020-09-21 12:19:00,1/10/25 7:58,2028-12-24 00:00:00,Nuture by Naps,Education/Consulting,724 Second ST,South Boston,MA,2127,42.337499,-71.03436299999998,True,South Boston,education/consulting
2524,2024-03-19 13:10:00,,2028-03-19 13:09:00,Obelisk Group,Construction Consulting,154 Eighth ST,South Boston,MA,2127,42.334475,-71.05269699999997,True,South Boston,construction consulting
2525,2023-08-29 11:44:00,,2027-08-29 11:41:00,Occupational Safety & Maritime Consultants,Consulting,400 Dorchester ST,South Boston,MA,2127,42.329717,-71.05666200000002,True,South Boston,consulting
2526,2020-01-31 10:07:00,1/23/24 14:31,2028-01-23 14:30:00,Ochoa For Hair,Hair salon,423 Broadway,South Boston,MA,2127,42.33652,-71.04773,True,South Boston,hair salon
2527,2026-02-12 14:31:00,,2030-02-12 14:29:00,Off Brand Signs,Sign Painting/ Art,516 Second ST,South Boston,MA,2127,42.337385,-71.04192899999998,True,South Boston,sign painting/ art
2528,2026-03-13 09:21:00,,2030-03-13 09:19:00,Offscript Golf Club,Golf Membership Program,444 Eighth ST,South Boston,MA,2127,42.33149,-71.04310599999997,True,South Boston,golf membership program
2529,2026-03-06 11:44:00,,2030-03-06 11:43:00,Oh Honey Bakeshop,Residential Retail Kitchen / Bakery,758 Third ST,South Boston,MA,2127,42.336759,-71.02940100000001,True,South Boston,residential retail kitchen / bakery
2530,2024-02-26 11:21:00,,2028-02-26 11:17:00,OJC Artisan of Sound,Audio Branding,69 Thomas PK,South Boston,MA,2127,42.332278,-71.04436699999997,True,South Boston,audio branding
2531,2023-06-08 11:01:00,,2027-06-08 11:00:00,Old Harbor Market,Convenience Store,334 Eighth ST,South Boston,MA,2127,42.331325,-71.04758800000002,True,South Boston,convenience store
2532,2019-06-24 12:31:00,6/20/23 12:26,2027-06-20 12:24:00,Olivia's Rentals,Short Term Rentals,19 Ward ST,South Boston,MA,2127,42.329814,-71.05497100000002,True,South Boston,short term rentals
2533,2025-06-05 11:21:00,,2029-06-05 11:19:00,Ollie's Closet,Pet Supplies and Accessories,1410 Columbia RD,South Boston,MA,2127,42.330939,-71.043613,True,South Boston,pet supplies and accessories
2534,2014-05-07 00:00:00,5/10/18 14:03,2022-05-10 13:59:00,OLYMPIC HOUSE OF PIZZA,RESTAURANT,655A Broadway,South Boston,MA,2127,42.3354,-71.03838999999999,False,South Boston,restaurant
2535,2019-12-06 15:55:00,,2023-12-06 15:54:00,On The Edge Nutrition,Smoothie and Juice Bar,283 Old Colony AV,South Boston,MA,2127,42.330328,-71.05290000000002,False,South Boston,smoothie and juice bar
2536,2023-03-08 12:02:00,,2027-03-08 12:01:00,On The Move Physical Therapy and Wellness,Mobile Physical Therapy,46 Mercer ST,South Boston,MA,2127,42.331943,-71.04886599999998,True,South Boston,mobile physical therapy
2537,2024-04-26 15:40:00,,2028-04-26 15:38:00,One One Nine Studio,Creative Studio,516 Second ST,South Boston,MA,2127,42.337385,-71.04192899999998,True,South Boston,creative studio
2538,2021-08-27 13:18:00,8/25/25 15:44,2029-08-25 15:42:00,One Wick Away,Candle Business (Retail),39 Marine RD,South Boston,MA,2127,42.330491,-71.03805699999998,True,South Boston,candle business (retail)
2539,2024-03-05 11:43:00,,2028-03-05 11:41:00,Only Hair,Hair Salon,658 Broadway,South Boston,MA,2127,42.33579,-71.03809000000001,True,South Boston,hair salon
2540,2022-04-11 10:40:00,3/24/26 15:55,2030-03-24 14:15:00,order,Organization Consultant,88 G ST,South Boston,MA,2127,42.332881,-71.04394100000002,True,South Boston,organization consultant
2541,2022-10-28 12:39:00,,2026-10-28 12:36:00,Ottavios Barbershop,Barbershop,377 First ST,South Boston,MA,2127,42.338229,-71.04488500000002,True,South Boston,barbershop
2542,2022-12-01 09:45:00,,2026-12-01 09:44:00,Overhead Door Company of Boston,"Sell, service and install doors",9 Third ST,South Boston,MA,2127,42.342877,-71.05526099999997,True,South Boston,"sell, service and install doors"
2543,2024-07-30 14:33:00,,2028-07-30 14:31:00,P&T Systas Laundromat,Laundromat,360 West Broadway,South Boston,MA,2127,42.338143,-71.04936499999997,True,South Boston,laundromat
2544,2014-02-19 00:00:00,3/5/26 10:21,2030-01-13 10:20:00,P. S. GOURMET COFFEE,COFFEE SHOP,106 Dorchester ST,South Boston,MA,2127,42.335245,-71.04585299999997,True,South Boston,coffee shop
2545,2025-11-12 16:42:00,,2029-11-12 16:40:00,PAMIFE GOODS,Online Retail,55 Fifth ST,South Boston,MA,2127,42.339616,-71.05586199999999,True,South Boston,online retail
2546,2025-11-12 16:42:00,,2029-11-12 16:39:00,Pamife Studio,Online Retail,55 Fifth ST,South Boston,MA,2127,42.339616,-71.05586199999999,True,South Boston,online retail
2547,2015-08-27 00:00:00,9/11/23 11:50,2027-09-11 11:48:00,PAN ASIA,RESTAURANT,720 Broadway,South Boston,MA,2127,42.335787,-71.03637000000003,True,South Boston,restaurant
2548,2015-08-27 00:00:00,,2019-08-27 00:00:00,PAN ASIA RESTAURANT,WITHDRAWAL (5/25/12),412 Broadway,South Boston,MA,2127,42.337039,-71.04768999999999,False,South Boston,withdrawal (5/25/12)
2549,2020-02-26 12:04:00,,2024-02-26 12:02:00,Papa Grande,Food Truck,40 Third ST,South Boston,MA,2127,42.342321,-71.05383599999999,False,South Boston,food truck
2550,2025-06-27 16:58:00,,2029-06-27 16:14:00,PARK CITY,RESTAURANT,383 Dorchester AV,South Boston,MA,2127,42.33505,-71.05721399999999,True,South Boston,restaurant
2551,2025-06-24 10:12:00,,2029-06-24 10:11:00,Park City,Restaurant,383 Dorchester AV,South Boston,MA,2127,42.33505,-71.05721399999999,True,South Boston,restaurant
2552,2022-05-19 14:42:00,,2026-05-19 14:23:00,Pasek Security,Security Hardware,307 First ST,South Boston,MA,2127,42.339355,-71.04690199999999,True,South Boston,security hardware
2553,2022-05-03 12:28:00,,2026-05-03 12:27:00,Pastel Nail Studio,Nail Salon,11 Broadway,South Boston,MA,2127,42.342384,-71.05674699999997,True,South Boston,nail salon
2554,2015-02-04 00:00:00,4/28/23 10:22,2027-04-28 10:20:00,PAT FALCO STUDIO,ARTIST,516 Second ST,South Boston,MA,2127,42.337385,-71.04192899999998,True,South Boston,artist
2555,2016-12-06 15:17:00,,,Pat's Kitchen,Restuarant,402 Broadway,South Boston,MA,2127,42.337288,-71.04804999999999,False,South Boston,restuarant
2556,2016-12-13 12:51:00,2/4/21 12:08,2025-02-04 12:05:00,Paul Swartz,Consulting,50 H ST,South Boston,MA,2127,42.336617,-71.04141199999998,False,South Boston,consulting
2557,2017-02-27 15:25:00,6/13/25 13:53,2029-06-13 13:52:00,PEPPA POT PARTIES,EVENT PLANNER,9 Saint Casimir ST,South Boston,MA,2127,42.339674,-71.05287399999997,True,South Boston,event planner
2558,2025-03-11 13:04:00,,2029-03-11 13:02:00,Perez Psychology,Virtual Therapy/Counseling,134 Ninth ST,South Boston,MA,2127,42.334667,-71.054081,True,South Boston,virtual therapy/counseling
2559,2019-10-07 12:01:00,,2023-10-07 11:59:00,Perfect Fit For College,Independent Educational Consultant,621 First ST,South Boston,MA,2127,42.337935,-71.03460000000001,False,South Boston,independent educational consultant
2560,2016-03-01 00:00:00,10/16/24 13:16,2028-10-16 12:59:00,PERKINS POST,VETERANS CLUB,859 Fourth ST,South Boston,MA,2127,42.334685,-71.02905599999997,True,South Boston,veterans club
2561,2017-02-16 13:13:00,9/29/25 13:54,2029-09-29 13:52:00,Perry DiNatale Realty,Real Estate Brokerage,91 N ST,South Boston,MA,2127,42.335205,-71.03144800000001,True,South Boston,real estate brokerage
2562,2021-01-15 13:37:00,,2025-01-15 13:35:00,Peter Welch's Gym,gymnasium,371 Dorchester AV,South Boston,MA,2127,42.335629,-71.05805399999997,False,South Boston,gymnasium
2563,2023-05-10 11:04:00,,2027-05-10 11:03:00,Petula's,Restaurant,81 L ST,South Boston,MA,2127,42.334669,-71.035552,True,South Boston,restaurant
2564,2025-06-27 13:13:00,,2029-06-27 13:12:00,PILATES SPORTS CLUB,Fitness Studio,366 Broadway,South Boston,MA,2127,42.33803,-71.04921999999999,True,South Boston,fitness studio
2565,2025-04-29 14:32:00,,2029-04-29 14:31:00,Pinkman Automation & Controls,Online Retail,309 Old Colony AV,South Boston,MA,2127,42.3296,-71.05290600000001,True,South Boston,online retail
2566,2019-01-31 10:40:00,,2023-01-31 10:40:00,Pizzeria 260,Pizzeria,260 Broadway,South Boston,MA,2127,42.339361,-71.051424,False,South Boston,pizzeria
2567,2022-01-31 11:27:00,,2026-01-31 11:25:00,PKL,Restaurant / Lounge / Rec. Game,64 C ST,South Boston,MA,2127,42.337083,-71.05579499999999,False,South Boston,restaurant / lounge / rec. game
2568,2022-01-24 11:16:00,,2026-01-24 11:15:00,Play Haven Pediatrics Therapy,Speech-language pathology,217 D ST,South Boston,MA,2127,42.337863,-71.05176499999999,False,South Boston,speech-language pathology
2569,2025-02-13 10:08:00,,2029-02-13 10:07:00,Playa Bowls,Restaurant,471 Broadway,South Boston,MA,2127,42.33556,-71.0462,True,South Boston,restaurant
2570,2022-07-15 11:38:00,,2026-07-15 11:36:00,PLEASURE BAY WELLNESS,TELEHEALTH-MENTAL HEATH COUNSELING,41 Farragut RD,South Boston,MA,2127,42.336877,-71.025396,True,South Boston,telehealth-mental heath counseling
2571,2023-03-21 15:12:00,,2027-03-21 15:10:00,PM Entertainment,"Events, Entertainment and Promotion",12 Henry Sterling SQ,South Boston,MA,2127,42.327009,-71.05490099999997,True,South Boston,"events, entertainment and promotion"
2572,2022-03-24 15:05:00,,2026-03-24 11:23:00,POGAT PRODUCTIONS,PHYSICAL AND DIGITAL PRODUCTIONS,178 H ST,South Boston,MA,2127,42.331764,-71.041267,False,South Boston,physical and digital productions
2573,2024-07-16 14:06:00,,2028-07-16 13:58:00,Precious M Cleaners & Laundromat,Laundromat,481 Broadway,South Boston,MA,2127,42.33527,-71.04563000000002,True,South Boston,laundromat
2574,2018-01-17 11:11:00,2/4/22 15:14,2026-02-04 15:13:00,Precious M Laundromat,Laundromat,481 Broadway,South Boston,MA,2127,42.33527,-71.04563000000002,False,South Boston,laundromat
2575,2022-05-31 13:27:00,,2026-05-31 13:26:00,Prestige Worldwide,Resale/Dropshipping,103 Eighth ST,South Boston,MA,2127,42.335477,-71.054641,True,South Boston,resale/dropshipping
2576,2017-11-15 15:48:00,3/3/22 15:31,2026-03-03 11:30:00,Prime Storage Boston,Self Storage Retail,135 Old Colony AV,South Boston,MA,2127,42.335221,-71.05573700000002,False,South Boston,self storage retail
2577,2019-12-31 16:04:00,1/26/24 16:00,2028-01-26 15:58:00,Proveri Software,Software,34 Ward ST,South Boston,MA,2127,42.329461,-71.054237,True,South Boston,software
2578,2016-12-01 09:42:00,11/7/25 10:57,2029-11-07 10:56:00,Publico,Restaurant,11 Dorchester ST,South Boston,MA,2127,42.337343,-71.04352399999999,True,South Boston,restaurant
2579,2025-08-22 13:06:00,,2029-08-22 11:53:00,Puppysphere,Puppy Yoga Studio,423 Broadway,South Boston,MA,2127,42.33652,-71.04773,True,South Boston,puppy yoga studio
2580,2025-10-24 13:54:00,,2029-10-24 13:49:00,PureSight Pro Clean,Cleaning Company,933 Second ST,South Boston,MA,2127,42.337255,-71.02585499999998,True,South Boston,cleaning company
2581,2019-04-16 15:01:00,,2023-04-16 12:48:00,Purple Shell Bar & Restaurant,Full Service Rerstaurant/Lounge,11 Broadway,South Boston,MA,2127,42.342384,-71.05674699999997,False,South Boston,full service rerstaurant/lounge
2582,2025-04-03 14:11:00,,2029-04-03 14:10:00,Purple Zebra Coaching,Coaching,9 Broadway,South Boston,MA,2127,42.34252,-71.05691000000002,True,South Boston,coaching
2583,2021-12-10 14:28:00,2/24/26 11:52,2030-02-24 11:51:00,Qoran Boutique,Online Retail,10A Flaherty WY,South Boston,MA,2127,42.338997,-71.054441,True,South Boston,online retail
2584,2025-05-14 11:14:00,,2029-05-14 11:12:00,QXO,Distribution of roofing materials and complementary building products,280 First ST,South Boston,MA,2127,42.340407,-71.047481,True,South Boston,distribution of roofing materials and complementary building products
2585,2022-03-28 15:11:00,,2026-03-28 12:22:00,R & A Rentals,Short Term Rental,182 Ninth ST,South Boston,MA,2127,42.333699,-71.05294300000003,False,South Boston,short term rental
2586,2018-06-06 10:47:00,,2022-06-06 10:46:00,R. Clark,Consulting,462 Sixth ST,South Boston,MA,2127,42.333152,-71.042077,False,South Boston,consulting
2587,2021-06-14 10:20:00,6/17/25 10:30,2029-06-17 10:28:00,R. Marciniak Consulting,Consulting,55 Broadway,South Boston,MA,2127,42.34196,-71.05613,True,South Boston,consulting
2588,2023-10-20 12:32:00,,2027-10-20 12:30:00,RADIATE WELLNESS,WELLNESS,906 Broadway,South Boston,MA,2127,42.33596,-71.02795000000003,True,South Boston,wellness
2589,2019-09-05 13:10:00,,2023-09-05 13:08:00,Ramsure Movers,Residential and Specialty Moving,25 Dorchester ST,South Boston,MA,2127,42.336907,-71.04402099999999,False,South Boston,residential and specialty moving
2590,2018-05-25 16:19:00,,2022-05-25 16:18:00,Rar3br33d Universe,Online Retail,326 Dorchester ST,South Boston,MA,2127,42.330981,-71.053696,False,South Boston,online retail
2591,2024-03-14 12:48:00,,2028-03-14 12:46:00,RE/MAX REALTY PLUS,Real Estate,738 Broadway,South Boston,MA,2127,42.33561271913169,-71.03650826260878,True,South Boston,real estate
2592,2022-03-18 16:04:00,2/27/26 14:58,2030-02-27 14:51:00,Red Line Pizza,Pizza Shop,582 Dorchester AV,South Boston,MA,2127,42.329936,-71.05676199999999,True,South Boston,pizza shop
2593,2019-05-31 11:46:00,9/19/23 9:01,2027-09-19 08:43:00,Regan's Motivated Fitness,Fitness,315 Broadway,South Boston,MA,2127,42.338378,-71.05056300000001,True,South Boston,fitness
2594,2019-04-30 09:14:00,,2023-04-30 09:13:00,RehabCare,healthcare services,804 Seventh ST,South Boston,MA,2127,42.33267,-71.02795800000001,False,South Boston,healthcare services
2595,2021-03-16 11:45:00,4/17/25 12:58,2029-04-17 12:57:00,Reilly Communications,Consulting,546 Broadway,South Boston,MA,2127,42.33574,-71.04242999999997,True,South Boston,consulting
2596,2017-06-09 15:06:00,,,Reliable & Professional Courrier Services,Courrier Services,81 Orton-Marotta WY,South Boston,MA,2127,42.337822,-71.05488600000001,False,South Boston,courrier services
2597,2025-02-03 12:58:00,,2029-02-03 12:56:00,Resh&Co.,Wedding Planning,14 Broadway,South Boston,MA,2127,42.3429,-71.05674999999997,True,South Boston,wedding planning
2598,2023-06-20 15:59:00,,2027-06-20 13:53:00,Residence Inn by Marriott Boston Downtown/Seaport,Hotel,370 Congress ST,Boston,MA,2127,42.350433,-71.04768899999999,True,South Boston,hotel
2599,2012-10-09 00:00:00,,2016-10-09 00:00:00,RESPIRATORY SOLUTIONS,WITHDRAWAL (8/30/11),383 Dorchester AV,South Boston,MA,2127,42.33505,-71.05721399999999,False,South Boston,withdrawal (8/30/11)
2600,2015-11-16 00:00:00,11/4/19 14:39,2023-11-04 14:19:00,RETAIL SALES,SALE OF PAINT & RELATED PRODUCTS,435 Broadway,South Boston,MA,2127,42.33622,-71.04732000000001,False,South Boston,sale of paint & related products
2601,2019-07-24 11:39:00,,2023-07-24 11:38:00,Revel,entertainment,157 N ST,South Boston,MA,2127,42.332815,-71.03139899999996,False,South Boston,entertainment
2602,2022-02-09 10:41:00,,2026-02-09 10:40:00,RICHARD'S CLEANING,Cleaning Services,1 Costello CI,South Boston,MA,2127,42.339844,-71.05319600000001,False,South Boston,cleaning services
2603,2024-11-27 16:06:00,,2028-11-27 16:04:00,Ripple Response Media,Social Media Marketing,16 Earl ST,South Boston,MA,2127,42.33403,-71.054392,True,South Boston,social media marketing
2604,2020-07-23 10:58:00,7/23/24 12:19,2028-07-23 08:58:00,Rise & Glow,Beauty Salon,423 Broadway,South Boston,MA,2127,42.33652,-71.04773,True,South Boston,beauty salon
2605,2024-06-12 11:57:00,,2028-06-12 11:56:00,Rise & Glow,Beauty Salon,423 Broadway,South Boston,MA,2127,42.33652,-71.04773,True,South Boston,beauty salon
2606,2022-05-31 12:21:00,,2026-05-31 12:19:00,RK CAB,TAXI,141 Dorchester AV,South Boston,MA,2127,42.342105,-71.05791599999998,True,South Boston,taxi
2607,2024-08-12 14:09:00,,2028-08-12 14:07:00,ROBERT N. KARPP COMPANY,BUILDING MATERIALS DISTRIBUTOR,480 First ST,South Boston,MA,2127,42.338677,-71.04044299999998,True,South Boston,building materials distributor
2608,2024-10-04 13:59:00,,2028-10-04 13:56:00,Robin Adams Design,Interior Design and Architecture,794 Seventh ST,South Boston,MA,2127,42.332669,-71.02855,True,South Boston,interior design and architecture
2609,2019-05-13 10:53:00,5/11/23 15:04,2027-05-11 12:57:00,Rock Spot Climbing,Indoor Rock Climbing,10 Old Colony AV,South Boston,MA,2127,42.337806,-71.056555,True,South Boston,indoor rock climbing
2610,2022-08-19 15:06:00,,2026-08-19 14:07:00,Rockland Trust,Banking & Financial Services,708 Broadway,South Boston,MA,2127,42.33581,-71.03704399999998,True,South Boston,banking & financial services
2611,2022-08-19 15:06:00,,2026-08-19 13:46:00,Rockland Trust,Banking & Financial Services,501 Southampton ST,South Boston,MA,2127,42.329408,-71.05756200000002,True,South Boston,banking & financial services
2612,2022-08-19 15:06:00,,2026-08-19 14:11:00,Rockland Trust,Banking & Financial Services,430 Broadway,South Boston,MA,2127,42.33561271913169,-71.03650826260878,True,South Boston,banking & financial services
2613,2014-04-10 00:00:00,2/12/26 15:26,2030-02-12 15:05:00,ROGERSON ORTHOTICS AND PROSTHETICS,PROSTHETICS,483 Southampton ST,South Boston,MA,2127,42.329547,-71.05817400000001,True,South Boston,prosthetics
2614,2021-08-10 13:36:00,,2025-08-10 13:34:00,Rolling Lakes Engineering,Engineering sales consultant,377 First ST,South Boston,MA,2127,42.338229,-71.04488500000002,False,South Boston,engineering sales consultant
2615,2014-04-15 00:00:00,7/27/22 14:34,2026-07-27 11:07:00,RONDOS FOOD ENTERPRISE,FAST FOOD,134 Broadway,South Boston,MA,2127,42.34107,-71.05400099999997,True,South Boston,fast food
2616,2019-07-26 15:00:00,8/28/23 13:06,2027-08-28 09:37:00,Ross Place Airbnb,Airbnb,2 Ross PL,South Boston,MA,2127,42.33373,-71.02857,True,South Boston,airbnb
2617,2019-11-07 14:49:00,11/13/23 13:07,2027-11-13 13:02:00,Rotary Liquors,Liquors Store,295 Old Colony AV,South Boston,MA,2127,42.329915,-71.052974,True,South Boston,liquors store
2618,2013-08-12 00:00:00,11/21/25 16:55,2029-11-21 16:53:00,ROTARY VARIETY,CONVENIENCE STORE,309 Old Colony AV,South Boston,MA,2127,42.3296,-71.05290600000001,True,South Boston,convenience store
2619,2015-10-06 00:00:00,,2019-10-06 00:00:00,ROZA LYONS,RESTAURANT,709 Broadway,South Boston,MA,2127,42.33542,-71.03700000000003,False,South Boston,restaurant
2620,2015-11-10 00:00:00,,2019-11-10 00:00:00,ROZA LYONS,WITHDRAWAL (10/6/15),709 Broadway,South Boston,MA,2127,42.33542,-71.03700000000003,False,South Boston,withdrawal (10/6/15)
2621,2015-11-10 00:00:00,10/13/23 13:55,2027-10-13 13:50:00,ROZA LYONS,RESTAURANT,709 Broadway,South Boston,MA,2127,42.33542,-71.03700000000003,True,South Boston,restaurant
2622,2018-08-10 09:32:00,,2022-08-10 09:30:00,RRogers Real Estate,Real Estate,190 I ST,South Boston,MA,2127,42.331762,-71.03967599999999,False,South Boston,real estate
2623,2020-10-19 12:53:00,11/12/24 13:53,2028-11-12 13:50:00,Rudis Realty,Real Estate Brokerage,26 Boston ST,South Boston,MA,2127,42.328561,-71.05746099999999,True,South Boston,real estate brokerage
2624,2023-03-03 15:30:00,,2027-03-03 15:18:00,Run Like a BOS,Running Coach/Personal Trainer Online,224 Seventh ST,South Boston,MA,2127,42.333887,-71.04989599999999,True,South Boston,running coach/personal trainer online
2625,2021-08-09 11:22:00,7/28/25 17:15,2029-07-28 13:54:00,Russell Cellular,Cellular Retail,416 Broadway,South Boston,MA,2127,42.3369,-71.04743000000002,True,South Boston,cellular retail
2626,2022-10-18 12:39:00,,2026-10-18 12:33:00,RYDER,COMMERCIAL RENTAL/LEASING,280 First ST,South Boston,MA,2127,42.340407,-71.047481,True,South Boston,commercial rental/leasing
2627,2021-03-05 12:29:00,4/1/25 12:53,2029-04-01 12:45:00,Ryder Transportation Services,renting/leasing,280 First ST,South Boston,MA,2127,42.340407,-71.047481,True,South Boston,renting/leasing
2628,2022-12-15 12:15:00,,2026-12-15 12:14:00,S&F Autobody,Autobody Shop,503 Second ST,South Boston,MA,2127,42.336899,-71.043248,True,South Boston,autobody shop
2629,2023-03-16 16:00:00,,2027-03-16 15:58:00,SAINT GEORGE ALBANIAN ORTHODOX CATHERDRAL,NON-PROFIT CHURCH,523 Broadway,South Boston,MA,2127,42.33511,-71.04352,True,South Boston,non-profit church
2630,2024-11-13 10:58:00,,2028-11-13 10:57:00,Saint George Hair Studio,Hair Salon,314 Second ST,South Boston,MA,2127,42.339057,-71.047301,True,South Boston,hair salon
2631,2014-12-18 00:00:00,,2018-12-18 00:00:00,SAINT MICHAEL BOTANICA #2,WHOLESALE & RETAIL - CH BUS LOC 2/12/15,210 Ninth ST,South Boston,MA,2127,42.333107,-71.05217199999998,False,South Boston,wholesale & retail - ch bus loc 2/12/15
2632,2016-08-03 14:02:00,9/15/20 14:29,2024-09-15 14:28:00,Sal e Mare,Retail,41 Swallow ST,South Boston,MA,2127,42.333567,-71.02953200000002,False,South Boston,retail
2633,2020-10-02 14:28:00,,2024-10-02 11:55:00,Salon 120 West,Hair Salon,120 Broadway,South Boston,MA,2127,42.341368,-71.05454900000001,False,South Boston,hair salon
2634,2023-12-04 11:22:00,,2027-12-04 11:18:00,SALON HUE,Salon,359 Broadway,South Boston,MA,2127,42.3388345649572,-71.05089270276682,True,South Boston,salon
2635,2019-04-01 16:27:00,,2023-04-01 16:26:00,Santiago's Cleaning,Cleaning Services,251 Monsignor Dennis F. O'Callaghan WY,South Boston,MA,2127,42.32763,-71.05509999999998,False,South Boston,cleaning services
2636,2019-09-05 14:44:00,,2023-09-05 11:58:00,SARAH KALAUSKAS,Short Term Rental,168 Sixth ST,South Boston,MA,2127,42.336286,-71.05199700000003,False,South Boston,short term rental
2637,2022-03-09 14:32:00,,2026-03-09 11:05:00,Sarah R Mercurio,Consulting,563 Seventh ST,South Boston,MA,2127,42.332129,-71.03797600000001,False,South Boston,consulting
2638,2024-03-13 10:53:00,,2028-03-13 10:51:00,SAWYER SOLUTIONS,Home Improvement,365 E ST,South Boston,MA,2127,42.338854,-71.04788300000001,True,South Boston,home improvement
2639,2026-02-13 11:43:00,,2030-02-13 11:42:00,Scooter Pros Boston,Mobile Scooter and Moped repair,6 Orton Marotta WA,South Boston,MA,2127,42.33869,-71.05569000000003,True,South Boston,mobile scooter and moped repair
2640,2019-02-06 09:47:00,3/17/23 12:52,2027-03-17 11:57:00,Seaport MedSpa,Medical Aesthetics,536 Broadway,South Boston,MA,2127,42.33567,-71.04291,True,South Boston,medical aesthetics
2641,2024-01-02 14:47:00,,2028-01-02 14:45:00,Self CenteRX,Aesthetic Salon,654 Broadway,South Boston,MA,2127,42.33578,-71.03820000000002,True,South Boston,aesthetic salon
2642,2025-11-05 15:42:00,,2029-11-05 15:41:00,Self-Mastery Alliance,Online Coaching Services,45 Third ST,South Boston,MA,2127,42.342059,-71.05429400000003,True,South Boston,online coaching services
2643,2019-03-05 10:50:00,,2023-03-05 10:48:00,Seth B Minkin,Art Gallery,840 Summer ST,South Boston,MA,2127,42.33785,-71.03521999999998,False,South Boston,art gallery
2644,2019-03-07 11:47:00,,2023-03-07 11:45:00,Shag Loft,Hair Salon,840 Summer ST,South Boston,MA,2127,42.33785,-71.03521999999998,False,South Boston,hair salon
2645,2021-08-25 15:29:00,9/19/25 12:58,2029-09-19 12:51:00,Shamrock Pub,Restaurant,501 Eighth ST,South Boston,MA,2127,42.331253,-71.04127199999999,True,South Boston,restaurant
2646,2019-03-14 15:37:00,3/10/23 14:02,2027-03-10 14:00:00,Shannon Baillie Short Term Rental,Short Term Rental,167 Dorchester ST,South Boston,MA,2127,42.334256,-71.048769,True,South Boston,short term rental
2647,2024-05-30 15:30:00,,2028-05-30 15:28:00,Sharmarke Shirwa,Livery,26 Knowlton ST,South Boston,MA,2127,42.33211,-71.04966000000002,True,South Boston,livery
2648,2022-08-31 09:01:00,,2026-08-31 08:59:00,Shayne Perkins LMT,Massage & Bodywork,14 Dorchester ST,South Boston,MA,2127,42.33701,-71.04342200000002,True,South Boston,massage & bodywork
2649,2020-07-14 13:00:00,7/1/24 13:06,2028-07-01 13:05:00,SHE IS SOFIE JAMES SALON,Hair Salon,707 Broadway,South Boston,MA,2127,42.33541,-71.03706999999997,True,South Boston,hair salon
2650,2021-11-18 14:14:00,11/12/25 16:20,2029-11-12 15:42:00,SHINE ON BOSTON,CLEANING,190 Old Colony AV,South Boston,MA,2127,42.333588,-71.05400700000001,True,South Boston,cleaning
2651,2013-02-25 00:00:00,,2017-02-25 00:00:00,SHOE WOO,WITHDRAWAL (2/9/10),205 Sixth ST,South Boston,MA,2127,42.33523,-71.05084499999998,False,South Boston,withdrawal (2/9/10)
2652,2023-02-22 11:15:00,,2027-02-22 11:13:00,Shy Bird,Restaurant,12 Old Colony AV,South Boston,MA,2127,42.337671,-71.05660599999999,True,South Boston,restaurant
2653,2025-12-30 12:59:00,,2029-12-30 12:57:00,Si Cara,Restaurant,401 Broadway,South Boston,MA,2127,42.337,-71.04843,True,South Boston,restaurant
2654,2023-06-13 13:03:00,,2027-06-13 12:36:00,Sidewalk Cafe,Restaurant,764 Fourth ST,South Boston,MA,2127,42.334973,-71.033548,True,South Boston,restaurant
2655,2018-08-23 14:41:00,,2022-08-23 12:38:00,SIDEWALK CAFE,RESTAURANT,764 Eighth ST,South Boston,MA,2127,42.331707,-71.03076299999998,False,South Boston,restaurant
2656,2025-07-21 14:33:00,,2029-07-21 14:32:00,Sign Center Boston,Sign Company,60 K ST,South Boston,MA,2127,42.339553,-71.037372,True,South Boston,sign company
2657,2023-11-09 13:38:00,,2027-11-09 13:36:00,Signature Improvement,Maintenance Services,916 Broadway,South Boston,MA,2127,42.33596,-71.02747999999997,True,South Boston,maintenance services
2658,2021-11-02 13:31:00,,2025-11-02 13:29:00,Silver Rat Studios,Software,552 Dorchester AV,South Boston,MA,2127,42.330587,-71.05674099999999,False,South Boston,software
2659,2020-10-15 13:12:00,,2024-10-15 13:11:00,Simply Admire Boutique,online clothing boutique,41 General Lawrence J Logan WY,South Boston,MA,2127,42.328059,-71.05451099999999,False,South Boston,online clothing boutique
2660,2020-08-28 11:40:00,10/31/24 12:14,2028-10-31 12:13:00,Sim's Barber Lab,Barbershop,116 Broadway,South Boston,MA,2127,42.341406,-71.05460800000003,True,South Boston,barbershop
2661,2015-04-06 00:00:00,12/7/23 12:22,2027-12-07 12:18:00,SK DUGBAZAH ENTERPRISE,USED CAR DEALERSHIP,43 A ST,South Boston,MA,2127,42.341297,-71.05589099999997,True,South Boston,used car dealership
2662,2024-06-25 15:09:00,,2028-06-25 15:08:00,SKA Beauty,Beauty Salon,36 Broadway,South Boston,MA,2127,42.34269,-71.05628000000002,True,South Boston,beauty salon
2663,2017-08-07 11:15:00,8/4/25 12:24,2029-08-04 12:23:00,Sky Nail & Spa,Nail Salon,447 Broadway,South Boston,MA,2127,42.335997,-71.04684199999997,True,South Boston,nail salon
2664,2013-01-07 00:00:00,,2017-01-07 00:00:00,SKY NAIL & SPA,WITHDRAWN 11/15/2013,447 Broadway,South Boston,MA,2127,42.335997,-71.04684199999997,False,South Boston,withdrawn 11/15/2013
2665,2013-11-15 00:00:00,,2017-11-15 00:00:00,SKY NAIL & SPA,WITHDRAWAL (1/7/2013),447 Broadway,South Boston,MA,2127,42.335997,-71.04684199999997,False,South Boston,withdrawal (1/7/2013)
2666,2018-01-02 13:02:00,5/26/22 15:17,2026-05-26 15:15:00,Slevin Construction Services,Construction,360 Second ST,South Boston,MA,2127,42.338473,-71.04636700000003,True,South Boston,construction
2667,2024-05-08 10:59:00,,2028-05-08 10:58:00,SMALL VICTORIES,Restaurant,400 Dorchester ST,South Boston,MA,2127,42.329717,-71.05666200000002,True,South Boston,restaurant
2668,2015-05-21 00:00:00,6/22/23 14:14,2027-06-22 14:13:00,SMARTWATCH TECHNOLOGIES,TECHNOLOGY,846 Fifth ST,South Boston,MA,2127,42.334302,-71.02640300000002,True,South Boston,technology
2669,2013-12-10 00:00:00,,2017-12-10 00:00:00,SNIPPERS HAIR CLUB FOR DOGS & CATS,WITHDRAWAL (3/25/13),524 Dorchester AV,South Boston,MA,2127,42.331374,-71.05677700000001,False,South Boston,withdrawal (3/25/13)
2670,2024-01-03 10:46:00,,2028-01-03 10:30:00,Social Hour Salon,Hair Salon,658 Broadway,South Boston,MA,2127,42.33579,-71.03809000000001,True,South Boston,hair salon
2671,2017-05-11 15:42:00,,,Social Wines,Wine Retail Shop,52 Broadway,South Boston,MA,2127,42.342447,-71.05596600000001,False,South Boston,wine retail shop
2672,2013-09-27 00:00:00,9/2/25 16:37,2029-09-02 14:07:00,SODEXO AT P&G FOOD,FOOD SERVICE MGT,1 Gillette PK,South Boston,MA,2127,42.343815,-71.05688900000001,True,South Boston,food service mgt
2673,2022-05-25 11:21:00,,2026-05-25 11:18:00,Solar Flare,Online Retail,8 Lovis ST,South Boston,MA,2127,42.336882,-71.05116499999997,True,South Boston,online retail
2674,2013-03-11 00:00:00,,2017-03-11 00:00:00,SOLAR NAILS SALON,NAILS SALON,636 Dorchester AV,South Boston,MA,2127,42.328119,-71.05669,False,South Boston,nails salon
2675,2014-01-06 00:00:00,,2018-01-06 00:00:00,SOLAR NAILS SALON,WITHDRAWAL (3/11/13),636 Dorchester AV,South Boston,MA,2127,42.328119,-71.05669,False,South Boston,withdrawal (3/11/13)
2676,2024-11-22 15:46:00,,2028-11-22 15:40:00,Soleil Tan and Spa,Salon,673 Broadway,South Boston,MA,2127,42.33543,-71.03762999999998,True,South Boston,salon
2677,2025-10-24 13:54:00,,2029-10-24 13:52:00,Solstice Outdoor Furniture,Online Retail Ecommerce,933 Second ST,South Boston,MA,2127,42.337255,-71.02585499999998,True,South Boston,online retail ecommerce
2678,2024-02-06 12:01:00,,2028-02-06 11:14:00,Sorted,"Unpacking Services-Home Organizing Services, Space Optimization Svcs.",794 Seventh ST,South Boston,MA,2127,42.332669,-71.02855,True,South Boston,"unpacking services-home organizing services, space optimization svcs."
2679,2013-04-23 00:00:00,,2017-04-23 00:00:00,SOTO DISTRIBUTIONS,WITHDRAWAL (11/12/10),24 Dr. Michael Gavin WY,South Boston,MA,2127,42.325909,-71.053471,False,South Boston,withdrawal (11/12/10)
2680,2024-12-13 15:54:00,,2028-12-13 15:53:00,SOUND EXPERIENCE,Arts Studio,510 Second ST,South Boston,MA,2127,42.337431,-71.042733,True,South Boston,arts studio
2681,2016-02-26 00:00:00,2/12/24 16:57,2028-02-12 16:50:00,SOUTH BOSTON APOTHECARY,NATURAL HOME AND BATH,677 Eighth ST,South Boston,MA,2127,42.331267,-71.03421100000003,True,South Boston,natural home and bath
2682,2019-01-30 12:33:00,,2023-01-30 12:32:00,South Boston Barbershop,Barbershop,149 Dorchester ST,South Boston,MA,2127,42.334573,-71.048068,False,South Boston,barbershop
2683,2014-10-23 00:00:00,,2018-10-23 00:00:00,SOUTH BOSTON BARBERSHOP,BARBERSHOP,149 Dorchester ST,South Boston,MA,2127,42.334573,-71.048068,False,South Boston,barbershop
2684,2021-10-18 12:29:00,11/6/25 14:26,2029-11-06 14:25:00,SOUTH BOSTON BARBERSHOP,Barbershop,149 Dorchester ST,South Boston,MA,2127,42.334573,-71.048068,True,South Boston,barbershop
2685,2016-01-19 00:00:00,,2020-01-19 00:00:00,SOUTH BOSTON BARBERSHOP,WITHDRAWAL (10/23/14),149 Dorchester ST,South Boston,MA,2127,42.334573,-71.048068,False,South Boston,withdrawal (10/23/14)
2686,2020-10-28 14:11:00,11/12/24 15:35,2028-11-12 13:14:00,South Boston Books,Online Retail,230 M ST,South Boston,MA,2127,42.330307,-71.033007,True,South Boston,online retail
2687,2014-05-15 00:00:00,3/6/26 16:12,2030-03-06 10:43:00,SOUTH BOSTON CHECK CASHING,CHECK CASHING,309 Old Colony AV,South Boston,MA,2127,42.3296,-71.05290600000001,True,South Boston,check cashing
2688,2018-03-28 16:27:00,,2022-03-28 16:23:00,South Boston Chronicle,Newspaper,241 Monsignor Dennis F. O'Callaghan WY,South Boston,MA,2127,42.327319,-71.055161,False,South Boston,newspaper
2689,2020-02-18 13:24:00,,2024-02-18 12:05:00,South Boston Custom IC Design,Consulting,50 Middle ST,South Boston,MA,2127,42.331829,-71.05588899999998,False,South Boston,consulting
2690,2018-11-14 13:06:00,12/16/22 12:10,2026-12-15 11:31:00,South Boston Dental Associates,Dental practice,29 Farragut RD,South Boston,MA,2127,42.33727,-71.02544999999998,True,South Boston,dental practice
2691,2021-11-10 16:06:00,,2025-11-10 11:40:00,South Boston Family Dental,Dental Office,591 Broadway,South Boston,MA,2127,42.33561271913169,-71.03650826260878,False,South Boston,dental office
2692,2018-07-26 13:25:00,10/11/22 15:19,2026-10-11 12:42:00,South Boston Lithuanian Citizens' Assocation,Non-profit Association,368 Broadway,South Boston,MA,2127,42.33793,-71.04892000000001,True,South Boston,non-profit association
2693,2025-08-05 09:40:00,,2029-08-05 09:38:00,South Boston Market,Grocery Store,636 Dorchester AV,South Boston,MA,2127,42.328119,-71.05669,True,South Boston,grocery store
2694,2023-03-21 10:37:00,,2027-03-21 10:36:00,South Boston Vending,Vending Machines,125 F ST,South Boston,MA,2127,42.336332,-71.04810900000001,True,South Boston,vending machines
2695,2013-11-13 00:00:00,,2017-11-13 00:00:00,SOUTH OCEAN CHINESE RESTAURANT,RESTAURANT,720 Broadway,South Boston,MA,2127,42.335787,-71.03637000000003,False,South Boston,restaurant
2696,2015-09-28 00:00:00,,2019-09-28 00:00:00,SOUTH OCEAN CHINESE RESTAURANT,WITHDRAWAL (11/13/13),720 Broadway,South Boston,MA,2127,42.335787,-71.03637000000003,False,South Boston,withdrawal (11/13/13)
2697,2013-08-30 00:00:00,7/14/25 12:31,2029-07-14 12:27:00,SOUTHIE AUTO SERVICE,AUTO REPAIR,175 Old Colony AV,South Boston,MA,2127,42.333802,-71.054712,True,South Boston,auto repair
2698,2024-05-09 15:32:00,,2028-05-09 15:31:00,SOUTHIE GAS,GAS STATION,79 Broadway,South Boston,MA,2127,42.34149,-71.05543999999998,True,South Boston,gas station
2699,2018-12-14 13:10:00,8/2/23 15:08,2027-08-02 15:05:00,Southie Liquors,Liquor Store,399 Broadway,South Boston,MA,2127,42.33706,-71.04853000000003,True,South Boston,liquor store
2700,2022-03-29 14:20:00,3/10/26 11:52,2030-03-10 11:48:00,SOUTHIE NAILS AND SPA,NAIL SALON,150 Broadway,South Boston,MA,2127,42.34069,-71.05344300000002,True,South Boston,nail salon
2701,2019-05-06 13:03:00,,2023-05-06 12:46:00,Southie Paws,Dog Walking Service,11 Brewster ST,South Boston,MA,2127,42.331775,-71.040549,False,South Boston,dog walking service
2702,2021-04-30 14:08:00,7/8/25 14:56,2029-07-08 14:44:00,Southie Wine & Spirits,liquor store,474 Eighth ST,South Boston,MA,2127,42.331519,-71.04207200000002,True,South Boston,liquor store
2703,2024-02-14 12:08:00,,2028-02-14 11:29:00,SOUTHIES FOOD EMPORIUM,Convenience store,735 Sixth ST,South Boston,MA,2127,42.333018,-71.03134599999998,True,South Boston,convenience store
2704,2017-03-06 11:57:00,12/16/21 12:44,2025-12-16 12:41:00,SOUTHIE'S OWN,RETAIL,396 Broadway,South Boston,MA,2127,42.33741,-71.04822999999999,False,South Boston,retail
2705,2013-09-05 00:00:00,,2017-09-05 00:00:00,SPA CHRISTINE,BEAUTY CARE,699 Broadway,South Boston,MA,2127,42.335792,-71.03754900000001,False,South Boston,beauty care
2706,2015-07-06 00:00:00,,2019-07-06 00:00:00,SPA CHRISTINE,WITHDRAWAL (9/5/13),699 Broadway,South Boston,MA,2127,42.335792,-71.03754900000001,False,South Boston,withdrawal (9/5/13)
2707,2021-06-08 11:35:00,,2025-06-08 11:29:00,Sparta Restaurant and Consulting,Consulting,199 H ST,South Boston,MA,2127,42.330971,-71.04177300000003,False,South Boston,consulting
2708,2019-11-07 16:25:00,,2023-11-07 16:23:00,Spaulding Group,Entertainment Services,320 D ST,South Boston,MA,2127,42.340972,-71.04964899999999,False,South Boston,entertainment services
2709,2015-07-09 00:00:00,,2019-07-09 00:00:00,SPEEDWAY #2509,RETAIL CONVENIENCE STORE,151 Old Colony AV,South Boston,MA,2127,42.334409,-71.05532199999999,False,South Boston,retail convenience store
2710,2015-09-02 00:00:00,,2019-09-02 00:00:00,SPEEDWAY #2509,WITHDRAWAL (7/9/15),151 Old Colony AV,South Boston,MA,2127,42.334409,-71.05532199999999,False,South Boston,withdrawal (7/9/15)
2711,2015-09-02 00:00:00,5/16/24 12:49,2028-05-16 11:57:00,SPEEDWAY #2509,RETAIL CONVENIENCE STORE,151 Old Colony AV,South Boston,MA,2127,42.334409,-71.05532199999999,True,South Boston,retail convenience store
2712,2022-10-14 11:59:00,,2026-10-14 11:58:00,Speedy Towing,Towing,270 Monsignor Dennis F. O'Callaghan WY,South Boston,MA,2127,42.327897,-71.05535099999997,True,South Boston,towing
2713,2024-09-09 16:31:00,,2028-09-09 13:24:00,SPESSO Travel,TRAVEL CONSULTANT,495 Fourth ST,South Boston,MA,2127,42.334408,-71.04539299999999,True,South Boston,travel consultant
2714,2023-08-10 15:28:00,,2027-08-10 14:08:00,SPRING JOY,FREELANCE PRODUCER,798A Third ST,South Boston,MA,2127,42.336888,-71.02793300000002,True,South Boston,freelance producer
2715,2025-03-04 10:57:00,,2029-03-04 10:53:00,Spruce Skin,Med Spa,381 Broadway,South Boston,MA,2127,42.337456,-71.04915299999999,True,South Boston,med spa
2716,2025-09-22 12:52:00,,2029-09-22 12:51:00,Stack Plus Co.,Construction,555 Second ST,South Boston,MA,2127,42.337039,-71.04108100000002,True,South Boston,construction
2717,2025-10-01 16:22:00,,2029-10-01 15:48:00,Stapleton Floral,Florist,635 Broadway,South Boston,MA,2127,42.33561271913169,-71.03650826260878,True,South Boston,florist
2718,2016-10-28 12:21:00,11/28/22 12:12,2026-11-28 11:56:00,Starbucks Coffee,Coffee Shop,749 Broadway,South Boston,MA,2127,42.33541,-71.03562,True,South Boston,coffee shop
2719,2017-02-27 12:10:00,11/28/22 12:12,2026-11-28 11:52:00,Starbucks Coffee #16764,Retail Cafe',11 Broadway,South Boston,MA,2127,42.342384,-71.05674699999997,True,South Boston,retail cafe'
2720,2024-04-24 12:05:00,,2028-04-24 12:02:00,Station News 2,Convenience Store,573 Dorchester AV,South Boston,MA,2127,42.32988,-71.05718000000002,True,South Boston,convenience store
2721,2014-01-17 00:00:00,12/1/25 16:15,2029-12-01 15:41:00,STATS BAR & GRILLE,RESTAURANT,77 Dorchester ST,South Boston,MA,2127,42.335763,-71.045297,True,South Boston,restaurant
2722,2020-03-19 13:27:00,5/1/24 14:09,2028-05-01 11:28:00,Stefanov Architects,Architecture,93 F ST,South Boston,MA,2127,42.335532,-71.04905200000002,True,South Boston,architecture
2723,2023-05-01 15:35:00,,2027-05-01 13:18:00,Steven Hill,Short Term Rental,101 D ST,South Boston,MA,2127,42.335247,-71.05488300000002,True,South Boston,short term rental
2724,2020-05-05 11:43:00,,2024-05-05 11:41:00,Steven Rodich Creative Services,Advertising,154 Second ST,South Boston,MA,2127,42.342159,-71.052031,False,South Boston,advertising
2725,2015-12-17 00:00:00,1/17/20 15:05,2024-01-17 15:04:00,STEVE'S HANDYMAN SERVICE,HANDYMAN SERVICES,94 B ST,South Boston,MA,2127,42.340601,-71.05437999999998,False,South Boston,handyman services
2726,2015-06-09 00:00:00,6/26/23 10:55,2027-06-26 10:04:00,STOP & SHOP SUPERMARKET #053,SUPERMARKET,713 Broadway,South Boston,MA,2127,42.335294,-71.036651,True,South Boston,supermarket
2727,2025-04-01 15:31:00,,2029-04-01 15:30:00,Stretch and Stride Therapies,Horse Massage Therapy,624 Second ST,South Boston,MA,2127,42.337398,-71.03828399999998,True,South Boston,horse massage therapy
2728,2015-04-16 00:00:00,3/6/23 12:27,2027-03-06 12:26:00,SUNNY FLORISTS,FLORIST,9 Broadway,South Boston,MA,2127,42.34252,-71.05691000000002,True,South Boston,florist
2729,2022-07-13 14:31:00,,2026-07-13 13:02:00,Sunrise Mental Health Coaching,Life Coaching,2 Bay State PL,South Boston,MA,2127,42.337884,-71.03794199999999,True,South Boston,life coaching
2730,2014-01-14 00:00:00,8/27/25 14:45,2029-08-27 12:29:00,SUPERSHINE AUTO WASH,CARWASH,39 Old Colony AV,South Boston,MA,2127,42.336566,-71.05638999999996,True,South Boston,carwash
2731,2018-10-17 14:51:00,,2022-10-17 14:48:00,SWEAT FIXX,FITNESS,323 Dorchester AV,South Boston,MA,2127,42.336913,-71.058135,False,South Boston,fitness
2732,2021-06-24 11:46:00,,2025-06-24 11:45:00,Sweet Essentials,Retail Boutique,159 Old Colony AV,South Boston,MA,2127,42.33433,-71.05504200000001,False,South Boston,retail boutique
2733,2013-12-30 00:00:00,,2017-12-30 00:00:00,T & D IMPORT AND EXPORT,WITHDRAWAL (2/19/10),254 Ninth ST,South Boston,MA,2127,42.332127,-71.050861,False,South Boston,withdrawal (2/19/10)
2734,2022-06-17 11:59:00,,2026-06-17 11:53:00,TACO BELL,Restaurant,449 Broadway,South Boston,MA,2127,42.335937,-71.04678999999999,True,South Boston,restaurant
2735,2024-01-12 13:02:00,,2028-01-12 13:00:00,"Tara Lashes, Brows and Nail Spa",Beauty Salon,746 Broadway,South Boston,MA,2127,42.33561271913169,-71.03650826260878,True,South Boston,beauty salon
2736,2019-02-28 13:53:00,,2023-02-28 11:58:00,TATA Residence,Short Term Rental Housing,1 Atlantic ST,South Boston,MA,2127,42.334535,-71.04643499999997,False,South Boston,short term rental housing
2737,2023-10-24 10:05:00,,2027-10-24 10:05:00,Tatte Bakery & Cafe,Bakery & Cafe,60 Old Colony AV,South Boston,MA,2127,42.336245,-71.05552499999999,True,South Boston,bakery & cafe
2738,2015-08-07 00:00:00,,2019-08-07 00:00:00,TEDESCHI FOOD SHOPS #35,,555 Broadway,South Boston,MA,2127,42.335343,-71.04196100000001,False,South Boston,
2739,2015-08-07 00:00:00,,2019-08-07 00:00:00,TEDESCHI FOOD SHOPS #37357,CONVENIENCE STORE,555 Broadway,South Boston,MA,2127,42.335343,-71.04196100000001,False,South Boston,convenience store
2740,2012-09-07 00:00:00,,2016-09-07 00:00:00,TEDESCHI FOOD SHOPS (#29),RETAIL CONVENIENCE STORE,405 Broadway,South Boston,MA,2127,42.336904,-71.04830099999998,False,South Boston,retail convenience store
2741,2012-09-07 00:00:00,,2016-09-07 00:00:00,TEDESCHI FOOD SHOPS (#35),RETAIL CONVENIENCE STORE,555 Broadway,South Boston,MA,2127,42.335343,-71.04196100000001,False,South Boston,retail convenience store
2742,2015-07-06 00:00:00,,2019-07-06 00:00:00,"TEDESCHI FOOD SHOPS, (# 29)",WITHDRAWAL (9/7/12),405 Broadway,South Boston,MA,2127,42.336904,-71.04830099999998,False,South Boston,withdrawal (9/7/12)
2743,2017-05-16 10:41:00,,,TEDESCHI'S FOOD SHOP #402,CONVENIENCE STORE,566 Dorchester AV,South Boston,MA,2127,42.330305,-71.05656699999997,False,South Boston,convenience store
2744,2016-05-11 00:00:00,5/12/20 14:27,2024-05-12 14:26:00,TEKLA HEALTHCARE INVESTORS,MA BUSINESS TRUST REGISTERED,19 Third ST,South Boston,MA,2127,42.342656,-71.05496,False,South Boston,ma business trust registered
2745,2016-05-12 00:00:00,5/12/20 14:33,2024-05-12 14:33:00,TEKLA HEALTHCARE OPPORTUNITIES FUND,MA BUSINESS TRUST REGISTERED,19 Third ST,South Boston,MA,2127,42.342656,-71.05496,False,South Boston,ma business trust registered
2746,2016-05-11 00:00:00,5/12/20 14:21,2024-05-12 14:19:00,TEKLA LIFE SCIENCES INVESTORS,MA BUSINESS TRUST REGISTERED,19 Third ST,South Boston,MA,2127,42.342656,-71.05496,False,South Boston,ma business trust registered
2747,2016-05-11 00:00:00,5/12/20 14:31,2024-05-12 14:30:00,TEKLA WORLD HEALTHCARE FUND,MA BUSINESS TRUST REGISTERED,19 Third ST,South Boston,MA,2127,42.342656,-71.05496,False,South Boston,ma business trust registered
2748,2022-12-02 14:31:00,,2026-12-02 14:26:00,Telegraph Hill Kitchen & Bar,Restaurant,289 Dorchester ST,South Boston,MA,2127,42.332043,-71.052771,True,South Boston,restaurant
2749,2018-10-25 13:58:00,,2022-10-25 13:55:00,Telegraph Street Productions,Video Production,26 Telegraph ST,South Boston,MA,2127,42.33308,-71.049733,False,South Boston,video production
2750,2016-06-03 00:00:00,,2020-06-03 00:00:00,TFS NEWCO LLC D/B/A TEDESCHI FOOD SHOPS #37357,WITHDRAWAL 08/07/2015,555 Broadway,South Boston,MA,2127,42.335343,-71.04196100000001,False,South Boston,withdrawal 08/07/2015
2751,2017-12-19 11:43:00,11/6/25 15:53,2029-11-06 09:42:00,Thai Herbal Therapy,Spa/Body wORKS,620 Broadway,South Boston,MA,2127,42.335739,-71.03940399999999,True,South Boston,spa/body works
2752,2022-07-21 12:28:00,,2026-07-21 12:25:00,THAI SPA WEST BROADWAY,massage therapy/bodywork,150 Broadway,South Boston,MA,2127,42.34069,-71.05344300000002,True,South Boston,massage therapy/bodywork
2753,2019-10-11 13:00:00,,2023-10-11 12:59:00,The Babe Cave,Beauty Services,653 Broadway,South Boston,MA,2127,42.3354,-71.03849000000002,False,South Boston,beauty services
2754,2019-07-01 13:47:00,6/30/23 14:34,2027-06-30 14:31:00,The Boston Bailey B&B,Air BNB,101 P ST,South Boston,MA,2127,42.334502,-71.02729699999998,True,South Boston,air bnb
2755,2017-04-07 11:34:00,,,The Boston Beer Garden,BAr,734 Broadway,South Boston,MA,2127,42.335812,-71.03605900000002,False,South Boston,bar
2756,2013-08-16 00:00:00,,2017-08-16 00:00:00,THE BOSTON SHADE COMPANY,WITHDRAWAL (7/11/11),840 Summer ST,South Boston,MA,2127,42.33785,-71.03521999999998,False,South Boston,withdrawal (7/11/11)
2757,2022-03-24 10:39:00,,2026-03-24 10:37:00,The Cart Tender,Mobile Bartender,151 Sixth ST,South Boston,MA,2127,42.336402,-71.052707,False,South Boston,mobile bartender
2758,2020-02-24 13:02:00,,2024-02-24 13:00:00,The CLT Method,Beauty Salon/Spa,632 Broadway,South Boston,MA,2127,42.33575,-71.03917000000001,False,South Boston,beauty salon/spa
2759,2014-11-05 00:00:00,,2018-11-05 00:00:00,THE DAILY SQUEEZE,JUICE BAR,359 Broadway,South Boston,MA,2127,42.3388345649572,-71.05089270276682,False,South Boston,juice bar
2760,2015-02-27 00:00:00,,2019-02-27 00:00:00,THE DAILY SQUEEZE,WITHDRAWAL (11/5/14),359 Broadway,South Boston,MA,2127,42.3388345649572,-71.05089270276682,False,South Boston,withdrawal (11/5/14)
2761,2025-08-19 14:40:00,,2029-08-19 14:26:00,The Essex,Restaurant,6 Broadway,South Boston,MA,2127,42.343027,-71.05703,True,South Boston,restaurant
2762,2016-08-16 15:36:00,,,The Fuzzy Den,Pet Sitting/Dog Training,607 Dorchester AV,South Boston,MA,2127,42.32889,-71.05712,False,South Boston,pet sitting/dog training
2763,2023-03-08 12:01:00,,2027-03-08 11:59:00,The Gallery Liquor & Wine,Package Store,605 Broadway,South Boston,MA,2127,42.33561271913169,-71.03650826260878,True,South Boston,package store
2764,2022-03-11 13:11:00,,2026-03-11 10:47:00,The Galley Diner,Restaurant,11 P ST,South Boston,MA,2127,42.33778,-71.02743099999998,False,South Boston,restaurant
2765,2014-03-20 00:00:00,3/20/18 12:21,2022-03-20 12:18:00,THE GALLEY DINER,RESTAURANT,11 P ST,South Boston,MA,2127,42.33778,-71.02743099999998,False,South Boston,restaurant
2766,2018-07-11 15:25:00,,2022-07-11 15:24:00,The Gauntlet Combat Shootout,Fundraising Coordinator,34 Mitchell ST,South Boston,MA,2127,42.332111,-71.052954,False,South Boston,fundraising coordinator
2767,2015-02-11 00:00:00,2/14/24 12:08,2028-02-14 11:19:00,THE LIQUOR & WINE EMPORIUM,LIQUOR STORE,336 K ST,South Boston,MA,2127,42.332167,-71.03709100000003,True,South Boston,liquor store
2768,2019-06-11 14:21:00,,2023-06-11 14:19:00,The Lotus Leaf,Moblie Massage Therapy,286 Bolton ST,South Boston,MA,2127,42.337195,-71.04530799999998,False,South Boston,moblie massage therapy
2769,2015-07-13 00:00:00,1/5/21 11:30,2025-01-05 10:04:00,THE LUXURY BOX,BARBER SHOP,649 Broadway,South Boston,MA,2127,42.33542,-71.03866,False,South Boston,barber shop
2770,2015-06-03 00:00:00,7/3/23 15:06,2027-07-03 14:15:00,THE PARAMOUNT,RESTAURANT,667 Broadway,South Boston,MA,2127,42.33542,-71.03786000000002,True,South Boston,restaurant
2771,2022-12-15 12:41:00,,2026-12-15 12:38:00,The Point Clothing Lounge,Men's Retail Clothing,135 Emerson ST,South Boston,MA,2127,42.335364,-71.03951,True,South Boston,men's retail clothing
2772,2019-02-28 12:37:00,,2023-02-28 12:34:00,The Rock Building Service,Cleaning Services,20 Carmody CT,South Boston,MA,2127,42.330698,-71.04922199999999,False,South Boston,cleaning services
2773,2016-03-02 00:00:00,2/12/24 11:06,2028-02-12 11:05:00,THE ROOF HUB,GENERAL CONTRACTOR,240 Eighth ST,South Boston,MA,2127,42.332507,-71.050253,True,South Boston,general contractor
2774,2024-06-17 16:01:00,,2028-06-17 15:46:00,THE SALON AT COMPASS BAY,SALON SERVICES,1380 Columbia RD,South Boston,MA,2127,42.330814,-71.04495700000001,True,South Boston,salon services
2775,2015-07-13 00:00:00,1/5/21 11:30,2025-01-05 10:06:00,THE SPOT CLOTHING,RETAIL,380 Dorchester AV,South Boston,MA,2127,42.335367,-71.05682100000001,False,South Boston,retail
2776,2020-07-14 12:24:00,,2024-07-14 12:23:00,The Twins Enterprise,Online general merchandise and logistics,6 Mary Boyle WY,South Boston,MA,2127,42.33132,-71.05203599999999,False,South Boston,online general merchandise and logistics
2777,2020-11-24 11:10:00,,2024-11-24 14:01:00,The Upside Travel Company,Technolgy,543 Dorchester AV,South Boston,MA,2127,42.330704,-71.05712699999998,False,South Boston,technolgy
2778,2013-11-21 00:00:00,,2017-11-21 00:00:00,THE URBAN ART BAR,ART STUDIO/ BAR - CH BUS LOC 6/30/14,709 Broadway,South Boston,MA,2127,42.33542,-71.03700000000003,False,South Boston,art studio/ bar - ch bus loc 6/30/14
2779,2015-10-06 00:00:00,,2019-10-06 00:00:00,THE URBAN ART BAR,WITHDRAWAL (11/21/13),709 Broadway,South Boston,MA,2127,42.33542,-71.03700000000003,False,South Boston,withdrawal (11/21/13)
2780,2022-05-27 11:16:00,,2026-05-27 11:15:00,The Wig Bar,Retail,551 Dorchester AV,South Boston,MA,2127,42.330547,-71.05717099999998,True,South Boston,retail
2781,2023-09-19 11:50:00,,2027-09-19 11:49:00,THE WINGWOMEN,Management Company,423 Broadway,South Boston,MA,2127,42.33652,-71.04773,True,South Boston,management company
2782,2023-06-05 16:07:00,,2027-06-05 12:46:00,The Yahd,Studio Fitness,55 Fifth ST,South Boston,MA,2127,42.339616,-71.05586199999999,True,South Boston,studio fitness
2783,2019-07-16 16:30:00,6/26/23 16:28,2027-06-26 15:20:00,Thomas Park Place,Short-Term Rental,60 Thomas PK,South Boston,MA,2127,42.331959,-71.04555399999998,True,South Boston,short-term rental
2784,2016-01-19 00:00:00,1/9/24 14:39,2028-01-09 12:38:00,THOMAS W COX ELECTRIC CO,ELECTRICAL CONTRACTOR,765 Third ST,South Boston,MA,2127,42.33643,-71.02889099999999,True,South Boston,electrical contractor
2785,2015-04-15 00:00:00,,2019-04-15 00:00:00,THREADS & MANE,WITHDRAWAL (8/30/15),180 Gold ST,South Boston,MA,2127,42.337314,-71.05111999999997,False,South Boston,withdrawal (8/30/15)
2786,2013-08-30 00:00:00,,2017-08-30 00:00:00,THREADS + MANE,ONLINE BLOG AND RETAIL,180 Gold ST,South Boston,MA,2127,42.337314,-71.05111999999997,False,South Boston,online blog and retail
2787,2024-07-03 13:59:00,,2028-07-03 13:57:00,THREADZ,Clothing Brand,622 Fifth ST,South Boston,MA,2127,42.334078,-71.03565600000002,True,South Boston,clothing brand
2788,2022-01-04 15:19:00,,2026-01-04 15:17:00,Thrill Entertainment,Events Planning and Services,630 Broadway,South Boston,MA,2127,42.335744,-71.039243,False,South Boston,events planning and services
2789,2019-12-04 13:50:00,12/5/23 9:08,2027-12-05 09:00:00,Time Security,Computer Repair,1 Crowley-Rogers WY,South Boston,MA,2127,42.339819,-71.054641,True,South Boston,computer repair
2790,2017-06-13 10:45:00,5/21/21 12:40,2025-05-21 10:43:00,T-Mobile,Retail,471 Broadway,South Boston,MA,2127,42.33556,-71.0462,False,South Boston,retail
2791,2021-05-14 13:41:00,,2025-05-14 11:00:00,T-Mobile,Retail,471 Broadway,South Boston,MA,2127,42.33556,-71.0462,False,South Boston,retail
2792,2017-03-20 13:23:00,3/18/25 14:36,2029-03-18 14:34:00,Tolman Manufacturing & Supply,Sale of welding supplies,61 Dorchester ST,South Boston,MA,2127,42.336208,-71.04485399999999,True,South Boston,sale of welding supplies
2793,2022-03-28 12:38:00,,2026-03-28 12:36:00,Tom Miller Demo,Project Manager,838 Second ST,South Boston,MA,2127,42.337545,-71.02978200000001,False,South Boston,project manager
2794,2016-12-22 09:07:00,,,Top & Sons,Consulting,10 Monsignor Dennis F. O'Callaghan WY,South Boston,MA,2127,42.324557,-71.05355099999997,False,South Boston,consulting
2795,2023-12-12 13:35:00,,2027-12-12 13:33:00,Tranquility,Short Term Rental,27 Dexter ST,South Boston,MA,2127,42.330466,-71.05807099999998,True,South Boston,short term rental
2796,2020-03-03 12:17:00,,2024-03-03 12:16:00,Triad Agro Industrial,Food Manufacture/Marketing,0 Eighth ST,South Boston,MA,2127,42.33150212487375,-71.04068541550009,False,South Boston,food manufacture/marketing
2797,2012-12-11 00:00:00,,2016-12-11 00:00:00,TRINITY CONSULTING,WITHDRAWAL (8/24/11),1410 Columbia RD,South Boston,MA,2127,42.330939,-71.043613,False,South Boston,withdrawal (8/24/11)
2798,2019-09-27 10:20:00,9/18/23 13:32,2027-09-18 11:46:00,TRIWELLNESS HOLISTIC CENTER,Holistic Health Center,699 Broadway,South Boston,MA,2127,42.335792,-71.03754900000001,True,South Boston,holistic health center
2799,2024-06-05 11:21:00,,2028-06-05 11:13:00,TROWEL TRADES SUPPLY,CONSTRUCTION MATERIALS,480 First ST,South Boston,MA,2127,42.338677,-71.04044299999998,True,South Boston,construction materials
2800,2021-07-16 13:02:00,6/26/25 10:31,2029-06-26 10:26:00,True Fitness,Health Club/Gym,323 Dorchester AV,South Boston,MA,2127,42.336913,-71.058135,True,South Boston,health club/gym
2801,2018-03-12 12:01:00,,2022-03-12 12:00:00,T's Marine Co.,Mobile Marine Service,228 E ST,South Boston,MA,2127,42.335496,-71.052233,False,South Boston,mobile marine service
2802,2018-12-06 12:57:00,2/6/23 12:46,2027-02-06 12:40:00,TS Marketing,Marketing,46 Monsignor Dennis F. O'Callaghan WY,South Boston,MA,2127,42.325005,-71.05391900000001,True,South Boston,marketing
2803,2019-03-20 13:51:00,4/28/23 12:25,2027-04-28 11:21:00,Tudor Rentals,Short Term Rental,114 Tudor ST,South Boston,MA,2127,42.336372,-71.053065,True,South Boston,short term rental
2804,2015-12-23 00:00:00,12/23/19 16:23,2023-12-23 13:30:00,TUDOR SALES,USED CAR SALES,209 Tudor ST,South Boston,MA,2127,42.33413,-71.04984300000001,False,South Boston,used car sales
2805,2024-01-30 12:53:00,,2028-01-30 12:51:00,ULTRA SUPPLY CO.,E-COMMERCE,846 Fifth ST,South Boston,MA,2127,42.334302,-71.02640300000002,True,South Boston,e-commerce
2806,2015-12-23 00:00:00,12/5/19 14:08,2023-12-05 11:07:00,UNIQUE VERVE,SKINCARE SPA,205 Sixth ST,South Boston,MA,2127,42.33523,-71.05084499999998,False,South Boston,skincare spa
2807,2026-01-30 08:58:00,,2030-01-30 08:57:00,United Cleaning Co,Cleaning Services,1550 Columbia RD,South Boston,MA,2127,42.330327,-71.03882099999998,True,South Boston,cleaning services
2808,2013-07-22 00:00:00,3/11/26 15:04,2030-03-11 10:53:00,UNIVERSAL SCHILO,MULTISERVICE,205 Sixth ST,South Boston,MA,2127,42.33523,-71.05084499999998,True,South Boston,multiservice
2809,2020-02-24 11:36:00,2/23/24 15:53,2028-02-23 15:52:00,VALLEY IQ,Online retail,246 Third ST,South Boston,MA,2127,42.338296,-71.04767300000003,True,South Boston,online retail
2810,2023-08-28 15:23:00,,2027-08-28 12:14:00,VAO Managements,STR,41 Telegraph ST,South Boston,MA,2127,42.332831,-71.04920900000002,True,South Boston,str
2811,2013-01-04 00:00:00,,2017-01-04 00:00:00,VDA OF MA (VISITING DENTAL ASSOCIATES OF MA.),PUBLIC HEALTH DENTAL HYGIENE,348 Dorchester ST,South Boston,MA,2127,42.330492,-71.05452500000001,False,South Boston,public health dental hygiene
2812,2013-06-18 00:00:00,,2017-06-18 00:00:00,VDA OF MA (VISITING DENTAL ASSOCIATES OF MA.),WITHDRAWAL (1/4/13),348 Dorchester ST,South Boston,MA,2127,42.330492,-71.05452500000001,False,South Boston,withdrawal (1/4/13)
2813,2019-07-30 16:23:00,,2023-07-30 16:22:00,Vemi Apparell,Online Retail,51 Rev Richard A Burke ST,South Boston,MA,2127,42.330663,-71.050321,False,South Boston,online retail
2814,2020-11-17 10:03:00,,2024-11-17 10:02:00,Verde Services,digital signage and pos installation and repair,10 Monsignor Dennis F. O'Callaghan WY,South Boston,MA,2127,42.324557,-71.05355099999997,False,South Boston,digital signage and pos installation and repair
2815,2024-10-16 13:10:00,,2028-10-16 13:09:00,VFCeats,Restaurant,313 Old Colony AV,South Boston,MA,2127,42.329707,-71.05287099999998,True,South Boston,restaurant
2816,2019-09-09 14:25:00,9/8/23 13:52,2027-09-08 12:14:00,View Of Boston,Short-Term Rental,508 Broadway,South Boston,MA,2127,42.33566,-71.04408999999998,True,South Boston,short-term rental
2817,2014-07-25 00:00:00,5/4/18 10:31,2022-05-04 09:53:00,VIGO REMITTANCE,MONEY TRANSFER MACHINE,334 Eighth ST,South Boston,MA,2127,42.331325,-71.04758800000002,False,South Boston,money transfer machine
2818,2014-07-25 00:00:00,5/4/18 11:26,2022-05-04 10:22:00,VIGO REMITTANCE,MONEY TRANSFER MACHINE,260 Eighth ST,South Boston,MA,2127,42.332263,-71.04992199999998,False,South Boston,money transfer machine
2819,2014-07-25 00:00:00,5/4/18 10:37,2022-05-04 09:57:00,VIGO REMITTANCE,MONEY TRANSFER MACHINE,463 Broadway,South Boston,MA,2127,42.33561271913169,-71.03650826260878,False,South Boston,money transfer machine
2820,2022-09-08 13:59:00,,2026-09-08 13:58:00,Village Pizza & Grill,Fast Food,56 L ST,South Boston,MA,2127,42.336382,-71.035278,True,South Boston,fast food
2821,2025-02-04 09:28:00,,2029-02-04 09:25:00,Vinyl Optics,Custom Signage & Decals,55 William T Morrissey BLVD,Dorchester,MA,2127,42.317769,-71.05016799999999,True,South Boston,custom signage & decals
2822,2023-07-11 09:20:00,,2027-07-11 08:57:00,Visions Desi9n,Landscaping Services,16 General Lawrence J Logan WY,South Boston,MA,2127,42.32708,-71.05358999999999,True,South Boston,landscaping services
2823,2024-01-29 13:27:00,,2028-01-29 11:43:00,Voter,Community Engagement,12 Mohawk ST,South Boston,MA,2127,42.328724,-71.05548699999997,True,South Boston,community engagement
2824,2024-01-29 13:28:00,,2028-01-29 11:44:00,Vot-ER,Community Engagement,12 Mohawk ST,South Boston,MA,2127,42.328724,-71.05548699999997,True,South Boston,community engagement
2825,2019-02-21 08:58:00,,2023-02-21 08:57:00,Waggin Tails,Pet Services/Walking,33 I ST,South Boston,MA,2127,42.336984,-71.04013500000002,False,South Boston,pet services/walking
2826,2019-03-14 15:10:00,5/24/23 9:53,2027-05-24 09:43:00,Walgreens #17169,Retail Merchant,710 Broadway,South Boston,MA,2127,42.336172,-71.03651100000002,True,South Boston,retail merchant
2827,2020-04-13 14:30:00,4/18/24 9:09,2028-04-18 09:06:00,Wave Collective,Marketing,11 Elkins ST,South Boston,MA,2127,42.339353,-71.03612900000002,True,South Boston,marketing
2828,2026-01-30 13:07:00,,2030-01-30 13:05:00,WAY IN WAY OUT,Management Consulting,39 A ST,South Boston,MA,2127,42.341298,-71.05594200000002,True,South Boston,management consulting
2829,2020-12-22 10:46:00,12/16/24 16:05,2028-12-16 13:47:00,"WCB Associates Construction Consulting, Engineering and Surveying",Construction consulting,760 Eighth ST,South Boston,MA,2127,42.331703,-71.03094399999998,True,South Boston,construction consulting
2830,2019-04-08 13:17:00,,2023-04-08 12:37:00,Werklehrer Education,Education,162 I ST,South Boston,MA,2127,42.33263,-71.03971000000001,False,South Boston,education
2831,2016-11-14 12:15:00,5/20/21 10:05,2025-05-20 10:02:00,WEST BROADWAY FAMILY DENTAL,DENTAL OFFICE,385 Broadway,South Boston,MA,2127,42.33738,-71.04901000000001,False,South Boston,dental office
2832,2016-04-05 00:00:00,5/6/24 16:00,2028-05-06 11:36:00,WEST SEVENTH MINI MARKET,CONVENIENT STORE (SUNDLY GOODS,51 Seventh ST,South Boston,MA,2127,42.337068,-71.05542100000002,True,South Boston,convenient store (sundly goods
2833,2025-09-23 10:18:00,,2029-09-23 10:17:00,Will Levesque Training,Personal Training,663 Broadway,South Boston,MA,2127,42.33543,-71.03800000000001,True,South Boston,personal training
2834,2020-01-13 11:49:00,,2024-01-13 11:48:00,William Caron,Cleaning Services,506 Broadway,South Boston,MA,2127,42.335682,-71.04438700000003,False,South Boston,cleaning services
2835,2022-01-25 15:22:00,2/9/26 14:37,2030-02-09 12:56:00,WILSON BARBER SERVICES,Barber,397 Dorchester ST,South Boston,MA,2127,42.329978,-71.056669,True,South Boston,barber
2836,2021-09-16 14:53:00,8/18/25 16:35,2029-08-18 16:14:00,Wink Eyecare,Optical/Optometry,647 Broadway,South Boston,MA,2127,42.33561271913169,-71.03650826260878,True,South Boston,optical/optometry
2837,2015-03-30 00:00:00,6/26/23 16:24,2027-06-26 15:02:00,WM. F. SPENCER FUNERAL SERVICE,FUNERAL SERVICE,575 Broadway,South Boston,MA,2127,42.33535,-71.04124000000002,True,South Boston,funeral service
2838,2012-12-12 00:00:00,,2016-12-12 00:00:00,WOIFIE'S KITCHEN & BAR,WITHDRAWAL (7/20/11),81 L ST,South Boston,MA,2127,42.334669,-71.035552,False,South Boston,withdrawal (7/20/11)
2839,2014-11-20 00:00:00,11/10/22 10:24,2026-11-10 10:22:00,WORDEN HALL,RESTAURANT,22 Broadway,South Boston,MA,2127,42.3388345649572,-71.05089270276682,True,South Boston,restaurant
2840,2023-06-16 14:40:00,,2027-06-16 14:23:00,X-celerate Consulting,Consulting Services,55 Woodward ST,South Boston,MA,2127,42.330624,-71.05557299999998,True,South Boston,consulting services
2841,2019-11-01 11:53:00,,2023-11-01 11:53:00,XOTIC PRINTZ,T-SHIRT PRINTING,141 Broadway,South Boston,MA,2127,42.340727,-71.05420300000003,False,South Boston,t-shirt printing
2842,2021-03-02 13:13:00,,2025-03-02 13:11:00,Yves Boston,Gift Agency,371 Dorchester ST,South Boston,MA,2127,42.33041,-71.05577,False,South Boston,gift agency
2843,2023-10-31 15:47:00,,2027-10-31 15:46:00,YVONNE'S COMMERCIAL CLEANING SERVICES,Commercial cleaning,244 Eighth ST,South Boston,MA,2127,42.33246,-71.05017599999996,True,South Boston,commercial cleaning
2844,2019-01-30 13:35:00,3/6/23 14:40,2027-03-06 12:48:00,11 Mortgage,Third Party Residential Loan Originator,44 School ST,Boston,MA,2108,42.357681,-71.05967800000002,True,Back Bay/Beacon Hill,third party residential loan originator
2845,2018-06-06 14:19:00,,2022-06-06 14:18:00,1120Films,Films Production,333 Washington ST,Boston,MA,2108,42.356857,-71.05908,False,Back Bay/Beacon Hill,films production
2846,2024-09-13 10:39:00,,2028-09-13 10:37:00,116 Mt. Vernon #4,Short Term Rental,116 Mount Vernon ST,Boston,MA,2108,42.357714,-71.07001300000002,True,Back Bay/Beacon Hill,short term rental
2847,2021-11-19 13:41:00,11/14/25 13:00,2029-11-14 12:56:00,1928 Beacon Hill,Restaurant,97 Mount Vernon ST,Boston,MA,2108,42.358045,-71.06972100000002,True,Back Bay/Beacon Hill,restaurant
2848,2025-08-26 16:04:00,,2029-08-26 13:41:00,1ST TRIBAL LENDING,MORTAGE ORIGINATIONS AND SERVICING,44 School ST,Boston,MA,2108,42.357681,-71.05967800000002,True,Back Bay/Beacon Hill,mortage originations and servicing
2849,2015-05-26 00:00:00,5/23/19 16:13,2023-05-23 16:09:00,21ST AMENDMENT,TAVERN,150 Bowdoin ST,Boston,MA,2108,42.358267,-71.06262700000002,False,Back Bay/Beacon Hill,tavern
2850,2019-11-29 15:27:00,4/22/24 15:44,2028-04-22 11:36:00,34 River St,Short Term Rental,34 River ST,Boston,MA,2108,42.357076,-71.07051100000001,True,Back Bay/Beacon Hill,short term rental
2851,2019-12-19 13:59:00,4/22/24 15:56,2028-04-22 11:32:00,"34 River St, Apt 2",Short Term Rental,34 River ST,Boston,MA,2108,42.357076,-71.07051100000001,True,Back Bay/Beacon Hill,short term rental
2852,2021-11-24 14:58:00,2/2/26 11:58,2030-02-02 11:53:00,4U Barber Shop,Barbershop,114 Blackstone ST,Boston,MA,2108,42.3618,-71.05676499999998,True,Back Bay/Beacon Hill,barbershop
2853,2016-09-27 11:38:00,10/16/20 12:32,2024-10-16 12:30:00,7 Scope Entertainment,Entertainment,44 School ST,Boston,MA,2108,42.357681,-71.05967800000002,False,Back Bay/Beacon Hill,entertainment
2854,2013-09-17 00:00:00,4/2/25 15:53,2029-04-02 15:47:00,75 CHESTNUT,RESTAURANT,75 Chestnut ST,Boston,MA,2108,42.356936,-71.07098000000002,True,Back Bay/Beacon Hill,restaurant
2855,2015-06-05 00:00:00,5/23/19 11:08,2023-05-23 11:03:00,7-ELEVEN #33392C,CONVENIENCE STORE,125 Tremont ST,Boston,MA,2108,42.3565,-71.06176499999998,False,Back Bay/Beacon Hill,convenience store
2856,2019-12-18 12:41:00,,2023-12-18 12:40:00,7uiceshop.com,Marketing,27 School ST,Boston,MA,2108,42.357701,-71.05915199999998,False,Back Bay/Beacon Hill,marketing
2857,2025-03-31 16:48:00,,2029-03-31 15:35:00,A&O Shearman,Law Firm,1 Beacon ST,Boston,MA,2108,42.358449,-71.060833,True,Back Bay/Beacon Hill,law firm
2858,2016-07-27 11:21:00,7/18/25 14:13,2029-07-18 14:12:00,Abraham Jewelers,Jewelry Maker,333 Washington ST,Boston,MA,2108,42.356857,-71.05908,True,Back Bay/Beacon Hill,jewelry maker
2859,2023-02-24 10:56:00,,2027-02-24 10:03:00,ABS of FL.,Professional Employer Organization,45 School ST,Boston,MA,2108,42.358038,-71.05938800000001,True,Back Bay/Beacon Hill,professional employer organization
2860,2025-10-29 16:08:00,,2029-10-29 13:34:00,Access Plus,Telecommunications Services,44 School ST,Boston,MA,2108,42.357681,-71.05967800000002,True,Back Bay/Beacon Hill,telecommunications services
2861,2022-04-08 15:45:00,3/12/26 16:06,2030-03-12 13:26:00,Adam Travel,Travel and Tours,7 Marshall ST,Boston,MA,2108,42.361819,-71.05684100000002,True,Back Bay/Beacon Hill,travel and tours
2862,2016-02-29 00:00:00,2/16/24 13:57,2028-02-16 11:37:00,ADCO DIAMOND,RETAIL,333 Washington ST,Boston,MA,2108,42.356857,-71.05908,True,Back Bay/Beacon Hill,retail
2863,2014-08-25 00:00:00,10/14/22 13:05,2026-10-14 11:43:00,ADELA'S HAIR STUDIO,HAIR SALON,92 Pinckney ST,Boston,MA,2108,42.358709,-71.07020999999997,True,Back Bay/Beacon Hill,hair salon
2864,2022-05-31 14:45:00,,2026-05-31 14:41:00,Adriano Jewelry,Jewelry,333 Washington ST,Boston,MA,2108,42.356857,-71.05908,True,Back Bay/Beacon Hill,jewelry
2865,2024-07-01 13:52:00,,2028-07-01 13:42:00,ADVANCED CARGO,TRUCKING SERVICES,44 School ST,Boston,MA,2108,42.357681,-71.05967800000002,True,Back Bay/Beacon Hill,trucking services
2866,2025-11-24 11:52:00,,2029-11-24 11:41:00,AES,Engineering Firm,44 School ST,Boston,MA,2108,42.357681,-71.05967800000002,True,Back Bay/Beacon Hill,engineering firm
2867,2020-07-17 14:46:00,,2024-07-17 12:01:00,Affinity Cellular,Resold Telecommunications,45 School ST,Boston,MA,2108,42.358038,-71.05938800000001,False,Back Bay/Beacon Hill,resold telecommunications
2868,2024-02-12 16:57:00,,2028-02-12 16:51:00,AffirmedRX PBC,Pharmacy Benefits Management,45 School ST,Boston,MA,2108,42.358038,-71.05938800000001,True,Back Bay/Beacon Hill,pharmacy benefits management
2869,2013-05-13 00:00:00,,2017-05-13 00:00:00,AFFORDABLE JEWELRY,JEWELRY,365 Washington ST,Boston,MA,2108,42.35654,-71.05944499999998,False,Back Bay/Beacon Hill,jewelry
2870,2013-11-20 00:00:00,,2017-11-20 00:00:00,AFFORDABLE JEWELRY,WITHDRAWAL (05/13/2013),365 Washington ST,Boston,MA,2108,42.35654,-71.05944499999998,False,Back Bay/Beacon Hill,withdrawal (05/13/2013)
2871,2021-12-14 15:22:00,,2025-12-14 15:18:00,Affordable Long Distance,Telecommunications,18 Tremont ST,Boston,MA,2108,42.358831,-71.05967900000002,False,Back Bay/Beacon Hill,telecommunications
2872,2017-02-14 14:57:00,2/9/21 14:18,2025-02-09 14:16:00,Agathon Associates,Customs brokerage and Consulting,6 Beacon ST,Boston,MA,2108,42.358149,-71.06172300000003,False,Back Bay/Beacon Hill,customs brokerage and consulting
2873,2021-04-23 11:32:00,,2025-04-23 11:31:00,AGORA LENDING,MORTGAGE LENDER,45 School ST,Boston,MA,2108,42.358038,-71.05938800000001,False,Back Bay/Beacon Hill,mortgage lender
2874,2021-05-25 13:43:00,,2025-05-25 13:42:00,AG-Valiant,hydroponic systems installations,44 School ST,Boston,MA,2108,42.357681,-71.05967800000002,False,Back Bay/Beacon Hill,hydroponic systems installations
2875,2020-03-11 12:18:00,,2024-03-11 12:18:00,Ahead,resale of computer hard/software,45 School ST,Boston,MA,2108,42.358038,-71.05938800000001,False,Back Bay/Beacon Hill,resale of computer hard/software
2876,2021-01-04 14:07:00,,2025-01-04 12:33:00,AHT Insurance,Insurance,44 School ST,Boston,MA,2108,42.357681,-71.05967800000002,False,Back Bay/Beacon Hill,insurance
2877,2019-03-15 12:04:00,,2023-03-15 12:03:00,Airaware,Entertainment Services,44 School ST,Boston,MA,2108,42.357681,-71.05967800000002,False,Back Bay/Beacon Hill,entertainment services
2878,2023-07-10 14:48:00,,2027-07-10 14:43:00,AirSculpt,cosmetic surgery,20 Ashburton PL,Boston,MA,2108,42.358878,-71.062501,True,Back Bay/Beacon Hill,cosmetic surgery
2879,2019-04-23 14:15:00,,2023-04-23 10:45:00,Airstream Adventures Boston,Sales and Repair of RV and Trailers,44 School ST,Boston,MA,2108,42.357681,-71.05967800000002,False,Back Bay/Beacon Hill,sales and repair of rv and trailers
2880,2022-02-16 15:16:00,3/3/26 11:21,2030-03-03 09:31:00,AIRTALK WIRELESS,TELECOM,44 School ST,Boston,MA,2108,42.357681,-71.05967800000002,True,Back Bay/Beacon Hill,telecom
2881,2022-03-02 15:53:00,,2026-03-02 11:12:00,AK Associates,Telecommunications,44 School ST,Boston,MA,2108,42.357681,-71.05967800000002,False,Back Bay/Beacon Hill,telecommunications
2882,2025-11-28 12:15:00,,2029-11-28 11:28:00,All Choice Energy,Electric power Supplier,44 School ST,Boston,MA,2108,42.357681,-71.05967800000002,True,Back Bay/Beacon Hill,electric power supplier
2883,2023-05-01 12:40:00,,2027-05-01 12:12:00,All Year Rehab,"Offices Of Physical, Occupational & Speech Therapists/Audiologists",44 School ST,Boston,MA,2108,42.357681,-71.05967800000002,True,Back Bay/Beacon Hill,"offices of physical, occupational & speech therapists/audiologists"
2884,2015-02-23 00:00:00,3/1/19 14:18,2023-03-01 13:35:00,ALLEGRO CREDIT,SALES FINANCING,44 School ST,Boston,MA,2108,42.357681,-71.05967800000002,False,Back Bay/Beacon Hill,sales financing
2885,2021-02-12 10:52:00,2/13/25 12:17,2029-02-13 12:14:00,ALMA,restaurant management,15 Union ST,Boston,MA,2108,42.34513,-71.14796000000001,True,Back Bay/Beacon Hill,restaurant management
2886,2019-04-25 15:44:00,,2023-04-25 15:31:00,Altus Corporate Risk,insurance,44 School ST,Boston,MA,2108,42.357681,-71.05967800000002,False,Back Bay/Beacon Hill,insurance
2887,2020-08-24 13:12:00,,2024-08-24 12:16:00,America Online Mortgage,Mortgage,44 School ST,Boston,MA,2108,42.357681,-71.05967800000002,False,Back Bay/Beacon Hill,mortgage
2888,2021-02-22 15:00:00,3/25/25 10:19,2028-12-16 12:56:00,American Petroleum Institute- Northeast Region,Trade Association,11 Beacon ST,Boston,MA,2108,42.358382,-71.06162499999999,True,Back Bay/Beacon Hill,trade association
2889,2025-01-16 09:02:00,,2029-01-16 08:56:00,America's Glory,Mortgage Lending and Servicing,44 School ST,Boston,MA,2108,42.357681,-71.05967800000002,True,Back Bay/Beacon Hill,mortgage lending and servicing
2890,2018-12-03 14:06:00,3/29/23 13:22,2027-03-29 11:03:00,Ameritrade Global Resources,Export Management Company,1 Boston PL,Boston,MA,2108,42.358537,-71.058381,True,Back Bay/Beacon Hill,export management company
2891,2017-12-28 11:42:00,12/9/25 10:44,2029-12-09 10:43:00,Amoroso Jewelers,Jewelry Store,333 Washington ST,Boston,MA,2108,42.356857,-71.05908,True,Back Bay/Beacon Hill,jewelry store
2892,2018-06-06 12:24:00,7/13/22 13:35,2026-08-16 13:35:00,AMP Fitness,gym/personal training,30 Court ST,Boston,MA,2108,42.359027,-71.05914100000001,True,Back Bay/Beacon Hill,gym/personal training
2893,2015-09-21 00:00:00,9/7/23 11:35,2027-09-07 11:32:00,AMPLIFIED IMPACT,CONSULTANT,128 Chestnut ST,Boston,MA,2108,42.356373,-71.07214799999997,True,Back Bay/Beacon Hill,consultant
2894,2018-12-06 14:46:00,,2022-12-06 14:26:00,AmWest,Mortgage Lending Services,44 School ST,Boston,MA,2108,42.357681,-71.05967800000002,False,Back Bay/Beacon Hill,mortgage lending services
2895,2016-02-29 00:00:00,2/22/24 12:33,2028-02-22 11:31:00,AMY DANCZ VOICE STUDIO,MUSIC LESSONS,333 Washington ST,Boston,MA,2108,42.356857,-71.05908,True,Back Bay/Beacon Hill,music lessons
2896,2014-10-15 00:00:00,9/26/22 12:59,2026-09-26 11:25:00,ANAIS JEWELERS,JEWELRY,333 Washington ST,Boston,MA,2108,42.356857,-71.05908,True,Back Bay/Beacon Hill,jewelry
2897,2023-12-14 14:01:00,,2027-12-14 13:55:00,ANCHORED TINY HOMES OF NEW ENGLAND,HOME CONSTRUCTION,44 School ST,Boston,MA,2108,42.357681,-71.05967800000002,True,Back Bay/Beacon Hill,home construction
2898,2022-12-05 10:07:00,,2026-12-05 09:50:00,Angle Mobile,Telecommunications,44 School ST,Boston,MA,2108,42.357681,-71.05967800000002,True,Back Bay/Beacon Hill,telecommunications
2899,2014-01-10 00:00:00,12/7/21 11:41,2025-12-07 11:40:00,ANGLERS LOAN .,PAWN BROKER,333 Washington ST,Boston,MA,2108,42.356857,-71.05908,False,Back Bay/Beacon Hill,pawn broker
2900,2026-02-24 16:18:00,,2030-02-24 16:16:00,AnuLife: Business Funding & Success Life Skills Consultants,Consulting Services,1 Washington MA,Boston,MA,2108,42.359466,-71.05834099999998,True,Back Bay/Beacon Hill,consulting services
2901,2025-11-25 12:04:00,,2029-11-25 11:03:00,Anzea,Fabric Distribution,45 School ST,Boston,MA,2108,42.358038,-71.05938800000001,True,Back Bay/Beacon Hill,fabric distribution
2902,2018-05-24 14:34:00,,2022-05-24 14:33:00,AP Financial,Payment Processing,44 School ST,Boston,MA,2108,42.357681,-71.05967800000002,False,Back Bay/Beacon Hill,payment processing
2903,2019-11-21 10:41:00,,2023-11-21 10:30:00,APCON SOLUTIONS FOR NETWORKS,Networking equipment,44 School ST,Boston,MA,2108,42.357681,-71.05967800000002,False,Back Bay/Beacon Hill,networking equipment
2904,2023-03-17 12:50:00,,2027-03-17 11:48:00,Applied PEO,Professional Employer Organization,45 School ST,Boston,MA,2108,42.358038,-71.05938800000001,True,Back Bay/Beacon Hill,professional employer organization
2905,2019-12-23 14:27:00,,2023-12-23 14:21:00,AppraisalTek,Appraisal Management Company,44 School ST,Boston,MA,2108,42.357681,-71.05967800000002,False,Back Bay/Beacon Hill,appraisal management company
2906,2015-12-30 00:00:00,12/23/19 14:12,2023-12-23 13:41:00,APRIL TRAVEL PROTECTION,TRAVEL INSURANCE PROVIDER,44 School ST,Boston,MA,2108,42.357681,-71.05967800000002,False,Back Bay/Beacon Hill,travel insurance provider
2907,2021-02-24 13:55:00,2/3/25 17:01,2029-02-03 16:00:00,ARAZI FRYE DIAMONDS,DIAMOND WHOLESALE,333 Washington ST,Boston,MA,2108,42.356857,-71.05908,True,Back Bay/Beacon Hill,diamond wholesale
2908,2024-07-08 14:56:00,,2028-07-08 14:54:00,Arbor Financial Group,Mortgage Origination,44 School ST,Boston,MA,2108,42.357681,-71.05967800000002,True,Back Bay/Beacon Hill,mortgage origination
2909,2025-11-25 12:04:00,,2029-11-25 11:05:00,Arc-Com,Fabric Distribution,45 School ST,Boston,MA,2108,42.358038,-71.05938800000001,True,Back Bay/Beacon Hill,fabric distribution
2910,2025-12-23 11:27:00,,2029-12-23 11:25:00,Arrow Security,Security,45 School ST,Boston,MA,2108,42.358038,-71.05938800000001,True,Back Bay/Beacon Hill,security
2911,2021-03-04 15:07:00,4/17/25 12:22,2029-04-17 12:20:00,Arthurs Sunoco,gas station,70 River ST,Boston,MA,2108,42.357989,-71.071008,True,Back Bay/Beacon Hill,gas station
2912,2021-04-01 10:56:00,,2025-04-01 10:54:00,Asado Media,marketing agency,1 Washington MA,Boston,MA,2108,42.359466,-71.05834099999998,False,Back Bay/Beacon Hill,marketing agency
2913,2025-07-28 10:00:00,,2029-07-28 09:53:00,Ash & Harbor,Healthcare Consulting,93 Beacon ST,Boston,MA,2108,42.355812,-71.07241599999998,True,Back Bay/Beacon Hill,healthcare consulting
2914,2015-05-18 00:00:00,6/15/23 13:22,2027-06-15 13:18:00,ASHBURTON CAFE / METRO CATERING,RESTAURANT,1 Ashburton PL,Boston,MA,2108,42.359384,-71.06232499999999,True,Back Bay/Beacon Hill,restaurant
2915,2024-11-29 15:37:00,,2028-11-29 15:29:00,At Home VMS,Appraisal Management Company,44 School ST,Boston,MA,2108,42.357681,-71.05967800000002,True,Back Bay/Beacon Hill,appraisal management company
2916,2021-06-15 15:25:00,8/12/25 11:23,2029-08-12 10:52:00,Atlantis Operations East,"Rigging, Maintenance & Services",45 School ST,Boston,MA,2108,42.358038,-71.05938800000001,True,Back Bay/Beacon Hill,"rigging, maintenance & services"
2917,2025-09-15 09:02:00,,2029-09-15 08:55:00,AW Wireless,Mobile Communication,44 School ST,Boston,MA,2108,42.357681,-71.05967800000002,True,Back Bay/Beacon Hill,mobile communication
2918,2020-02-10 13:32:00,6/11/24 16:13,2028-06-11 11:23:00,B.C. Szerlip Insurance Agrency,Professional Liability Insurance,44 School ST,Boston,MA,2108,42.357681,-71.05967800000002,True,Back Bay/Beacon Hill,professional liability insurance
2919,2024-03-27 11:25:00,,2028-03-27 11:23:00,B.GOOD,Restaurant,227 Washington ST,Boston,MA,2108,42.358214,-71.05804999999998,True,Back Bay/Beacon Hill,restaurant
2920,2017-07-06 10:35:00,7/14/25 13:13,2029-07-14 13:11:00,Back Health Care,Massage,15 Court SQ,Boston,MA,2108,42.358242,-71.05865900000003,True,Back Bay/Beacon Hill,massage
2921,2024-05-31 09:37:00,,2028-05-31 09:36:00,BANH MI OK,Take Out Restaurant,44 School ST,Boston,MA,2108,42.357681,-71.05967800000002,True,Back Bay/Beacon Hill,take out restaurant
2922,2018-07-16 14:06:00,9/1/22 14:08,2026-09-01 11:17:00,BARMAKIAN JEWELERS,JEWELRY,333 Washington ST,Boston,MA,2108,42.356857,-71.05908,True,Back Bay/Beacon Hill,jewelry
2923,2024-04-30 12:35:00,,2028-04-30 12:26:00,Bastion Health,Medicine and Surgery,45 School ST,Boston,MA,2108,42.358038,-71.05938800000001,True,Back Bay/Beacon Hill,medicine and surgery
2924,2024-12-23 15:15:00,,2028-12-23 13:55:00,BaxterPro,Insurance,44 School ST,Boston,MA,2108,42.357681,-71.05967800000002,True,Back Bay/Beacon Hill,insurance
2925,2023-01-20 15:33:00,,2027-01-20 11:55:00,Bayog Law,Law Firm,1 Washington MA,Boston,MA,2108,42.359466,-71.05834099999998,True,Back Bay/Beacon Hill,law firm
2926,2021-08-30 13:41:00,10/23/25 16:01,2029-10-23 14:05:00,Bayshore Mortgage Funding,Mortgage Originations,44 School ST,Boston,MA,2108,42.357681,-71.05967800000002,True,Back Bay/Beacon Hill,mortgage originations
2927,2016-07-11 09:08:00,,,Baystate Financial,Insurance & Financial,15 Court SQ,Boston,MA,2108,42.358242,-71.05865900000003,False,Back Bay/Beacon Hill,insurance & financial
2928,2024-08-14 15:07:00,,2028-08-14 15:05:00,BBand Communications,Consulting,10 Willow ST,Boston,MA,2108,42.357619,-71.068465,True,Back Bay/Beacon Hill,consulting
2929,2018-10-09 14:05:00,1/17/23 14:12,2027-01-17 12:25:00,Be The Match Biotherapies,Cellular Therapy,44 School ST,Boston,MA,2108,42.357681,-71.05967800000002,True,Back Bay/Beacon Hill,cellular therapy
2930,2019-07-16 14:50:00,,2023-07-16 14:10:00,Beach Road Weekend,Concert Promoter,45 School ST,Boston,MA,2108,42.358038,-71.05938800000001,False,Back Bay/Beacon Hill,concert promoter
2931,2022-09-07 12:55:00,,2026-09-07 12:52:00,Beacon Hill Hotel,Hotel & Restaurant,25 Charles ST,Boston,MA,2108,42.356937,-71.06965100000002,True,Back Bay/Beacon Hill,hotel & restaurant
2932,2016-02-11 00:00:00,2/6/24 9:59,2028-02-06 09:57:00,BEACON HILL SHOE REPAIR,SHOE REPAIR,126 Bowdoin ST,Boston,MA,2108,42.35874,-71.06276300000002,True,Back Bay/Beacon Hill,shoe repair
2933,2025-08-28 17:23:00,,2029-08-28 13:03:00,BEACON HILL SOLUTIONS GROUP,PROFESSIONAL STAFFING,20 Ashburton PL,Boston,MA,2108,42.358878,-71.062501,True,Back Bay/Beacon Hill,professional staffing
2934,2022-01-11 09:17:00,,2026-01-11 09:14:00,BEACON HILL STRETCH,Personal Training,100 Cambridge ST,Boston,MA,2108,42.360981,-71.06262400000003,False,Back Bay/Beacon Hill,personal training
2935,2016-02-04 00:00:00,3/27/24 13:46,2028-03-27 13:43:00,BEANTOWN PUB,RESTAURANT/PUB,100 Tremont ST,Boston,MA,2108,42.357141,-71.060877,True,Back Bay/Beacon Hill,restaurant/pub
2936,2016-12-02 10:42:00,1/9/25 14:55,2029-01-09 14:53:00,Beauge's Tailoring,Tailoring,15 Court SQ,Boston,MA,2108,42.358242,-71.05865900000003,True,Back Bay/Beacon Hill,tailoring
2937,2018-03-30 13:04:00,11/7/25 9:33,2029-11-07 09:26:00,Bebe Mursalin Leather Goods,Retail Hand Bags & Accessories,32 Province ST,Boston,MA,2108,42.356747,-71.06001100000003,True,Back Bay/Beacon Hill,retail hand bags & accessories
2938,2017-03-15 11:35:00,3/4/25 14:30,2029-03-04 14:28:00,Bedrosian Jewelry,Jewelry,333 Washington ST,Boston,MA,2108,42.356857,-71.05908,True,Back Bay/Beacon Hill,jewelry
2939,2014-11-10 00:00:00,9/29/22 14:05,2026-09-29 14:04:00,BELL IN HAND TAVERN,RESTAURANT/TAVERN,45 Union ST,Boston,MA,2108,42.361487,-71.05707799999999,True,Back Bay/Beacon Hill,restaurant/tavern
2940,2013-10-28 00:00:00,11/14/25 14:35,2029-11-14 11:50:00,BENCHMARK ROOF AND PAVEMENT CONSULTING,CONSULTING,44 School ST,Boston,MA,2108,42.357681,-71.05967800000002,True,Back Bay/Beacon Hill,consulting
2941,2016-02-25 00:00:00,6/26/24 12:51,2028-06-26 12:49:00,BENEFIT COSMETICS,RETAIL COSMETICS LSALON SERVICES,31 Charles ST,Boston,MA,2108,42.357197,-71.06979100000001,True,Back Bay/Beacon Hill,retail cosmetics lsalon services
2942,2014-09-04 00:00:00,10/11/22 15:19,2026-10-11 13:53:00,BERKSHIRE (REAL ESTATE) GROUP,REAL ESTATE INVESTMENT,1 Beacon ST,Boston,MA,2108,42.358449,-71.060833,True,Back Bay/Beacon Hill,real estate investment
2943,2018-08-06 15:02:00,,2022-08-06 12:42:00,BERNARDS,JEWELRY WHOLESALER,333 Washington ST,Boston,MA,2108,42.356857,-71.05908,False,Back Bay/Beacon Hill,jewelry wholesaler
2944,2022-08-11 14:26:00,,2026-08-11 12:26:00,BERNARD'S,JEWELRY WHOLESALER,333 Washington ST,Boston,MA,2108,42.356857,-71.05908,True,Back Bay/Beacon Hill,jewelry wholesaler
2945,2022-08-01 09:45:00,,2026-08-01 09:32:00,Bernier Insurance Agency,Insurance Agency,44 School ST,Boston,MA,2108,42.357681,-71.05967800000002,True,Back Bay/Beacon Hill,insurance agency
2946,2025-03-27 10:05:00,,2029-03-27 10:04:00,Bertucci's Pronto,Restaurant,18 Tremont ST,Boston,MA,2108,42.358831,-71.05967900000002,True,Back Bay/Beacon Hill,restaurant
2947,2019-07-11 14:39:00,,2023-07-11 14:38:00,Besnard Insurance,insurance,44 School ST,Boston,MA,2108,42.357681,-71.05967800000002,False,Back Bay/Beacon Hill,insurance
2948,2018-10-11 16:44:00,,2022-10-11 16:42:00,Better Sorts Social Club,Hotel/Restaurant,90 Tremont ST,Boston,MA,2108,42.35733,-71.06069300000001,False,Back Bay/Beacon Hill,hotel/restaurant
2949,2022-12-14 10:59:00,,2026-12-14 10:54:00,Better Sorts Social Club,Restaurant,90 Tremont ST,Boston,MA,2108,42.35733,-71.06069300000001,True,Back Bay/Beacon Hill,restaurant
2950,2017-06-05 11:35:00,,,Beyond Wireless,telecom service,44 School ST,Boston,MA,2108,42.357681,-71.05967800000002,False,Back Bay/Beacon Hill,telecom service
2951,2018-12-19 12:01:00,,2022-12-19 11:47:00,Bigfoot Insurance,Insurance Sales / Marketing,44 School ST,Boston,MA,2108,42.357681,-71.05967800000002,False,Back Bay/Beacon Hill,insurance sales / marketing
2952,2014-07-01 00:00:00,,2018-07-01 00:00:00,BIGR.IO,TECHNICAL PLACEMENT/STAFFING,1 Boston PL,Boston,MA,2108,42.358537,-71.058381,False,Back Bay/Beacon Hill,technical placement/staffing
2953,2014-10-02 00:00:00,,2018-10-02 00:00:00,BIGR.IO,WITHDRAWAL (7/1/14),1 Boston PL,Boston,MA,2108,42.358537,-71.058381,False,Back Bay/Beacon Hill,withdrawal (7/1/14)
2954,2015-09-16 00:00:00,8/18/23 11:44,2027-08-18 11:42:00,BILANIAN JEWELERS,JEWELRY SALES & REPAIRS,333 Washington ST,Boston,MA,2108,42.356857,-71.05908,True,Back Bay/Beacon Hill,jewelry sales & repairs
2955,2018-11-28 14:41:00,1/6/23 16:01,2027-01-06 15:59:00,BIN26 ENOTECA,RESTAURANT,26 Charles ST,Boston,MA,2108,42.356766,-71.06996900000001,True,Back Bay/Beacon Hill,restaurant
2956,2024-09-13 13:03:00,,2028-09-13 12:59:00,Bio Restore,Health Care Services,100 Cambridge ST,Boston,MA,2108,42.360981,-71.06262400000003,True,Back Bay/Beacon Hill,health care services
2957,2012-11-02 00:00:00,,2016-11-02 00:00:00,BISMARCK BAMFO & ASSOCIATES,PROCESS SERVER,46 Beacon ST,Boston,MA,2108,42.35685,-71.06727000000001,False,Back Bay/Beacon Hill,process server
2958,2013-07-01 00:00:00,,2017-07-01 00:00:00,BISMARCK BAMFO & ASSOCIATES,WITHDRAWAL (11/2/12),46 Beacon ST,Boston,MA,2108,42.35685,-71.06727000000001,False,Back Bay/Beacon Hill,withdrawal (11/2/12)
2959,2025-08-22 10:03:00,,2029-08-22 10:01:00,Bisson Law,Law Firm,40 Court ST,Boston,MA,2108,42.358932,-71.05927700000001,True,Back Bay/Beacon Hill,law firm
2960,2021-07-28 09:46:00,7/21/25 13:22,2029-07-21 11:33:00,BITCOINX ATM,ATM MACHINE OPERATIONS,44 School ST,Boston,MA,2108,42.357681,-71.05967800000002,True,Back Bay/Beacon Hill,atm machine operations
2961,2014-07-30 00:00:00,,2018-07-30 00:00:00,BLACKBIRD TECHNOLOGIES,TECHNOLOGY TRANSACTIONS,1 Boston PL,Boston,MA,2108,42.358537,-71.058381,False,Back Bay/Beacon Hill,technology transactions
2962,2014-10-15 00:00:00,,2018-10-15 00:00:00,BLACKBIRD TECHNOLOGIES,WITHDRAWAL 7/30/2014,1 Boston PL,Boston,MA,2108,42.358537,-71.058381,False,Back Bay/Beacon Hill,withdrawal 7/30/2014
2963,2018-08-03 13:36:00,,2022-08-03 12:05:00,Blake & Associates,Law Office,45 School ST,Boston,MA,2108,42.358038,-71.05938800000001,False,Back Bay/Beacon Hill,law office
2964,2019-02-04 13:17:00,,2023-02-04 12:59:00,Blake Law,Law Firm,45 School ST,Boston,MA,2108,42.358038,-71.05938800000001,False,Back Bay/Beacon Hill,law firm
2965,2022-01-19 15:15:00,1/21/26 15:41,2030-01-21 15:29:00,Blanket Insurance,Insurance Agency,44 School ST,Boston,MA,2108,42.357681,-71.05967800000002,True,Back Bay/Beacon Hill,insurance agency
2966,2024-02-23 14:36:00,,2028-02-23 10:52:00,Blueconnects,Telecom,44 School ST,Boston,MA,2108,42.357681,-71.05967800000002,True,Back Bay/Beacon Hill,telecom
2967,2024-08-13 09:30:00,,2028-08-13 09:28:00,Bluedot Living,Magazine & Online Publishing,44 School ST,Boston,MA,2108,42.357681,-71.05967800000002,True,Back Bay/Beacon Hill,magazine & online publishing
2968,2025-11-12 15:37:00,,2029-11-12 15:31:00,Blueprint Money Lab,Financial Services/Education Planning,93 Beacon ST,Boston,MA,2108,42.355812,-71.07241599999998,True,Back Bay/Beacon Hill,financial services/education planning
2969,2025-09-22 17:25:00,,2029-09-22 14:46:00,BluPrint Home Loans,mortgage lending,45 School ST,Boston,MA,2108,42.358038,-71.05938800000001,True,Back Bay/Beacon Hill,mortgage lending
2970,2016-05-20 00:00:00,3/23/26 16:41,2030-03-23 16:23:00,BODYWAVES THERAPEUTIC MASSAGE,MASSAGE THERAPY,145 Hanover ST,Boston,MA,2108,42.361731,-71.05702300000002,True,Back Bay/Beacon Hill,massage therapy
2971,2014-03-04 00:00:00,2/26/26 12:44,2030-02-26 12:42:00,BOGAN ASSOCIATES,FINANCIAL SERVICES,95 Chestnut ST,Boston,MA,2108,42.35675,-71.07193999999998,True,Back Bay/Beacon Hill,financial services
2972,2023-12-29 11:46:00,,2027-12-29 11:45:00,Bold Skin Babe,Aesthetic Services,8 City Hall AV,Boston,MA,2108,-30.305106704525198,153.12020431624603,True,Back Bay/Beacon Hill,aesthetic services
2973,2021-03-18 15:29:00,4/14/25 15:47,2029-04-14 14:24:00,bolt access,Insurance Agency,45 School ST,Boston,MA,2108,42.358038,-71.05938800000001,True,Back Bay/Beacon Hill,insurance agency
2974,2021-03-18 15:28:00,4/15/25 16:34,2029-04-15 16:34:00,bolt agency,Insurance Agency,45 School ST,Boston,MA,2108,42.358038,-71.05938800000001,True,Back Bay/Beacon Hill,insurance agency
2975,2025-10-29 15:42:00,,2029-10-29 15:41:00,BOMBAY POP,Non-Alcoholic Beverages (Carbonated Soft Drinks),44 School ST,Boston,MA,2108,42.357681,-71.05967800000002,True,Back Bay/Beacon Hill,non-alcoholic beverages (carbonated soft drinks)
2976,2020-11-06 11:39:00,1/11/25 9:43,2029-01-08 09:43:00,Bon Appetit Creperie,farmers market vendors,100 Hanover ST,Boston,MA,2108,42.362123,-71.05754000000002,True,Back Bay/Beacon Hill,farmers market vendors
2977,2024-01-11 15:55:00,,2028-01-11 15:54:00,Boost Journeys,Travel & Lifestyle Consulting,35 Beacon ST,Boston,MA,2108,42.357274,-71.065383,True,Back Bay/Beacon Hill,travel & lifestyle consulting
2978,2024-06-05 11:44:00,,2028-06-05 11:40:00,Bosque Investigations,Private Investigator,55 Union ST,Boston,MA,2108,42.361607,-71.05713700000001,True,Back Bay/Beacon Hill,private investigator
2979,2014-12-16 00:00:00,2/16/23 12:35,2027-02-16 12:32:00,BOSTON ATHENAEUM,NONPROFIT,8 Beacon ST,Boston,MA,2108,42.358134,-71.06177600000001,True,Back Bay/Beacon Hill,nonprofit
2980,2023-06-15 14:36:00,,2027-06-15 14:34:00,BOSTON B LEAGUE,Recreation Sports & Leisure League,24 School ST,Boston,MA,2108,42.357337,-71.05895299999997,True,Back Bay/Beacon Hill,recreation sports & leisure league
2981,2018-02-08 15:06:00,,2022-02-08 15:04:00,Boston Beauty Bar,Beauty Salon,333 Washington ST,Boston,MA,2108,42.356857,-71.05908,False,Back Bay/Beacon Hill,beauty salon
2982,2019-08-16 16:04:00,,2023-08-16 16:02:00,Boston Beer Alley,Liquor Store,100 Hanover ST,Boston,MA,2108,42.362123,-71.05754000000002,False,Back Bay/Beacon Hill,liquor store
2983,2017-05-15 09:44:00,3/1/22 10:08,2026-03-01 10:07:00,Boston Beer League,Softball League,24 School ST,Boston,MA,2108,42.357337,-71.05895299999997,False,Back Bay/Beacon Hill,softball league
2984,2017-01-04 12:34:00,2/13/26 12:12,2030-02-13 12:10:00,Boston Bijoux,Jewelry,333 Washington ST,Boston,MA,2108,42.356857,-71.05908,True,Back Bay/Beacon Hill,jewelry
2985,2019-01-17 10:37:00,,2023-01-17 10:35:00,Boston Buyer's,Jewelry,333 Washington ST,Boston,MA,2108,42.356857,-71.05908,False,Back Bay/Beacon Hill,jewelry
2986,2018-05-10 14:52:00,3/11/26 11:02,2030-03-11 11:01:00,Boston Diamonds Studio,Jewelry Retail and Manufacture,333 Washington ST,Boston,MA,2108,42.356857,-71.05908,True,Back Bay/Beacon Hill,jewelry retail and manufacture
2987,2017-08-10 14:39:00,6/12/25 12:11,2029-06-12 12:08:00,Boston Estate Buyers,Jewelry,333 Washington ST,Boston,MA,2108,42.356857,-71.05908,True,Back Bay/Beacon Hill,jewelry
2988,2018-06-04 13:11:00,3/11/26 10:10,2030-03-11 10:07:00,Boston Fast Fix Jewelry Repair,Jewelry Repair,333 Washington ST,Boston,MA,2108,42.356857,-71.05908,True,Back Bay/Beacon Hill,jewelry repair
2989,2016-03-02 00:00:00,1/23/24 12:07,2028-01-23 12:06:00,BOSTON HARBOR ACUPUNCTURE,ACUPUNCTURE,333 Washington ST,Boston,MA,2108,42.356857,-71.05908,True,Back Bay/Beacon Hill,acupuncture
2990,2020-04-24 13:06:00,,2024-04-24 13:03:00,Boston International Film Festival,Film exhibition,9 Hamilton PL,Boston,MA,2108,42.356296,-71.06144899999998,False,Back Bay/Beacon Hill,film exhibition
2991,2014-09-09 00:00:00,10/15/18 9:52,2022-10-15 09:52:00,BOSTON INVESTMENT & DEVELOPEMENT,REAL ESTATE DEVELOPMENT,84 Mount Vernon ST,Boston,MA,2108,42.357909,-71.06830200000002,False,Back Bay/Beacon Hill,real estate development
2992,2013-11-26 00:00:00,10/24/25 11:43,2029-10-24 11:41:00,BOSTON JEWELERY & LOAN,PAWN BROKER,53 Bromfield ST,Boston,MA,2108,42.35702,-71.06069000000002,True,Back Bay/Beacon Hill,pawn broker
2993,2015-06-23 00:00:00,4/22/24 12:08,2028-04-22 12:05:00,BOSTON JEWELS,JEWELRY STORE,23 School ST,Boston,MA,2108,42.357717,-71.05896100000001,True,Back Bay/Beacon Hill,jewelry store
2994,2018-03-06 11:10:00,,2022-03-06 11:08:00,Boston Massage Therapeutics,Massage Therapy,15 Court SQ,Boston,MA,2108,42.358242,-71.05865900000003,False,Back Bay/Beacon Hill,massage therapy
2995,2021-02-02 10:02:00,,2025-02-02 10:01:00,Boston Medal of Honor Convention,Social Services Non-Profit,17 Court ST,Boston,MA,2108,42.359042,-71.05839200000003,False,Back Bay/Beacon Hill,social services non-profit
2996,2014-12-03 00:00:00,9/15/22 8:20,2026-09-15 08:13:00,BOSTON NEWS CAFE,NEWSSTAND CAFE,28 State ST,Boston,MA,2108,42.359002,-71.05755299999998,True,Back Bay/Beacon Hill,newsstand cafe
2997,2020-07-24 13:33:00,10/1/24 13:10,2028-10-01 12:19:00,Boston Partners,Investment Advisory,1 Beacon ST,Boston,MA,2108,42.358449,-71.060833,True,Back Bay/Beacon Hill,investment advisory
2998,2016-08-31 10:31:00,,,Boston Partners,Investment Advisory,1 Beacon ST,Boston,MA,2108,42.358449,-71.060833,False,Back Bay/Beacon Hill,investment advisory
2999,2016-08-31 10:31:00,,,Boston Partners,Investment Advisory,1 Beacon ST,Boston,MA,2108,42.358449,-71.060833,False,Back Bay/Beacon Hill,investment advisory
3000,2015-08-03 00:00:00,,2019-08-03 00:00:00,BOSTON PLATINUM,WITHDRAWAL (1/17/12),333 Washington ST,Boston,MA,2108,42.356857,-71.05908,False,Back Bay/Beacon Hill,withdrawal (1/17/12)
3001,2022-08-08 11:28:00,,2026-08-08 11:26:00,Boston Precious Jewelry,Retail Jewelry,35 Winter ST,Boston,MA,2108,42.356046,-71.06159200000002,True,Back Bay/Beacon Hill,retail jewelry
3002,2016-06-21 16:05:00,7/30/24 14:47,2028-07-30 14:44:00,Boston Ring And Gem,Jewlry Retail,333 Washington ST,Boston,MA,2108,42.356857,-71.05908,True,Back Bay/Beacon Hill,jewlry retail
3003,2013-10-03 00:00:00,9/2/25 16:38,2029-09-02 14:04:00,BOSTON STONE GIFT SHOP,SOUVENIR SHOP,9 Marshall ST,Boston,MA,2108,42.36173,-71.05684300000001,True,Back Bay/Beacon Hill,souvenir shop
3004,2024-07-22 16:07:00,,2028-07-22 16:06:00,Boston Time Pieces,Jewelry Store,399 Washington ST,Boston,MA,2108,42.356019,-71.06009399999999,True,Back Bay/Beacon Hill,jewelry store
3005,2024-05-02 14:59:00,,2028-05-02 10:42:00,BOSTON UNIVERSITY INTERNAL MEDICINE ASSOCIATES,HEALTHCARE,1 Boston PL,Boston,MA,2108,42.358537,-71.058381,True,Back Bay/Beacon Hill,healthcare
3006,2026-01-27 14:30:00,,2030-01-27 14:30:00,Boston Village,Aging Services,11 Beacon ST,Boston,MA,2108,42.358382,-71.06162499999999,True,Back Bay/Beacon Hill,aging services
3007,2025-07-03 12:05:00,,2029-07-03 12:02:00,BOSTON WATCH CLOCK REPAIR,Watch Repair,333 Washington ST,Boston,MA,2108,42.356857,-71.05908,True,Back Bay/Beacon Hill,watch repair
3008,2015-09-15 00:00:00,8/30/23 12:33,2027-08-30 11:03:00,BOSTONIAN TAILORING,TAILOR,34 Province ST,Boston,MA,2108,42.356997,-71.05981099999997,True,Back Bay/Beacon Hill,tailor
3009,2021-10-28 10:35:00,11/24/25 14:43,2029-11-24 14:39:00,BOSTONSPEAKS,Public Speaking Coaching Services,1 Washington Mall,Boston,MA,2108,42.359466,-71.05834099999998,True,Back Bay/Beacon Hill,public speaking coaching services
3010,2022-01-03 14:30:00,,2026-01-03 14:28:00,BOUVIER JEWELERS-BOSTON,Jeweler,333 Washington ST,Boston,MA,2108,42.356857,-71.05908,False,Back Bay/Beacon Hill,jeweler
3011,2014-08-11 00:00:00,9/23/22 12:07,2026-09-23 11:23:00,BOVE & LANGA,LAW FIRM,10 Tremont ST,Boston,MA,2108,42.358822,-71.059575,True,Back Bay/Beacon Hill,law firm
3012,2020-11-24 13:31:00,12/11/24 13:59,2028-12-11 11:29:00,BOX HOME LOANS,MORTGAGE LENDING,44 School ST,Boston,MA,2108,42.357681,-71.05967800000002,True,Back Bay/Beacon Hill,mortgage lending
3013,2016-03-11 00:00:00,3/30/23 13:26,2027-03-30 13:24:00,BOXAROO,AMUSEMENT,55 Court ST,Boston,MA,2108,42.359282,-71.05910599999999,True,Back Bay/Beacon Hill,amusement
3014,2015-09-24 00:00:00,10/25/23 9:05,2027-10-25 09:04:00,BRAD KEIMACH ENGRAVING CO,WHOLESALE ENGRAVING,333 Washington ST,Boston,MA,2108,42.356857,-71.05908,True,Back Bay/Beacon Hill,wholesale engraving
3015,2020-07-23 14:57:00,7/30/24 14:47,2028-07-30 14:45:00,BRAG,Jewlery,333 Washington ST,Boston,MA,2108,42.356857,-71.05908,True,Back Bay/Beacon Hill,jewlery
3016,2019-03-01 10:52:00,,2023-03-01 10:50:00,Breeze Home Loans,Mortage Broker,44 School ST,Boston,MA,2108,42.357681,-71.05967800000002,False,Back Bay/Beacon Hill,mortage broker
3017,2020-01-13 14:03:00,,2024-01-13 12:42:00,Breeze Insurance,Insurance Agency Sales,44 School ST,Boston,MA,2108,42.357681,-71.05967800000002,False,Back Bay/Beacon Hill,insurance agency sales
3018,2019-03-20 09:56:00,,2023-03-20 09:55:00,Brewster Stratgic Advisory,Consulting,122 Bowdoin ST,Boston,MA,2108,42.358893,-71.06277599999999,False,Back Bay/Beacon Hill,consulting
3019,2019-11-13 14:51:00,,2023-11-13 13:52:00,Bright Horizons Family Solutions @ Beacon Hill,Child Care Services,100 Cambridge ST,Boston,MA,2108,42.360981,-71.06262400000003,False,Back Bay/Beacon Hill,child care services
3020,2018-07-12 13:24:00,,2022-07-12 13:23:00,BRILL-CSM,Manufactured Bakery Goods,44 School ST,Boston,MA,2108,42.357681,-71.05967800000002,False,Back Bay/Beacon Hill,manufactured bakery goods
3021,2019-08-30 10:39:00,8/4/23 10:52,2027-08-04 10:51:00,Bromfield Estate & Jewerly Buyers,Jewerly Buyers,53 Bromfield ST,Boston,MA,2108,42.35702,-71.06069000000002,True,Back Bay/Beacon Hill,jewerly buyers
3022,2015-03-24 00:00:00,,2019-03-23 00:00:00,BROMFIELD NAILS,NAILS SALON,23 Bromfield ST,Boston,MA,2108,42.356747,-71.06001100000003,False,Back Bay/Beacon Hill,nails salon
3023,2015-12-30 00:00:00,,2019-12-30 00:00:00,BROMFIELD NAILS,WITHDRAWAL (3/24/15),23 Bromfield ST,Boston,MA,2108,42.356747,-71.06001100000003,False,Back Bay/Beacon Hill,withdrawal (3/24/15)
3024,2015-12-30 00:00:00,4/8/24 15:05,2028-04-08 15:04:00,BROMFIELD NAILS,NAIL SALON,23 Bromfield ST,Boston,MA,2108,42.356747,-71.06001100000003,True,Back Bay/Beacon Hill,nail salon
3025,2016-05-11 00:00:00,,2020-05-11 00:00:00,BROOKE MICHELE DESIGN,WITHDRAWAL 4/20/2016,333 Washington ST,Boston,MA,2108,42.356857,-71.05908,False,Back Bay/Beacon Hill,withdrawal 4/20/2016
3026,2014-08-25 00:00:00,8/25/22 12:26,2026-08-25 10:41:00,BRUEGGER'S BAGEL,BAKERY,7 School ST,Boston,MA,2108,42.357544,-71.05857600000002,True,Back Bay/Beacon Hill,bakery
3027,2024-04-09 16:20:00,,2028-04-09 16:17:00,BTWI,Registered Investment Advisor,1 Beacon ST,Boston,MA,2108,42.358449,-71.060833,True,Back Bay/Beacon Hill,registered investment advisor
3028,2019-01-23 15:51:00,2/14/23 15:23,2027-02-14 12:38:00,Buchanan & Associates,Government Relations Law Firm,100 Cambridge ST,Boston,MA,2108,42.360981,-71.06262400000003,True,Back Bay/Beacon Hill,government relations law firm
3029,2022-09-01 13:55:00,,2026-09-01 13:09:00,BWA Massachusetts,Architecture Firm,44 School ST,Boston,MA,2108,42.357681,-71.05967800000002,True,Back Bay/Beacon Hill,architecture firm
3030,2025-03-27 13:47:00,,2029-03-27 13:45:00,Cadex Receivables Control,Debt Collections,45 School ST,Boston,MA,2108,42.358038,-71.05938800000001,True,Back Bay/Beacon Hill,debt collections
3031,2025-08-08 10:04:00,,2029-08-08 10:02:00,Candescent,Offering digital banking products,45 School ST,Boston,MA,2108,42.358038,-71.05938800000001,True,Back Bay/Beacon Hill,offering digital banking products
3032,2022-10-06 14:38:00,,2026-10-06 10:17:00,CAPITAL DIRECT MORTGAGE SERVICES,MORTGAGE LENDER,45 School ST,Boston,MA,2108,42.358038,-71.05938800000001,True,Back Bay/Beacon Hill,mortgage lender
3033,2015-10-28 00:00:00,12/31/19 12:26,2023-12-31 10:59:00,CAPITAL ONE 360 CAFE,FINANCIAL INSTITUTION,129 Tremont ST,Boston,MA,2108,42.356282,-71.06199400000003,False,Back Bay/Beacon Hill,financial institution
3034,2013-09-27 00:00:00,8/19/25 16:45,2029-08-19 16:44:00,CAPITOL COFFEE HOUSE,BREAKFAST 81 LUNCH,122 Bowdoin ST,Boston,MA,2108,42.358893,-71.06277599999999,True,Back Bay/Beacon Hill,breakfast 81 lunch
3035,2015-02-19 00:00:00,2/4/19 11:46,2023-02-04 11:44:00,CARAT CONCIERGE,Fine Jewelry Store,333 Washington ST,Boston,MA,2108,42.356857,-71.05908,False,Back Bay/Beacon Hill,fine jewelry store
3036,2017-04-28 15:43:00,11/1/22 14:41,2026-11-01 14:33:00,Carrie Nation,Restaurant,11 Beacon ST,Boston,MA,2108,42.358382,-71.06162499999999,True,Back Bay/Beacon Hill,restaurant
3037,2020-12-18 14:10:00,,2024-12-18 13:10:00,Casana,health technology,44 School ST,Boston,MA,2108,42.357681,-71.05967800000002,False,Back Bay/Beacon Hill,health technology
3038,2022-08-31 15:12:00,,2026-08-31 15:10:00,CCA Health Massachusetts,Insurance,30 Winter ST,Boston,MA,2108,42.35573,-71.06158900000003,True,Back Bay/Beacon Hill,insurance
3039,2018-05-11 14:06:00,4/29/22 12:26,2026-04-29 11:48:00,Certified AL Company,Auto Leasing,44 School ST,Boston,MA,2108,42.357681,-71.05967800000002,True,Back Bay/Beacon Hill,auto leasing
3040,2018-05-10 11:37:00,4/29/22 12:25,2026-04-29 11:41:00,Certified Automotive Lease,Auto Leasing,44 School ST,Boston,MA,2108,42.357681,-71.05967800000002,True,Back Bay/Beacon Hill,auto leasing
3041,2025-06-05 11:29:00,,2029-06-05 11:28:00,Chakra Free Radio,Media,333 Washington ST,Boston,MA,2108,42.356857,-71.05908,True,Back Bay/Beacon Hill,media
3042,2015-07-06 00:00:00,9/25/19 12:22,2023-09-25 11:48:00,CHAMPS #14100,RETAIL ATHLETIC FOOTWEAR,425 Washington ST,Boston,MA,2108,42.355722,-71.06053800000001,False,Back Bay/Beacon Hill,retail athletic footwear
3043,2022-04-21 14:08:00,,2026-04-21 14:05:00,ChangeFi,Finance and Lending,44 School ST,Boston,MA,2108,42.357681,-71.05967800000002,True,Back Bay/Beacon Hill,finance and lending
3044,2025-01-29 15:12:00,,2029-01-29 15:10:00,Charles River Careers,Career Coaching,40 Court ST,Boston,MA,2108,42.358932,-71.05927700000001,True,Back Bay/Beacon Hill,career coaching
3045,2015-10-30 00:00:00,9/21/23 14:14,2027-09-21 11:27:00,CHARLES STREET SUPPLY CO,HARDWARE STORE,54 Charles ST,Boston,MA,2108,42.357432,-71.070313,True,Back Bay/Beacon Hill,hardware store
3046,2014-02-10 00:00:00,1/10/22 13:58,2026-01-10 13:57:00,CHARLEY'S PHILLY STEAKS,RESTAURANT,417 Washington ST,Boston,MA,2108,42.355796,-71.06034799999998,False,Back Bay/Beacon Hill,restaurant
3047,2017-05-05 16:36:00,5/12/25 17:00,2029-05-12 12:31:00,Cheers,Restaurant/Pub,84 Beacon ST,Boston,MA,2108,42.356042,-71.07123999999999,True,Back Bay/Beacon Hill,restaurant/pub
3048,2017-04-07 13:48:00,4/7/25 15:05,2029-04-07 11:57:00,Chesterfield Insurance,Insurance Agency,45 School ST,Boston,MA,2108,42.358038,-71.05938800000001,True,Back Bay/Beacon Hill,insurance agency
3049,2022-08-01 09:45:00,,2026-08-01 09:29:00,Choice Financial Group,Insurance Agency,44 School ST,Boston,MA,2108,42.357681,-71.05967800000002,True,Back Bay/Beacon Hill,insurance agency
3050,2022-08-01 09:45:00,,2026-08-01 09:36:00,Choice Insurance Agency,Insurance Agency,44 School ST,Boston,MA,2108,42.357681,-71.05967800000002,True,Back Bay/Beacon Hill,insurance agency
3051,2022-09-09 12:54:00,,2026-09-09 11:13:00,Choice Mortgage Group,Mortgage Lending Brokering,44 School ST,Boston,MA,2108,42.357681,-71.05967800000002,True,Back Bay/Beacon Hill,mortgage lending brokering
3052,2023-10-25 13:41:00,,2027-10-25 12:22:00,ChosenWireless,Telecommunications,44 School ST,Boston,MA,2108,42.357681,-71.05967800000002,True,Back Bay/Beacon Hill,telecommunications
3053,2019-02-13 13:06:00,,2023-02-13 11:47:00,Christine's Fine Art Auctioneers,Auction Fine Art,44 School ST,Boston,MA,2108,42.357681,-71.05967800000002,False,Back Bay/Beacon Hill,auction fine art
3054,2023-02-01 14:44:00,,2027-02-01 14:38:00,"CHRISTOPHER A. IANNELLA JR, ESQ",Attorney,55 Court ST,Boston,MA,2108,42.359282,-71.05910599999999,True,Back Bay/Beacon Hill,attorney
3055,2025-07-28 14:59:00,,2029-07-28 14:52:00,Churchill Management Group,Financial Services,201 Washington ST,Boston,MA,2108,42.358527,-71.058153,True,Back Bay/Beacon Hill,financial services
3056,2025-07-28 15:00:00,,2029-07-28 14:50:00,Churchill Management Group at Focus Partners Wealth,Financial Services,201 Washington ST,Boston,MA,2108,42.358527,-71.058153,True,Back Bay/Beacon Hill,financial services
3057,2025-11-18 09:34:00,,2029-11-18 09:33:00,Cici Nail & Lashes Spa,Spa,17 Winter ST,Boston,MA,2108,42.355864,-71.061215,True,Back Bay/Beacon Hill,spa
3058,2024-03-26 10:18:00,,2028-03-26 10:14:00,Cindy's Corner,Coffee Shop,1 Ashburton PL,Boston,MA,2108,42.359384,-71.06232499999999,True,Back Bay/Beacon Hill,coffee shop
3059,2014-07-08 00:00:00,6/3/22 11:37,2026-06-03 11:33:00,CITADEL GROUP,ADMINISTRATIVE AND OPERATIONAL,28 State ST,Boston,MA,2108,42.359002,-71.05755299999998,True,Back Bay/Beacon Hill,administrative and operational
3060,2018-06-05 11:55:00,,2022-06-05 11:52:00,CITADEL GROUP,ADMIN AND OPERATIONAL SERVICES,28 State ST,Boston,MA,2108,42.359002,-71.05755299999998,False,Back Bay/Beacon Hill,admin and operational services
3061,2019-10-02 12:00:00,,2023-10-02 12:00:00,Citidental Boston,Dental Office,63 Court ST,Boston,MA,2108,42.359392,-71.059192,False,Back Bay/Beacon Hill,dental office
3062,2024-02-27 15:21:00,,2028-02-27 15:08:00,City Wine Spirits & Smoke Shop,Liquor Store,40 Winter ST,Boston,MA,2108,42.355923,-71.06171699999999,True,Back Bay/Beacon Hill,liquor store
3063,2018-08-21 10:22:00,,2022-08-21 10:21:00,Civic Financial,Financial Services,1 Beacon ST,Boston,MA,2108,42.358449,-71.060833,False,Back Bay/Beacon Hill,financial services
3064,2022-06-01 14:14:00,,2026-06-01 14:10:00,Clair,Social Fintech,44 School ST,Boston,MA,2108,42.357681,-71.05967800000002,True,Back Bay/Beacon Hill,social fintech
3065,2020-03-04 12:41:00,,2024-03-04 12:40:00,Clarfeld Citizens Private Wealth,Registered Investment Advisor,28 State ST,Boston,MA,2108,42.359002,-71.05755299999998,False,Back Bay/Beacon Hill,registered investment advisor
3066,2024-09-16 10:24:00,,2028-09-16 10:20:00,Clasp,financial services,24 School ST,Boston,MA,2108,42.357337,-71.05895299999997,True,Back Bay/Beacon Hill,financial services
3067,2023-12-08 11:16:00,12/8/23 13:42,2027-12-08 11:19:00,ClassWallet,Licensing of a proprietary financial Technology.,1 Beacon ST,Boston,MA,2108,42.358449,-71.060833,True,Back Bay/Beacon Hill,licensing of a proprietary financial technology.
3068,2021-07-20 14:08:00,,2025-07-20 14:07:00,Clay Technologies,Technology,44 School ST,Boston,MA,2108,42.357681,-71.05967800000002,False,Back Bay/Beacon Hill,technology
3069,2023-11-16 12:51:00,,2027-11-16 12:47:00,Clean Air USA,Duct Cleaning/HVAC,44 School ST,Boston,MA,2108,42.357681,-71.05967800000002,True,Back Bay/Beacon Hill,duct cleaning/hvac
3070,2020-02-06 13:44:00,,2024-02-06 11:50:00,Clean Sky Energy,Retail natural gas and electricity,44 School ST,Boston,MA,2108,42.357681,-71.05967800000002,False,Back Bay/Beacon Hill,retail natural gas and electricity
3071,2026-02-19 15:53:00,,2030-02-19 13:47:00,Cleanest Restaurant Group,Restaurant Cleaning,44 School ST,Boston,MA,2108,42.357681,-71.05967800000002,True,Back Bay/Beacon Hill,restaurant cleaning
3072,2020-02-06 13:46:00,1/31/24 11:22,2028-01-31 10:59:00,CleanSky Energy,Retail natural gas and electricity,44 School ST,Boston,MA,2108,42.357681,-71.05967800000002,True,Back Bay/Beacon Hill,retail natural gas and electricity
3073,2023-07-05 12:18:00,,2027-07-05 12:09:00,Cliffco Mortgage Bankers,Mortgage Lending,44 School ST,Boston,MA,2108,42.357681,-71.05967800000002,True,Back Bay/Beacon Hill,mortgage lending
3074,2021-08-13 13:02:00,8/7/25 14:56,2029-08-07 12:54:00,Clippinger Employment Law,law office,1 Boston PL,Boston,MA,2108,42.358537,-71.058381,True,Back Bay/Beacon Hill,law office
3075,2023-06-02 13:03:00,,2027-06-02 12:43:00,Clockworks Analytics,Software,45 School ST,Boston,MA,2108,42.358038,-71.05938800000001,True,Back Bay/Beacon Hill,software
3076,2023-07-05 12:18:00,,2027-07-05 12:14:00,Clout WMB,Mortgage Lending,44 School ST,Boston,MA,2108,42.357681,-71.05967800000002,True,Back Bay/Beacon Hill,mortgage lending
3077,2020-07-17 14:45:00,,2024-07-17 12:36:00,Club Cellular,Resold Telecommunications,45 School ST,Boston,MA,2108,42.358038,-71.05938800000001,False,Back Bay/Beacon Hill,resold telecommunications
3078,2017-07-11 10:41:00,8/22/25 14:54,2029-08-22 14:53:00,Cluttermanager.com,Professional Organizing,20 City Hall AV,Boston,MA,2108,1.292431838254816,103.85316573888372,True,Back Bay/Beacon Hill,professional organizing
3079,2024-08-20 10:52:00,,2028-08-20 10:50:00,CM Law,Law Firm,44 School ST,Boston,MA,2108,42.357681,-71.05967800000002,True,Back Bay/Beacon Hill,law firm
3080,2020-08-10 14:44:00,8/22/24 16:57,2028-08-22 16:53:00,Cobu,Software Company,55 Court ST,Boston,MA,2108,42.359282,-71.05910599999999,True,Back Bay/Beacon Hill,software company
3081,2026-02-05 12:20:00,,2030-02-05 12:19:00,Cocobeet,Food Retail,100 City Hall PZ,Boston,MA,2108,42.359491,-71.05900500000001,True,Back Bay/Beacon Hill,food retail
3082,2020-02-11 13:33:00,,2024-02-11 13:17:00,Coldwell Banker Commercial Realty,Real Estate Brokerage,66 Beacon ST,Boston,MA,2108,42.3564,-71.06925999999999,False,Back Bay/Beacon Hill,real estate brokerage
3083,2020-01-08 15:02:00,,2024-01-08 13:37:00,Coldwell Banker NRT,Real Estate Brokerage,66 Beacon ST,Boston,MA,2108,42.3564,-71.06925999999999,False,Back Bay/Beacon Hill,real estate brokerage
3084,2025-08-29 13:38:00,,2029-08-29 13:09:00,Collegiate Mobile,wireless communications services,44 School ST,Boston,MA,2108,42.357681,-71.05967800000002,True,Back Bay/Beacon Hill,wireless communications services
3085,2020-04-27 11:11:00,,2024-04-27 10:56:00,ComeHome,Real Estate Data Anaytics,44 School ST,Boston,MA,2108,42.357681,-71.05967800000002,False,Back Bay/Beacon Hill,real estate data anaytics
3086,2015-08-20 00:00:00,9/25/23 9:31,2027-09-25 09:21:00,COMMONWEALTH CARE ALLIANCE,HEALTH SERVICES,30 Winter ST,Boston,MA,2108,42.35573,-71.06158900000003,True,Back Bay/Beacon Hill,health services
3087,2017-11-30 14:49:00,11/19/25 12:55,2029-11-19 12:53:00,COMMONWEALTH CHILDREN'S CENTER,CHILD CARE CENTER,1 Ashburton PL,Boston,MA,2108,42.359384,-71.06232499999999,True,Back Bay/Beacon Hill,child care center
3088,2023-04-07 11:54:00,,2027-04-07 11:52:00,Compass Tours,Tours,1 Washington MA,Boston,MA,2108,42.359466,-71.05834099999998,True,Back Bay/Beacon Hill,tours
3089,2018-05-02 12:05:00,6/15/22 15:19,2026-06-15 12:33:00,Concept2 Rowing,Sales Of Products,44 School ST,Boston,MA,2108,42.357681,-71.05967800000002,True,Back Bay/Beacon Hill,sales of products
3090,2023-05-05 14:41:00,,2027-05-05 14:38:00,Concora,Property Management,44 School ST,Boston,MA,2108,42.357681,-71.05967800000002,True,Back Bay/Beacon Hill,property management
3091,2025-02-27 16:28:00,,2029-02-27 13:59:00,Congruity Benefits Solutions,Insurance Agency,45 School ST,Boston,MA,2108,42.358038,-71.05938800000001,True,Back Bay/Beacon Hill,insurance agency
3092,2020-07-10 15:02:00,,2024-07-10 12:46:00,Connect Webbe Services,Cleaning & Maintenance,1 Washington MA,Boston,MA,2108,42.359466,-71.05834099999998,False,Back Bay/Beacon Hill,cleaning & maintenance
3093,2023-07-21 13:22:00,,2027-07-21 13:19:00,Connected Communities,Property Management,1 Washington Mall,Boston,MA,2108,42.359466,-71.05834099999998,True,Back Bay/Beacon Hill,property management
3094,2021-12-06 12:36:00,12/23/25 15:40,2029-12-23 15:22:00,ConsumerAffairs,Lead Generator,44 School ST,Boston,MA,2108,42.357681,-71.05967800000002,True,Back Bay/Beacon Hill,lead generator
3095,2023-07-18 09:36:00,,2027-07-18 09:31:00,Converge Insurance Service Solutions,General Underwriter,44 School ST,Boston,MA,2108,42.357681,-71.05967800000002,True,Back Bay/Beacon Hill,general underwriter
3096,2020-04-21 13:05:00,4/1/24 14:44,2028-04-01 13:00:00,Coors Brewing Company,Manufacture And Sale OF Beverage Products,44 School ST,Boston,MA,2108,42.357681,-71.05967800000002,True,Back Bay/Beacon Hill,manufacture and sale of beverage products
3097,2019-12-10 12:13:00,,2023-12-10 12:08:00,COR ADVANTAGE,SOFTWARE,45 School ST,Boston,MA,2108,42.358038,-71.05938800000001,False,Back Bay/Beacon Hill,software
3098,2017-10-20 15:39:00,10/30/25 16:01,2029-10-30 12:57:00,Corporate Traveler,Travcel Agency,41 Winter ST,Boston,MA,2108,42.356085,-71.06167600000003,True,Back Bay/Beacon Hill,travcel agency
3099,2016-03-11 00:00:00,3/4/24 17:26,2028-03-04 12:14:00,COURT SQUARE CHIROPRACTIC,CHIROPRACTIC OFFICE,15 Court SQ,Boston,MA,2108,42.358242,-71.05865900000003,True,Back Bay/Beacon Hill,chiropractic office
3100,2022-02-09 12:17:00,,2026-02-09 12:07:00,COVERPONY INSURANCE SERVICES,INSURANCE PRODUCER,45 School ST,Boston,MA,2108,42.358038,-71.05938800000001,False,Back Bay/Beacon Hill,insurance producer
3101,2025-03-27 13:47:00,,2029-03-27 13:43:00,CRC,Debt Collections,45 School ST,Boston,MA,2108,42.358038,-71.05938800000001,True,Back Bay/Beacon Hill,debt collections
3102,2022-04-12 12:40:00,,2026-04-12 12:05:00,Credit&Debt,Marketing and education related to finances,44 School ST,Boston,MA,2108,42.357681,-71.05967800000002,False,Back Bay/Beacon Hill,marketing and education related to finances
3103,2024-08-05 12:42:00,,2028-08-05 12:39:00,CreditNinja,Consumer Financial Services,44 School ST,Boston,MA,2108,42.357681,-71.05967800000002,True,Back Bay/Beacon Hill,consumer financial services
3104,2023-12-01 12:34:00,,2027-12-01 11:47:00,Creemore Press,Publishing,1 Boston PL,Boston,MA,2108,42.358537,-71.058381,True,Back Bay/Beacon Hill,publishing
3105,2019-06-13 14:41:00,5/31/23 14:12,2027-05-31 10:55:00,CrossHarbor Senior Debt Income Fund,Commercial Real Estate Loans,1 Boston PL,Boston,MA,2108,42.358537,-71.058381,True,Back Bay/Beacon Hill,commercial real estate loans
3106,2023-11-15 14:49:00,,2027-11-15 14:00:00,CROWN HOME MORTGAGE,MORTGAGE ORIGINATION,44 School ST,Boston,MA,2108,42.357681,-71.05967800000002,True,Back Bay/Beacon Hill,mortgage origination
3107,2022-07-18 15:09:00,,2026-07-18 15:08:00,CRYSTAL ENERGY,RETAIL,53 Bromfield ST,Boston,MA,2108,42.35702,-71.06069000000002,True,Back Bay/Beacon Hill,retail
3108,2013-08-08 00:00:00,8/15/25 9:14,2029-08-15 07:39:00,CVS/PHARMACY #49,RETAIL PHARMACY,333 Washington ST,Boston,MA,2108,42.356857,-71.05908,True,Back Bay/Beacon Hill,retail pharmacy
3109,2024-03-01 09:32:00,,2028-03-01 09:28:00,DANE & HOWE,Legal Services,44 School ST,Boston,MA,2108,42.357681,-71.05967800000002,True,Back Bay/Beacon Hill,legal services
3110,2014-09-08 00:00:00,9/9/22 12:32,2026-09-09 12:30:00,DANIEL ARVESTIAN JEWELERS,JEWELRY MANUFACTORY,333 Washington ST,Boston,MA,2108,42.356857,-71.05908,True,Back Bay/Beacon Hill,jewelry manufactory
3111,2021-07-14 15:54:00,12/8/25 15:45,2029-12-08 13:29:00,DataStream Insurance,insurance agency,44 School ST,Boston,MA,2108,42.357681,-71.05967800000002,True,Back Bay/Beacon Hill,insurance agency
3112,2014-02-07 00:00:00,2/1/22 13:17,2026-02-01 11:49:00,DAVID ABBOTT FISHER,INVESTMENT,33 Branch ST,Boston,MA,2108,42.356922,-71.06820500000003,False,Back Bay/Beacon Hill,investment
3113,2019-08-16 15:12:00,7/14/23 9:19,2027-07-14 09:16:00,Davis Malm,Law Firm,1 Boston PL,Boston,MA,2108,42.358537,-71.058381,True,Back Bay/Beacon Hill,law firm
3114,2021-09-03 13:36:00,8/13/25 10:13,2029-08-13 10:09:00,Defiant Security,Wordpress Security,45 School ST,Boston,MA,2108,42.358038,-71.05938800000001,True,Back Bay/Beacon Hill,wordpress security
3115,2020-11-06 10:31:00,12/17/24 16:22,2028-12-17 15:59:00,Delaney Policy Group,consulting,10H Beacon ST,Boston,MA,2108,42.357754,-71.06233900000001,True,Back Bay/Beacon Hill,consulting
3116,2023-11-16 12:51:00,,2027-11-16 12:49:00,Delta Chimney Sweep,Chimney Services,44 School ST,Boston,MA,2108,42.357681,-71.05967800000002,True,Back Bay/Beacon Hill,chimney services
3117,2022-02-25 16:06:00,2/24/26 10:08,2030-02-24 09:53:00,DeLuca's Market,Retail Grocery & Wine Cellar,11 Charles ST,Boston,MA,2108,42.35657,-71.06934999999999,True,Back Bay/Beacon Hill,retail grocery & wine cellar
3118,2020-07-31 14:09:00,9/16/24 16:20,2028-09-16 11:08:00,DentPro Insurance Agency,Insurance,44 School ST,Boston,MA,2108,42.357681,-71.05967800000002,True,Back Bay/Beacon Hill,insurance
3119,2017-10-05 12:37:00,10/9/25 15:47,2029-10-09 15:36:00,DepositAccounts,Finanical Website,44 School ST,Boston,MA,2108,42.357681,-71.05967800000002,True,Back Bay/Beacon Hill,finanical website
3120,2015-06-15 00:00:00,6/14/19 12:57,2023-06-14 12:49:00,DEPRISCO JEWELERS,RETAIL,333 Washington ST,Boston,MA,2108,42.356857,-71.05908,False,Back Bay/Beacon Hill,retail
3121,2023-12-21 12:38:00,,2027-12-21 12:36:00,DEPRISCO JEWELERS,RETAIL JEWELRY,333 Washington ST,Boston,MA,2108,42.356857,-71.05908,True,Back Bay/Beacon Hill,retail jewelry
3122,2017-05-17 11:40:00,2/3/26 11:57,2030-02-03 11:49:00,Devlin's Restaurant,Restaurant,332 Washington ST,Boston,MA,2108,42.356751,-71.05881099999999,True,Back Bay/Beacon Hill,restaurant
3123,2015-03-09 00:00:00,6/2/23 13:04,2027-06-02 12:03:00,DIAMOND BARR JEWELERS,JEWELRY,333 Washington ST,Boston,MA,2108,42.356857,-71.05908,True,Back Bay/Beacon Hill,jewelry
3124,2023-10-12 13:41:00,,2027-10-12 13:28:00,Dig.,Restaurant,277 Washington ST,Boston,MA,2108,42.357586,-71.058314,True,Back Bay/Beacon Hill,restaurant
3125,2020-12-11 10:23:00,,2024-12-11 10:17:00,DigniFI,consumer lending for the auto industry,44 School ST,Boston,MA,2108,42.357681,-71.05967800000002,False,Back Bay/Beacon Hill,consumer lending for the auto industry
3126,2022-10-31 14:09:00,,2026-10-31 14:07:00,DIVINE WORXS O.N.E./360,ONLINE RETAIL,1 Washington MA,Boston,MA,2108,42.359466,-71.05834099999998,True,Back Bay/Beacon Hill,online retail
3127,2020-01-29 11:55:00,,2024-01-29 11:51:00,Doggo,Direct To Consumer Seller Of Pet Insurance,44 School ST,Boston,MA,2108,42.357681,-71.05967800000002,False,Back Bay/Beacon Hill,direct to consumer seller of pet insurance
3128,2023-02-17 10:43:00,,2027-02-17 10:32:00,DOLEX,money services business,45 School ST,Boston,MA,2108,42.358038,-71.05938800000001,True,Back Bay/Beacon Hill,money services business
3129,2025-01-09 15:36:00,,2029-01-09 15:34:00,Don Johnson,Assistive Software Technology,24 School ST,Boston,MA,2108,42.357337,-71.05895299999997,True,Back Bay/Beacon Hill,assistive software technology
3130,2023-11-01 11:39:00,,2027-11-01 11:38:00,Douglas Chope,Short Term Rental,8 Byron ST,Boston,MA,2108,42.356461,-71.07069200000001,True,Back Bay/Beacon Hill,short term rental
3131,2017-07-10 13:16:00,10/20/22 11:48,2026-10-20 11:43:00,Downtown Acupuncture,Acupuncture,15 Court SQ,Boston,MA,2108,42.358242,-71.05865900000003,True,Back Bay/Beacon Hill,acupuncture
3132,2017-06-16 12:33:00,,2021-06-16 12:33:00,Downtown Dental Center,Dental,333 Washington ST,Boston,MA,2108,42.356857,-71.05908,False,Back Bay/Beacon Hill,dental
3133,2015-02-23 00:00:00,2/16/23 15:22,2027-02-16 10:46:00,DR. ROSANNA C. LAMALVA/EYEBAR BOSTON,EYE CARE,10 City Hall AV,Boston,MA,2108,1.292431838254816,103.85316573888372,True,Back Bay/Beacon Hill,eye care
3134,2021-03-17 13:22:00,,2025-03-17 09:56:00,Drew Water Technologies,Water Treatment License #AL-0038802,44 School ST,Boston,MA,2108,42.357681,-71.05967800000002,False,Back Bay/Beacon Hill,water treatment license #al-0038802
3135,2016-03-18 00:00:00,4/29/24 16:45,2028-04-29 11:15:00,DSW SHOE WAREHOUSE #29120,RETAIL SALES OF SHOES/ACCESSORIES,385 Washington ST,Boston,MA,2108,42.356195,-71.05989,True,Back Bay/Beacon Hill,retail sales of shoes/accessories
3136,2025-11-17 14:49:00,,2029-11-17 14:45:00,Dtwo AI,Saas,44 School ST,Boston,MA,2108,42.357681,-71.05967800000002,True,Back Bay/Beacon Hill,saas
3137,2016-03-02 00:00:00,,2020-03-02 00:00:00,DUESPAYMENT,PAYMENT SERVICE PROVIDER,44 School ST,Boston,MA,2108,42.357681,-71.05967800000002,False,Back Bay/Beacon Hill,payment service provider
3138,2016-04-28 00:00:00,,2020-04-28 00:00:00,DUESPAYMENT,WITHDRAWAL 3/2/2016,44 School ST,Boston,MA,2108,42.357681,-71.05967800000002,False,Back Bay/Beacon Hill,withdrawal 3/2/2016
3139,2014-06-30 00:00:00,1/20/23 16:03,2027-01-20 15:10:00,DUNKIN DONUTS,QUICK SERVICE RETAIL,235 Washington ST,Boston,MA,2108,42.358135,-71.058066,True,Back Bay/Beacon Hill,quick service retail
3140,2014-06-30 00:00:00,1/20/23 16:03,2027-01-20 14:42:00,DUNKIN DONUTS,QUICK SERVICE RETAIL,16 Tremont ST,Boston,MA,2108,42.359022,-71.05956100000003,True,Back Bay/Beacon Hill,quick service retail
3141,2014-06-30 00:00:00,1/20/23 16:03,2027-01-20 15:08:00,DUNKIN DONUTS,QUICK SERVICE RETAIL,417 Washington ST,Boston,MA,2108,42.355796,-71.06034799999998,True,Back Bay/Beacon Hill,quick service retail
3142,2023-01-20 16:03:00,,2027-01-20 13:15:00,Dunkin Donuts,Quick Service Retail,330 Washington ST,Boston,MA,2108,42.356805,-71.05876699999999,True,Back Bay/Beacon Hill,quick service retail
3143,2023-01-20 16:03:00,,2027-01-20 14:47:00,Dunkin Donuts,Quick Service Retail,22 Beacon ST,Boston,MA,2108,42.357775,-71.06282499999998,True,Back Bay/Beacon Hill,quick service retail
3144,2018-04-26 12:39:00,3/6/26 11:01,2030-03-06 10:00:00,Dunkin Donuts,Donut & Coffee Shop,20 North ST,Boston,MA,2108,42.360663,-71.05633499999999,True,Back Bay/Beacon Hill,donut & coffee shop
3145,2023-03-27 13:15:00,,2027-03-27 12:45:00,Durapods,Installation of Pods,44 School ST,Boston,MA,2108,42.357681,-71.05967800000002,True,Back Bay/Beacon Hill,installation of pods
3146,2021-09-17 11:04:00,8/22/25 15:05,2029-08-22 14:57:00,Durty Nelly's,Restaurant/bar,108 Blackstone ST,Boston,MA,2108,42.361693,-71.05657200000002,True,Back Bay/Beacon Hill,restaurant/bar
3147,2022-03-08 11:09:00,2/26/26 12:30,2030-02-26 12:28:00,E Street Screening,Online Retail,100 City Hall PZ,Boston,MA,2108,42.359491,-71.05900500000001,True,Back Bay/Beacon Hill,online retail
3148,2018-04-18 13:19:00,,2022-04-18 12:15:00,E.K McConkey & Co. Insurance Agency,Insurance Agency,44 School ST,Boston,MA,2108,42.357681,-71.05967800000002,False,Back Bay/Beacon Hill,insurance agency
3149,2018-04-05 13:26:00,,2022-04-05 13:24:00,EAG Analytical Services,Analytical Testing/Engineering Consulting,44 School ST,Boston,MA,2108,42.357681,-71.05967800000002,False,Back Bay/Beacon Hill,analytical testing/engineering consulting
3150,2024-01-09 11:21:00,,2028-01-09 11:19:00,EARLEY LAW GROUP INJURY LAWYERS,LAW FIRM,44 School ST,Boston,MA,2108,42.357681,-71.05967800000002,True,Back Bay/Beacon Hill,law firm
3151,2018-05-04 09:35:00,,2022-05-04 09:33:00,EASY BUY,SCRAP & REPAIR JEWELRY,333 Washington ST,Boston,MA,2108,42.356857,-71.05908,False,Back Bay/Beacon Hill,scrap & repair jewelry
3152,2017-02-21 15:34:00,3/4/25 14:58,2029-03-04 14:54:00,EBG,Estate Jewelry,387 Washington ST,Boston,MA,2108,42.356169,-71.05991599999999,True,Back Bay/Beacon Hill,estate jewelry
3153,2019-10-18 13:46:00,,2023-10-18 13:45:00,EdgePark,Short-Term Rental,72 Beacon ST,Boston,MA,2108,42.35619,-71.07021099999997,False,Back Bay/Beacon Hill,short-term rental
3154,2025-04-02 11:55:00,,2029-04-02 11:53:00,EFI-Solutions,Manufacturing,45 School ST,Boston,MA,2108,42.358038,-71.05938800000001,True,Back Bay/Beacon Hill,manufacturing
3155,2024-07-30 11:52:00,,2028-07-30 11:51:00,EGO Convenience,Convenience Store,1 Boston PL,Boston,MA,2108,42.358537,-71.058381,True,Back Bay/Beacon Hill,convenience store
3156,2017-06-12 16:27:00,,,El Coco International,Hair Salon & Spa,24 North ST,Boston,MA,2108,42.360782,-71.05628899999999,False,Back Bay/Beacon Hill,hair salon & spa
3157,2023-06-22 12:04:00,,2027-06-22 10:55:00,Elevate Renewables,energy battery storage facilities,45 School ST,Boston,MA,2108,42.358038,-71.05938800000001,True,Back Bay/Beacon Hill,energy battery storage facilities
3158,2025-01-29 15:18:00,,2029-01-29 15:17:00,ElevateByCC,Marketing and IT Services,2 Joy ST,Boston,MA,2108,42.357967,-71.06534099999999,True,Back Bay/Beacon Hill,marketing and it services
3159,2018-06-29 13:27:00,,2022-06-29 12:42:00,Elevation Homecare Agency,Non Medical Homecare Agency,100 Cambridge ST,Boston,MA,2108,42.360981,-71.06262400000003,False,Back Bay/Beacon Hill,non medical homecare agency
3160,2019-01-30 13:35:00,3/6/23 14:41,2027-03-06 12:45:00,Eleven Mortgage,Third Party Residential Loan Originator,44 School ST,Boston,MA,2108,42.357681,-71.05967800000002,True,Back Bay/Beacon Hill,third party residential loan originator
3161,2022-03-10 09:37:00,,2026-03-10 09:33:00,eMeta Funding,Mortgage Banker,44 School ST,Boston,MA,2108,42.357681,-71.05967800000002,False,Back Bay/Beacon Hill,mortgage banker
3162,2013-07-01 00:00:00,,2017-07-01 00:00:00,EMPOWER SCHOOLS,WITHDRAWAL (5/13/13),24 School ST,Boston,MA,2108,42.357337,-71.05895299999997,False,Back Bay/Beacon Hill,withdrawal (5/13/13)
3163,2013-05-13 00:00:00,,2017-05-13 00:00:00,EMPOWER SCHOOLS,NONPROFIT ORGANIZATION,24 School ST,Boston,MA,2108,42.357337,-71.05895299999997,False,Back Bay/Beacon Hill,nonprofit organization
3164,2023-10-13 16:01:00,,2027-10-13 15:58:00,Empowerment Expressions,Greeting cards,45 School ST,Boston,MA,2108,42.358038,-71.05938800000001,True,Back Bay/Beacon Hill,greeting cards
3165,2022-07-27 10:45:00,,2026-07-27 10:33:00,ENCORE,RENTAL OF AUDIO AND VISUAL EQUIPMENT,90 Tremont ST,Boston,MA,2108,42.35733,-71.06069300000001,True,Back Bay/Beacon Hill,rental of audio and visual equipment
3166,2019-06-03 13:29:00,,2023-06-03 11:46:00,Endeavor Insurance Services,Insurance sales/marketing,44 School ST,Boston,MA,2108,42.357681,-71.05967800000002,False,Back Bay/Beacon Hill,insurance sales/marketing
3167,2018-09-18 13:02:00,,2022-09-18 12:57:00,ENERGYBOT,ONLINE ELECTRICITY MRKT,44 School ST,Boston,MA,2108,42.357681,-71.05967800000002,False,Back Bay/Beacon Hill,online electricity mrkt
3168,2024-06-25 15:38:00,,2028-06-25 11:53:00,Enerworld,Energy Broker,44 School ST,Boston,MA,2108,42.357681,-71.05967800000002,True,Back Bay/Beacon Hill,energy broker
3169,2016-08-25 11:46:00,,,ENGIE Solar,Mortgage Lending,44 School ST,Boston,MA,2108,42.357681,-71.05967800000002,False,Back Bay/Beacon Hill,mortgage lending
3170,2023-06-15 14:11:00,,2027-06-15 14:04:00,Engine by MoneyLion,Marketplace platform for financial products and services.,44 School ST,Boston,MA,2108,42.357681,-71.05967800000002,True,Back Bay/Beacon Hill,marketplace platform for financial products and services.
3171,2025-02-05 09:38:00,,2029-02-05 09:37:00,Enterprise Health,Computer Software Services,45 School ST,Boston,MA,2108,42.358038,-71.05938800000001,True,Back Bay/Beacon Hill,computer software services
3172,2014-01-16 00:00:00,11/12/25 15:44,2029-11-12 15:34:00,ENTIRE CAR PROTECTION,Vehicle Protection Product Warranty,45 School ST,Boston,MA,2108,42.358038,-71.05938800000001,True,Back Bay/Beacon Hill,vehicle protection product warranty
3173,2015-06-10 00:00:00,10/3/23 15:40,2027-10-03 14:41:00,ENVIRONMENTAL RESOURCES MANAGEMENT (ERM),ENVIRONMENTAL CONSULTING,1 Beacon ST,Boston,MA,2108,42.358449,-71.060833,True,Back Bay/Beacon Hill,environmental consulting
3174,2023-10-27 13:06:00,,2027-10-27 13:03:00,Envoyage,Travel Agency,41 Winter ST,Boston,MA,2108,42.356085,-71.06167600000003,True,Back Bay/Beacon Hill,travel agency
3175,2015-03-16 00:00:00,3/15/19 12:32,2023-03-15 12:31:00,EOM NEWSSTAND,CONVENIENCE STORE,201 Washington ST,Boston,MA,2108,42.358527,-71.058153,False,Back Bay/Beacon Hill,convenience store
3176,2015-01-12 00:00:00,,2019-01-12 00:00:00,EOM NEWSSTAND,CONVENIENCE STORE,201 Washington ST,Boston,MA,2108,42.358527,-71.058153,False,Back Bay/Beacon Hill,convenience store
3177,2015-03-16 00:00:00,,2019-03-16 00:00:00,EOM NEWSSTAND,WITHDRAWAL (1/12/15),201 Washington ST,Boston,MA,2108,42.358527,-71.058153,False,Back Bay/Beacon Hill,withdrawal (1/12/15)
3178,2019-06-10 09:51:00,,2023-06-10 09:49:00,Eppley Court Reporting,Court Reporting Services,44 School ST,Boston,MA,2108,42.357681,-71.05967800000002,False,Back Bay/Beacon Hill,court reporting services
3179,2021-02-18 12:57:00,3/21/25 15:55,2029-03-21 15:54:00,EPROTOCOL,INTERNET SOFTWARE SALES,44 School ST,Boston,MA,2108,42.357681,-71.05967800000002,True,Back Bay/Beacon Hill,internet software sales
3180,2018-10-16 09:31:00,,2022-10-16 09:30:00,Ernie Ray Music,Music Production,100 City Hall PZ,Boston,MA,2108,42.359491,-71.05900500000001,False,Back Bay/Beacon Hill,music production
3181,2023-07-06 10:10:00,,2027-07-06 10:09:00,Estate Buyers Boston,Jewelry,333 Washington ST,Boston,MA,2108,42.356857,-71.05908,True,Back Bay/Beacon Hill,jewelry
3182,2017-02-21 15:34:00,3/4/25 14:58,2029-03-04 14:53:00,Estate Buying Group,Estate Jewelry,387 Washington ST,Boston,MA,2108,42.356169,-71.05991599999999,True,Back Bay/Beacon Hill,estate jewelry
3183,2018-10-09 15:29:00,11/15/22 12:35,2026-11-15 12:31:00,Ether Dome Press,individual book publishing,25 Cedar ST,Boston,MA,2108,42.358559,-71.06966299999999,True,Back Bay/Beacon Hill,individual book publishing
3184,2023-07-31 15:05:00,,2027-07-31 14:53:00,Evarts Tremaine,Independent Property and Casualty Insurance Broker,45 School ST,Boston,MA,2108,42.358038,-71.05938800000001,True,Back Bay/Beacon Hill,independent property and casualty insurance broker
3185,2023-03-30 10:38:00,,2027-03-30 10:33:00,Everchron,Software Design,44 School ST,Boston,MA,2108,42.357681,-71.05967800000002,True,Back Bay/Beacon Hill,software design
3186,2024-07-10 16:13:00,,2028-07-10 14:12:00,Everest Funding,Mortgage Lender,44 School ST,Boston,MA,2108,42.357681,-71.05967800000002,True,Back Bay/Beacon Hill,mortgage lender
3187,2025-01-09 15:36:00,,2029-01-09 15:34:00,Everway,Assistive Software Technology,24 School ST,Boston,MA,2108,42.357337,-71.05895299999997,True,Back Bay/Beacon Hill,assistive software technology
3188,2025-11-07 11:15:00,,2029-11-07 11:14:00,Evolution Credit Short Duration Income Fund,Investing,28 State ST,Boston,MA,2108,42.359002,-71.05755299999998,True,Back Bay/Beacon Hill,investing
3189,2023-09-13 11:03:00,,2027-09-13 10:55:00,EXPENSIFY,Financial Services,44 School ST,Boston,MA,2108,42.357681,-71.05967800000002,True,Back Bay/Beacon Hill,financial services
3190,2023-04-03 15:49:00,,2027-04-03 15:28:00,Experienced Jewelers,Jeweler,333 Washington ST,Boston,MA,2108,42.356857,-71.05908,True,Back Bay/Beacon Hill,jeweler
3191,2018-06-18 15:47:00,7/25/22 15:15,2026-07-25 10:51:00,EYEPROMISE,EYES CARE,44 School ST,Boston,MA,2108,42.357681,-71.05967800000002,True,Back Bay/Beacon Hill,eyes care
3192,2026-03-13 16:42:00,,2030-03-13 08:19:00,EZ Loans Group,mortgage broker/mortgage lender,44 School ST,Boston,MA,2108,42.357681,-71.05967800000002,True,Back Bay/Beacon Hill,mortgage broker/mortgage lender
3193,2022-06-01 13:54:00,,2026-06-01 11:14:00,ez2shop4insurance,Insurance,44 School ST,Boston,MA,2108,42.357681,-71.05967800000002,True,Back Bay/Beacon Hill,insurance
3194,2022-07-06 14:39:00,,2026-07-06 13:00:00,Fast Enterprises,Software Implementation Services,1 Winter PL,Boston,MA,2108,42.355542,-71.06136200000003,True,Back Bay/Beacon Hill,software implementation services
3195,2023-08-23 09:32:00,,2027-08-23 09:21:00,FCM Meetings & Events,Travel Agency,41 Winter ST,Boston,MA,2108,42.356085,-71.06167600000003,True,Back Bay/Beacon Hill,travel agency
3196,2014-11-03 00:00:00,1/2/24 15:51,2028-01-02 15:34:00,FEDEX OFFICE & PRINT SERVICES #1061,FedEx Servces,125 Tremont ST,Boston,MA,2108,42.3565,-71.06176499999998,True,Back Bay/Beacon Hill,fedex servces
3197,2018-05-17 13:08:00,6/30/22 13:24,2026-06-30 12:19:00,FertileWell,Website/Retail,1 Boston PL,Boston,MA,2108,42.358537,-71.058381,True,Back Bay/Beacon Hill,website/retail
3198,2024-03-13 12:35:00,,2028-03-13 12:32:00,Fifteen Charles,Hair and Makeup Salon,15 Charles ST,Boston,MA,2108,42.35663,-71.06945400000001,True,Back Bay/Beacon Hill,hair and makeup salon
3199,2019-07-24 13:28:00,,2023-07-24 13:27:00,Find The Pearls Travel,Travel & Life Style Blog,92 Beacon ST,Boston,MA,2108,42.355839,-71.072316,False,Back Bay/Beacon Hill,travel & life style blog
3200,2016-02-08 00:00:00,1/16/24 11:09,2028-01-16 11:00:00,FINELINE PRINTING GROUP,COMMERCIAL PRINTING,44 School ST,Boston,MA,2108,42.357681,-71.05967800000002,True,Back Bay/Beacon Hill,commercial printing
3201,2022-12-19 15:58:00,,2026-12-19 12:23:00,First Health Insurance Group,insurance sale/marketing,44 School ST,Boston,MA,2108,42.357681,-71.05967800000002,True,Back Bay/Beacon Hill,insurance sale/marketing
3202,2014-08-04 00:00:00,7/20/18 14:14,2022-07-20 14:12:00,FITZGERALD IMPORTS,WHOLESALE JEWELRY,333 Washington ST,Boston,MA,2108,42.356857,-71.05908,False,Back Bay/Beacon Hill,wholesale jewelry
3203,2022-11-16 15:42:00,,2026-11-16 15:15:00,Five Iron Golf,Virtual Golf Establishment,1 Washington Mall,Boston,MA,2108,42.359466,-71.05834099999998,True,Back Bay/Beacon Hill,virtual golf establishment
3204,2017-04-19 11:44:00,,,Fixsurance,Insurance,42 School ST,Boston,MA,2108,42.357697,-71.05965100000003,False,Back Bay/Beacon Hill,insurance
3205,2015-10-09 00:00:00,10/10/23 11:30,2027-10-10 11:22:00,FLAT OF THE HILL,,60 Charles ST,Boston,MA,2108,42.357508,-71.07033899999999,True,Back Bay/Beacon Hill,
3206,2024-03-11 12:14:00,,2028-03-11 12:13:00,FLS Boston Commons,Language Center,100 Cambridge ST,Boston,MA,2108,42.360981,-71.06262400000003,True,Back Bay/Beacon Hill,language center
3207,2025-03-31 10:26:00,,2029-03-31 10:20:00,Fluxwerx,Sale Representation,14 Beacon ST,Boston,MA,2108,42.357863,-71.06244800000002,True,Back Bay/Beacon Hill,sale representation
3208,2025-03-31 10:27:00,,2029-03-31 10:22:00,Fluxwerx Illumination,Sales Representation,14 Beacon ST,Boston,MA,2108,42.357863,-71.06244800000002,True,Back Bay/Beacon Hill,sales representation
3209,2025-06-11 13:05:00,,2029-06-11 13:01:00,Focus Partners | Wealth,Financial Services,201 Washington ST,Boston,MA,2108,42.358527,-71.058153,True,Back Bay/Beacon Hill,financial services
3210,2025-03-05 10:52:00,,2029-03-05 10:38:00,Focus Partners Retirement Solutions,Financial Services,201 Washington ST,Boston,MA,2108,42.358527,-71.058153,True,Back Bay/Beacon Hill,financial services
3211,2025-06-11 10:08:00,,2029-06-11 09:55:00,Focus Partners| Advisor Solutions,Financial Services,201 Washington ST,Boston,MA,2108,42.358527,-71.058153,True,Back Bay/Beacon Hill,financial services
3212,2025-06-11 10:07:00,,2029-06-11 10:00:00,Focus Partners| Institutional,Financial Services,201 Washington ST,Boston,MA,2108,42.358527,-71.058153,True,Back Bay/Beacon Hill,financial services
3213,2016-04-19 00:00:00,3/27/20 12:04,2024-03-27 11:33:00,FOCUS POINTE GLOBAL,MARKET RESEARCH,18 Tremont ST,Boston,MA,2108,42.358831,-71.05967900000002,False,Back Bay/Beacon Hill,market research
3214,2022-08-01 09:45:00,,2026-08-01 09:39:00,Fonner Insurance Agency,Insurance Agency,44 School ST,Boston,MA,2108,42.357681,-71.05967800000002,True,Back Bay/Beacon Hill,insurance agency
3215,2015-07-06 00:00:00,4/30/24 16:12,2028-04-30 16:07:00,FOOT LOCKER #8777,RETAIL ATHLETIC FOOTWEAR,375 Washington ST,Boston,MA,2108,42.356337,-71.05976099999998,True,Back Bay/Beacon Hill,retail athletic footwear
3216,2025-12-24 12:14:00,,2029-12-24 11:17:00,Forest Specialty,Insurance Sales/Marketing,44 School ST,Boston,MA,2108,42.357681,-71.05967800000002,True,Back Bay/Beacon Hill,insurance sales/marketing
3217,2019-03-13 13:57:00,,2023-03-13 11:52:00,Four Winds Realty,Real Estate,51 Mount Vernon ST,Boston,MA,2108,42.358524,-71.06568300000004,False,Back Bay/Beacon Hill,real estate
3218,2024-03-19 10:42:00,,2028-03-19 10:41:00,Frank's Last Stop,Snack Shop,3 Pemberton SQ,Boston,MA,2108,42.359214,-71.06111799999996,True,Back Bay/Beacon Hill,snack shop
3219,2018-12-05 15:35:00,,2022-12-05 15:34:00,Freddy Famous,Fanancial & Legal Services,1 Boston PL,Boston,MA,2108,42.358537,-71.058381,False,Back Bay/Beacon Hill,fanancial & legal services
3220,2019-02-27 15:56:00,5/21/24 16:35,2028-05-21 16:33:00,Functionality,Laboratory Equipment Services,24 School ST,Boston,MA,2108,42.357337,-71.05895299999997,True,Back Bay/Beacon Hill,laboratory equipment services
3221,2024-08-05 14:42:00,,2028-08-05 14:38:00,Fur Baby Pet Studio,Photography/Retail,59 Beacon ST,Boston,MA,2108,42.356637,-71.06859800000001,True,Back Bay/Beacon Hill,photography/retail
3222,2021-12-01 12:44:00,,2025-12-01 12:43:00,Gabi And Company,Jewelers,333 Washington ST,Boston,MA,2108,42.356857,-71.05908,False,Back Bay/Beacon Hill,jewelers
3223,2024-11-01 13:45:00,,2028-11-01 13:44:00,"Gallivant, Ltd.",Travel Planning Services,35 Beacon ST,Boston,MA,2108,42.357274,-71.065383,True,Back Bay/Beacon Hill,travel planning services
3224,2014-06-10 00:00:00,8/26/22 14:49,2026-08-26 14:47:00,GARDEN HALAL RESTAURANT,RESTAURANT,90 Blackstone ST,Boston,MA,2108,42.361455,-71.05628100000001,True,Back Bay/Beacon Hill,restaurant
3225,2021-09-22 10:31:00,8/25/25 16:54,2029-08-25 15:43:00,GARY DRUG CO.,PHARMACY,59 Charles ST,Boston,MA,2108,42.357717,-71.07009399999998,True,Back Bay/Beacon Hill,pharmacy
3226,2016-02-17 00:00:00,,2020-02-17 00:00:00,GAY & LESBIAN ADVOCATES & DEFENDERS (GLAD),WITHDRAWAL (5/8/12),30 Winter ST,Boston,MA,2108,42.35573,-71.06158900000003,False,Back Bay/Beacon Hill,withdrawal (5/8/12)
3227,2015-02-25 00:00:00,5/3/23 10:50,2027-05-03 10:47:00,GAYLE P SNIDER INTERIORS,INTERIOR DESIGN,68 Chestnut ST,Boston,MA,2108,42.357013,-71.06928900000003,True,Back Bay/Beacon Hill,interior design
3228,2025-08-22 10:49:00,,2029-08-22 10:46:00,GCR Servicing Group,Dept of Education Student Loan Servicer,44 School ST,Boston,MA,2108,42.357681,-71.05967800000002,True,Back Bay/Beacon Hill,dept of education student loan servicer
3229,2025-01-28 15:37:00,,2029-01-28 13:40:00,GEM Mortgage,Mortgage Lending,44 School ST,Boston,MA,2108,42.357681,-71.05967800000002,True,Back Bay/Beacon Hill,mortgage lending
3230,2024-08-22 12:37:00,,2028-08-22 12:35:00,GENUITY GEMS,Jewelry,333 Washington ST,Boston,MA,2108,42.356857,-71.05908,True,Back Bay/Beacon Hill,jewelry
3231,2025-09-15 09:31:00,,2029-09-15 09:30:00,George Howell Coffee,cafe,100 Hanover ST,Boston,MA,2108,42.362123,-71.05754000000002,True,Back Bay/Beacon Hill,cafe
3232,2020-06-12 14:58:00,6/13/24 16:12,2028-06-13 12:32:00,GHADA'S,Esthetician,333 Washington ST,Boston,MA,2108,42.356857,-71.05908,True,Back Bay/Beacon Hill,esthetician
3233,2025-07-16 09:31:00,,2029-07-16 09:26:00,GIGS 4 U,Entertainment Services,44 School ST,Boston,MA,2108,42.357681,-71.05967800000002,True,Back Bay/Beacon Hill,entertainment services
3234,2013-12-20 00:00:00,,2017-12-20 00:00:00,GINSENG HEALING CENTER,MASSAGE PALOR,101 Tremont ST,Boston,MA,2108,42.357221,-71.061036,False,Back Bay/Beacon Hill,massage palor
3235,2014-04-09 00:00:00,,2018-04-09 00:00:00,GINSENG HEALING CENTER,,101 Tremont ST,Boston,MA,2108,42.357221,-71.061036,False,Back Bay/Beacon Hill,
3236,2023-04-21 11:18:00,,2027-04-21 11:17:00,GLAD,Public Interest Law Firm,18 Tremont ST,Boston,MA,2108,42.358831,-71.05967900000002,True,Back Bay/Beacon Hill,public interest law firm
3237,2024-05-13 13:32:00,,2028-05-13 13:22:00,GLOBAL GUARDIAN ADMINISTRATION,INDEPENDENT ADJUSTER,44 School ST,Boston,MA,2108,42.357681,-71.05967800000002,True,Back Bay/Beacon Hill,independent adjuster
3238,2024-05-13 13:32:00,,2028-05-13 13:24:00,GLOBAL GUARDIAN CLAIMS,INDEPENDENT ADJUSTER,44 School ST,Boston,MA,2108,42.357681,-71.05967800000002,True,Back Bay/Beacon Hill,independent adjuster
3239,2016-11-22 13:14:00,12/6/24 16:47,2028-12-06 16:45:00,Global Prior Art,Business Cunsulting Firm,21 Milk ST,Boston,MA,2108,42.356694,-71.05830300000002,True,Back Bay/Beacon Hill,business cunsulting firm
3240,2022-03-10 09:37:00,,2026-03-10 09:30:00,GMCC,MORTGAGE BANKER,44 School ST,Boston,MA,2108,42.357681,-71.05967800000002,False,Back Bay/Beacon Hill,mortgage banker
3241,2018-09-18 13:24:00,8/11/22 14:34,2026-08-11 14:24:00,Gold Financial Services,Mortgage,44 School ST,Boston,MA,2108,42.357681,-71.05967800000002,True,Back Bay/Beacon Hill,mortgage
3242,2016-02-19 00:00:00,10/29/25 12:22,2029-10-29 12:21:00,GOLDCREST,JEWELER,333 Washington ST,Boston,MA,2108,42.356857,-71.05908,True,Back Bay/Beacon Hill,jeweler
3243,2022-09-12 13:44:00,,2026-09-12 13:43:00,Golden Bedroom,Online Retail,1 Washington Mall,Boston,MA,2108,42.359466,-71.05834099999998,True,Back Bay/Beacon Hill,online retail
3244,2025-07-28 10:00:00,,2029-07-28 09:55:00,Golden Oak Strategies,Business Consulting,93 Beacon ST,Boston,MA,2108,42.355812,-71.07241599999998,True,Back Bay/Beacon Hill,business consulting
3245,2025-11-12 15:37:00,,2029-11-12 15:35:00,Good Walk Hunting,Dog Walking Services,93 Beacon ST,Boston,MA,2108,42.355812,-71.07241599999998,True,Back Bay/Beacon Hill,dog walking services
3246,2020-12-11 15:01:00,,2024-12-11 14:55:00,GOOD2GO,CAR RENTAL/SHARE,24 School ST,Boston,MA,2108,42.357337,-71.05895299999997,False,Back Bay/Beacon Hill,car rental/share
3247,2020-08-06 10:07:00,,2024-08-06 10:05:00,Goodman Solutions,Field and maintenance services,44 School ST,Boston,MA,2108,42.357681,-71.05967800000002,False,Back Bay/Beacon Hill,field and maintenance services
3248,2024-09-16 13:23:00,,2028-09-16 13:21:00,Goodtimes Brands,Export Trading Company,1 Boston PL,Boston,MA,2108,42.358537,-71.058381,True,Back Bay/Beacon Hill,export trading company
3249,2016-01-13 00:00:00,5/17/24 12:44,2028-05-17 12:40:00,GORDON & REES,LEGAL SERVICES,28 State ST,Boston,MA,2108,42.359002,-71.05755299999998,True,Back Bay/Beacon Hill,legal services
3250,2019-06-17 13:50:00,,2023-06-17 13:37:00,Graham Machinery Group,Manufacturer,44 School ST,Boston,MA,2108,42.357681,-71.05967800000002,False,Back Bay/Beacon Hill,manufacturer
3251,2015-10-08 00:00:00,11/14/23 10:30,2027-11-14 10:27:00,GRAND GEMSTONE JEWELERY,JEWELERY,345 Washington ST,Boston,MA,2108,42.35671,-71.05923899999999,True,Back Bay/Beacon Hill,jewelery
3252,2021-03-02 10:34:00,6/2/25 16:54,2029-06-02 12:47:00,GRECO,RESTAURANT,1 Milk ST,Boston,MA,2108,42.356769,-71.05863499999998,True,Back Bay/Beacon Hill,restaurant
3253,2016-07-20 11:26:00,,2020-07-20 11:21:00,Green Room Boston,Hair Salon,40 River ST,Boston,MA,2108,42.357197,-71.07055100000002,False,Back Bay/Beacon Hill,hair salon
3254,2015-09-23 00:00:00,8/28/23 15:31,2027-08-28 15:30:00,GREEN ROOM BOSTON,HAIR SALON,40 River ST,Boston,MA,2108,42.357197,-71.07055100000002,True,Back Bay/Beacon Hill,hair salon
3255,2023-02-22 11:41:00,,2027-02-22 11:37:00,Green Tree Risk Partners,Insurance Agency Brokerage,44 School ST,Boston,MA,2108,42.357681,-71.05967800000002,True,Back Bay/Beacon Hill,insurance agency brokerage
3256,2022-02-28 13:27:00,,2026-02-28 13:20:00,Gusto Platform Massachusetts,Payroll & HR,44 School ST,Boston,MA,2108,42.357681,-71.05967800000002,False,Back Bay/Beacon Hill,payroll & hr
3257,2024-04-04 14:37:00,,2028-04-04 14:34:00,GW & Wade at The Colony Group,Financial Services,201 Washington ST,Boston,MA,2108,42.358527,-71.058153,True,Back Bay/Beacon Hill,financial services
3258,2015-03-20 00:00:00,1/23/23 10:04,2027-01-23 10:02:00,H R JEWELERS,JEWELERY STORE,333 Washington ST,Boston,MA,2108,42.356857,-71.05908,True,Back Bay/Beacon Hill,jewelery store
3259,2021-01-29 14:44:00,,2025-01-29 14:40:00,Hadland Capital,investing,10 Otis PL,Boston,MA,2108,42.357038,-71.07246299999997,False,Back Bay/Beacon Hill,investing
3260,2018-08-01 10:00:00,8/8/22 13:05,2026-08-08 13:04:00,Hairdo's By Drew,Mobile Hair Dresser,30 Cornhill,Boston,MA,2108,42.359501,-71.05831,True,Back Bay/Beacon Hill,mobile hair dresser
3261,2024-12-16 15:25:00,,2028-12-16 15:23:00,Halloran Associates,Consulting,130 Bowdoin ST,Boston,MA,2108,42.358632,-71.06272999999999,True,Back Bay/Beacon Hill,consulting
3262,2016-07-20 14:21:00,,,Hammond Residential Real Estate,,66 Beacon ST,Boston,MA,2108,42.3564,-71.06925999999999,False,Back Bay/Beacon Hill,
3263,2013-09-17 00:00:00,4/2/25 15:53,2029-04-02 15:47:00,HAMPSHIRE HOUSE,RESTAURANT/PUB,84 Beacon ST,Boston,MA,2108,42.356042,-71.07123999999999,True,Back Bay/Beacon Hill,restaurant/pub
3264,2015-08-20 00:00:00,7/25/23 12:08,2027-07-25 12:06:00,HAPPY LEMON,FOOD COURT,417 Washington ST,Boston,MA,2108,42.355796,-71.06034799999998,True,Back Bay/Beacon Hill,food court
3265,2023-04-13 15:44:00,,2027-04-13 15:42:00,Happy Vui,Event Consult & Planning,1 Charles ST,Boston,MA,2108,42.356412,-71.06926799999997,True,Back Bay/Beacon Hill,event consult & planning
3266,2018-02-26 16:06:00,1/8/26 15:59,2030-01-08 15:16:00,Hartley Realty Group,Real Estate,1 Beacon ST,Boston,MA,2108,42.358449,-71.060833,True,Back Bay/Beacon Hill,real estate
3267,2024-06-21 13:04:00,,2028-06-21 13:00:00,HAULLA,IT SOLUTIONS,44 School ST,Boston,MA,2108,42.357681,-71.05967800000002,True,Back Bay/Beacon Hill,it solutions
3268,2024-01-25 13:13:00,,2028-01-25 12:56:00,Health Network One,Third Party Administrator,45 School ST,Boston,MA,2108,42.358038,-71.05938800000001,True,Back Bay/Beacon Hill,third party administrator
3269,2024-05-16 15:41:00,,2028-05-16 15:38:00,Hearth & Hug Bakery,Bakery,100 Hanover ST,Boston,MA,2108,42.362123,-71.05754000000002,True,Back Bay/Beacon Hill,bakery
3270,2025-08-29 15:51:00,,2029-08-29 15:48:00,HeelsFunding,Professional Fundraiser and Business Consultant,1 Washington Mall,Boston,MA,2108,42.359466,-71.05834099999998,True,Back Bay/Beacon Hill,professional fundraiser and business consultant
3271,2023-05-17 12:53:00,,2027-05-17 12:50:00,Helium Mobile,Decentralized Tele-Communications Network,44 School ST,Boston,MA,2108,42.357681,-71.05967800000002,True,Back Bay/Beacon Hill,decentralized tele-communications network
3272,2025-09-02 16:44:00,,2029-09-02 11:39:00,Helix Insurance Advisors,Insurance Sales Agency,44 School ST,Boston,MA,2108,42.357681,-71.05967800000002,True,Back Bay/Beacon Hill,insurance sales agency
3273,2025-11-03 11:27:00,,2029-11-03 11:25:00,Hellium,Communications Network,44 School ST,Boston,MA,2108,42.357681,-71.05967800000002,True,Back Bay/Beacon Hill,communications network
3274,2017-05-12 11:05:00,,,Hello Mortgage,Mortgage Lending,44 School ST,Boston,MA,2108,42.357681,-71.05967800000002,False,Back Bay/Beacon Hill,mortgage lending
3275,2020-02-19 12:10:00,2/15/24 13:21,2028-02-15 11:18:00,Hellospoke,Telecommunications,45 School ST,Boston,MA,2108,42.358038,-71.05938800000001,True,Back Bay/Beacon Hill,telecommunications
3276,2014-01-16 00:00:00,,2018-01-16 00:00:00,HELP ME HOLLY,PERSONAL CONCIERGE SERVICE,45 Province ST,Boston,MA,2108,42.357198,-71.05994099999998,False,Back Bay/Beacon Hill,personal concierge service
3277,2014-09-16 00:00:00,,2018-09-16 00:00:00,HELP ME HOLLY,WITHDRAWAL 1/16/2014,45 Province ST,Boston,MA,2108,42.357198,-71.05994099999998,False,Back Bay/Beacon Hill,withdrawal 1/16/2014
3278,2022-04-14 13:06:00,,2026-04-14 12:34:00,Helt Design,Architectural Services,44 School ST,Boston,MA,2108,42.357681,-71.05967800000002,True,Back Bay/Beacon Hill,architectural services
3279,2021-09-17 11:03:00,8/22/25 15:27,2029-08-22 00:00:00,Hennessy's of Boston,Restaurant/bar,25 Union ST,Boston,MA,2108,42.362913,-71.18710299999998,True,Back Bay/Beacon Hill,restaurant/bar
3280,2020-09-10 14:31:00,10/17/24 14:13,2028-10-17 14:10:00,HEPBURN HOMES,REAL ESTATE INVESTMENT,35 Beacon ST,Boston,MA,2108,42.357274,-71.065383,True,Back Bay/Beacon Hill,real estate investment
3281,2013-10-04 00:00:00,,2017-10-04 00:00:00,HERBAL HEALING CENTER,MESSAGE PALOR,101 Tremont ST,Boston,MA,2108,42.357221,-71.061036,False,Back Bay/Beacon Hill,message palor
3282,2013-12-17 00:00:00,,2017-12-17 00:00:00,HERBAL HEALING CENTER,WITHDRAWAL (10/4/13),101 Tremont ST,Boston,MA,2108,42.357221,-71.061036,False,Back Bay/Beacon Hill,withdrawal (10/4/13)
3283,2013-12-17 00:00:00,,2017-12-17 00:00:00,HERBAL HEALING CENTER,MESSAGE PALOR,101 Tremont ST,Boston,MA,2108,42.357221,-71.061036,False,Back Bay/Beacon Hill,message palor
3284,2013-12-20 00:00:00,,2017-12-20 00:00:00,HERBAL HEALING CENTER,WITHDRAWAL (12/17/13),101 Tremont ST,Boston,MA,2108,42.357221,-71.061036,False,Back Bay/Beacon Hill,withdrawal (12/17/13)
3285,2013-10-02 00:00:00,,2017-10-02 00:00:00,HERBAL HEALING CENTER,WITHDRAWAL (1/20/2012),101 Tremont ST,Boston,MA,2108,42.357221,-71.061036,False,Back Bay/Beacon Hill,withdrawal (1/20/2012)
3286,2019-06-26 14:48:00,9/25/23 11:52,2027-09-25 11:49:00,Hercules Laundry,Route Operating Laundry,44 School ST,Boston,MA,2108,42.357681,-71.05967800000002,True,Back Bay/Beacon Hill,route operating laundry
3287,2015-12-31 00:00:00,11/6/23 15:42,2027-11-06 12:50:00,HERITAGE MUSICAL INSTRUMENT AGENCY,INSURANCE SALES,44 School ST,Boston,MA,2108,42.357681,-71.05967800000002,True,Back Bay/Beacon Hill,insurance sales
3288,2022-09-20 15:05:00,,2026-09-20 15:02:00,HiARCHi Collaborative,Architectural Design,36 Province ST,Boston,MA,2108,42.356954,-71.05983100000003,True,Back Bay/Beacon Hill,architectural design
3289,2018-03-09 11:57:00,,2022-03-09 11:56:00,High Spot Deli,Restaurant,10 Beacon ST,Boston,MA,2108,42.358111,-71.061871,False,Back Bay/Beacon Hill,restaurant
3290,2025-08-06 11:57:00,,2029-08-06 11:50:00,HIGH TECH NAILS & SKIN SALON,Nail Shop,39 Bromfield ST,Boston,MA,2108,42.356907,-71.060381,True,Back Bay/Beacon Hill,nail shop
3291,2016-09-26 10:57:00,,,Highball Lounge,Hotel/Lounge,90 Tremont ST,Boston,MA,2108,42.35733,-71.06069300000001,False,Back Bay/Beacon Hill,hotel/lounge
3292,2025-06-26 13:31:00,,2029-06-26 13:17:00,Highland Mortgage,Mortgage Broker / Lender,44 School ST,Boston,MA,2108,42.357681,-71.05967800000002,True,Back Bay/Beacon Hill,mortgage broker / lender
3293,2019-12-10 12:13:00,,2023-12-10 12:11:00,HIGHSCOPE EDUCATIONAL RESEARCH,SOFTWARE,45 School ST,Boston,MA,2108,42.358038,-71.05938800000001,False,Back Bay/Beacon Hill,software
3294,2018-07-03 12:12:00,,2022-07-03 12:11:00,Hill Law,Law Firm,6 Beacon ST,Boston,MA,2108,42.358149,-71.06172300000003,False,Back Bay/Beacon Hill,law firm
3295,2018-07-03 12:56:00,5/24/23 13:14,2027-05-24 13:12:00,Hindsight,Education Technology,100 Cambridge ST,Boston,MA,2108,42.360981,-71.06262400000003,True,Back Bay/Beacon Hill,education technology
3296,2022-05-13 13:49:00,,2026-05-13 12:12:00,HISSHO SUSHI inside SUFFOLK UNIVERSITY -1 COURT,Wholesale Sushi Vendor,1 Court ST,Boston,MA,2108,42.358955,-71.058022,True,Back Bay/Beacon Hill,wholesale sushi vendor
3297,2022-05-13 13:48:00,,2026-05-13 12:15:00,HISSHO SUSHI inside SUFFOLK UNIVERSITY -SARGENT HALL,Wholesale Sushi Vendor,120 Tremont ST,Boston,MA,2108,42.356857,-71.060971,True,Back Bay/Beacon Hill,wholesale sushi vendor
3298,2018-09-26 11:45:00,,2022-09-26 11:43:00,HKTC,Entertainment Production,44 School ST,Boston,MA,2108,42.357681,-71.05967800000002,False,Back Bay/Beacon Hill,entertainment production
3299,2024-10-28 11:25:00,,2028-10-28 11:24:00,HMA Mortgage,Mortgage Lending,45 School ST,Boston,MA,2108,42.358038,-71.05938800000001,True,Back Bay/Beacon Hill,mortgage lending
3300,2024-10-28 11:23:00,,2028-10-28 11:18:00,Holland Mortgage Advisors,Mortgage Lending,45 School ST,Boston,MA,2108,42.358038,-71.05938800000001,True,Back Bay/Beacon Hill,mortgage lending
3301,2024-12-31 15:14:00,,2028-12-31 15:13:00,Holy Trinity Shop,E-Commerce,31 Brimmer ST,Boston,MA,2108,42.357822,-71.07215400000001,True,Back Bay/Beacon Hill,e-commerce
3302,2022-06-01 13:59:00,,2026-06-01 11:10:00,Home and Auto Marketplace,Insurance,44 School ST,Boston,MA,2108,42.357681,-71.05967800000002,True,Back Bay/Beacon Hill,insurance
3303,2018-10-25 15:07:00,,2022-10-25 14:55:00,Home Goods #832,Retail,350 Washington ST,Boston,MA,2108,42.356452,-71.059125,False,Back Bay/Beacon Hill,retail
3304,2025-04-11 10:49:00,,2029-04-11 10:48:00,Home Instead,Home Care Agency,6 Beacon ST,Boston,MA,2108,42.358149,-71.06172300000003,True,Back Bay/Beacon Hill,home care agency
3305,2023-07-12 13:46:00,,2027-07-12 12:50:00,homecoin.com,Real Estate,44 School ST,Boston,MA,2108,42.357681,-71.05967800000002,True,Back Bay/Beacon Hill,real estate
3306,2018-10-29 13:54:00,,2022-10-29 13:53:00,HomeFundlt,Mortgage Lender,44 School ST,Boston,MA,2108,42.357681,-71.05967800000002,False,Back Bay/Beacon Hill,mortgage lender
3307,2025-09-22 17:23:00,,2029-09-22 14:51:00,HOMESPIRE HOME LOANS,mortgage lending,45 School ST,Boston,MA,2108,42.358038,-71.05938800000001,True,Back Bay/Beacon Hill,mortgage lending
3308,2016-04-25 00:00:00,9/4/24 14:59,2028-09-04 14:57:00,HOMSY JEWELERS,RETAIL,333 Washington ST,Boston,MA,2108,42.356857,-71.05908,True,Back Bay/Beacon Hill,retail
3309,2013-03-08 00:00:00,,2017-03-08 00:00:00,HONG KONG MASSAGE & BODYWORKS,REFLEXOLOGY & BODYWORKS,333 Washington ST,Boston,MA,2108,42.356857,-71.05908,False,Back Bay/Beacon Hill,reflexology & bodyworks
3310,2013-03-13 00:00:00,,2017-03-13 00:00:00,HONG KONG MASSAGE & BODYWORKS,WITHDRAWAL (3/8/2013),333 Washington ST,Boston,MA,2108,42.356857,-71.05908,False,Back Bay/Beacon Hill,withdrawal (3/8/2013)
3311,2013-07-17 00:00:00,,2017-07-17 00:00:00,HONG KONG STYLE BODYWORK,WITHDRAWAL(3/13/2013),333 Washington ST,Boston,MA,2108,42.356857,-71.05908,False,Back Bay/Beacon Hill,withdrawal(3/13/2013)
3312,2013-03-13 00:00:00,,2017-03-13 00:00:00,HONG KONG STYLE BODYWORK,REFLEXOLOGY & BODYWORK,333 Washington ST,Boston,MA,2108,42.356857,-71.05908,False,Back Bay/Beacon Hill,reflexology & bodywork
3313,2022-12-05 13:31:00,,2026-12-05 13:28:00,Hotel AKA Boston Common,Hospitality,90 Tremont ST,Boston,MA,2108,42.35733,-71.06069300000001,True,Back Bay/Beacon Hill,hospitality
3314,2021-11-08 14:04:00,,2025-11-08 11:54:00,Hourglass Collaborative,Retail consulting publishing,24 School ST,Boston,MA,2108,42.357337,-71.05895299999997,False,Back Bay/Beacon Hill,retail consulting publishing
3315,2024-04-11 11:55:00,,2028-04-11 11:54:00,House of Jewelry,Jewelry Store,345 Washington ST,Boston,MA,2108,42.35671,-71.05923899999999,True,Back Bay/Beacon Hill,jewelry store
3316,2016-06-22 00:00:00,9/5/24 14:04,2028-09-05 14:02:00,HRAIR ZARGARIAN JEWELRY,JEWELRY,333 Washington ST,Boston,MA,2108,42.356857,-71.05908,True,Back Bay/Beacon Hill,jewelry
3317,2023-11-30 11:33:00,,2027-11-30 11:31:00,Hsuanyeh Realty,Real Estate Brokerage,11 Beacon ST,Boston,MA,2108,42.358382,-71.06162499999999,True,Back Bay/Beacon Hill,real estate brokerage
3318,2017-07-11 13:20:00,10/26/22 12:07,2026-10-26 11:58:00,HUb Pub,Restaurant/Pub,18 Province ST,Boston,MA,2108,42.357172,-71.05965700000002,True,Back Bay/Beacon Hill,restaurant/pub
3319,2022-10-31 15:30:00,,2026-10-31 15:28:00,HUB TOWN TOURS,WALKING TOUR OPERATOR,7 Marshall ST,Boston,MA,2108,42.361819,-71.05684100000002,True,Back Bay/Beacon Hill,walking tour operator
3320,2022-08-23 11:17:00,,2026-08-23 11:15:00,IANNELLA AND MUMMOLO,LAW OFFICES,55 Court ST,Boston,MA,2108,42.359282,-71.05910599999999,True,Back Bay/Beacon Hill,law offices
3321,2022-01-26 15:58:00,1/9/26 15:47,2030-01-09 14:22:00,ICE Currency Services USA,Money Services Business,44 School ST,Boston,MA,2108,42.357681,-71.05967800000002,True,Back Bay/Beacon Hill,money services business
3322,2026-01-16 14:07:00,,2030-01-16 14:05:00,Ideation Architects,Architecture Firm,44 School ST,Boston,MA,2108,42.357681,-71.05967800000002,True,Back Bay/Beacon Hill,architecture firm
3323,2023-10-18 14:42:00,,2027-10-18 14:40:00,Iftin Express,Money Transimitter,44 School ST,Boston,MA,2108,42.357681,-71.05967800000002,True,Back Bay/Beacon Hill,money transimitter
3324,2020-01-06 14:16:00,1/8/24 13:33,2028-01-08 11:56:00,iHome Mortgage,Mortgage and Nonmortgage Loan Brokers,44 School ST,Boston,MA,2108,42.357681,-71.05967800000002,True,Back Bay/Beacon Hill,mortgage and nonmortgage loan brokers
3325,2025-07-03 13:20:00,,2029-07-03 12:51:00,IIS Insurance Agency,Insurance Sales/Marketing,44 School ST,Boston,MA,2108,42.357681,-71.05967800000002,True,Back Bay/Beacon Hill,insurance sales/marketing
3326,2025-07-07 13:48:00,,2029-07-07 13:45:00,illuno,Security Marketplace App,44 School ST,Boston,MA,2108,42.357681,-71.05967800000002,True,Back Bay/Beacon Hill,security marketplace app
3327,2019-10-31 09:41:00,,2023-10-31 09:38:00,Imc North America,Healthcare Advertising,1 Boston PL,Boston,MA,2108,42.358537,-71.058381,False,Back Bay/Beacon Hill,healthcare advertising
3328,2013-12-03 00:00:00,12/20/21 14:56,2025-12-20 11:36:00,IMORTGAGE,RESIDENTIAL MORTGAGE LENDING - CH 227 SEC 5A,44 School ST,Boston,MA,2108,42.357681,-71.05967800000002,False,Back Bay/Beacon Hill,residential mortgage lending - ch 227 sec 5a
3329,2022-07-11 14:32:00,,2026-07-11 14:28:00,IMPACT VITALS,MEDICAL DEVICE AND WEARABLE TECHNOLOGY,1 Beacon ST,Boston,MA,2108,42.358449,-71.060833,True,Back Bay/Beacon Hill,medical device and wearable technology
3330,2022-08-17 14:10:00,,2026-08-17 14:08:00,Impression Impact,Interior Design,21 Beacon ST,Boston,MA,2108,42.358209,-71.06238100000002,True,Back Bay/Beacon Hill,interior design
3331,2018-04-26 14:06:00,,2022-04-26 13:15:00,INDOOR ENVIRONMENTAL SERVICES,ENERGY MANAGEMENT SERVICES,44 School ST,Boston,MA,2108,42.357681,-71.05967800000002,False,Back Bay/Beacon Hill,energy management services
3332,2023-02-23 13:43:00,,2027-02-23 13:41:00,Inicio Psychiatry,Mental Health Provider,1 Boston PL,Boston,MA,2108,42.358537,-71.058381,True,Back Bay/Beacon Hill,mental health provider
3333,2019-04-12 14:42:00,,2023-04-12 14:39:00,Innovative DOMEX Solutions,DEA Investigate Analysts,15 Sudbury ST,Boston,MA,2108,42.361377,-71.06005099999999,False,Back Bay/Beacon Hill,dea investigate analysts
3334,2016-04-28 00:00:00,,2020-04-28 00:00:00,INNPAYMENT,WITHDRAWAL 3/2/2016,44 School ST,Boston,MA,2108,42.357681,-71.05967800000002,False,Back Bay/Beacon Hill,withdrawal 3/2/2016
3335,2016-03-02 00:00:00,,2020-03-02 00:00:00,INNPAYMENT,PAYMENT SERVICE PROVIDER,44 School ST,Boston,MA,2108,42.357681,-71.05967800000002,False,Back Bay/Beacon Hill,payment service provider
3336,2019-05-08 14:41:00,,2023-05-08 12:21:00,Insomnia Cookies,Retail Bakery,61 Bromfield ST,Boston,MA,2108,42.357063,-71.06078100000002,False,Back Bay/Beacon Hill,retail bakery
3337,2024-05-13 15:44:00,,2028-05-13 14:20:00,InSource Life and Annuity Sales,Insurance,44 School ST,Boston,MA,2108,42.357681,-71.05967800000002,True,Back Bay/Beacon Hill,insurance
3338,2024-09-23 11:49:00,,2028-09-23 11:47:00,Inspire Placemaking Collective,Consulting Services,6 Beacon ST,Boston,MA,2108,42.358149,-71.06172300000003,True,Back Bay/Beacon Hill,consulting services
3339,2018-02-12 16:15:00,5/17/22 14:33,2026-05-17 14:27:00,Instacart,Grocery Delivery Service,1 Bromfield ST,Boston,MA,2108,42.35655,-71.05967299999998,True,Back Bay/Beacon Hill,grocery delivery service
3340,2013-10-15 00:00:00,8/28/25 17:29,2029-08-28 14:02:00,INSTITUTE FOR CLINICAL AND ECONOMIC REVIEW,NON-PROFIT,14 Beacon ST,Boston,MA,2108,42.357863,-71.06244800000002,True,Back Bay/Beacon Hill,non-profit
3341,2018-04-03 12:15:00,,2022-04-03 12:13:00,INSURANCE SALES,INSURANCES SALES,44 School ST,Boston,MA,2108,42.357681,-71.05967800000002,False,Back Bay/Beacon Hill,insurances sales
3342,2023-05-23 14:50:00,,2027-05-23 13:06:00,Insurepro,Insurance Sales/Marketing,44 School ST,Boston,MA,2108,42.357681,-71.05967800000002,True,Back Bay/Beacon Hill,insurance sales/marketing
3343,2023-10-03 13:53:00,,2027-10-03 12:50:00,Integra Insurance Services,Insurance Sales/Marketing,44 School ST,Boston,MA,2108,42.357681,-71.05967800000002,True,Back Bay/Beacon Hill,insurance sales/marketing
3344,2016-01-12 00:00:00,2/5/24 8:38,2028-02-05 08:37:00,INTERNATIONAL EXCHANGE,JEWELRY WHOLESALE/RETAIL,333 Washington ST,Boston,MA,2108,42.356857,-71.05908,True,Back Bay/Beacon Hill,jewelry wholesale/retail
3345,2017-02-06 14:42:00,,,INTERNATIONAL INSTITUTE OF BOSTON,SOCIAL SERVICE AGENCY,1 Milk ST,Boston,MA,2108,42.356769,-71.05863499999998,False,Back Bay/Beacon Hill,social service agency
3346,2017-02-06 14:33:00,,,INTERNATIONAL INSTITUTE OF NEW ENGLAND,SOCIAL SERVICE AGENCY,1 Milk ST,Boston,MA,2108,42.356769,-71.05863499999998,False,Back Bay/Beacon Hill,social service agency
3347,2018-12-27 13:20:00,,2022-12-27 13:17:00,Interpretek,American Sign Language Interp,44 School ST,Boston,MA,2108,42.357681,-71.05967800000002,False,Back Bay/Beacon Hill,american sign language interp
3348,2016-08-10 16:26:00,,2020-08-10 16:24:00,INTERTEXTUM,FILM,93 Beacon ST,Boston,MA,2108,42.355812,-71.07241599999998,False,Back Bay/Beacon Hill,film
3349,2023-06-01 09:36:00,,2027-06-01 09:30:00,INV USA,Wholesaler of LED drivers and related electronic components,45 School ST,Boston,MA,2108,42.358038,-71.05938800000001,True,Back Bay/Beacon Hill,wholesaler of led drivers and related electronic components
3350,2024-05-29 12:08:00,,2028-05-29 12:07:00,ISSUES MANAGEMENT GROUP,PUBLIC RELATIONS,30 Winter ST,Boston,MA,2108,42.35573,-71.06158900000003,True,Back Bay/Beacon Hill,public relations
3351,2024-11-15 12:30:00,,2028-11-15 12:29:00,ISTANBUL DONER BURRITO DOWNTOWN CROSSING,Fast Food Restaurant,417 Washington ST,Boston,MA,2108,42.355796,-71.06034799999998,True,Back Bay/Beacon Hill,fast food restaurant
3352,2018-01-22 12:23:00,12/15/25 16:25,2029-12-15 14:25:00,Ivy Direct,Residential Mortgage Lending,44 School ST,Boston,MA,2108,42.357681,-71.05967800000002,True,Back Bay/Beacon Hill,residential mortgage lending
3353,2016-08-08 13:04:00,9/10/24 12:17,2028-09-10 12:16:00,J & T Associates,Wholesale Gold Buyers,333 Washington ST,Boston,MA,2108,42.356857,-71.05908,True,Back Bay/Beacon Hill,wholesale gold buyers
3354,2014-05-15 00:00:00,3/7/25 11:51,2029-03-07 11:38:00,J AND A JEWELRY,JEWELRY,345 Washington ST,Boston,MA,2108,42.35671,-71.05923899999999,True,Back Bay/Beacon Hill,jewelry
3355,2015-11-16 00:00:00,4/5/24 13:42,2028-04-05 13:41:00,J MCLAUGHLIN,RETAIL CLOTHING,34 Charles ST,Boston,MA,2108,42.35706,-71.07008100000002,True,Back Bay/Beacon Hill,retail clothing
3356,2022-09-29 13:57:00,,2026-09-29 13:35:00,J. T. MILLER COMPANY,INSURANCE AGENCY,44 School ST,Boston,MA,2108,42.357681,-71.05967800000002,True,Back Bay/Beacon Hill,insurance agency
3357,2018-06-04 16:10:00,,2022-06-04 15:26:00,j.s held,Construction Consulting,100 Cambridge ST,Boston,MA,2108,42.360981,-71.06262400000003,False,Back Bay/Beacon Hill,construction consulting
3358,2012-11-26 00:00:00,,2016-11-26 00:00:00,JAB STAB PRODUCTION,FILM PRODUCTION,101 Tremont ST,Boston,MA,2108,42.357221,-71.061036,False,Back Bay/Beacon Hill,film production
3359,2012-12-28 00:00:00,,2016-12-28 00:00:00,JAB STAB PRODUCTION,WITHDRAWAL,101 Tremont ST,Boston,MA,2108,42.357221,-71.061036,False,Back Bay/Beacon Hill,withdrawal
3360,2018-08-27 11:09:00,,2022-08-27 11:08:00,JAC FINANCIAL,Financial,1 Beacon ST,Boston,MA,2108,42.358449,-71.060833,False,Back Bay/Beacon Hill,financial
3361,2021-05-04 13:27:00,,2025-05-04 13:24:00,JACK & ANNIE'S,PACKAGED FOODS-GOODS,44 School ST,Boston,MA,2108,42.357681,-71.05967800000002,False,Back Bay/Beacon Hill,packaged foods-goods
3362,2019-09-24 11:52:00,,2023-09-24 09:50:00,Jack Doheny Company,Selling & renting various trucks,45 School ST,Boston,MA,2108,42.358038,-71.05938800000001,False,Back Bay/Beacon Hill,selling & renting various trucks
3363,2022-04-11 14:54:00,3/19/26 14:57,2030-03-19 14:54:00,James F. Franco Insurance Agency,Insurance Agency,44 School ST,Boston,MA,2108,42.357681,-71.05967800000002,True,Back Bay/Beacon Hill,insurance agency
3364,2017-03-06 12:38:00,2/26/25 16:15,2029-02-26 15:06:00,JAMS ADR Services,Arbitration and Mediation Services,201 Washington ST,BOSTON,MA,2108,42.358527,-71.058153,True,Back Bay/Beacon Hill,arbitration and mediation services
3365,2019-09-04 12:41:00,,2023-09-04 12:40:00,Janet K. Hunkel,Short Term Rental,36 River ST,Boston,MA,2108,42.357118,-71.07053100000002,False,Back Bay/Beacon Hill,short term rental
3366,2017-04-06 12:05:00,5/5/25 16:17,2029-05-05 16:08:00,JD CONSULTING,"PUBLIC RELATIONS, MARKTING",45 School ST,Boston,MA,2108,42.358038,-71.05938800000001,True,Back Bay/Beacon Hill,"public relations, markting"
3367,2024-08-01 15:19:00,,2028-08-01 15:18:00,Jennifer Rand Fine Art and Design,Art and Interior Design,44 Chestnut ST,Boston,MA,2108,42.357185,-71.068307,True,Back Bay/Beacon Hill,art and interior design
3368,2018-01-24 16:42:00,1/6/26 14:04,2030-01-06 14:02:00,Jewel Theory,Jewelry,333 Washington ST,Boston,MA,2108,42.356857,-71.05908,True,Back Bay/Beacon Hill,jewelry
3369,2024-08-08 14:39:00,,2028-08-08 14:37:00,Jewelry By James,Retail,333 Washington ST,Boston,MA,2108,42.356857,-71.05908,True,Back Bay/Beacon Hill,retail
3370,2024-05-30 13:22:00,,2028-05-30 13:20:00,Joel Schwartz Injury & Accident Lawyers,Law Firm,1 Washington MA,Boston,MA,2108,42.359466,-71.05834099999998,True,Back Bay/Beacon Hill,law firm
3371,2024-05-30 13:22:00,,2028-05-30 13:19:00,Joel Schwartz Injury & Accident Lawyers-Boston,Law Firm,1 Washington MA,Boston,MA,2108,42.359466,-71.05834099999998,True,Back Bay/Beacon Hill,law firm
3372,2018-04-11 16:37:00,7/29/22 15:06,2026-07-29 15:04:00,John F. Drewry Attorney At Law,Attorney,40 Court ST,Boston,MA,2108,42.358932,-71.05927700000001,True,Back Bay/Beacon Hill,attorney
3373,2021-08-18 12:58:00,,2025-08-18 12:57:00,Jonathan Diamond Designs,Interior Design,101 Mount Vernon ST,Boston,MA,2108,42.358026,-71.06987200000003,False,Back Bay/Beacon Hill,interior design
3374,2017-05-04 12:43:00,5/19/25 15:11,2029-05-19 11:54:00,JOSEPH D WALTERS INSURANCE,INSURANCE,44 School ST,Boston,MA,2108,42.357681,-71.05967800000002,True,Back Bay/Beacon Hill,insurance
3375,2014-02-11 00:00:00,1/7/26 10:25,2030-01-07 10:24:00,JOSEPH GANN JEWELERS,RETAIL JEWELRY,387 Washington ST,Boston,MA,2108,42.356169,-71.05991599999999,True,Back Bay/Beacon Hill,retail jewelry
3376,2025-09-22 17:26:00,,2029-09-22 13:35:00,Journey Lending,mortgage lending,45 School ST,Boston,MA,2108,42.358038,-71.05938800000001,True,Back Bay/Beacon Hill,mortgage lending
3377,2024-01-03 10:51:00,,2028-01-03 10:23:00,Journey Lending,Mortgage Lending,45 School ST,Boston,MA,2108,42.358038,-71.05938800000001,True,Back Bay/Beacon Hill,mortgage lending
3378,2019-02-11 15:18:00,1/30/23 15:16,2027-01-30 12:59:00,JP Morgan Chase Bank,Federally chartered financial instituation,425 Washington ST,Boston,MA,2108,42.355722,-71.06053800000001,True,Back Bay/Beacon Hill,federally chartered financial instituation
3379,2025-06-25 10:09:00,,2029-06-25 10:06:00,JS WATCH CO,WATCH REPAIR,345 Washington ST,Boston,MA,2108,42.35671,-71.05923899999999,True,Back Bay/Beacon Hill,watch repair
3380,2026-02-11 15:28:00,,2030-02-11 15:24:00,JTC Jewelry & Design,Jewelry,365 Washington ST,Boston,MA,2108,42.35654,-71.05944499999998,True,Back Bay/Beacon Hill,jewelry
3381,2016-05-24 00:00:00,5/2/24 11:10,2028-05-02 11:09:00,K Q JEWELRY,JEWELRY,365 Washington ST,Boston,MA,2108,42.35654,-71.05944499999998,True,Back Bay/Beacon Hill,jewelry
3382,2018-05-17 16:18:00,5/18/22 12:33,2026-05-18 12:31:00,Kala Thai Cookery,Restaurant,120 Blackstone ST,Boston,MA,2108,42.3618,-71.05676499999998,True,Back Bay/Beacon Hill,restaurant
3383,2022-10-26 13:52:00,,2026-10-26 13:51:00,Kami Fine Jewelry,Custom Jewelry,333 Washington ST,Boston,MA,2108,42.356857,-71.05908,True,Back Bay/Beacon Hill,custom jewelry
3384,2023-10-05 11:52:00,,2027-10-05 11:50:00,Kaplan International Languages,Language School,11 Beacon ST,Boston,MA,2108,42.358382,-71.06162499999999,True,Back Bay/Beacon Hill,language school
3385,2021-09-21 11:59:00,,2025-09-21 11:58:00,KASHVI SHENAYA VARIETY,Convenience Store,8 Beacon ST,Boston,MA,2108,42.358134,-71.06177600000001,False,Back Bay/Beacon Hill,convenience store
3386,2021-11-24 10:29:00,11/21/25 14:36,2029-11-21 12:05:00,Katherine Houston Porcelain,Art,101 Chestnut ST,Boston,MA,2108,42.356719,-71.07228199999997,True,Back Bay/Beacon Hill,art
3387,2025-06-03 08:46:00,,2029-06-03 08:33:00,Kaufman Commerical,Insurance Sales and Marketing,44 School ST,Boston,MA,2108,42.357681,-71.05967800000002,True,Back Bay/Beacon Hill,insurance sales and marketing
3388,2023-10-31 11:51:00,,2027-10-31 11:48:00,KAYS CURRIES,Meal kit,100 Hanover ST,Boston,MA,2108,42.362123,-71.05754000000002,True,Back Bay/Beacon Hill,meal kit
3389,2024-05-08 13:07:00,,2028-05-08 10:46:00,KB Financial Partners,Licensed Insurance Agency,44 School ST,Boston,MA,2108,42.357681,-71.05967800000002,True,Back Bay/Beacon Hill,licensed insurance agency
3390,2025-08-05 16:27:00,,2029-08-05 15:36:00,Kb3 Advisors,Spa,44 School ST,Boston,MA,2108,42.357681,-71.05967800000002,True,Back Bay/Beacon Hill,spa
3391,2021-02-12 12:59:00,3/19/25 11:00,2029-02-14 00:00:00,KC JEWELRY,jewelry,333 Washington ST,Boston,MA,2108,42.356857,-71.05908,True,Back Bay/Beacon Hill,jewelry
3392,2023-03-13 13:27:00,,2027-03-13 12:56:00,Keller Home Loans,Mortgage Lending,44 School ST,Boston,MA,2108,42.357681,-71.05967800000002,True,Back Bay/Beacon Hill,mortgage lending
3393,2017-02-28 13:14:00,6/25/21 14:20,2025-06-25 14:15:00,KELLER MORTGAGE,MORTGAGE ORIENTATION,45 School ST,Boston,MA,2108,42.358038,-71.05938800000001,False,Back Bay/Beacon Hill,mortgage orientation
3394,2014-11-19 00:00:00,1/10/23 11:11,2027-01-10 11:10:00,KEVORK'S FINE SETTTING,JEWELRY REPAIRS,333 Washington ST,Boston,MA,2108,42.356857,-71.05908,True,Back Bay/Beacon Hill,jewelry repairs
3395,2019-02-15 11:45:00,2/6/23 12:33,2027-02-06 12:32:00,KEY Discovery,Litigation Support,40 Court ST,Boston,MA,2108,42.358932,-71.05927700000001,True,Back Bay/Beacon Hill,litigation support
3396,2016-07-19 09:39:00,8/24/22 8:47,2026-08-24 08:39:00,Key Works,Key Shop/Lottery/Cigarettes,235 Washington ST,Boston,MA,2108,42.358135,-71.058066,True,Back Bay/Beacon Hill,key shop/lottery/cigarettes
3397,2025-02-27 09:43:00,,2029-02-27 09:30:00,Keyvoice.net,Communications,44 School ST,Boston,MA,2108,42.357681,-71.05967800000002,True,Back Bay/Beacon Hill,communications
3398,2017-01-30 09:29:00,,,K-Horn's Jewelry,Jewelry,339 Washington ST,Boston,MA,2108,42.356779,-71.05916300000001,False,Back Bay/Beacon Hill,jewelry
3399,2015-06-18 00:00:00,4/25/23 12:06,2027-04-25 12:04:00,KIM FOSTER ACUPUNCTURE,ACUPUNCTURE THERAPY,1 Walnut ST,Boston,MA,2108,42.35712,-71.06601,True,Back Bay/Beacon Hill,acupuncture therapy
3400,2021-07-12 11:13:00,,2025-07-12 11:10:00,Kimberlee Cortes Coaching,life coaching,1 Washington MA,Boston,MA,2108,42.359466,-71.05834099999998,False,Back Bay/Beacon Hill,life coaching
3401,2018-01-11 15:33:00,12/21/21 10:59,2025-12-21 10:11:00,KINDERCARE,CHILD DAY CARE,44 School ST,Boston,MA,2108,42.357681,-71.05967800000002,False,Back Bay/Beacon Hill,child day care
3402,2015-12-31 00:00:00,1/29/24 12:16,2028-01-29 12:14:00,KING FRAME,PICTURE FRAMING,4 Bromfield ST,Boston,MA,2108,42.356455,-71.05987600000003,True,Back Bay/Beacon Hill,picture framing
3403,2024-12-05 17:00:00,,2028-12-05 13:10:00,King III Emergency Communications,Emergency Communications,44 School ST,Boston,MA,2108,42.357681,-71.05967800000002,True,Back Bay/Beacon Hill,emergency communications
3404,2020-02-04 12:14:00,,2024-02-04 10:54:00,Kings Insurance,"Insurance, Benefits, Education",44 School ST,Boston,MA,2108,42.357681,-71.05967800000002,False,Back Bay/Beacon Hill,"insurance, benefits, education"
3405,2025-06-02 15:50:00,,2029-06-02 15:47:00,Kittelson & Associates,Corporation,1 Beacon ST,Boston,MA,2108,42.358449,-71.060833,True,Back Bay/Beacon Hill,corporation
3406,2025-10-17 15:35:00,,2029-10-17 13:30:00,Koons Gas Measurement,Sales of Gas measurment and Regulation Equipment,44 School ST,Boston,MA,2108,42.357681,-71.05967800000002,True,Back Bay/Beacon Hill,sales of gas measurment and regulation equipment
3407,2023-10-25 10:22:00,,2027-10-25 10:19:00,Kopius,Software Development Services,45 School ST,Boston,MA,2108,42.358038,-71.05938800000001,True,Back Bay/Beacon Hill,software development services
3408,2017-02-03 11:54:00,10/24/25 14:03,2029-10-24 14:01:00,Kotoni Law Office,Legal Services,1 Boston PL,Boston,MA,2108,42.358537,-71.058381,True,Back Bay/Beacon Hill,legal services
3409,2015-01-12 00:00:00,4/10/23 14:14,2027-04-10 12:33:00,KOY,RESTAURANT,16 North ST,Boston,MA,2108,42.360621,-71.05638399999998,True,Back Bay/Beacon Hill,restaurant
3410,2015-01-05 00:00:00,4/22/25 9:57,2029-04-22 09:56:00,KUNG FU VIDEO AND DVD,RETAIL,365 Washington ST,Boston,MA,2108,42.35654,-71.05944499999998,True,Back Bay/Beacon Hill,retail
3411,2023-11-03 12:55:00,,2027-11-03 12:52:00,KZ BUILDERS,Real Estate Developer,10 Tremont ST,Boston,MA,2108,42.358822,-71.059575,True,Back Bay/Beacon Hill,real estate developer
3412,2023-12-20 14:53:00,,2027-12-20 14:52:00,Lam's Jewelry,Jewelry Repair,333 Washington ST,Boston,MA,2108,42.356857,-71.05908,True,Back Bay/Beacon Hill,jewelry repair
3413,2020-02-20 15:20:00,2/21/24 12:56,2028-02-21 11:54:00,Lathrop GPM,Law Firm,28 State ST,Boston,MA,2108,42.359002,-71.05755299999998,True,Back Bay/Beacon Hill,law firm
3414,2018-07-23 09:59:00,,2022-07-23 09:58:00,Law Of Pasta,Food Service,100 Hanover ST,Boston,MA,2108,42.362123,-71.05754000000002,False,Back Bay/Beacon Hill,food service
3415,2015-01-12 00:00:00,12/15/22 11:11,2026-12-15 11:08:00,LAW OFFICE OF EDWARD ELIOT,LEGAL SERVICES,10 Tremont ST,Boston,MA,2108,42.358822,-71.059575,True,Back Bay/Beacon Hill,legal services
3416,2023-09-19 10:49:00,,2027-09-19 10:47:00,Law Office of Gayle S Ghiteman,Law Practice,6 Beacon ST,Boston,MA,2108,42.358149,-71.06172300000003,True,Back Bay/Beacon Hill,law practice
3417,2019-07-30 15:40:00,9/21/23 14:11,2027-09-21 11:09:00,Law Office of Matthew W Peterson,Attorney,55 Union ST,Boston,MA,2108,42.361607,-71.05713700000001,True,Back Bay/Beacon Hill,attorney
3418,2020-03-26 14:01:00,5/22/24 12:54,2028-05-22 12:52:00,Law Office Of Natalia Kolyada,Law Firm,201 Washington ST,Boston,MA,2108,42.358527,-71.058153,True,Back Bay/Beacon Hill,law firm
3419,2014-08-29 00:00:00,8/22/22 15:41,2026-08-22 12:23:00,LAW OFFICE OF STEPHANIE BIGGS,LAW OFFICE,37 Beacon ST,Boston,MA,2108,42.357256,-71.065696,True,Back Bay/Beacon Hill,law office
3420,2018-02-05 11:53:00,2/2/26 14:13,2030-02-02 13:27:00,Law Office of Thomas R. Davis,Law Office,1 Boston PL,Boston,MA,2108,42.358537,-71.058381,True,Back Bay/Beacon Hill,law office
3421,2022-06-01 13:57:00,,2026-06-01 13:55:00,Law Offices of Marcel J. Murad,Law Office,6 Beacon ST,Boston,MA,2108,42.358149,-71.06172300000003,True,Back Bay/Beacon Hill,law office
3422,2020-11-27 12:57:00,4/30/25 10:25,2029-04-30 10:22:00,Law Offices of Stephen Neyman Criminal Lawyers,criminal defense law firm,10 Tremont ST,Boston,MA,2108,42.358822,-71.059575,True,Back Bay/Beacon Hill,criminal defense law firm
3423,2016-05-09 00:00:00,3/5/25 11:00,2029-03-05 10:58:00,LAWRENCE'S JEWELRY DESIGN & REPAIR,JEWELRY DESIGN 81 REPAIR,333 Washington ST,Boston,MA,2108,42.356857,-71.05908,True,Back Bay/Beacon Hill,jewelry design 81 repair
3424,2019-12-09 13:20:00,,2023-12-09 11:53:00,LCS Woburn Venture,Senior Living,45 School ST,Boston,MA,2108,42.358038,-71.05938800000001,False,Back Bay/Beacon Hill,senior living
3425,2022-05-06 13:01:00,,2026-05-06 11:55:00,LDWHOLESALE,RESIDENTIAL MORTGAGE LENDING,44 School ST,Boston,MA,2108,42.357681,-71.05967800000002,True,Back Bay/Beacon Hill,residential mortgage lending
3426,2021-01-28 13:28:00,3/7/25 15:28,2029-03-07 15:26:00,Le Paris Flower Market,Florist,1 Washington MA,Boston,MA,2108,42.359466,-71.05834099999998,True,Back Bay/Beacon Hill,florist
3427,2018-12-27 09:45:00,,2022-12-27 09:43:00,LEbowitz-Aberly Family Foundation,Foreign Non -Profit,44 School ST,Boston,MA,2108,42.357681,-71.05967800000002,False,Back Bay/Beacon Hill,foreign non -profit
3428,2020-03-11 10:01:00,,2024-03-11 09:56:00,Legacy Financial Group,Financial Advisor,1 Beacon ST,Boston,MA,2108,42.358449,-71.060833,False,Back Bay/Beacon Hill,financial advisor
3429,2019-05-21 14:57:00,,2023-05-21 14:03:00,LENDEDU,Insurance Sales/ Marketing,44 School ST,Boston,MA,2108,42.357681,-71.05967800000002,False,Back Bay/Beacon Hill,insurance sales/ marketing
3430,2020-10-21 11:32:00,1/6/25 16:11,2029-01-06 12:06:00,Level Debt,Financial Services,44 School ST,Boston,MA,2108,42.357681,-71.05967800000002,True,Back Bay/Beacon Hill,financial services
3431,2020-02-24 14:02:00,3/20/24 15:39,2028-03-20 15:34:00,Level Lending,Consumer Lending,44 School ST,Boston,MA,2108,42.357681,-71.05967800000002,True,Back Bay/Beacon Hill,consumer lending
3432,2022-06-10 12:42:00,,2026-06-10 12:34:00,LEXITAS,"COURT REPORTING, TRANSCRIPTION AND RECORDS",44 School ST,Boston,MA,2108,42.357681,-71.05967800000002,True,Back Bay/Beacon Hill,"court reporting, transcription and records"
3433,2023-07-17 15:39:00,,2027-07-17 15:38:00,LEXRIA,Software,72 Mount Vernon ST,Boston,MA,2108,42.357997,-71.067771,True,Back Bay/Beacon Hill,software
3434,2017-10-20 15:39:00,10/30/25 16:01,2029-10-30 13:01:00,Liberty Travel,Travcel Agency,41 Winter ST,Boston,MA,2108,42.356085,-71.06167600000003,True,Back Bay/Beacon Hill,travcel agency
3435,2024-05-20 14:15:00,,2028-05-20 08:18:00,LibertyPay,Money Service Business,44 School ST,Boston,MA,2108,42.357681,-71.05967800000002,True,Back Bay/Beacon Hill,money service business
3436,2024-05-30 14:27:00,,2028-05-30 14:25:00,Lighthouse Wealth Advisory,Wealth Management,1 Beacon ST,Boston,MA,2108,42.358449,-71.060833,True,Back Bay/Beacon Hill,wealth management
3437,2026-03-25 13:14:00,,2030-03-25 13:11:00,LightReach,A Clean Technology Transaction Marketplace,45 School ST,Boston,MA,2108,42.358038,-71.05938800000001,True,Back Bay/Beacon Hill,a clean technology transaction marketplace
3438,2022-10-18 13:11:00,,2026-10-18 13:09:00,Lightspeed Deliveries,Delivery Services,1 Washington MA,Boston,MA,2108,42.359466,-71.05834099999998,True,Back Bay/Beacon Hill,delivery services
3439,2022-09-06 14:35:00,,2026-09-06 14:11:00,Limit,Insurance Sales/Marketing,44 School ST,Boston,MA,2108,42.357681,-71.05967800000002,True,Back Bay/Beacon Hill,insurance sales/marketing
3440,2014-04-07 00:00:00,4/4/22 14:00,2026-04-04 12:11:00,LINENS ON THE HILL,RETAIL,52 Charles ST,Boston,MA,2108,42.357397,-71.07027099999999,False,Back Bay/Beacon Hill,retail
3441,2016-02-22 00:00:00,2/21/20 14:49,2024-02-21 14:47:00,LIONHILL II ASSOCIATES,MANAGEMENT CONSULTANCY,50 Pinckney ST,Boston,MA,2108,42.384221,-71.08182199999999,False,Back Bay/Beacon Hill,management consultancy
3442,2022-06-23 11:13:00,,2026-06-23 11:11:00,Livian Mortgage,Mortgage Origination,45 School ST,Boston,MA,2108,42.358038,-71.05938800000001,True,Back Bay/Beacon Hill,mortgage origination
3443,2024-07-31 16:49:00,,2028-07-31 09:03:00,LLH Healthcare,Insurance,44 School ST,Boston,MA,2108,42.357681,-71.05967800000002,True,Back Bay/Beacon Hill,insurance
3444,2023-10-23 10:00:00,,2027-10-23 09:57:00,LND Technical Services,Electrical Engineering,44 School ST,Boston,MA,2108,42.357681,-71.05967800000002,True,Back Bay/Beacon Hill,electrical engineering
3445,2019-07-23 14:54:00,,2023-07-23 14:26:00,Loan Surfer,Mortgage Lending Services,10 School ST,Boston,MA,2108,42.35733,-71.05898000000002,False,Back Bay/Beacon Hill,mortgage lending services
3446,2018-03-12 12:48:00,3/12/26 16:10,2030-03-12 12:55:00,LOANDEPOT,RESIDENTIAL MORT LENDING,44 School ST,Boston,MA,2108,42.357681,-71.05967800000002,True,Back Bay/Beacon Hill,residential mort lending
3447,2018-03-12 12:49:00,3/12/26 16:08,2030-03-12 13:00:00,LOANDEPOT.com,RESIDENTIAL MORT LENDING,44 School ST,Boston,MA,2108,42.357681,-71.05967800000002,True,Back Bay/Beacon Hill,residential mort lending
3448,2020-12-16 16:30:00,1/7/25 15:28,2029-01-07 15:27:00,loanosity,Unsecured Personal Loans,45 School ST,Boston,MA,2108,42.358038,-71.05938800000001,True,Back Bay/Beacon Hill,unsecured personal loans
3449,2018-10-18 14:32:00,,2022-10-18 14:31:00,LoanSnap,Mortgage Lender/Broker,44 School ST,Boston,MA,2108,42.357681,-71.05967800000002,False,Back Bay/Beacon Hill,mortgage lender/broker
3450,2025-09-23 16:25:00,,2029-09-23 16:22:00,LogicomUSA,Broaband/ Communication Information,44 School ST,Boston,MA,2108,42.357681,-71.05967800000002,True,Back Bay/Beacon Hill,broaband/ communication information
3451,2025-07-25 09:20:00,,2029-07-25 09:16:00,LogicomUSA,Communications,44 School ST,Boston,MA,2108,42.357681,-71.05967800000002,True,Back Bay/Beacon Hill,communications
3452,2021-07-21 13:26:00,,2025-07-21 10:06:00,Long Home Products,home improvement,44 School ST,Boston,MA,2108,42.357681,-71.05967800000002,False,Back Bay/Beacon Hill,home improvement
3453,2022-10-31 13:49:00,,2026-10-31 12:11:00,Long View Leadership,Coaching,80 Beacon ST,Boston,MA,2108,42.356058,-71.07092699999998,True,Back Bay/Beacon Hill,coaching
3454,2015-09-24 00:00:00,11/22/19 16:23,2023-11-22 16:22:00,LOUISBURG PROPERTIES,REAL ESTATE,112 Pinckney ST,Boston,MA,2108,42.35865,-71.072021,False,Back Bay/Beacon Hill,real estate
3455,2023-03-28 12:27:00,,2027-03-28 12:24:00,Loyal Nine,Restaurant,17 Union ST,Boston,MA,2108,42.34515,-71.14803,True,Back Bay/Beacon Hill,restaurant
3456,2019-04-16 15:52:00,2/9/23 15:56,2027-02-09 15:49:00,LRS Healthcare,Nurse Staffing,44 School ST,Boston,MA,2108,42.357681,-71.05967800000002,True,Back Bay/Beacon Hill,nurse staffing
3457,2022-06-13 10:42:00,,2026-06-13 10:38:00,Lucia's Consulting Services,Consulting Services,1 Washington MA,Boston,MA,2108,42.359466,-71.05834099999998,True,Back Bay/Beacon Hill,consulting services
3458,2024-11-27 14:39:00,,2028-11-27 14:36:00,Lugless,Travel Services,24 School ST,Boston,MA,2108,42.357337,-71.05895299999997,True,Back Bay/Beacon Hill,travel services
3459,2020-08-12 13:28:00,,2024-08-12 11:12:00,LugLess,Travel Services,1 Beacon ST,Boston,MA,2108,42.358449,-71.060833,False,Back Bay/Beacon Hill,travel services
3460,2025-03-31 10:26:00,,2029-03-31 10:17:00,Lumca,Sale Representation,14 Beacon ST,Boston,MA,2108,42.357863,-71.06244800000002,True,Back Bay/Beacon Hill,sale representation
3461,2025-03-31 10:26:00,,2029-03-31 10:22:00,Lumenpulse,Sale Representation,14 Beacon ST,Boston,MA,2108,42.357863,-71.06244800000002,True,Back Bay/Beacon Hill,sale representation
3462,2025-01-23 14:45:00,,2029-01-23 11:59:00,Lumion,Software as a Service,44 School ST,Boston,MA,2108,42.357681,-71.05967800000002,True,Back Bay/Beacon Hill,software as a service
3463,2021-09-07 15:06:00,9/26/25 12:21,2029-09-26 12:19:00,Lunavii,livery,1 Washington MA,Boston,MA,2108,42.359466,-71.05834099999998,True,Back Bay/Beacon Hill,livery
3464,2022-09-16 13:23:00,,2026-09-16 13:23:00,LUXURY BY LUNDUN,Jewelry,345 Washington ST,Boston,MA,2108,42.35671,-71.05923899999999,True,Back Bay/Beacon Hill,jewelry
3465,2020-02-28 16:21:00,,2024-02-28 16:17:00,Luxury Matchmaking Services,Matchmaking services,100 Cambridge ST,Boston,MA,2108,42.360981,-71.06262400000003,False,Back Bay/Beacon Hill,matchmaking services
3466,2020-06-05 15:23:00,9/16/24 16:14,2028-09-16 13:29:00,Lyon's Money Transfer,Money transmitter,44 School ST,Boston,MA,2108,42.357681,-71.05967800000002,True,Back Bay/Beacon Hill,money transmitter
3467,2018-02-28 15:05:00,4/28/22 15:40,2026-04-28 11:30:00,Lyra Administrative Services,Third Party Administrator,44 School ST,Boston,MA,2108,42.357681,-71.05967800000002,True,Back Bay/Beacon Hill,third party administrator
3468,2019-01-29 13:53:00,,2023-01-29 13:51:00,M Sushi Cafe,Cafe,24 Tremont ST,Boston,MA,2108,42.358799,-71.05965100000003,False,Back Bay/Beacon Hill,cafe
3469,2014-09-22 00:00:00,10/19/22 15:17,2026-10-19 14:58:00,M&R STRATEGIC SERVICES,BUSINESS SERVICES/CONSULTING,9 Hamilton PL,Boston,MA,2108,42.356296,-71.06144899999998,True,Back Bay/Beacon Hill,business services/consulting
3470,2023-07-27 11:40:00,,2027-07-27 11:33:00,M3 TECHNOLOGY INSURANCE SERVICES,INSURANCE SALES,44 School ST,Boston,MA,2108,42.357681,-71.05967800000002,True,Back Bay/Beacon Hill,insurance sales
3471,2017-10-05 12:46:00,10/9/25 15:45,2029-10-09 15:31:00,MagnifyMoney,Finanical Website,44 School ST,Boston,MA,2108,42.357681,-71.05967800000002,True,Back Bay/Beacon Hill,finanical website
3472,2025-01-02 12:24:00,,2029-01-02 12:23:00,Maid Relief Cleaning Services,House Cleaning,44 School ST,Boston,MA,2108,42.357681,-71.05967800000002,True,Back Bay/Beacon Hill,house cleaning
3473,2025-09-22 17:28:00,,2029-09-22 13:00:00,Main Street Home Loans,mortgage lending,45 School ST,Boston,MA,2108,42.358038,-71.05938800000001,True,Back Bay/Beacon Hill,mortgage lending
3474,2021-02-23 13:44:00,,2025-02-23 13:38:00,Make Manage Grow Money,sales & marketing consulting and personal financial mentoring,1 Washington MA,Boston,MA,2108,42.359466,-71.05834099999998,False,Back Bay/Beacon Hill,sales & marketing consulting and personal financial mentoring
3475,2015-10-06 00:00:00,8/18/23 10:22,2027-08-18 10:22:00,MANHATTAN JEWELERY,JEWELERY STORE,345 Washington ST,Boston,MA,2108,42.35671,-71.05923899999999,True,Back Bay/Beacon Hill,jewelery store
3476,2024-07-16 14:51:00,,2028-07-16 14:48:00,Maola,sales,44 School ST,Boston,MA,2108,42.357681,-71.05967800000002,True,Back Bay/Beacon Hill,sales
3477,2016-02-22 00:00:00,6/18/24 13:08,2028-06-18 11:33:00,MARGARET O'LEARY,RETAIL WOMENS APPAREL,49 Charles ST,Boston,MA,2108,42.357519,-71.06996300000003,True,Back Bay/Beacon Hill,retail womens apparel
3478,2024-02-29 13:30:00,,2028-02-29 13:25:00,MARIE ROSE,Hair styling,37 Charles ST,Boston,MA,2108,42.357286,-71.06982399999998,True,Back Bay/Beacon Hill,hair styling
3479,2022-06-30 15:40:00,,2026-06-30 15:35:00,Marigold Health,Technology,55 Court ST,Boston,MA,2108,42.359282,-71.05910599999999,True,Back Bay/Beacon Hill,technology
3480,2022-04-19 09:45:00,,2026-04-19 09:37:00,"MARK D. COOPER, ATTORNEY AT LAW",LAW OFFICE,45 School ST,Boston,MA,2108,42.358038,-71.05938800000001,True,Back Bay/Beacon Hill,law office
3481,2015-05-04 00:00:00,5/2/23 11:56,2027-04-27 00:00:00,MARKAR JEWELERS,BENCH JEWELER,333 Washington ST,Boston,MA,2108,42.356857,-71.05908,True,Back Bay/Beacon Hill,bench jeweler
3482,2013-08-28 00:00:00,10/22/25 12:22,2029-10-22 12:20:00,MARSHALLS #660,RETAIL,350 Washington ST,Boston,MA,2108,42.356452,-71.059125,True,Back Bay/Beacon Hill,retail
3483,2024-04-25 12:34:00,,2028-04-25 12:27:00,MASS RETIRES,Non-Profit,11 Beacon ST,Boston,MA,2108,42.358382,-71.06162499999999,True,Back Bay/Beacon Hill,non-profit
3484,2016-02-12 00:00:00,4/9/20 10:12,2024-02-10 00:00:00,MASSACHUSETTS PETROLEUM COUNCIL,TRADE ASSOCIATION,11 Beacon ST,Boston,MA,2108,42.358382,-71.06162499999999,False,Back Bay/Beacon Hill,trade association
3485,2018-08-16 13:24:00,9/20/22 13:10,2026-09-20 13:10:00,Massachusetts Workforce Association,Association,40 Court ST,Boston,MA,2108,42.358932,-71.05927700000001,True,Back Bay/Beacon Hill,association
3486,2018-01-19 15:09:00,2/18/26 15:15,2030-02-18 15:14:00,Massage Therapy of Boston,Massage Therapy,55 Court ST,Boston,MA,2108,42.359282,-71.05910599999999,True,Back Bay/Beacon Hill,massage therapy
3487,2014-11-25 00:00:00,10/3/22 13:59,2026-10-03 13:56:00,MAST RESTAURANT & DRINKERY,RESTAURANT,45 Province ST,Boston,MA,2108,42.357198,-71.05994099999998,True,Back Bay/Beacon Hill,restaurant
3488,2026-03-16 15:01:00,,2030-03-16 15:00:00,Matcha & Me Massage Studio,Massage Therapy,55 Court ST,Boston,MA,2108,42.359282,-71.05910599999999,True,Back Bay/Beacon Hill,massage therapy
3489,2019-11-29 15:44:00,12/27/23 14:37,2027-12-27 14:36:00,Maura Greene Law Group,Law Firm,6 Beacon ST,Boston,MA,2108,42.358149,-71.06172300000003,True,Back Bay/Beacon Hill,law firm
3490,2017-09-14 14:27:00,12/9/21 12:50,2025-12-09 12:38:00,MAVENCARE,HOME CARE SERVICES,1 Beacon ST,Boston,MA,2108,42.358449,-71.060833,False,Back Bay/Beacon Hill,home care services
3491,2019-03-25 15:41:00,,2023-03-25 12:08:00,Maxi Money Services,Money Transmitter,44 School ST,Boston,MA,2108,42.357681,-71.05967800000002,False,Back Bay/Beacon Hill,money transmitter
3492,2019-03-25 15:41:00,,2023-03-25 12:07:00,Maxi-MS,Money Transmitter,44 School ST,Boston,MA,2108,42.357681,-71.05967800000002,False,Back Bay/Beacon Hill,money transmitter
3493,2023-10-26 13:48:00,,2027-10-26 13:46:00,MaxiSend,Money Transmitter,44 School ST,Boston,MA,2108,42.357681,-71.05967800000002,True,Back Bay/Beacon Hill,money transmitter
3494,2013-03-18 00:00:00,,2017-03-18 00:00:00,MAX'S SHOE REPAIR,WITHDRAWAL (11/05/2010),54 Province ST,Boston,MA,2108,42.356787,-71.06001100000003,False,Back Bay/Beacon Hill,withdrawal (11/05/2010)
3495,2023-05-02 15:54:00,,2027-05-02 15:51:00,Maxsip Tel,Telecom,44 School ST,Boston,MA,2108,42.357681,-71.05967800000002,True,Back Bay/Beacon Hill,telecom
3496,2024-03-04 10:07:00,,2028-03-04 08:12:00,Maxsip Telecom,Telecom,44 School ST,Boston,MA,2108,42.357681,-71.05967800000002,True,Back Bay/Beacon Hill,telecom
3497,2018-12-14 13:26:00,,2022-12-14 11:56:00,MBOC Home Loans,Real Estate Finance,44 School ST,Boston,MA,2108,42.357681,-71.05967800000002,False,Back Bay/Beacon Hill,real estate finance
3498,2024-01-09 13:22:00,,2028-01-09 13:16:00,McClure,Engineering Services,44 School ST,Boston,MA,2108,42.357681,-71.05967800000002,True,Back Bay/Beacon Hill,engineering services
3499,2024-11-05 16:55:00,,2028-11-05 16:53:00,MCG,Consulting,24 School ST,Boston,MA,2108,42.357337,-71.05895299999997,True,Back Bay/Beacon Hill,consulting
3500,2019-07-05 14:25:00,6/28/23 15:56,2027-06-28 15:11:00,McGlinchey Stafford,Law Firm,1 Beacon ST,Boston,MA,2108,42.358449,-71.060833,True,Back Bay/Beacon Hill,law firm
3501,2015-08-28 00:00:00,7/7/23 13:39,2027-07-07 13:33:00,MCGLONE MORTGAGE GROUP,MORTGAGE LENDER,44 School ST,Boston,MA,2108,42.357681,-71.05967800000002,True,Back Bay/Beacon Hill,mortgage lender
3502,2018-08-27 16:28:00,8/16/22 12:17,2026-08-16 10:33:00,MCGOWAN COROPORATE REAL ESTATE ADVISORS,COMMERCIAL REAL ESTATE BROKER,44 School ST,Boston,MA,2108,42.357681,-71.05967800000002,True,Back Bay/Beacon Hill,commercial real estate broker
3503,2024-10-29 16:18:00,,2028-10-29 16:15:00,McGrath Private Client Insurance Services,Insurance Sales and Marketing,44 School ST,Boston,MA,2108,42.357681,-71.05967800000002,True,Back Bay/Beacon Hill,insurance sales and marketing
3504,2018-09-04 14:50:00,,2022-09-04 14:49:00,McGuirk Management,Personal Organization Service,122 Bowdoin ST,Boston,MA,2108,42.358893,-71.06277599999999,False,Back Bay/Beacon Hill,personal organization service
3505,2016-10-03 11:38:00,9/30/24 14:44,2028-09-30 11:28:00,MCLANE LAW,LAW FIRM,45 School ST,Boston,MA,2108,42.358038,-71.05938800000001,True,Back Bay/Beacon Hill,law firm
3506,2016-10-03 11:43:00,9/30/24 14:19,2028-09-30 11:32:00,MCLANE MIDDLETON,LAW FIRM,45 School ST,Boston,MA,2108,42.358038,-71.05938800000001,True,Back Bay/Beacon Hill,law firm
3507,2019-02-01 14:32:00,2/9/23 14:04,2027-02-09 13:28:00,MCM Capital Solutions,Mortgage Lender / Broker,44 School ST,Boston,MA,2108,42.357681,-71.05967800000002,True,Back Bay/Beacon Hill,mortgage lender / broker
3508,2018-04-20 14:27:00,,2022-04-20 14:22:00,MCM Mortgage Lenders,Mortgage Lender/Broker,44 School ST,Boston,MA,2108,42.357681,-71.05967800000002,False,Back Bay/Beacon Hill,mortgage lender/broker
3509,2019-10-08 11:20:00,,2023-10-08 10:54:00,Meadowbrook Financial,Mortgage Banker,44 School ST,Boston,MA,2108,42.357681,-71.05967800000002,False,Back Bay/Beacon Hill,mortgage banker
3510,2026-03-02 13:30:00,,2030-03-02 13:26:00,Measured Miles Travel,Travel Advisor,20 Lime ST,Boston,MA,2108,42.357128,-71.0711,True,Back Bay/Beacon Hill,travel advisor
3511,2025-10-02 14:01:00,,2029-10-02 12:45:00,Medalist RX,Pharmacy Benefit Manager,44 School ST,Boston,MA,2108,42.357681,-71.05967800000002,True,Back Bay/Beacon Hill,pharmacy benefit manager
3512,2015-10-05 00:00:00,10/9/19 13:50,2023-10-09 13:49:00,MEDICAL RECORDS ONLINE,MEDICAL RECORDS PROCESSING,45 School ST,Boston,MA,2108,42.358038,-71.05938800000001,False,Back Bay/Beacon Hill,medical records processing
3513,2021-01-26 12:28:00,,2025-01-26 12:27:00,Mei Illustrations,art and design,1 Washington MA,Boston,MA,2108,42.359466,-71.05834099999998,False,Back Bay/Beacon Hill,art and design
3514,2022-05-19 11:31:00,,2026-05-19 11:27:00,mello,Residential Mortgage Lending,44 School ST,Boston,MA,2108,42.357681,-71.05967800000002,True,Back Bay/Beacon Hill,residential mortgage lending
3515,2019-01-18 11:46:00,,2023-01-18 11:39:00,Mellon,Asset Management,1 Boston PL,Boston,MA,2108,42.358537,-71.058381,False,Back Bay/Beacon Hill,asset management
3516,2022-11-07 12:16:00,,2026-11-07 12:15:00,Melly Media Co,Social Media Marketing and Branding,1 Washington MA,Boston,MA,2108,42.359466,-71.05834099999998,True,Back Bay/Beacon Hill,social media marketing and branding
3517,2023-06-23 12:35:00,,2027-06-23 12:29:00,Melon,Payment Services,44 School ST,Boston,MA,2108,42.357681,-71.05967800000002,True,Back Bay/Beacon Hill,payment services
3518,2023-06-23 12:35:00,,2027-06-23 12:26:00,Melon Pay,Payment Services,44 School ST,Boston,MA,2108,42.357681,-71.05967800000002,True,Back Bay/Beacon Hill,payment services
3519,2019-05-13 12:41:00,,2023-05-13 12:14:00,Melwood Global,Strategic Communications,8 Beacon ST,Boston,MA,2108,42.358134,-71.06177600000001,False,Back Bay/Beacon Hill,strategic communications
3520,2018-12-19 11:05:00,11/29/22 10:36,2026-11-29 10:35:00,Mentor Foundry,Startup Consulting,4 Cedar ST,Boston,MA,2108,42.357406,-71.06939899999998,True,Back Bay/Beacon Hill,startup consulting
3521,2025-07-09 13:56:00,,2029-07-09 12:07:00,MEP,Mortgage Lending,44 School ST,Boston,MA,2108,42.357681,-71.05967800000002,True,Back Bay/Beacon Hill,mortgage lending
3522,2023-02-01 15:37:00,,2027-02-01 15:30:00,Merlin Asset Management,Investment Management,1 Boston PL,Boston,MA,2108,42.358537,-71.058381,True,Back Bay/Beacon Hill,investment management
3523,2021-10-04 14:30:00,,2025-10-04 11:20:00,Metasure,Insurance Sales/Marketing,44 School ST,Boston,MA,2108,42.357681,-71.05967800000002,False,Back Bay/Beacon Hill,insurance sales/marketing
3524,2021-10-07 14:00:00,7/28/25 17:21,2029-07-28 14:48:00,METRO ELEVATOR,ELEVATOR MAINTENANCE,44 School ST,Boston,MA,2108,42.357681,-71.05967800000002,True,Back Bay/Beacon Hill,elevator maintenance
3525,2022-11-21 15:38:00,,2026-11-21 13:40:00,MGI RISK ADVISORS,INSURANCE SALES/MARKETING,44 School ST,Boston,MA,2108,42.357681,-71.05967800000002,True,Back Bay/Beacon Hill,insurance sales/marketing
3526,2014-03-07 00:00:00,3/9/26 16:14,2030-01-30 16:14:00,MH JEWELERS,DIAMOND SETTING &REPAIRS,333 Washington ST,Boston,MA,2108,42.356857,-71.05908,True,Back Bay/Beacon Hill,diamond setting &repairs
3527,2021-07-12 12:02:00,7/21/25 13:21,2029-07-21 11:16:00,MHH Insurance Agency,Insurance Sales/Marketing,44 School ST,Boston,MA,2108,42.357681,-71.05967800000002,True,Back Bay/Beacon Hill,insurance sales/marketing
3528,2024-01-24 13:20:00,,2028-01-24 13:19:00,Michael R. Goggin Law,Law Firm,100 Cambridge ST,Boston,MA,2108,42.360981,-71.06262400000003,True,Back Bay/Beacon Hill,law firm
3529,2018-06-26 12:49:00,,2022-06-26 12:48:00,Mike Setter,Jewelry,333 Washington ST,Boston,MA,2108,42.356857,-71.05908,False,Back Bay/Beacon Hill,jewelry
3530,2015-05-21 00:00:00,,2019-05-21 00:00:00,MILLENNIUM BOSTONIAN HOTEL,HOTEL,26 North ST,Boston,MA,2108,42.36270734749609,-71.05406271108973,False,Back Bay/Beacon Hill,hotel
3531,2016-01-25 00:00:00,,2020-01-25 00:00:00,MILLENNIUM BOSTONIAN HOTEL,WITHDRAWAL (5/21/15),26 North ST,Boston,MA,2108,42.36270734749609,-71.05406271108973,False,Back Bay/Beacon Hill,withdrawal (5/21/15)
3532,2020-04-21 13:05:00,4/1/24 14:44,2028-04-01 13:03:00,Miller Brewing Company,Manufacture And Sale OF Beverage Products,44 School ST,Boston,MA,2108,42.357681,-71.05967800000002,True,Back Bay/Beacon Hill,manufacture and sale of beverage products
3533,2015-04-09 00:00:00,3/20/19 12:34,2023-03-20 12:33:00,MILLION DOLLAR MARYS SMOKE SHOP,SMOKE SHOP,36 Province ST,Boston,MA,2108,42.356954,-71.05983100000003,False,Back Bay/Beacon Hill,smoke shop
3534,2012-10-23 00:00:00,,2016-10-23 00:00:00,MILLION DOLLAR MARYS SMOKE SHOP,RETAIL,36 Province ST,Boston,MA,2108,42.356954,-71.05983100000003,False,Back Bay/Beacon Hill,retail
3535,2015-04-09 00:00:00,,2019-04-09 00:00:00,MILLION DOLLAR MARYS SMOKE SHOP,WITHDRAWAL (10/23/12),36 Province ST,Boston,MA,2108,42.356954,-71.05983100000003,False,Back Bay/Beacon Hill,withdrawal (10/23/12)
3536,2014-05-01 00:00:00,,2018-05-01 00:00:00,MIMI'S FINE JEWELRY,JEWELRY RETAIL,339 Washington ST,Boston,MA,2108,42.356779,-71.05916300000001,False,Back Bay/Beacon Hill,jewelry retail
3537,2015-04-17 00:00:00,,2019-04-17 00:00:00,MIMI'S FINE JEWELRY,WITHDRAWAL (5/1/2014),339 Washington ST,Boston,MA,2108,42.356779,-71.05916300000001,False,Back Bay/Beacon Hill,withdrawal (5/1/2014)
3538,2024-11-13 14:06:00,,2028-11-13 14:01:00,MindGlow Health Medical Group NJ,Licensed Professional Medical Services,45 School ST,Boston,MA,2108,42.358038,-71.05938800000001,True,Back Bay/Beacon Hill,licensed professional medical services
3539,2023-11-20 15:47:00,,2027-11-20 15:31:00,MMR Consulting Solutions,Management Consulting,44 School ST,Boston,MA,2108,42.357681,-71.05967800000002,True,Back Bay/Beacon Hill,management consulting
3540,2023-02-01 11:44:00,,2027-02-01 11:43:00,Mo' Rockin Fusion,Restaurant,100 Hanover ST,Boston,MA,2108,42.362123,-71.05754000000002,True,Back Bay/Beacon Hill,restaurant
3541,2019-10-11 11:59:00,,2023-10-11 11:58:00,MOMENTUM CAPITAL SOLAR FUNDING,Solar Leasing,45 School ST,Boston,MA,2108,42.358038,-71.05938800000001,False,Back Bay/Beacon Hill,solar leasing
3542,2019-04-09 11:52:00,,2023-04-09 11:51:00,Money Mentors,Credit Consulting,44 School ST,Boston,MA,2108,42.357681,-71.05967800000002,False,Back Bay/Beacon Hill,credit consulting
3543,2018-06-26 16:13:00,12/28/22 12:07,2026-12-28 11:52:00,Money2anywhere,Money Transmitter,44 School ST,Boston,MA,2108,42.357681,-71.05967800000002,True,Back Bay/Beacon Hill,money transmitter
3544,2022-05-10 12:18:00,,2026-05-10 11:27:00,MoneyFit by DRS,Debt Adjusters,45 School ST,Boston,MA,2108,42.358038,-71.05938800000001,True,Back Bay/Beacon Hill,debt adjusters
3545,2020-10-29 10:53:00,10/16/24 10:48,2028-10-16 10:45:00,Monument Financial Group,financial planning/wealth management,1 Beacon ST,Boston,MA,2108,42.358449,-71.060833,True,Back Bay/Beacon Hill,financial planning/wealth management
3546,2025-11-18 14:40:00,,2029-11-18 14:38:00,MOO BEACON HILL,Restaurant,15 Beacon ST,Boston,MA,2108,42.358387,-71.06194900000003,True,Back Bay/Beacon Hill,restaurant
3547,2025-01-16 10:44:00,,2029-01-16 10:42:00,Morningdew Workshop,Wood Manufacturing,68 Chestnut ST,Boston,MA,2108,42.357013,-71.06928900000003,True,Back Bay/Beacon Hill,wood manufacturing
3548,2019-06-17 16:30:00,,2023-06-17 16:23:00,Morphisec,corporation,11 Beacon ST,Boston,MA,2108,42.358382,-71.06162499999999,False,Back Bay/Beacon Hill,corporation
3549,2025-07-09 13:55:00,,2029-07-09 12:09:00,Mortgage Equity Partners,Mortgage Lending,44 School ST,Boston,MA,2108,42.357681,-71.05967800000002,True,Back Bay/Beacon Hill,mortgage lending
3550,2021-10-14 10:20:00,10/8/25 14:21,2029-10-08 14:16:00,Mother Juice,Restaurant,100 Hanover ST,Boston,MA,2108,42.362123,-71.05754000000002,True,Back Bay/Beacon Hill,restaurant
3551,2020-07-20 14:34:00,,2024-07-20 12:26:00,Motive Power Consulting,Consulting,44 School ST,Boston,MA,2108,42.357681,-71.05967800000002,False,Back Bay/Beacon Hill,consulting
3552,2025-08-29 13:44:00,,2029-08-29 13:11:00,Moxee,wireless communications services,44 School ST,Boston,MA,2108,42.357681,-71.05967800000002,True,Back Bay/Beacon Hill,wireless communications services
3553,2017-04-10 10:57:00,,,Moxie,Retail Sales,51 Charles ST,Boston,MA,2108,42.357559,-71.06998399999998,False,Back Bay/Beacon Hill,retail sales
3554,2017-08-29 08:30:00,6/30/23 12:28,2027-06-30 12:28:00,Mr. Gourmet,Mobile Concessions,0 Boston Common,Boston,MA,2108,42.35853729999999,-71.05838119999999,True,Back Bay/Beacon Hill,mobile concessions
3555,2016-03-23 00:00:00,2/6/24 12:00,2028-02-06 10:02:00,MRS ASSOCIATES,DEBT COLLECTION AGENCY,44 School ST,Boston,MA,2108,42.357681,-71.05967800000002,True,Back Bay/Beacon Hill,debt collection agency
3556,2022-11-08 13:33:00,,2026-11-08 13:11:00,Mt. Diablo Insurance Brokers,Insurance Agency Sales And Marketing License # 0F27222,44 School ST,Boston,MA,2108,42.357681,-71.05967800000002,True,Back Bay/Beacon Hill,insurance agency sales and marketing license # 0f27222
3557,2019-08-29 16:13:00,,2023-08-29 16:12:00,MTG IT Professionals,Telecommunication Services,44 School ST,Boston,MA,2108,42.357681,-71.05967800000002,False,Back Bay/Beacon Hill,telecommunication services
3558,2015-12-11 00:00:00,11/27/19 12:47,2023-11-27 12:10:00,MUNRO INSURANCE,INSURANCE SALES,44 School ST,Boston,MA,2108,42.357681,-71.05967800000002,False,Back Bay/Beacon Hill,insurance sales
3559,2013-03-26 00:00:00,,2017-03-26 00:00:00,MURAD JEWERLY,WITHDRAWAL (6/5/12),333 Washington ST,Boston,MA,2108,42.356857,-71.05908,False,Back Bay/Beacon Hill,withdrawal (6/5/12)
3560,2024-02-16 11:52:00,,2028-02-16 11:50:00,Mutual of Omaha Mortgage,Mortgage Lending,44 School ST,Boston,MA,2108,42.357681,-71.05967800000002,True,Back Bay/Beacon Hill,mortgage lending
3561,2018-10-03 11:34:00,,2022-10-03 11:34:00,Mutual of Omaha Mortgage,Mortgage Lending,44 School ST,Boston,MA,2108,42.357681,-71.05967800000002,False,Back Bay/Beacon Hill,mortgage lending
3562,2020-03-17 10:37:00,8/15/24 14:20,2028-08-15 11:10:00,Mutual of Omaha Reverse Mortgage,Mortgage lending,44 School ST,Boston,MA,2108,42.357681,-71.05967800000002,True,Back Bay/Beacon Hill,mortgage lending
3563,2019-07-16 14:50:00,,2023-07-16 14:10:00,MV Concert Series,Concert Promoter,45 School ST,Boston,MA,2108,42.358038,-71.05938800000001,False,Back Bay/Beacon Hill,concert promoter
3564,2024-09-04 12:22:00,,2028-09-04 10:51:00,My Equity Direct,Mortgage Lender,45 School ST,Boston,MA,2108,42.358038,-71.05938800000001,True,Back Bay/Beacon Hill,mortgage lender
3565,2022-10-14 15:12:00,,2026-10-14 14:33:00,My Mortgage Lender,Mortgage Lending and brokering,44 School ST,Boston,MA,2108,42.357681,-71.05967800000002,True,Back Bay/Beacon Hill,mortgage lending and brokering
3566,2023-05-24 13:14:00,,2027-05-24 13:11:00,MyMentor,Education Technology,100 Cambridge ST,Boston,MA,2108,42.360981,-71.06262400000003,True,Back Bay/Beacon Hill,education technology
3567,2018-08-30 11:51:00,,2022-08-30 11:50:00,myTomorrows,Technology,1 Beacon ST,Boston,MA,2108,42.358449,-71.060833,False,Back Bay/Beacon Hill,technology
3568,2025-01-09 15:36:00,,2029-01-09 15:32:00,n2y,Assistive Software Technology,24 School ST,Boston,MA,2108,42.357337,-71.05895299999997,True,Back Bay/Beacon Hill,assistive software technology
3569,2025-09-22 12:54:00,,2029-09-22 12:52:00,NAF Insurance,Insurance Agency,44 School ST,Boston,MA,2108,42.357681,-71.05967800000002,True,Back Bay/Beacon Hill,insurance agency
3570,2013-10-09 00:00:00,,2017-10-09 00:00:00,NAIL TIME,WITHDRAWAL (12/19/2011),61 Bromfield ST,Boston,MA,2108,42.357063,-71.06078100000002,False,Back Bay/Beacon Hill,withdrawal (12/19/2011)
3571,2022-08-11 14:22:00,,2026-08-11 13:43:00,Napier Law Office,Law Office,6 Beacon ST,Boston,MA,2108,42.358149,-71.06172300000003,True,Back Bay/Beacon Hill,law office
3572,2018-07-02 15:20:00,6/15/22 15:42,2026-06-15 11:00:00,National Pleasant Valley,Facilities Management,44 School ST,Boston,MA,2108,42.357681,-71.05967800000002,True,Back Bay/Beacon Hill,facilities management
3573,2021-03-01 15:06:00,2/24/25 16:23,2029-02-24 12:05:00,Nations Insurance Solutions,Insurance Sales/Marketing,44 School ST,Boston,MA,2108,42.357681,-71.05967800000002,True,Back Bay/Beacon Hill,insurance sales/marketing
3574,2019-05-31 13:15:00,,2023-05-31 13:13:00,Nationwide Acceptance,Consumer Sale Finance,44 School ST,Boston,MA,2108,42.357681,-71.05967800000002,False,Back Bay/Beacon Hill,consumer sale finance
3575,2020-10-02 10:25:00,4/10/25 13:23,2029-04-10 11:59:00,Nava Partners Insurance Solutions,insurance benefits brokerage,44 School ST,Boston,MA,2108,42.357681,-71.05967800000002,True,Back Bay/Beacon Hill,insurance benefits brokerage
3576,2023-03-31 13:29:00,,2027-03-31 12:07:00,Navan Group,Technology Services,44 School ST,Boston,MA,2108,42.357681,-71.05967800000002,True,Back Bay/Beacon Hill,technology services
3577,2019-01-14 10:54:00,,2023-01-14 10:52:00,Naysa Construction,Property Investments,1 Beacon ST,Boston,MA,2108,42.358449,-71.060833,False,Back Bay/Beacon Hill,property investments
3578,2022-03-30 14:11:00,,2026-03-30 10:26:00,NBBJ LP,Architecture design planning,1 Beacon ST,Boston,MA,2108,42.358449,-71.060833,False,Back Bay/Beacon Hill,architecture design planning
3579,2019-12-26 14:53:00,2/6/24 10:34,2028-02-06 10:31:00,Neem Medical Spa,Full Service Salon/Bar,24 North ST,Boston,MA,2108,42.360782,-71.05628899999999,True,Back Bay/Beacon Hill,full service salon/bar
3580,2022-10-26 10:24:00,,2026-10-26 10:10:00,Neil Brenton Arts & Entertainment,Insurance Agency,44 School ST,Boston,MA,2108,42.357681,-71.05967800000002,True,Back Bay/Beacon Hill,insurance agency
3581,2023-10-31 15:23:00,,2027-10-31 12:45:00,Nerdy Diva,"Consulting (Design, Tech)",24 School ST,Boston,MA,2108,42.357337,-71.05895299999997,True,Back Bay/Beacon Hill,"consulting (design, tech)"
3582,2017-12-27 11:29:00,12/23/21 9:57,2025-12-23 09:55:00,NESG Insurance Mergers & Acquisition Brokerage,Business Consultancy,41 Winter ST,Boston,MA,2108,42.356085,-71.06167600000003,False,Back Bay/Beacon Hill,business consultancy
3583,2022-04-05 15:55:00,,2026-04-05 15:50:00,NETTWERK MUSIC,MUSIC INDUSTRY-LABEL,44 School ST,Boston,MA,2108,42.357681,-71.05967800000002,False,Back Bay/Beacon Hill,music industry-label
3584,2018-02-16 09:44:00,3/18/22 12:45,2026-03-18 12:24:00,New Canaan Group,Financial Services,1 Boston PL,Boston,MA,2108,42.358537,-71.058381,False,Back Bay/Beacon Hill,financial services
3585,2019-11-21 09:21:00,,2023-11-21 09:19:00,New England Blood,Supplier of Blood and blood products as well conducting blood drives,28 State ST,Boston,MA,2108,42.359002,-71.05755299999998,False,Back Bay/Beacon Hill,supplier of blood and blood products as well conducting blood drives
3586,2015-09-21 00:00:00,9/11/23 11:39,2027-09-11 11:37:00,NEW ENGLAND CENTER AND HOME FOR VETERANS,NON PROFIT SOCIAL SERVICES,17 Court ST,Boston,MA,2108,42.359042,-71.05839200000003,True,Back Bay/Beacon Hill,non profit social services
3587,2022-08-11 11:21:00,,2026-08-11 11:19:00,New England Flooring,Flooring Installation,1 Washington MA,Boston,MA,2108,42.359466,-71.05834099999998,True,Back Bay/Beacon Hill,flooring installation
3588,2024-03-19 15:37:00,,2028-03-19 15:09:00,New England Outdoor Lighting,Installation of holiday lighting,45 School ST,Boston,MA,2108,42.358038,-71.05938800000001,True,Back Bay/Beacon Hill,installation of holiday lighting
3589,2024-02-12 14:32:00,,2028-02-12 14:25:00,New York Blood Center Enterprises,Non Profit Blood Center,28 State ST,Boston,MA,2108,42.359002,-71.05755299999998,True,Back Bay/Beacon Hill,non profit blood center
3590,2018-10-22 14:40:00,10/21/22 15:39,2026-10-21 13:26:00,NEWDAY HOME LOANS,MORTGAGE LENDING,44 School ST,Boston,MA,2108,42.357681,-71.05967800000002,True,Back Bay/Beacon Hill,mortgage lending
3591,2018-10-22 14:40:00,10/21/22 15:39,2026-10-21 13:22:00,NEWDAY USA,MORTGAGE LENDING,44 School ST,Boston,MA,2108,42.357681,-71.05967800000002,True,Back Bay/Beacon Hill,mortgage lending
3592,2020-12-31 12:39:00,12/31/24 15:35,2028-12-31 15:22:00,Newfi,residential mortgage lending,44 School ST,Boston,MA,2108,42.357681,-71.05967800000002,True,Back Bay/Beacon Hill,residential mortgage lending
3593,2025-03-19 11:16:00,,2029-03-19 11:13:00,Newfi Capital Partners,Residential Mortgage Lending,44 School ST,Boston,MA,2108,42.357681,-71.05967800000002,True,Back Bay/Beacon Hill,residential mortgage lending
3594,2020-12-31 12:39:00,12/31/24 15:35,2028-12-31 15:22:00,Newfi Lending,residential mortgage lending,44 School ST,Boston,MA,2108,42.357681,-71.05967800000002,True,Back Bay/Beacon Hill,residential mortgage lending
3595,2020-12-31 12:39:00,12/31/24 15:35,2028-12-31 15:23:00,Newfi Wholesale,residential mortgage lending,44 School ST,Boston,MA,2108,42.357681,-71.05967800000002,True,Back Bay/Beacon Hill,residential mortgage lending
3596,2019-03-21 12:22:00,,2023-03-21 12:20:00,Next Step Test Preparation,Test Preparation,44 School ST,Boston,MA,2108,42.357681,-71.05967800000002,False,Back Bay/Beacon Hill,test preparation
3597,2018-12-26 13:40:00,,2022-12-26 12:01:00,NFS Advantage Insurance Agency,Insurance Sales/Marketing,44 School ST,Boston,MA,2108,42.357681,-71.05967800000002,False,Back Bay/Beacon Hill,insurance sales/marketing
3598,2025-09-09 16:16:00,,2029-09-09 16:14:00,Ninawa Zero Waste Clothes,Zero Waste Clothes,12 Marshall ST,Boston,MA,2108,42.361478,-71.056896,True,Back Bay/Beacon Hill,zero waste clothes
3599,2025-08-19 14:11:00,,2029-08-19 14:09:00,Nine,Restaurant,9 Park ST,Boston,MA,2108,42.357641,-71.062906,True,Back Bay/Beacon Hill,restaurant
3600,2016-09-26 10:59:00,,,Nine Zero Hotel,Hotel,90 Tremont ST,Boston,MA,2108,42.35733,-71.06069300000001,False,Back Bay/Beacon Hill,hotel
3601,2019-04-25 12:09:00,,2023-04-25 10:37:00,NITCO Equipment Compant,Rental of Industrial Equipment,44 School ST,Boston,MA,2108,42.357681,-71.05967800000002,False,Back Bay/Beacon Hill,rental of industrial equipment
3602,2023-09-13 14:51:00,,2027-09-13 13:32:00,NITEL,telecom,44 School ST,Boston,MA,2108,42.357681,-71.05967800000002,True,Back Bay/Beacon Hill,telecom
3603,2022-11-18 13:27:00,,2026-11-18 13:15:00,NOF AMERICA Nichiyu,Sales of chemical products,1 Beacon ST,Boston,MA,2108,42.358449,-71.060833,True,Back Bay/Beacon Hill,sales of chemical products
3604,2021-05-03 15:34:00,,2025-05-03 14:20:00,Northeast Maintenance Services Group,office cleaning service,44 School ST,Boston,MA,2108,42.357681,-71.05967800000002,False,Back Bay/Beacon Hill,office cleaning service
3605,2024-05-16 15:06:00,,2028-05-16 15:03:00,NorthStar Mortgage Advisors,Mortgage and Finance,44 School ST,Boston,MA,2108,42.357681,-71.05967800000002,True,Back Bay/Beacon Hill,mortgage and finance
3606,2018-05-01 14:16:00,,2022-05-01 13:23:00,Northwestern Mutual Boston- Downtown,Insurance & Investments,1 Beacon ST,Boston,MA,2108,42.358449,-71.060833,False,Back Bay/Beacon Hill,insurance & investments
3607,2021-12-29 13:28:00,,2025-12-29 13:27:00,Notary Plus 3,Notary Services,1 Washington MA,Boston,MA,2108,42.359466,-71.05834099999998,False,Back Bay/Beacon Hill,notary services
3608,2022-10-27 09:19:00,,2026-10-27 09:14:00,Nuts Factory,Food Retail,62 Charles ST,Boston,MA,2108,42.357566,-71.07036399999998,True,Back Bay/Beacon Hill,food retail
3609,2024-02-12 14:31:00,,2028-02-12 14:28:00,NYBCe,Non Profit Blood Center,28 State ST,Boston,MA,2108,42.359002,-71.05755299999998,True,Back Bay/Beacon Hill,non profit blood center
3610,2018-11-20 14:12:00,,2022-11-20 14:11:00,Ocean State Innovations,Providing Textile Solutions,28 State ST,Boston,MA,2108,42.359002,-71.05755299999998,False,Back Bay/Beacon Hill,providing textile solutions
3611,2013-09-23 00:00:00,9/9/25 13:20,2029-09-09 12:25:00,"OGLETREE, DEAKINS, NASH, SMOAK & STEWART",LEGAL SERVICES,1 Boston PL,Boston,MA,2108,42.358537,-71.058381,True,Back Bay/Beacon Hill,legal services
3612,2026-01-12 12:43:00,,2030-01-12 12:41:00,Old Corner Christmas,Retail,11 School ST,Boston,MA,2108,42.357608,-71.05866100000003,True,Back Bay/Beacon Hill,retail
3613,2016-01-25 00:00:00,2/22/24 9:55,2028-02-22 09:51:00,OLIN CHLOR ALKALI PRODUCTS,CHEMICAL MANUFACTURING,18 Tremont ST,Boston,MA,2108,42.358831,-71.05967900000002,True,Back Bay/Beacon Hill,chemical manufacturing
3614,2023-03-08 09:50:00,,2027-03-08 09:45:00,OMNI PARKER HOUSE,HOTEL,60 School ST,Boston,MA,2108,42.357837,-71.06023600000003,True,Back Bay/Beacon Hill,hotel
3615,2015-08-06 00:00:00,10/22/19 12:37,2023-10-22 10:55:00,ONE GIG,RETAIL,1 Bromfield ST,Boston,MA,2108,42.35655,-71.05967299999998,False,Back Bay/Beacon Hill,retail
3616,2022-04-11 15:22:00,,2026-04-11 15:20:00,One Scott Alley,Short Term Rental,1 Scott AL,Boston,MA,2108,42.334317,-71.031901,False,Back Bay/Beacon Hill,short term rental
3617,2022-09-29 10:42:00,,2026-09-29 10:39:00,One Trust Home Loans,Residential Mortgage,44 School ST,Boston,MA,2108,42.357681,-71.05967800000002,True,Back Bay/Beacon Hill,residential mortgage
3618,2019-01-23 11:08:00,3/16/23 11:50,2027-03-16 11:43:00,O'Neill & Associates,Professional Services-Public Affirs & Governm. Relations,18 Tremont ST,Boston,MA,2108,42.358831,-71.05967900000002,True,Back Bay/Beacon Hill,professional services-public affirs & governm. relations
3619,2023-01-05 09:09:00,,2027-01-05 09:05:00,O'NEILL-GOLDMAN GROUP,Communications Firm,11 Beacon ST,Boston,MA,2108,42.358382,-71.06162499999999,True,Back Bay/Beacon Hill,communications firm
3620,2024-03-21 14:38:00,,2028-03-21 14:33:00,Open Systems Security Americas,IT Security Services,44 School ST,Boston,MA,2108,42.357681,-71.05967800000002,True,Back Bay/Beacon Hill,it security services
3621,2021-02-04 12:32:00,,2025-02-04 12:29:00,Optise,telecommunications,1 Boston PL,Boston,MA,2108,42.358537,-71.058381,False,Back Bay/Beacon Hill,telecommunications
3622,2020-09-29 13:53:00,9/20/24 10:56,2028-09-20 10:42:00,Origin Mortgage,Mortgage,45 School ST,Boston,MA,2108,42.358038,-71.05938800000001,True,Back Bay/Beacon Hill,mortgage
3623,2018-01-18 12:20:00,2/2/22 16:07,2026-02-02 10:12:00,Orion Lending,Mortgage Lending,44 School ST,Boston,MA,2108,42.357681,-71.05967800000002,False,Back Bay/Beacon Hill,mortgage lending
3624,2015-09-02 00:00:00,10/4/23 11:03,2027-10-04 11:00:00,ORPHEUM THEATER,THEATER,1 Hamilton PL,Boston,MA,2108,42.356232,-71.06081,True,Back Bay/Beacon Hill,theater
3625,2025-10-31 14:40:00,,2029-10-31 14:35:00,OSTRA,Restaurant,1 Charles ST,Boston,MA,2108,42.356412,-71.06926799999997,True,Back Bay/Beacon Hill,restaurant
3626,2022-02-15 10:52:00,,2026-02-15 10:41:00,OTTO ENVIRONMENTAL SYSTEMS,SALES/SERVICE OF TRASH CARTS,1 Winter ST,Boston,MA,2108,42.35559,-71.06052999999997,False,Back Bay/Beacon Hill,sales/service of trash carts
3627,2023-02-17 14:34:00,,2027-02-17 14:33:00,OUU Cosmetics,Online Skin and Hair Products,1 Washington MA,Boston,MA,2108,42.359466,-71.05834099999998,True,Back Bay/Beacon Hill,online skin and hair products
3628,2019-01-04 12:29:00,1/5/23 13:55,2027-01-05 13:48:00,Own Up,Mortgage Brokerage,21 Union ST,Boston,MA,2108,42.345377,-71.14808099999999,True,Back Bay/Beacon Hill,mortgage brokerage
3629,2019-03-07 09:58:00,4/27/23 14:53,2027-04-27 14:50:00,P.A.W. Foundation,Charity,22 Pinckney ST,Boston,MA,2108,42.358755,-71.06603000000001,True,Back Bay/Beacon Hill,charity
3630,2025-03-31 10:26:00,,2029-03-31 10:20:00,Paco Lighting,Sales Representation,14 Beacon ST,Boston,MA,2108,42.357863,-71.06244800000002,True,Back Bay/Beacon Hill,sales representation
3631,2025-08-29 13:45:00,,2029-08-29 13:16:00,Panda Mobile,wireless communications services,44 School ST,Boston,MA,2108,42.357681,-71.05967800000002,True,Back Bay/Beacon Hill,wireless communications services
3632,2016-02-19 00:00:00,4/4/24 16:04,2028-04-04 11:10:00,PARADIGM LIFE,INSURANCE SALES AND MARKETING,44 School ST,Boston,MA,2108,42.357681,-71.05967800000002,True,Back Bay/Beacon Hill,insurance sales and marketing
3633,2022-10-19 13:29:00,,2026-10-19 13:27:00,Parative,Software Development,41 Winter ST,Boston,MA,2108,42.356085,-71.06167600000003,True,Back Bay/Beacon Hill,software development
3634,2016-04-28 00:00:00,,2020-04-28 00:00:00,PARISHPAY,WITHDRAWAL 3/2/2016,44 School ST,Boston,MA,2108,42.357681,-71.05967800000002,False,Back Bay/Beacon Hill,withdrawal 3/2/2016
3635,2016-03-02 00:00:00,,2020-03-02 00:00:00,PARISHPAY,PAYMENT SERVICE PROVIDER,44 School ST,Boston,MA,2108,42.357681,-71.05967800000002,False,Back Bay/Beacon Hill,payment service provider
3636,2015-05-15 00:00:00,7/27/23 9:53,2027-07-27 09:51:00,PARKERS RESTAURANT,RESTAURANT,60 School ST,Boston,MA,2108,42.357837,-71.06023600000003,True,Back Bay/Beacon Hill,restaurant
3637,2020-08-21 13:21:00,10/31/24 16:22,2028-10-31 12:29:00,PARKHURST LAW OFFICES,LAW FIRM,1 Boston PL,Boston,MA,2108,42.358537,-71.058381,True,Back Bay/Beacon Hill,law firm
3638,2018-04-20 14:27:00,,2022-04-20 14:23:00,Patriot Lending,Mortgage Lender/Broker,44 School ST,Boston,MA,2108,42.357681,-71.05967800000002,False,Back Bay/Beacon Hill,mortgage lender/broker
3639,2021-02-12 10:22:00,4/9/25 15:35,2029-04-09 15:34:00,Paula Stookey Insurance,Insurance,67 Mount Vernon ST,Boston,MA,2108,42.358602,-71.06659100000002,True,Back Bay/Beacon Hill,insurance
3640,2019-06-27 13:18:00,,2023-06-27 10:53:00,PayQwick,Money Transmission,44 School ST,Boston,MA,2108,42.357681,-71.05967800000002,False,Back Bay/Beacon Hill,money transmission
3641,2024-09-27 11:28:00,,2028-09-27 11:15:00,PaySii,Fintech MSB Serving in the Remittance Area,44 School ST,Boston,MA,2108,42.357681,-71.05967800000002,True,Back Bay/Beacon Hill,fintech msb serving in the remittance area
3642,2026-03-13 16:41:00,,2030-03-13 08:15:00,PCM Lending,Mortgages,44 School ST,Boston,MA,2108,42.357681,-71.05967800000002,True,Back Bay/Beacon Hill,mortgages
3643,2025-10-02 14:01:00,,2029-10-02 12:49:00,PDC Rx,Pharmacy Benefit Manager,44 School ST,Boston,MA,2108,42.357681,-71.05967800000002,True,Back Bay/Beacon Hill,pharmacy benefit manager
3644,2023-03-21 14:36:00,,2027-03-21 12:05:00,PDM,Installation of Pods,44 School ST,Boston,MA,2108,42.357681,-71.05967800000002,True,Back Bay/Beacon Hill,installation of pods
3645,2014-12-04 00:00:00,1/24/19 12:56,2023-01-24 11:43:00,PEARLMAN LEGAL ENTERPRISES,LAW OFFICE,1 Boston PL,Boston,MA,2108,42.358537,-71.058381,False,Back Bay/Beacon Hill,law office
3646,2012-10-11 00:00:00,,2016-10-11 00:00:00,PEDRO'S TACOS,SMALL TAKE-OUT RESTAURANT,55 Bromfield ST,Boston,MA,2108,42.356991,-71.06069300000001,False,Back Bay/Beacon Hill,small take-out restaurant
3647,2016-02-02 00:00:00,,2020-02-02 00:00:00,PEDRO'S TACOS,WITHDRAWN (2/2/16),55 Bromfield ST,Boston,MA,2108,42.356991,-71.06069300000001,False,Back Bay/Beacon Hill,withdrawn (2/2/16)
3648,2017-03-21 12:10:00,,,Pedro's Tacos,Restaurant,55 Bromfield ST,Boston,MA,2108,42.356991,-71.06069300000001,False,Back Bay/Beacon Hill,restaurant
3649,2015-04-21 00:00:00,4/26/23 15:47,2027-04-26 15:39:00,PEG PROPERTIES MANAGEMENT,REAL ESTATE,22 Brimmer ST,Boston,MA,2108,42.358133,-71.071551,True,Back Bay/Beacon Hill,real estate
3650,2023-08-01 09:43:00,,2027-08-01 09:39:00,Peka Hohete Travel,Travel Agency,7 Marshall ST,Boston,MA,2108,42.361819,-71.05684100000002,True,Back Bay/Beacon Hill,travel agency
3651,2015-03-03 00:00:00,2/13/23 13:29,2027-02-13 13:26:00,PENTHOUSE PROPERTIES,REAL ESTATE,10 Franklin ST,Boston,MA,2108,42.35621,-71.05908,True,Back Bay/Beacon Hill,real estate
3652,2018-12-19 12:00:00,2/16/23 15:11,2027-02-16 15:03:00,Pet Benefit Solutions,Insurance Sales / Marketing,44 School ST,Boston,MA,2108,42.357681,-71.05967800000002,True,Back Bay/Beacon Hill,insurance sales / marketing
3653,2023-03-03 14:50:00,,2027-03-03 14:28:00,PGA Tour Superstore,Specialty Retail Golf & Tennis,1 Washington MA,Boston,MA,2108,42.359466,-71.05834099999998,True,Back Bay/Beacon Hill,specialty retail golf & tennis
3654,2024-05-03 16:07:00,,2028-05-03 16:06:00,Phil-Am Insurance Agency,Insurance agency brokerage,100 Cambridge ST,Boston,MA,2108,42.360981,-71.06262400000003,True,Back Bay/Beacon Hill,insurance agency brokerage
3655,2021-07-15 15:12:00,,2025-07-15 15:11:00,Pilent,executive producer services,44 School ST,Boston,MA,2108,42.357681,-71.05967800000002,False,Back Bay/Beacon Hill,executive producer services
3656,2021-05-21 12:31:00,5/29/25 11:34,2029-05-29 11:23:00,PISCES MASS BUSINESS SERVICES,OPERATIONS MANAGEMENT,45 School ST,Boston,MA,2108,42.358038,-71.05938800000001,True,Back Bay/Beacon Hill,operations management
3657,2014-04-22 00:00:00,,2018-04-22 00:00:00,PIZZERRA RICO,WITHDRAWAL (5/22/12),32 Bromfield ST,Boston,MA,2108,42.356662,-71.06028900000001,False,Back Bay/Beacon Hill,withdrawal (5/22/12)
3658,2014-05-14 00:00:00,3/11/26 11:02,2030-03-11 11:00:00,PLATINUM STUDIO BY Z,JEWELRY RETAIL AND MANUFACTURING,333 Washington ST,Boston,MA,2108,42.356857,-71.05908,True,Back Bay/Beacon Hill,jewelry retail and manufacturing
3659,2019-01-15 13:31:00,,2023-01-15 13:30:00,Player One Amusement Group,Arcade Amusement Machines,44 School ST,Boston,MA,2108,42.357681,-71.05967800000002,False,Back Bay/Beacon Hill,arcade amusement machines
3660,2021-03-05 13:09:00,3/14/25 16:19,2029-03-14 16:17:00,Pokadot APL,Consultant,45 School ST,Boston,MA,2108,42.358038,-71.05938800000001,True,Back Bay/Beacon Hill,consultant
3661,2025-08-29 13:43:00,,2029-08-29 13:15:00,Polar Mobile,wireless communications services,44 School ST,Boston,MA,2108,42.357681,-71.05967800000002,True,Back Bay/Beacon Hill,wireless communications services
3662,2016-04-13 00:00:00,4/13/20 14:18,2024-04-13 13:09:00,PONTUAL MONEY TRANSFER,MONEY TRANSMITTER,44 School ST,Boston,MA,2108,42.357681,-71.05967800000002,False,Back Bay/Beacon Hill,money transmitter
3663,2019-06-03 15:43:00,7/19/23 14:28,2027-07-19 14:24:00,Power 10 Advisory Partners,Financial & Insurance Planning,1 Beacon ST,Boston,MA,2108,42.358449,-71.060833,True,Back Bay/Beacon Hill,financial & insurance planning
3664,2025-08-04 17:07:00,,2029-08-04 17:06:00,POWERCAP FUNDING,mortgage lending service,44 School ST,Boston,MA,2108,42.357681,-71.05967800000002,True,Back Bay/Beacon Hill,mortgage lending service
3665,2025-01-23 16:17:00,,2029-01-23 16:13:00,PowerPay Home Loans,Financial Services / Mortgage Lending,44 School ST,Boston,MA,2108,42.357681,-71.05967800000002,True,Back Bay/Beacon Hill,financial services / mortgage lending
3666,2022-04-27 14:56:00,,2026-04-27 11:00:00,Prairie Land Professional Services,Engineering Consulting Services,45 School ST,Boston,MA,2108,42.358038,-71.05938800000001,True,Back Bay/Beacon Hill,engineering consulting services
3667,2022-06-10 12:40:00,,2026-06-10 12:31:00,PRECISION CORPORATE SERVICES,REGISTERED AGENT SERVICES,44 School ST,Boston,MA,2108,42.357681,-71.05967800000002,True,Back Bay/Beacon Hill,registered agent services
3668,2020-01-14 14:42:00,,2024-01-14 14:41:00,PRECISION HEALTH ECONOMICS & OUTCOMES RESEARCH,Life Science Speciality Services,101 Tremont ST,Boston,MA,2108,42.357221,-71.061036,False,Back Bay/Beacon Hill,life science speciality services
3669,2018-03-02 13:31:00,2/13/26 13:17,2030-02-13 12:41:00,PRECISION PROFESSIONAL INSTALLERS,MILLWORK INSTALATION,44 School ST,Boston,MA,2108,42.357681,-71.05967800000002,True,Back Bay/Beacon Hill,millwork instalation
3670,2019-09-11 14:50:00,,2023-09-11 14:49:00,Precision Xtract,Life Science Specialty Services,101 Tremont ST,Boston,MA,2108,42.357221,-71.061036,False,Back Bay/Beacon Hill,life science specialty services
3671,2024-03-19 15:37:00,,2028-03-19 15:17:00,Premier Lighting of New England,Installation of holiday lighting,45 School ST,Boston,MA,2108,42.358038,-71.05938800000001,True,Back Bay/Beacon Hill,installation of holiday lighting
3672,2026-01-29 13:29:00,,2030-01-29 13:09:00,Premium Prep,College Counseling,44 School ST,Boston,MA,2108,42.357681,-71.05967800000002,True,Back Bay/Beacon Hill,college counseling
3673,2026-01-29 13:30:00,,2030-01-29 13:12:00,Premium Prep College Counseling,College Counseling,44 School ST,Boston,MA,2108,42.357681,-71.05967800000002,True,Back Bay/Beacon Hill,college counseling
3674,2018-06-22 12:21:00,6/2/22 13:36,2026-06-02 10:35:00,Presley Law,Arbitrator,1 Boston PL,Boston,MA,2108,42.358537,-71.058381,True,Back Bay/Beacon Hill,arbitrator
3675,2023-12-08 15:12:00,,2027-12-08 15:09:00,PRIMO WATER NORTH AMERICA,BOTTLED WATER PROVIDER,44 School ST,Boston,MA,2108,42.357681,-71.05967800000002,True,Back Bay/Beacon Hill,bottled water provider
3676,2022-06-09 15:22:00,,2026-06-09 15:16:00,Prince Parker & Associates,Collection Agency,45 School ST,Boston,MA,2108,42.358038,-71.05938800000001,True,Back Bay/Beacon Hill,collection agency
3677,2023-12-29 15:27:00,,2027-12-29 11:57:00,Principle Lending,Mortgage Origination,44 School ST,Boston,MA,2108,42.357681,-71.05967800000002,True,Back Bay/Beacon Hill,mortgage origination
3678,2023-06-02 10:51:00,,2027-06-02 08:56:00,Private Client Insurance,Insurance Sales/Marketing,44 School ST,Boston,MA,2108,42.357681,-71.05967800000002,True,Back Bay/Beacon Hill,insurance sales/marketing
3679,2025-12-01 16:14:00,,2029-12-01 15:49:00,Proact PBM,Pharmacy Benefit Manager,44 School ST,Boston,MA,2108,42.357681,-71.05967800000002,True,Back Bay/Beacon Hill,pharmacy benefit manager
3680,2021-08-26 14:51:00,8/27/25 14:23,2029-08-27 14:03:00,Professional Credit Service,Third Party Debt Collection,44 School ST,Boston,MA,2108,42.357681,-71.05967800000002,True,Back Bay/Beacon Hill,third party debt collection
3681,2017-08-24 13:37:00,3/9/22 11:26,2026-03-09 11:22:00,PROFESSIONAL PHYSICAL THERAPY,PHYSICAL THERAPY,44 School ST,Boston,MA,2108,42.357681,-71.05967800000002,False,Back Bay/Beacon Hill,physical therapy
3682,2014-04-29 00:00:00,5/1/18 14:18,2022-05-01 13:05:00,PROJECT R & R RELEASE AND RESTITUTION FOR CHIMPANZEES IN US,NOT FOR PROFIT,333 Washington ST,Boston,MA,2108,42.356857,-71.05908,False,Back Bay/Beacon Hill,not for profit
3683,2024-01-22 14:17:00,,2028-01-22 12:36:00,Project Solutions International,Property Management,44 School ST,Boston,MA,2108,42.357681,-71.05967800000002,True,Back Bay/Beacon Hill,property management
3684,2024-12-18 10:06:00,,2028-12-18 09:43:00,Prosper Network,Marketing Services,44 School ST,Boston,MA,2108,42.357681,-71.05967800000002,True,Back Bay/Beacon Hill,marketing services
3685,2014-06-09 00:00:00,6/18/18 13:58,2022-06-18 12:21:00,PSAV PRESENTATION SERVICES #3552,RENTAL OF AUDIO VISUAL EQUIPME,26 North ST,Boston,MA,2108,42.36270734749609,-71.05406271108973,False,Back Bay/Beacon Hill,rental of audio visual equipme
3686,2023-09-28 14:27:00,,2027-09-28 14:03:00,PURE FINANCE GROUP,INDIRECT HOME IMPROVEMENT LENDING,45 School ST,Boston,MA,2108,42.358038,-71.05938800000001,True,Back Bay/Beacon Hill,indirect home improvement lending
3687,2018-08-31 15:12:00,,2022-08-31 15:12:00,Purpleheart Cafe,Cafe,25 Sudbury ST,Boston,MA,2108,42.361337,-71.05936099999997,False,Back Bay/Beacon Hill,cafe
3688,2015-05-29 00:00:00,3/22/23 13:39,2027-03-22 13:38:00,QMEDIC,MEDICAL ALERT DEVICE,44 School ST,Boston,MA,2108,42.357681,-71.05967800000002,True,Back Bay/Beacon Hill,medical alert device
3689,2021-08-26 16:13:00,11/20/25 9:38,2029-11-10 00:00:00,Q's Nuts,retail specialty food,100 Hanover ST,Boston,MA,2108,42.362123,-71.05754000000002,True,Back Bay/Beacon Hill,retail specialty food
3690,2016-03-14 00:00:00,3/2/20 12:39,2024-03-02 11:54:00,R + D ALBERT,PEARL AND BEAD STRINGING,333 Washington ST,Boston,MA,2108,42.356857,-71.05908,False,Back Bay/Beacon Hill,pearl and bead stringing
3691,2018-05-14 12:49:00,,2022-05-14 12:41:00,R+DI,Marketing and Consulting,100 Cambridge ST,Boston,MA,2108,42.360981,-71.06262400000003,False,Back Bay/Beacon Hill,marketing and consulting
3692,2025-09-05 13:55:00,,2029-09-05 13:28:00,Rago Insurance Agency,Insurance Agency,44 School ST,Boston,MA,2108,42.357681,-71.05967800000002,True,Back Bay/Beacon Hill,insurance agency
3693,2017-05-10 15:21:00,,,Ramirez Immigration Law,Legal Services,6 Beacon ST,Boston,MA,2108,42.358149,-71.06172300000003,False,Back Bay/Beacon Hill,legal services
3694,2018-11-19 14:12:00,,2022-11-19 13:38:00,RAY'S CARPENTRY & HOME IMPROVEMENT,CONTRACTOR,44 School ST,Boston,MA,2108,42.357681,-71.05967800000002,False,Back Bay/Beacon Hill,contractor
3695,2015-01-26 00:00:00,12/1/22 11:08,2026-12-01 11:08:00,RAY'S TOBACCO,CONVENIENCE STORE,57 Court ST,Boston,MA,2108,42.359307,-71.05904099999998,True,Back Bay/Beacon Hill,convenience store
3696,2018-05-14 12:49:00,,2022-05-14 12:40:00,RDI,Marketing and Consulting,100 Cambridge ST,Boston,MA,2108,42.360981,-71.06262400000003,False,Back Bay/Beacon Hill,marketing and consulting
3697,2018-05-14 12:49:00,,2022-05-14 12:43:00,RDI - Research Data Insights,Marketing and Consulting,100 Cambridge ST,Boston,MA,2108,42.360981,-71.06262400000003,False,Back Bay/Beacon Hill,marketing and consulting
3698,2023-04-03 14:00:00,,2027-04-03 13:07:00,Rebion,medical device company,100 Cambridge ST,Boston,MA,2108,42.360981,-71.06262400000003,True,Back Bay/Beacon Hill,medical device company
3699,2023-06-06 12:21:00,,2027-06-06 12:18:00,Recycling & Waste Equipment Division,Industrial Manufacturer of Recycling Equipment,44 School ST,Boston,MA,2108,42.357681,-71.05967800000002,True,Back Bay/Beacon Hill,industrial manufacturer of recycling equipment
3700,2021-09-09 13:30:00,8/22/25 13:03,2029-08-22 12:13:00,Red Apple Farm,Retail Stall @ Boston Public Market,100 Hanover ST,Boston,MA,2108,42.362123,-71.05754000000002,True,Back Bay/Beacon Hill,retail stall @ boston public market
3701,2022-02-25 15:42:00,,2026-02-25 10:28:00,Refresh Physical Therapy,Physical Therapy Services,45 School ST,Boston,MA,2108,42.358038,-71.05938800000001,False,Back Bay/Beacon Hill,physical therapy services
3702,2017-01-18 12:03:00,,,REGENCY MORTGAGE,CREATE MORTGAGES,44 School ST,Boston,MA,2108,42.357681,-71.05967800000002,False,Back Bay/Beacon Hill,create mortgages
3703,2018-07-05 11:35:00,,2022-07-05 11:28:00,RELM Wireless,Wireless,44 School ST,Boston,MA,2108,42.357681,-71.05967800000002,False,Back Bay/Beacon Hill,wireless
3704,2018-06-26 16:04:00,12/28/22 12:08,2026-12-28 11:51:00,remit2india,Money Transmitter,44 School ST,Boston,MA,2108,42.357681,-71.05967800000002,True,Back Bay/Beacon Hill,money transmitter
3705,2022-08-23 14:11:00,,2026-08-23 10:28:00,ReNew Debt Relief,Debt Settlement,45 School ST,Boston,MA,2108,42.358038,-71.05938800000001,True,Back Bay/Beacon Hill,debt settlement
3706,2016-03-02 00:00:00,,2020-03-02 00:00:00,RENTPAYMENT,PAYMENT SERVICE PROVIDER,44 School ST,Boston,MA,2108,42.357681,-71.05967800000002,False,Back Bay/Beacon Hill,payment service provider
3707,2016-04-28 00:00:00,,2020-04-28 00:00:00,RENTPAYMENT,WITHDRAWAL 3/2/2016,44 School ST,Boston,MA,2108,42.357681,-71.05967800000002,False,Back Bay/Beacon Hill,withdrawal 3/2/2016
3708,2018-05-14 12:49:00,,2022-05-14 12:39:00,Research and Data Insights,Marketing and Consulting,100 Cambridge ST,Boston,MA,2108,42.360981,-71.06262400000003,False,Back Bay/Beacon Hill,marketing and consulting
3709,2018-05-14 12:49:00,,2022-05-14 12:44:00,Research Data Insights,Marketing and Consulting,100 Cambridge ST,Boston,MA,2108,42.360981,-71.06262400000003,False,Back Bay/Beacon Hill,marketing and consulting
3710,2018-05-14 12:49:00,,2022-05-14 12:38:00,Research+Data Insights,Marketing and Consulting,100 Cambridge ST,Boston,MA,2108,42.360981,-71.06262400000003,False,Back Bay/Beacon Hill,marketing and consulting
3711,2021-12-07 12:36:00,,2025-12-07 12:29:00,RESICORRESPONDENT,MORTGAGE LENDER,44 School ST,Boston,MA,2108,42.357681,-71.05967800000002,False,Back Bay/Beacon Hill,mortgage lender
3712,2023-05-16 13:46:00,,2027-05-16 13:43:00,RethinkingDebt.org,Debt Adjuster,44 School ST,Boston,MA,2108,42.357681,-71.05967800000002,True,Back Bay/Beacon Hill,debt adjuster
3713,2021-05-17 15:29:00,6/12/25 14:46,2029-06-12 10:40:00,Revecore,Medical Account biling,45 School ST,Boston,MA,2108,42.358038,-71.05938800000001,True,Back Bay/Beacon Hill,medical account biling
3714,2024-04-24 16:03:00,,2028-04-24 13:48:00,RFx Anatomical Solutions,Provide anatomical specimens and solutions,44 School ST,Boston,MA,2108,42.357681,-71.05967800000002,True,Back Bay/Beacon Hill,provide anatomical specimens and solutions
3715,2019-04-29 12:41:00,,2023-04-29 12:41:00,Rhode Island Blood Center,Supplier of Blood & Blood Products/Blood Drives,28 State ST,Boston,MA,2108,42.359002,-71.05755299999998,False,Back Bay/Beacon Hill,supplier of blood & blood products/blood drives
3716,2019-03-18 09:31:00,4/24/23 13:57,2027-04-24 11:11:00,Richard Gray Cabinetmaker,Cabinetmaking,37 Beacon ST,Boston,MA,2108,42.357256,-71.065696,True,Back Bay/Beacon Hill,cabinetmaking
3717,2021-03-22 15:15:00,6/2/25 11:00,2029-06-02 10:58:00,Rightpoint,Global Experience Agency,1 Beacon ST,Boston,MA,2108,42.358449,-71.060833,True,Back Bay/Beacon Hill,global experience agency
3718,2017-01-18 12:00:00,,,RMC WHOLESALE,MORTGAGE LENDING,44 School ST,Boston,MA,2108,42.357681,-71.05967800000002,False,Back Bay/Beacon Hill,mortgage lending
3719,2021-06-25 14:01:00,,2025-06-25 13:40:00,RMP,Collection Agency,45 School ST,Boston,MA,2108,42.358038,-71.05938800000001,False,Back Bay/Beacon Hill,collection agency
3720,2016-03-30 00:00:00,2/25/20 16:11,2024-02-25 14:15:00,ROADVANTAGE BG,PROVIDES PRODUCTS AND SERVICES,44 School ST,Boston,MA,2108,42.357681,-71.05967800000002,False,Back Bay/Beacon Hill,provides products and services
3721,2024-11-06 16:09:00,,2028-11-06 16:08:00,RockData,Data Solutions Consulting,24 School ST,Boston,MA,2108,42.357337,-71.05895299999997,True,Back Bay/Beacon Hill,data solutions consulting
3722,2015-10-23 00:00:00,9/28/23 13:28,2027-09-28 11:31:00,ROCKLAND TRUST LEASING,EQUIPMENT LEASE FINANCING,44 School ST,Boston,MA,2108,42.357681,-71.05967800000002,True,Back Bay/Beacon Hill,equipment lease financing
3723,2013-09-11 00:00:00,7/31/25 14:33,2029-07-31 14:30:00,ROMANOVSKY LAW OFFICES,LEGAL SERVICES,12 Marshall ST,Boston,MA,2108,42.361478,-71.056896,True,Back Bay/Beacon Hill,legal services
3724,2015-03-13 00:00:00,6/30/23 15:57,2027-06-30 11:22:00,ROOMESCAPERS,SOCIAL ENTERTAINMENT,7 Marshall ST,Boston,MA,2108,42.361819,-71.05684100000002,True,Back Bay/Beacon Hill,social entertainment
3725,2019-02-26 10:51:00,,2023-02-26 10:49:00,RoomEscapers,Social Entertainment,3 School ST,Boston,MA,2108,42.357524,-71.05846600000001,False,Back Bay/Beacon Hill,social entertainment
3726,2023-08-24 09:21:00,,2027-08-24 09:18:00,Roupen's Setting,Diamond Setting,333 Washington ST,Boston,MA,2108,42.356857,-71.05908,True,Back Bay/Beacon Hill,diamond setting
3727,2019-09-06 14:42:00,,2023-09-06 14:39:00,Roxanne's,Restaurant,6 Beacon ST,Boston,MA,2108,42.358149,-71.06172300000003,False,Back Bay/Beacon Hill,restaurant
3728,2019-01-24 14:40:00,,2023-01-24 13:44:00,Roy Mark Cruthird,Trust Management,3 Pemberton SQ,Boston,MA,2108,42.359214,-71.06111799999996,False,Back Bay/Beacon Hill,trust management
3729,2019-01-24 14:41:00,,2023-01-24 13:41:00,Roy Mark Cruthird II,Trust Management,3 Pemberton SQ,Boston,MA,2108,42.359214,-71.06111799999996,False,Back Bay/Beacon Hill,trust management
3730,2015-11-23 00:00:00,10/25/23 13:37,2027-10-25 11:54:00,ROYAL THAI CONSULATE OF THAILAND,HONORARY CONSULATE OF THAILAND,41 Union ST,Boston,MA,2108,42.361271,-71.05689100000001,True,Back Bay/Beacon Hill,honorary consulate of thailand
3731,2023-01-13 10:51:00,,2027-01-13 10:49:00,RSJB Consulting,Consulting Services,0 Beacon ST,Boston,MA,2108,42.346561487403456,-71.10672699909975,True,Back Bay/Beacon Hill,consulting services
3732,2016-07-14 14:16:00,7/17/20 14:38,2024-07-17 12:41:00,RUTH'S CHRIS STEAK HOUSE,RESTAURANT,45 School ST,Boston,MA,2108,42.358038,-71.05938800000001,False,Back Bay/Beacon Hill,restaurant
3733,2024-08-12 17:02:00,,2028-08-12 16:58:00,Ruth's Chris Steakhouse #7332,Full-Services Restaurant,45 School ST,Boston,MA,2108,42.358038,-71.05938800000001,True,Back Bay/Beacon Hill,full-services restaurant
3734,2019-03-25 13:36:00,,2023-03-25 13:35:00,RVI Planning + Landscape Architecture,Land Planning and Landscapie Architechture,45 School ST,Boston,MA,2108,42.358038,-71.05938800000001,False,Back Bay/Beacon Hill,land planning and landscapie architechture
3735,2026-03-02 14:24:00,,2030-03-02 14:23:00,Ryo Hotta,Education Consulting,100 Cambridge ST,Boston,MA,2108,42.360981,-71.06262400000003,True,Back Bay/Beacon Hill,education consulting
3736,2025-03-03 12:19:00,,2029-03-03 12:05:00,Sage Mortgage,Residential Mortgage Lender/Servicer,44 School ST,Boston,MA,2108,42.357681,-71.05967800000002,True,Back Bay/Beacon Hill,residential mortgage lender/servicer
3737,2021-08-19 10:39:00,7/18/25 15:45,2029-07-18 15:42:00,Salsa's Mexican Grill,Restaurant,417 Washington ST,Boston,MA,2108,42.355796,-71.06034799999998,True,Back Bay/Beacon Hill,restaurant
3738,2017-10-16 15:31:00,9/12/25 9:50,2029-09-12 09:49:00,Sam LaGrassa's,Restaurant,27 Province ST,Boston,MA,2108,42.357057,-71.06017099999997,True,Back Bay/Beacon Hill,restaurant
3739,2022-12-22 14:22:00,,2026-12-22 14:21:00,Sandz Carribean Music Festival,Entertainment,1 Washington MA,Boston,MA,2108,42.359466,-71.05834099999998,True,Back Bay/Beacon Hill,entertainment
3740,2025-04-22 14:13:00,,2029-04-22 12:59:00,Sara Campbell,Women's Retail Clothing,84 Chestnut ST,Boston,MA,2108,42.35686,-71.07015000000001,True,Back Bay/Beacon Hill,women's retail clothing
3741,2014-09-22 00:00:00,8/10/22 14:25,2026-08-10 11:38:00,SARKU JAPAN,PANESE F AST FOOD RETAIL,417 Washington ST,Boston,MA,2108,42.355796,-71.06034799999998,True,Back Bay/Beacon Hill,panese f ast food retail
3742,2022-12-09 15:12:00,,2026-12-09 12:33:00,Sarver Wireless,Telecommunications,44 School ST,Boston,MA,2108,42.357681,-71.05967800000002,True,Back Bay/Beacon Hill,telecommunications
3743,2016-04-11 00:00:00,3/21/24 14:10,2028-03-21 14:08:00,SAUS BOSTON,RESTAURANT,33 Union ST,Boston,MA,2108,42.362902,-71.18755899999996,True,Back Bay/Beacon Hill,restaurant
3744,2023-10-05 11:11:00,,2027-10-05 11:08:00,Savi Home Loans,Residential Mortgage,44 School ST,Boston,MA,2108,42.357681,-71.05967800000002,True,Back Bay/Beacon Hill,residential mortgage
3745,2025-12-01 14:37:00,,2029-12-01 14:36:00,Scholars,Resturant,25 School ST,Boston,MA,2108,42.357664,-71.059008,True,Back Bay/Beacon Hill,resturant
3746,2025-07-21 16:40:00,,2029-07-21 16:16:00,School Street CoffeeHouse,Retail Gift Shop,60 School ST,Boston,MA,2108,42.357837,-71.06023600000003,True,Back Bay/Beacon Hill,retail gift shop
3747,2020-09-15 13:17:00,9/17/24 16:07,2028-09-17 13:58:00,School Street Coffeehouse,Retail gift shop,60 School ST,Boston,MA,2108,42.357837,-71.06023600000003,True,Back Bay/Beacon Hill,retail gift shop
3748,2019-06-28 14:09:00,6/9/23 11:46,2027-06-09 11:10:00,Sconset Wealth Management,Wealth Management,1 Beacon ST,Boston,MA,2108,42.358449,-71.060833,True,Back Bay/Beacon Hill,wealth management
3749,2023-08-23 09:32:00,,2027-08-23 09:24:00,Scott Dunn,Travel Agency,41 Winter ST,Boston,MA,2108,42.356085,-71.06167600000003,True,Back Bay/Beacon Hill,travel agency
3750,2020-01-22 13:40:00,,2024-01-22 13:38:00,Scott Horsley,Short-Term Rental,39 Chestnut ST,Boston,MA,2108,42.357465,-71.06838900000002,False,Back Bay/Beacon Hill,short-term rental
3751,2025-05-14 11:18:00,,2029-05-14 11:16:00,Security First Financial,Mortgage Lending,44 School ST,Boston,MA,2108,42.357681,-71.05967800000002,True,Back Bay/Beacon Hill,mortgage lending
3752,2024-02-14 11:05:00,,2028-02-14 10:49:00,SELECT JEWELERS,Jewelry Repair,333 Washington ST,Boston,MA,2108,42.356857,-71.05908,True,Back Bay/Beacon Hill,jewelry repair
3753,2021-08-20 14:16:00,11/24/25 14:54,2029-11-24 14:52:00,Sentionix,Consulting And Computer Resale,15 Court SQ,Boston,MA,2108,42.358242,-71.05865900000003,True,Back Bay/Beacon Hill,consulting and computer resale
3754,2018-06-18 14:52:00,2/14/23 15:00,2027-02-14 14:59:00,Serge's Fine Jewelry,Jewelry Sales,333 Washington ST,Boston,MA,2108,42.356857,-71.05908,True,Back Bay/Beacon Hill,jewelry sales
3755,2016-04-12 00:00:00,8/8/24 12:24,2028-08-08 12:23:00,SERJEO,JEWELRY AND REPAIR,333 Washington ST,Boston,MA,2108,42.356857,-71.05908,True,Back Bay/Beacon Hill,jewelry and repair
3756,2021-04-09 14:37:00,6/18/25 16:02,2006-04-15 00:00:00,SFone Wireless,telecom,44 School ST,Boston,MA,2108,42.357681,-71.05967800000002,False,Back Bay/Beacon Hill,telecom
3757,2026-01-23 14:35:00,,2030-01-23 14:33:00,Shake Shack,Restaurant,322 Washington ST,Boston,MA,2108,42.356845,-71.058695,True,Back Bay/Beacon Hill,restaurant
3758,2016-12-27 10:52:00,2/29/24 15:46,2028-02-29 14:58:00,Shirinian Bros,diamond setting,333 Washington ST,Boston,MA,2108,42.356857,-71.05908,True,Back Bay/Beacon Hill,diamond setting
3759,2015-07-21 00:00:00,7/5/23 15:25,2027-07-05 15:24:00,SHOMALI & RICHMOND OPTOMETRISTS,Eye Doctor Office,18 Tremont ST,Boston,MA,2108,42.358831,-71.05967900000002,True,Back Bay/Beacon Hill,eye doctor office
3760,2025-07-28 10:00:00,,2029-07-28 09:57:00,Shortt Stuff Studios,Multimedia,93 Beacon ST,Boston,MA,2108,42.355812,-71.07241599999998,True,Back Bay/Beacon Hill,multimedia
3761,2014-04-23 00:00:00,3/28/18 12:39,2022-03-28 12:39:00,SIDEBAR FOOD & SPIRITS,RESTAURANT AND BAR,4 Bromfield ST,Boston,MA,2108,42.356455,-71.05987600000003,False,Back Bay/Beacon Hill,restaurant and bar
3762,2024-10-23 16:38:00,,2028-10-23 16:37:00,Sight Sphere,Career Consulting and Coaching Services,45 Province ST,Boston,MA,2108,42.357198,-71.05994099999998,True,Back Bay/Beacon Hill,career consulting and coaching services
3763,2016-07-12 16:05:00,,,Silvertone Bar & Grill,Restaurant,69 Bromfield ST,Boston,MA,2108,42.357123,-71.06092799999999,False,Back Bay/Beacon Hill,restaurant
3764,2021-05-25 13:43:00,,2025-05-25 13:39:00,SIMPLIST,MORTGAGE LENDING,44 School ST,Boston,MA,2108,42.357681,-71.05967800000002,False,Back Bay/Beacon Hill,mortgage lending
3765,2017-04-03 14:19:00,4/2/21 14:00,2025-04-02 09:31:00,SingleCare Administrators,Insurance,44 School ST,Boston,MA,2108,42.357681,-71.05967800000002,False,Back Bay/Beacon Hill,insurance
3766,2019-06-07 09:25:00,6/6/23 13:52,2027-06-06 13:50:00,Sirius Bijoux,Jewelry,333 Washington ST,Boston,MA,2108,42.356857,-71.05908,True,Back Bay/Beacon Hill,jewelry
3767,2018-03-16 10:16:00,3/4/26 10:44,2030-03-04 10:42:00,Skin Mastery,Skin Care,100 Cambridge ST,Boston,MA,2108,42.360981,-71.06262400000003,True,Back Bay/Beacon Hill,skin care
3768,2016-04-11 00:00:00,7/12/24 15:55,2028-07-12 15:54:00,SKYLIGHT JEWELERS,JEWELRY & ART,44 School ST,Boston,MA,2108,42.357681,-71.05967800000002,True,Back Bay/Beacon Hill,jewelry & art
3769,2025-11-17 14:33:00,,2029-11-17 10:11:00,Skywire Networks,Telecommunications,44 School ST,Boston,MA,2108,42.357681,-71.05967800000002,True,Back Bay/Beacon Hill,telecommunications
3770,2021-02-25 14:55:00,,2025-02-25 14:31:00,SLOANE PARTNERS,CONSULTANT,152 Mount Vernon ST,Boston,MA,2108,42.35741,-71.07156099999997,False,Back Bay/Beacon Hill,consultant
3771,2018-11-20 12:12:00,,2022-11-20 11:41:00,Smile Software,Software,44 School ST,Boston,MA,2108,42.357681,-71.05967800000002,False,Back Bay/Beacon Hill,software
3772,2017-12-19 11:52:00,12/12/25 16:04,2029-12-12 14:15:00,SnapCap,Financial Website,44 School ST,Boston,MA,2108,42.357681,-71.05967800000002,True,Back Bay/Beacon Hill,financial website
3773,2026-03-19 14:51:00,,2030-03-19 14:44:00,So Rooted in Electrolysis,Electrolysis Services,8 City Hall AV,Boston,MA,2108,-30.305106704525198,153.12020431624603,True,Back Bay/Beacon Hill,electrolysis services
3774,2022-09-09 13:29:00,,2026-09-09 12:57:00,Sodexo Live!,Food & Beverage Provider,1 Hamilton PL,Boston,MA,2108,42.356232,-71.06081,True,Back Bay/Beacon Hill,food & beverage provider
3775,2023-03-13 13:56:00,,2027-03-13 13:22:00,Solaris Diagnostics,Diagnostic Lab Services,45 School ST,Boston,MA,2108,42.358038,-71.05938800000001,True,Back Bay/Beacon Hill,diagnostic lab services
3776,2022-12-05 14:00:00,,2026-12-05 12:45:00,Solve Mortgage,Financial Services / Mortgage Lending,44 School ST,Boston,MA,2108,42.357681,-71.05967800000002,True,Back Bay/Beacon Hill,financial services / mortgage lending
3777,2022-08-24 14:56:00,,2026-08-24 14:55:00,Soothing Soul Soothing Souls,Wellness Center,1 Washington Mall,Boston,MA,2108,42.359466,-71.05834099999998,True,Back Bay/Beacon Hill,wellness center
3778,2025-09-24 15:09:00,,2029-09-24 15:06:00,Sound Planning Communications,"Audio, video lighting integrator",45 School ST,Boston,MA,2108,42.358038,-71.05938800000001,True,Back Bay/Beacon Hill,"audio, video lighting integrator"
3779,2025-01-29 15:18:00,,2029-01-29 15:17:00,SpeechByCC,Speech Therapy Services,2 Joy ST,Boston,MA,2108,42.357967,-71.06534099999999,True,Back Bay/Beacon Hill,speech therapy services
3780,2024-10-24 15:13:00,,2028-10-24 15:12:00,Splash Sports,Fantasy sports contest operator,44 School ST,Boston,MA,2108,42.357681,-71.05967800000002,True,Back Bay/Beacon Hill,fantasy sports contest operator
3781,2022-08-17 14:37:00,,2026-08-17 11:20:00,Sponsor Motion,Consulting,55 Court ST,Boston,MA,2108,42.359282,-71.05910599999999,True,Back Bay/Beacon Hill,consulting
3782,2019-06-25 10:09:00,,2023-06-25 10:06:00,Sproutt,Insurance Producer,45 School ST,Boston,MA,2108,42.358038,-71.05938800000001,False,Back Bay/Beacon Hill,insurance producer
3783,2013-10-21 00:00:00,8/5/25 15:54,2029-08-05 15:18:00,SSC,UNIFORMED SECURITY SERVICES,44 School ST,Boston,MA,2108,42.357681,-71.05967800000002,True,Back Bay/Beacon Hill,uniformed security services
3784,2025-01-07 12:59:00,,2029-01-07 12:43:00,Stack Mobile,Communications,44 School ST,Boston,MA,2108,42.357681,-71.05967800000002,True,Back Bay/Beacon Hill,communications
3785,2023-09-07 14:45:00,,2027-09-07 14:43:00,Stadium & Facility Evaluation (SAFE),Stadium and Facility Evaluation,44 School ST,Boston,MA,2108,42.357681,-71.05967800000002,True,Back Bay/Beacon Hill,stadium and facility evaluation
3786,2020-03-11 11:07:00,4/25/24 11:35,2028-04-25 11:33:00,Stage and Screen Travel Services,Travel Agency,41 Winter ST,Boston,MA,2108,42.356085,-71.06167600000003,True,Back Bay/Beacon Hill,travel agency
3787,2015-08-28 00:00:00,9/18/23 12:38,2027-09-18 11:31:00,STAPLES THE OFFICE SUPERSTORE,RETAIL OFTLCE SUPPLIES,1 Washington ST,Boston,MA,2108,42.359197,-71.05787399999997,True,Back Bay/Beacon Hill,retail oftlce supplies
3788,2014-07-15 00:00:00,9/1/22 13:42,2026-09-01 12:41:00,STARBUCKS COFFEE #801,RETAIL/CAFE,65 Beacon ST,Boston,MA,2108,42.35642,-71.06920200000002,True,Back Bay/Beacon Hill,retail/cafe
3789,2014-07-15 00:00:00,9/1/22 13:42,2026-09-01 12:54:00,STARBUCKS COFFEE #883,RETAIL/CAFE,63 Court ST,Boston,MA,2108,42.359392,-71.059192,True,Back Bay/Beacon Hill,retail/cafe
3790,2015-08-28 00:00:00,8/8/19 15:54,2023-08-08 11:07:00,STAY ALFRED,Hotel and Short-Term Rentals,44 School ST,Boston,MA,2108,42.357681,-71.05967800000002,False,Back Bay/Beacon Hill,hotel and short-term rentals
3791,2017-06-20 12:30:00,8/8/24 12:33,2028-08-08 12:33:00,Stepanian Jewelers,Jewelry and Repair,333 Washington ST,Boston,MA,2108,42.356857,-71.05908,True,Back Bay/Beacon Hill,jewelry and repair
3792,2020-11-27 12:57:00,4/30/25 10:25,2029-04-30 10:21:00,Stephen Neyman Boston Criminal Lawyer,criminal defense law firm,10 Tremont ST,Boston,MA,2108,42.358822,-71.059575,True,Back Bay/Beacon Hill,criminal defense law firm
3793,2020-11-27 12:57:00,4/30/25 10:25,2029-04-30 10:23:00,Stephen Neyman Criminal Lawyer,criminal defense law firm,10 Tremont ST,Boston,MA,2108,42.358822,-71.059575,True,Back Bay/Beacon Hill,criminal defense law firm
3794,2024-02-21 14:14:00,,2028-02-21 14:08:00,Steve Setting,Jewelry Shop,333 Washington ST,Boston,MA,2108,42.356857,-71.05908,True,Back Bay/Beacon Hill,jewelry shop
3795,2024-08-13 12:40:00,,2028-08-13 12:37:00,Steven A. Tolman Recovery Fund,NON-PROFIT,8 Beacon ST,Boston,MA,2108,42.358134,-71.06177600000001,True,Back Bay/Beacon Hill,non-profit
3796,2025-11-25 12:04:00,,2029-11-25 11:19:00,Stinson,Fabric Distribution,45 School ST,Boston,MA,2108,42.358038,-71.05938800000001,True,Back Bay/Beacon Hill,fabric distribution
3797,2022-09-13 15:46:00,,2026-09-13 15:44:00,Stone Declicatessen,Food Service,100 Blackstone ST,Boston,MA,2108,42.361579,-71.05644899999999,True,Back Bay/Beacon Hill,food service
3798,2016-04-28 00:00:00,,2020-04-28 00:00:00,STORAGERENTPAYMENT,WITHDRAWAL 3/2/2016,44 School ST,Boston,MA,2108,42.357681,-71.05967800000002,False,Back Bay/Beacon Hill,withdrawal 3/2/2016
3799,2020-09-23 12:41:00,,2024-09-23 11:42:00,Stratus,Ambulatory Diagnostics Testing,44 School ST,Boston,MA,2108,42.357681,-71.05967800000002,False,Back Bay/Beacon Hill,ambulatory diagnostics testing
3800,2020-04-09 14:15:00,,2024-04-09 09:31:00,Stratus,ambulatory diagnostic testing,44 School ST,Boston,MA,2108,42.357681,-71.05967800000002,False,Back Bay/Beacon Hill,ambulatory diagnostic testing
3801,2025-09-05 13:14:00,,2029-09-05 11:08:00,Strike,Consumer Finance,44 School ST,Boston,MA,2108,42.357681,-71.05967800000002,True,Back Bay/Beacon Hill,consumer finance
3802,2026-02-18 12:17:00,,2030-02-18 12:16:00,Strike Lending,Lending Services,44 School ST,Boston,MA,2108,42.357681,-71.05967800000002,True,Back Bay/Beacon Hill,lending services
3803,2018-10-19 12:04:00,10/17/22 15:40,2026-10-17 13:30:00,Student Loan Hero,Financial Website,44 School ST,Boston,MA,2108,42.357681,-71.05967800000002,True,Back Bay/Beacon Hill,financial website
3804,2014-12-11 00:00:00,10/26/22 14:58,2026-10-26 14:57:00,STUDIO DRAW,ARCHITECTURAL FIRM,330 Washington ST,Boston,MA,2108,42.356805,-71.05876699999999,True,Back Bay/Beacon Hill,architectural firm
3805,2017-01-27 12:38:00,,,STUDIO52,,52 Province ST,Boston,MA,2108,42.356789,-71.060001,False,Back Bay/Beacon Hill,
3806,2019-08-08 12:05:00,,2023-08-08 12:03:00,Sub Rosa Productions,Production,44 School ST,Boston,MA,2108,42.357681,-71.05967800000002,False,Back Bay/Beacon Hill,production
3807,2023-08-08 14:40:00,,2027-08-08 14:38:00,SubAgent,Real Estate Brokerage leasing software,55 Court ST,Boston,MA,2108,42.359282,-71.05910599999999,True,Back Bay/Beacon Hill,real estate brokerage leasing software
3808,2024-07-09 13:57:00,,2028-07-09 13:55:00,Subway,Sub Shop,417 Washington ST,Boston,MA,2108,42.355796,-71.06034799999998,True,Back Bay/Beacon Hill,sub shop
3809,2014-06-13 00:00:00,6/21/22 14:30,2026-06-21 12:14:00,SUBWAY,SUB SHOP,417 Washington ST,Boston,MA,2108,42.355796,-71.06034799999998,True,Back Bay/Beacon Hill,sub shop
3810,2014-02-12 00:00:00,2/3/26 13:56,2030-02-03 13:55:00,SUFFOLK DENTAL GROUP,GENERAL DENTISTRY,128A Tremont ST,Boston,MA,2108,42.356362,-71.061917,True,Back Bay/Beacon Hill,general dentistry
3811,2025-11-20 13:01:00,,2029-11-20 12:43:00,Sukoon Finance,Mortgage Lending,44 School ST,Boston,MA,2108,42.357681,-71.05967800000002,True,Back Bay/Beacon Hill,mortgage lending
3812,2014-09-05 00:00:00,8/8/24 11:23,2028-08-08 11:22:00,SULGRAVE NEWS,CONVENIENCE STORE,413 Washington ST,Boston,MA,2108,42.355872,-71.06025199999999,True,Back Bay/Beacon Hill,convenience store
3813,2016-07-19 13:51:00,9/16/24 13:22,2028-09-16 13:21:00,SUPERIOR DIAMOND SETTING,JEWELRY STORE,333 Washington ST,Boston,MA,2108,42.356857,-71.05908,True,Back Bay/Beacon Hill,jewelry store
3814,2023-07-25 15:07:00,,2027-07-25 12:44:00,Supreme Team Lending,Mortgage Origination,44 School ST,Boston,MA,2108,42.357681,-71.05967800000002,True,Back Bay/Beacon Hill,mortgage origination
3815,2023-10-13 16:00:00,,2027-10-13 15:57:00,SW Consulting,Domestic Violence Consulting,45 School ST,Boston,MA,2108,42.358038,-71.05938800000001,True,Back Bay/Beacon Hill,domestic violence consulting
3816,2016-08-15 15:01:00,,,Swan Jewelry,Jewelry,345 Washington ST,Boston,MA,2108,42.35671,-71.05923899999999,False,Back Bay/Beacon Hill,jewelry
3817,2013-12-02 00:00:00,10/10/25 16:17,2029-10-10 14:03:00,SWARTZ & SWARTZ,LAW FIRM,10 Marshall ST,Boston,MA,2108,42.361637,-71.05682100000001,True,Back Bay/Beacon Hill,law firm
3818,2016-04-21 00:00:00,6/12/25 11:59,2029-06-12 11:57:00,SWEET RICKEY,FILM PRODUCTION,33 Union ST,Boston,MA,2108,42.362902,-71.18755899999996,True,Back Bay/Beacon Hill,film production
3819,2015-08-10 00:00:00,9/11/23 15:02,2027-09-11 15:01:00,SWEETGREEN WASHINGTON + SCHOOL,FAST CASUAL RESTAURANT,13 School ST,Boston,MA,2108,42.357616,-71.05880100000002,True,Back Bay/Beacon Hill,fast casual restaurant
3820,2023-07-05 12:18:00,,2027-07-05 12:06:00,Swish Capital,Mortgage Lending,44 School ST,Boston,MA,2108,42.357681,-71.05967800000002,True,Back Bay/Beacon Hill,mortgage lending
3821,2025-05-06 15:50:00,,2029-05-06 15:48:00,Taco Azul,Restaurant,21 Beacon ST,Boston,MA,2108,42.358209,-71.06238100000002,True,Back Bay/Beacon Hill,restaurant
3822,2018-06-07 10:41:00,6/29/22 11:24,2026-06-29 11:23:00,TacTile,Industrial Design,45 School ST,Boston,MA,2108,42.358038,-71.05938800000001,True,Back Bay/Beacon Hill,industrial design
3823,2021-07-13 10:12:00,6/13/25 14:35,2029-06-13 14:34:00,Tali Jewelry,Jewelry,345 Washington ST,Boston,MA,2108,42.35671,-71.05923899999999,True,Back Bay/Beacon Hill,jewelry
3824,2024-05-03 15:16:00,,2028-05-03 15:14:00,Taqueria Los Compadres Mexico Food,Restaurant,26 Province ST,Boston,MA,2108,42.357173,-71.05965100000003,True,Back Bay/Beacon Hill,restaurant
3825,2020-09-21 12:26:00,10/9/24 16:50,2028-10-09 16:38:00,Target Store T-3363,Retail Sales,100 Cambridge ST,Boston,MA,2108,42.360981,-71.06262400000003,True,Back Bay/Beacon Hill,retail sales
3826,2023-06-28 16:10:00,,2027-06-28 15:57:00,Tatte Bakery + Cafe,Bakery and Cafe,1 Boston PL,Boston,MA,2108,42.358537,-71.058381,True,Back Bay/Beacon Hill,bakery and cafe
3827,2025-09-04 16:11:00,,2029-09-04 15:58:00,TBC Communications,Telecommunications and Cloud Services,45 School ST,Boston,MA,2108,42.358038,-71.05938800000001,True,Back Bay/Beacon Hill,telecommunications and cloud services
3828,2025-03-21 11:53:00,,2029-03-21 11:37:00,TBF Insurance,The Sale Of Insurance as an Insurance Agency,44 School ST,Boston,MA,2108,42.357681,-71.05967800000002,True,Back Bay/Beacon Hill,the sale of insurance as an insurance agency
3829,2026-02-13 11:51:00,,2030-02-13 11:50:00,TCC Solutions,Provides Technology Solutions and Professional Services,44 School ST,Boston,MA,2108,42.357681,-71.05967800000002,True,Back Bay/Beacon Hill,provides technology solutions and professional services
3830,2023-02-16 09:47:00,,2027-02-16 09:39:00,TEAMWORK MANAGEMENT,SOFTWARE SPECIALIST,45 Bromfield ST,Boston,MA,2108,42.356928,-71.06052899999997,True,Back Bay/Beacon Hill,software specialist
3831,2022-06-28 13:35:00,,2026-06-28 13:31:00,TECHSOL LIFE SCIENCES,GLOBAL TECHNOLOGY SERVICE PROVIDER,44 School ST,Boston,MA,2108,42.357681,-71.05967800000002,True,Back Bay/Beacon Hill,global technology service provider
3832,2025-05-15 16:23:00,,2029-05-15 16:08:00,TELCO CELLULAR,Telecommunications,44 School ST,Boston,MA,2108,42.357681,-71.05967800000002,True,Back Bay/Beacon Hill,telecommunications
3833,2015-11-12 00:00:00,11/8/19 11:38,2023-11-08 10:40:00,TEN-X,REAL ESTATE RELATED SERVICES,44 School ST,Boston,MA,2108,42.357681,-71.05967800000002,False,Back Bay/Beacon Hill,real estate related services
3834,2012-09-17 00:00:00,,2016-09-17 00:00:00,TEQUILA MEXICAN GRILL,WITHDRAWAL (9/22/08),53 Bromfield ST,Boston,MA,2108,42.35702,-71.06069000000002,False,Back Bay/Beacon Hill,withdrawal (9/22/08)
3835,2015-04-07 00:00:00,5/15/23 14:50,2027-05-15 14:48:00,THE ALLEY BAR,BAR/NIGHT CLUB,14 Pi AL,Boston,MA,2108,42.358109,-71.058716,True,Back Bay/Beacon Hill,bar/night club
3836,2022-05-27 12:15:00,,2026-05-27 12:12:00,The Black Bostonian,Professional & Support Services,1 Washington MA,Boston,MA,2108,42.359466,-71.05834099999998,True,Back Bay/Beacon Hill,professional & support services
3837,2015-01-14 00:00:00,12/1/22 13:26,2026-12-01 11:04:00,THE BOLLARD GROUP,FINIANCIAL INVESTMENT FIRM,1 Joy ST,Boston,MA,2108,42.357624,-71.06539499999997,True,Back Bay/Beacon Hill,finiancial investment firm
3838,2019-12-30 11:38:00,2/21/24 15:19,2028-02-21 15:17:00,The Boston Threading,eyebrow threading,333 Washington ST,Boston,MA,2108,42.356857,-71.05908,True,Back Bay/Beacon Hill,eyebrow threading
3839,2016-01-25 00:00:00,2/26/24 14:02,2028-02-26 14:00:00,THE BOSTONIAN BOSTON - A MILLENNIUM HOTEL,HOTEL,26 North ST,Boston,MA,2108,42.36270734749609,-71.05406271108973,True,Back Bay/Beacon Hill,hotel
3840,2013-03-14 00:00:00,,2017-03-14 00:00:00,THE CHILDREN'S PLACE #960,RETAIL CHILDREN'S CLOTHING,349 Washington ST,Boston,MA,2108,42.3565,-71.05950999999999,False,Back Bay/Beacon Hill,retail children's clothing
3841,2014-06-30 00:00:00,,2018-06-30 00:00:00,THE CHILDREN'S PLACE #960,WITHDRAWAL (3/14/13),349 Washington ST,Boston,MA,2108,42.3565,-71.05950999999999,False,Back Bay/Beacon Hill,withdrawal (3/14/13)
3842,2019-06-17 12:26:00,5/24/23 10:19,2027-05-24 10:08:00,The Diamond Spot,Retail and Second Had Dealer,333 Washington ST,Boston,MA,2108,42.356857,-71.05908,True,Back Bay/Beacon Hill,retail and second had dealer
3843,2022-06-22 10:19:00,,2026-06-22 10:17:00,The Dubliner,Bar & Restaurant,6 Beacon ST,Boston,MA,2108,42.358149,-71.06172300000003,True,Back Bay/Beacon Hill,bar & restaurant
