Date of Filing,Last Renewal Date,Date of Expiration,Business Name,Type of Business,Business Address,City,State,Zipcode,latitude,longitude,business_name_normalized,issued,is_active,age_years,chain_count,closest_stop,distance_to_closest_stop
2013-08-05 00:00:00,5/12/25 11:53,2029-05-12 11:52:00,7-ELEVEN STORE 32442 B,RETAIL/CONVENIENCE STORE,722 Huntington AV,Mission Hill,MA,2120,42.334109,-71.10438099999999,7eleven store 32442 b,,True,12.698630136986301,1,Brigham Circle,36.44440800193616
2014-04-01 00:00:00,3/26/18 14:30,2022-03-26 14:28:00,A & G LANDSCAPING,LANDSCAPING,64 Calumet ST,Mission Hill,MA,2120,42.33208,-71.10443900000001,a  g landscaping,,False,7.989041095890411,1,Brigham Circle,255.4441889992902
2024-05-21 16:13:00,,2028-05-21 16:11:00,A to Z Property Management,Office Property Management,41 Cunard ST,Mission Hill,MA,2120,42.336897,-71.0863,a to z property management,,True,1.895890410958904,1,Ruggles,420.11069100118806
2021-09-10 13:53:00,,2025-09-10 13:49:00,AANNI TRANSPORT,Towing/Hauling,26 Hammond ST,Mission Hill,MA,2120,42.334744,-71.08242200000001,aanni transport,,False,4.0,1,Massachusetts Avenue,872.2213499989541
2021-12-10 12:10:00,1/9/26 14:28,2030-01-09 14:25:00,AB Cleaning Qu33ns,CoreCleaning and Laundry Services,51 Ruggles ST,Mission Hill,MA,2120,42.332941,-71.08516800000001,ab cleaning qu33ns,,True,4.342465753424658,1,Ruggles,886.332446998854
2014-05-28 00:00:00,5/24/18 14:48,2022-05-24 14:46:00,ABRAHAM TRANSPORTATION,LIVERY,241 Heath ST,Mission Hill,MA,2120,42.327307,-71.10784100000001,abraham transportation,,False,7.994520547945205,1,Heath Street,379.9996199998249
2016-04-14 00:00:00,8/24/21 12:19,2025-08-24 12:18:00,ACME-FINANCIAL,EQUIPMENT RENTALS,15 Hammond ST,Mission Hill,MA,2120,42.33495,-71.082,acmefinancial,,False,9.367123287671232,1,Massachusetts Avenue,896.2213260007297
2016-02-01 00:00:00,3/21/24 13:01,2028-03-21 11:24:00,AGC PARTNERS,FINANCIAL SEWICES,22 Hammond ST,Mission Hill,MA,2120,42.334656,-71.082359,agc partners,,True,10.205479452054794,1,Massachusetts Avenue,888.9991110000163
2015-05-19 00:00:00,4/24/19 15:44,2023-04-24 15:41:00,AKOBEN COMMUNICATIONS,PUBLIC RELATIONS,1536 Tremont ST,Mission Hill,MA,2120,42.33244,-71.10050000000001,akoben communications,,False,7.936986301369863,1,Longwood Medical Area,472.9995270010806
2015-10-06 00:00:00,10/18/23 12:30,2027-10-18 12:28:00,AK'S PIZZA AND ROAST BEEF,TAKEOUT,1427 Tremont ST,Mission Hill,MA,2120,42.331862,-71.09635600000001,aks pizza and roast beef,,True,10.528767123287672,1,Roxbury Crossing,158.44428600181763
2025-06-12 12:50:00,,2029-06-12 12:48:00,AL MALIK STONE .CO,Property Maintenance,73 Heath ST,Mission Hill,MA,2120,42.326549,-71.10071800000003,al malik stone co,,True,0.8356164383561644,1,Jackson Square,504.7772730029566
2014-05-02 00:00:00,1/23/24 13:26,2028-01-23 13:26:00,ALI'S RESTAURANT & MEAT MARKET,RESTAURANT,1035 Tremont ST,Mission Hill,MA,2120,42.336677,-71.08563100000003,alis restaurant  meat market,,True,11.95890410958904,1,Ruggles,469.9995299968125
2015-09-02 00:00:00,1/24/24 13:48,2028-01-24 13:43:00,ALMANY'S MARKET,SUPERMARKET,1053 Tremont ST,Mission Hill,MA,2120,42.336501,-71.08595300000002,almanys market,,True,10.621917808219179,1,Ruggles,414.6662519983546
2019-11-07 10:35:00,,2023-11-07 10:34:00,Alvarez Home Improvement & Painting Services,Home Improvement,86 Annunciation RD,Mission Hill,MA,2120,42.33491,-71.09463,alvarez home improvement  painting services,,False,4.0,1,Museum of Fine Arts,350.99964900119915
2024-07-15 13:36:00,,2028-07-15 13:34:00,Amal's Boutique,Retail,1027 Tremont ST,Mission Hill,MA,2120,42.33681,-71.08533799999998,amals boutique,,True,1.7452054794520548,1,Ruggles,517.3328160028365
2018-04-26 13:32:00,5/24/22 13:25,2026-05-24 13:22:00,Amazing Grace Tabernacle/Trans,Non Profit,15 Whittier ST,Mission Hill,MA,2120,42.33366,-71.08838000000003,amazing grace tabernacletrans,,True,7.96986301369863,1,Ruggles,449.5551059963233
2017-04-10 14:05:00,11/26/25 10:55,2029-11-26 10:52:00,Anshur Restaurant,Restaurant,291 Roxbury ST,Roxbury,MA,2120,42.330384,-71.094357,anshur restaurant,,True,9.013698630136986,1,Roxbury Crossing,215.444229000015
2021-03-11 15:11:00,5/22/25 16:28,2029-05-22 13:00:00,APPS ALL AROUND,Restaurant,1626 Tremont ST,Mission Hill,MA,2120,42.333677,-71.10399100000001,apps all around,,True,5.093150684931507,1,Brigham Circle,127.77764999950485
2025-04-28 16:27:00,,2029-04-28 16:26:00,Asma Gift Shop,Gift Shop,1417 Tremont ST,Mission Hill,MA,2120,42.331896,-71.09577000000002,asma gift shop,,True,0.958904109589041,1,Roxbury Crossing,169.55538599823902
2025-06-02 13:26:00,,2029-06-02 13:25:00,Auto Auto,Consulting and Management Services,117 Dewitt DR,Mission Hill,MA,2120,42.333129,-71.08504900000003,auto auto,,True,0.863013698630137,1,Ruggles,878.6657879968943
2023-03-28 15:55:00,,2027-03-28 12:57:00,Ava Balloons & Decor,"Event Planner, Event Decoratorr",183 Heath ST,Mission Hill,MA,2120,42.326247,-71.105051,ava balloons  decor,,True,3.0465753424657533,1,Heath Street,807.7769699998148
2021-09-23 12:58:00,,2025-09-23 12:56:00,Aya Logistics Transportation,Uber /Transportation,20A Mcgreevey WY,Mission Hill,MA,2120,42.334267,-71.09649100000001,aya logistics transportation,,False,4.0,1,Roxbury Crossing,440.6662260013968
2024-05-20 09:35:00,,2028-05-20 08:58:00,A-Z Properties,Property Management,41 Cunard ST,Mission Hill,MA,2120,42.336897,-71.0863,az properties,,True,1.8986301369863015,1,Ruggles,420.11069100118806
2021-09-27 10:34:00,,2025-09-27 10:32:00,Bag Ladies Tea,Tea Bag Wholesaler / Retail,49 Ellingwood ST,Mission Hill,MA,2120,42.32907,-71.10906,bag ladies tea,,False,4.0,1,Heath Street,216.22200600041973
2023-05-10 15:49:00,,2027-05-10 15:48:00,Bakalao Kitchenette,Restaurant,1002 Tremont ST,Mission Hill,MA,2120,42.336816,-71.08455700000002,bakalao kitchenette,,True,2.9287671232876713,1,Massachusetts Avenue,497.7772800024716
2021-10-08 13:14:00,9/19/25 16:11,2029-09-19 15:57:00,BASIL DRIVE,TAXI,10 Hammond ST,Mission Hill,MA,2120,42.334367,-71.08245399999998,basil drive,,True,4.515068493150685,1,Massachusetts Avenue,910.5546450016476
2015-02-18 00:00:00,,2015-07-10 00:00:00,BENJAMIN'S MULTI-SERVICES,MULTI-SERVICE,1564 Tremont ST,Mission Hill,MA,2120,42.332962,-71.10180500000001,benjamins multiservices,,False,0.38904109589041097,1,Brigham Circle,343.99965599755615
2023-04-11 13:10:00,,2027-04-11 13:08:00,Black Unicorn Marathoners,MA Non Profit/Celebrate & Connections,78 Fisher AV,Mission Hill,MA,2120,42.327703,-71.10326700000002,black unicorn marathoners,,True,3.0082191780821916,1,Brigham Circle,821.443623002416
2019-01-02 12:42:00,,2023-01-02 12:41:00,Boba ME,Boba Shop/Coffee Shop,1520 Tremont ST,Mission Hill,MA,2120,42.33221,-71.09977000000003,boba me,,False,4.0,1,Longwood Medical Area,442.55511299662777
2020-08-07 14:43:00,,2024-08-07 14:43:00,BOBOX,ONLINE RETAIL CLOTHING,166 Terrace ST,Mission Hill,MA,2120,42.326603,-71.09862099999998,bobox,,False,4.002739726027397,1,Jackson Square,493.5550620020787
2018-02-26 14:30:00,,2022-02-26 14:28:00,Boston Art Review,Publication,34 Cherokee ST,Mission Hill,MA,2120,42.330548,-71.10119500000002,boston art review,,False,4.0,1,Roxbury Crossing,577.443867002653
2022-08-15 14:58:00,,2026-08-15 14:57:00,Boston Automotive Repair Service,Vehicle Inspection Station,30 Terrace ST,Mission Hill,MA,2120,42.33095,-71.09625,boston automotive repair service,,True,3.663013698630137,1,Roxbury Crossing,45.333288000020666
2019-07-30 10:16:00,9/12/23 12:29,2027-09-12 12:28:00,Boston Bazaar,Convenience store,100 Hammond ST,Mission Hill,MA,2120,42.336757,-71.08381099999997,boston bazaar,,True,6.7095890410958905,1,Massachusetts Avenue,494.2217280035536
2024-02-20 12:03:00,,2028-02-20 11:11:00,Boston Bone & Joint Institue,Medical Practice,125 Parker Hill AVE,Mission Hill,MA,2120,42.329771,-71.10682800000001,boston bone  joint institue,,True,2.1452054794520548,1,Back of the Hill,497.2217249983478
2022-09-29 15:14:00,,2026-09-29 15:13:00,Boston Budega,Recreational Dispensary,1441 Tremont ST,Mission Hill,MA,2120,42.33192,-71.09663,boston budega,,True,3.5397260273972604,1,Roxbury Crossing,195.3331380002632
2025-03-19 12:44:00,,2029-03-19 12:42:00,Boston Building Resource - Reuse Center,Non-Profit Resale,86 Terrace ST,Mission Hill,MA,2120,42.329226,-71.09755200000001,boston building resource  reuse center,,True,1.0684931506849316,1,Roxbury Crossing,319.5552360016395
2013-11-12 00:00:00,10/15/25 10:43,2029-10-15 10:41:00,BOSTON BUILDING RESOURCES,RETAIL-BUILDING PRODUCTS,100 Terrace ST,Mission Hill,MA,2120,42.32864,-71.09782000000001,boston building resources,,True,12.427397260273972,1,Roxbury Crossing,414.4440300020737
2021-12-21 11:56:00,12/18/25 14:28,2029-12-18 14:27:00,BOSTON CLEANING SOLUTIONS,Janitorial & Maintenance services,1059 Tremont ST,Mission Hill,MA,2120,42.33637,-71.08621,boston cleaning solutions,,True,4.3123287671232875,1,Ruggles,389.5551660001737
2024-09-20 15:35:00,,2028-09-20 15:32:00,Boston Detail Cleaning & Painting Services,Cleaning and Painting Services,109 Dewitt DR,Mission Hill,MA,2120,42.333415,-71.08495600000003,boston detail cleaning  painting services,,True,1.5616438356164384,1,Ruggles,857.2213649957719
2019-06-24 14:29:00,11/24/23 11:49,2027-11-24 11:49:00,Boston ITS,"IT Consulting, software resales",54 Pontiac ST,Mission Hill,MA,2120,42.330717,-71.10172699999998,boston its,,True,6.808219178082192,1,Brigham Circle,602.1105090011665
2022-02-04 13:44:00,,2026-02-04 13:41:00,BREAD 'N BUTTER INTERNATIONAL MARKET,Retail Convenience,1562 Tremont ST,Mission Hill,MA,2120,42.332928,-71.10170800000003,bread n butter international market,,False,4.0,1,Brigham Circle,358.5551969955445
2015-03-09 00:00:00,,2019-03-09 00:00:00,BREATH OF FRESH AIR DETAIL CLEANING SERVICE,CLEANING SERVICE,109 Dewitt DR,Mission Hill,MA,2120,42.333415,-71.08495600000003,breath of fresh air detail cleaning service,,False,4.002739726027397,1,Ruggles,857.2213649957719
2022-01-31 11:57:00,,2026-01-31 11:55:00,Brigham Circle Chinese Food,Restaurant,728 Huntington AV,Mission Hill,MA,2120,42.333793,-71.10513900000001,brigham circle chinese food,,False,4.0,1,Fenwood Road,58.99994099867431
2024-07-11 14:39:00,,2028-07-11 14:39:00,Brigham Liquors,Liquor Store,732 Huntington AV,Mission Hill,MA,2120,42.333739,-71.10525000000001,brigham liquors,,True,1.7561643835616438,1,Fenwood Road,40.66662599838151
2023-12-12 13:44:00,,2027-12-12 13:43:00,Butterfly Flafel,Kitchen,1420 Tremont ST,Mission Hill,MA,2120,42.331402,-71.09595999999999,butterfly flafel,,True,2.336986301369863,1,Roxbury Crossing,93.5554620006425
2015-11-02 00:00:00,12/28/23 12:53,2027-12-28 11:56:00,CAFE CROSSING,CAFE,1175 Tremont ST,Boston,MA,2120,42.334988,-71.08896400000003,cafe crossing,,True,10.454794520547946,1,Ruggles,237.11087399583943
2023-04-28 14:37:00,,2027-04-28 14:35:00,Caitlyn Chwatek Art,Online Retail,39 Darling ST,Mission Hill,MA,2120,42.331487,-71.10592500000001,caitlyn chwatek art,,True,2.9616438356164383,1,Fenwood Road,272.9997270007572
2023-08-02 11:28:00,,2027-08-02 11:12:00,Carbon Health,Human Medical Practice,578 Huntington AV,Mission Hill,MA,2120,42.336642,-71.09692799999999,carbon health,,True,2.6986301369863015,3,Longwood Medical Area,313.8885750009461
2016-01-06 00:00:00,2/1/24 13:24,2028-02-01 13:22:00,CARL KURZ - HANDYMAN SERVICES,HANDYMAN,53 Lawn ST,Mission Hill,MA,2120,42.327205,-71.10567500000002,carl kurz  handyman services,,True,10.276712328767124,1,Heath Street,631.9993679983376
2022-06-01 14:02:00,,2026-06-01 13:17:00,Carman's Beauty Salon,Hair Salon,2 Wait ST,Mission Hill,MA,2120,42.33331,-71.10600999999997,carmans beauty salon,,True,3.8684931506849316,1,Fenwood Road,79.88880899646242
2019-03-29 09:48:00,3/13/23 13:18,2027-03-13 13:06:00,Chabad Of The Longwood Medical Area,Religious Organization,1617 Tremont ST,Mission Hill,MA,2120,42.33383,-71.10309000000001,chabad of the longwood medical area,,True,7.046575342465753,1,Brigham Circle,120.99987900161672
2019-06-13 10:48:00,8/28/23 11:18,2027-08-28 11:16:00,Chacho's Pizza,Restaurant,1502 Tremont ST,Mission Hill,MA,2120,42.332099,-71.09931,chachos pizza,,True,6.838356164383562,1,Longwood Medical Area,459.5550959994974
2023-11-08 14:45:00,,2027-11-08 14:44:00,Charged Glassworks,Glass Blowing Lessons,123 Terrace ST,Mission Hill,MA,2120,42.32803,-71.0985,charged glassworks,,True,2.43013698630137,1,Roxbury Crossing,557.7772200009896
2018-06-20 16:13:00,,2022-06-20 16:12:00,Charity Tees Boston,Online Retail,180 Hillside ST,Mission Hill,MA,2120,42.33165,-71.10816599999998,charity tees boston,,False,4.0,1,Mission Park,304.3330290005973
2020-07-31 13:24:00,,2024-07-31 13:21:00,Charm Elite Beauty,online beauty retail,100 Cabot ST,Mission Hill,MA,2120,42.333359,-71.087806,charm elite beauty,,False,4.0,1,Ruggles,546.7772309995507
2022-02-25 15:03:00,,2026-02-25 15:01:00,Chi Sees Custom,Online Retail,62 Huntington AV,Mission Hill,MA,2120,42.33898083857285,-71.09448205610875,chi sees custom,,False,4.0,1,Museum of Fine Arts,129.30903336987143
2018-05-29 16:22:00,,2022-05-29 16:21:00,Chilacates,Restuart,1480 Tremont ST,Mission Hill,MA,2120,42.331685,-71.098523,chilacates,,False,4.0,1,Roxbury Crossing,379.55517600015753
2024-04-08 16:43:00,,2028-04-08 15:02:00,Chosen Growth Plants,House Plants Online Sales,63 Pontiac ST,Mission Hill,MA,2120,42.330834,-71.10212100000001,chosen growth plants,,True,2.0136986301369864,1,Brigham Circle,545.3327879976712
2025-08-18 13:03:00,,2029-08-18 12:59:00,City Side Market,Convenience Store,1481 Tremont ST,Mission Hill,MA,2120,42.33221,-71.09814,city side market,,True,0.6520547945205479,1,Roxbury Crossing,395.3329380005866
2021-07-15 11:28:00,,2025-07-15 11:26:00,Cleaning Services by Marlene,Cleaning Services,281 Roxbury ST,Roxbury,MA,2120,42.33039,-71.09404,cleaning services by marlene,,False,4.0,1,Roxbury Crossing,249.99974999961472
2018-07-02 14:37:00,,2022-07-02 14:36:00,Clearwater Branding,Web Design,163 Hillside ST,Mission Hill,MA,2120,42.3317,-71.10716500000001,clearwater branding,,False,4.0,1,Fenwood Road,387.1107240008189
2022-07-18 14:20:00,,2026-07-18 14:12:00,CLIMATEC,BUILDING AUTOMATION AND CONTROLS,744 Columbus AV,Mission Hill,MA,2120,42.337422,-71.08560799999998,climatec,,True,3.73972602739726,1,Massachusetts Avenue,547.2216749984286
2022-03-17 10:14:00,,2026-03-17 10:13:00,Clinton Car Services,Cosmetics,34 Fisher AV,Mission Hill,MA,2120,42.327344,-71.10141299999998,clinton car services,,False,4.0,1,Jackson Square,670.3326629970837
2024-06-14 16:06:00,,2028-06-14 12:44:00,Cody Putre,STR(Short Term Rental),42 Warwick ST,Mission Hill,MA,2120,42.335597,-71.08450800000003,cody putre,,True,1.83013698630137,1,Massachusetts Avenue,627.7771500034712
2021-01-26 13:10:00,,2025-01-26 12:26:00,Coin Cloud,virtual currency kiosk operator,82 Hillside ST,Mission Hill,MA,2120,42.330383,-71.10294899999997,coin cloud,,False,4.0,2,Brigham Circle,503.4439410031649
2016-12-23 09:55:00,,,Comfy Home,Rentals,56 Calumet ST,Mission Hill,MA,2120,42.332224,-71.104781,comfy home,,False,,1,Fenwood Road,253.77752399955065
2015-05-13 00:00:00,7/6/23 9:48,2027-07-06 09:47:00,CONGRESS DENTAL GROUP,DENTIST,1 Stockwell ST,Boston,MA,2120,42.332188,-71.10692499999999,congress dental group,,True,10.92876712328767,1,Fenwood Road,306.22191599819683
2021-01-15 13:22:00,5/22/25 16:27,2029-05-22 13:08:00,Conviction Chicken,restaurant,1626 Tremont ST,Mission Hill,MA,2120,42.333677,-71.10399100000001,conviction chicken,,True,5.243835616438356,1,Brigham Circle,127.77764999950485
2021-08-31 14:54:00,8/19/25 15:30,2029-08-19 15:25:00,Creative Hands VBW,Event Planning,17 Delle AV,Mission Hill,MA,2120,42.331042,-71.09819199999998,creative hands vbw,,True,4.619178082191781,1,Roxbury Crossing,271.3330619978597
2021-09-15 12:37:00,,2025-09-15 12:36:00,Crispy Dough Pizzeria,Restaurant,1514 Tremont ST,Mission Hill,MA,2120,42.332172,-71.09961099999998,crispy dough pizzeria,,False,4.0,1,Longwood Medical Area,464.443980002944
2026-02-24 16:42:00,,2030-02-24 16:41:00,Cristina Cleaning Services,Cleaning,76 Annunciation RD,Mission Hill,MA,2120,42.33469,-71.09406000000001,cristina cleaning services,,True,0.13150684931506848,1,Museum of Fine Arts,438.7773389990603
2024-07-23 15:20:00,,2028-07-23 15:14:00,CRL Auto Repair,Auto Repair,22 Terrace ST,Mission Hill,MA,2120,42.331048,-71.09618899999998,crl auto repair,,True,1.7232876712328766,1,Roxbury Crossing,49.44439499832552
2021-09-28 10:13:00,,2025-09-28 10:12:00,D & D TAXI,TAXI,10 Hammond ST,Mission Hill,MA,2120,42.334367,-71.08245399999998,d  d taxi,,False,4.0,1,Massachusetts Avenue,910.5546450016476
2018-07-12 13:41:00,3/2/23 13:18,2027-03-02 13:16:00,D & M Autobody,Auto Body,118 Terrace ST,Mission Hill,MA,2120,42.328395,-71.09810700000003,d  m autobody,,True,7.758904109589041,1,Roxbury Crossing,473.5550820036254
2025-02-06 11:11:00,,2029-02-06 11:10:00,Dependable Rental Management,Property Management Services,1570 Tremont ST,Mission Hill,MA,2120,42.3331,-71.10216000000003,dependable rental management,,True,1.180821917808219,1,Brigham Circle,289.22193299611666
2018-09-14 14:34:00,,2022-09-14 14:32:00,Desert of Massachusetts,Fraternity,20 Warwick ST,Mission Hill,MA,2120,42.336205,-71.08392100000003,desert of massachusetts,,False,4.0,1,Massachusetts Avenue,543.3327899964047
2019-09-17 15:58:00,,2023-09-17 15:57:00,Dj Lady Ly,Entertainment,34 Fisher AV,Mission Hill,MA,2120,42.327344,-71.10141299999998,dj lady ly,,False,4.0,1,Jackson Square,670.3326629970837
2023-07-17 16:01:00,,2027-07-17 16:00:00,D'Massi Cleaning Services,Cleaning,225 Heath ST,Mission Hill,MA,2120,42.32696,-71.10695299999998,dmassi cleaning services,,True,2.7424657534246575,1,Heath Street,517.221705003117
2023-11-14 12:55:00,,2027-11-14 12:49:00,D'Tata Multi Service,Retail Shop,1049 Tremont ST,Mission Hill,MA,2120,42.33653,-71.08589999999998,dtata multi service,,True,2.4136986301369863,1,Ruggles,423.7773540029835
2015-07-22 00:00:00,8/7/23 10:40,2027-08-04 14:04:00,DUNKIN DONUTS,COFFEE & DONUTS,1131 Tremont ST,Boston,MA,2120,42.336512,-71.08922100000001,dunkin donuts,,True,10.736986301369862,17,Ruggles,52.777724999383565
2015-11-02 00:00:00,10/15/19 13:58,2023-10-15 11:31:00,DYMAN HOME SERVICES,HOME IMPROVEMENT,39 Ellingwood ST,Mission Hill,MA,2120,42.328718,-71.10852299999999,dyman home services,,False,7.956164383561644,1,Heath Street,236.777541001418
2018-07-19 11:33:00,,2022-07-19 11:18:00,Eastern Bank,Financial Banking,1427 Tremont ST,Mission Hill,MA,2120,42.331862,-71.09635600000001,eastern bank,,False,4.0,2,Roxbury Crossing,158.44428600181763
2019-02-26 12:33:00,,2023-02-26 12:32:00,Ed Balloon,Musician,34 Hammond ST,Mission Hill,MA,2120,42.335095,-71.08264500000001,ed balloon,,False,4.0,1,Massachusetts Avenue,808.4436359981316
2022-03-07 15:41:00,,2026-03-07 15:34:00,Edgar P. Benjamin Healthcare Center,Skilled Nursing Facility,120 Fisher AV,Mission Hill,MA,2120,42.327592,-71.10505599999999,edgar p benjamin healthcare center,,False,4.0,1,Heath Street,657.7771200011513
2017-06-12 11:42:00,4/25/22 12:44,2026-04-25 12:42:00,Elizabeth Family Day Care,Day Care,38 Annunciation RD,Mission Hill,MA,2120,42.3352,-71.09186999999997,elizabeth family day care,,True,8.841095890410958,1,Ruggles,386.2218359959577
2019-02-11 11:33:00,1/13/23 14:38,2027-01-13 14:36:00,EZSCIENCE,Consulting,10 Wait ST,Mission Hill,MA,2120,42.333049,-71.10601099999997,ezscience,,True,7.1726027397260275,1,Fenwood Road,108.99989099559718
2023-09-08 14:48:00,,2027-09-08 14:44:00,FAMILY INTERVENTION TEAM FIT,Office Management,1534 Tremont ST,Mission Hill,MA,2120,42.332391,-71.10035800000003,family intervention team fit,,True,2.5972602739726027,1,Longwood Medical Area,462.6662040026955
2021-09-16 15:35:00,,2025-09-16 15:34:00,FARAH CAR SERVICE,Transportation,166 Terrace ST,Mission Hill,MA,2120,42.326603,-71.09862099999998,farah car service,,False,4.0,1,Jackson Square,493.5550620020787
2015-06-04 00:00:00,7/12/19 15:16,2023-07-12 15:10:00,FASHION SHOPPERS FOR YOU,PERSONAL SHOPPING,37 Calumet ST,Mission Hill,MA,2120,42.332743,-71.10571299999998,fashion shoppers for you,,False,8.10958904109589,1,Fenwood Road,111.66655500228586
2025-12-05 13:04:00,,2029-12-05 13:03:00,FineME Collection,Online Retail,25 Whittier ST,Mission Hill,MA,2120,42.333919,-71.088572,fineme collection,,True,0.35342465753424657,1,Ruggles,399.4440449996809
2024-06-07 14:27:00,,2028-06-07 14:25:00,Flames Restaurant II,Restaurant,746 Huntington AV,Mission Hill,MA,2120,42.33363,-71.10549100000003,flames restaurant ii,,True,1.8493150684931507,1,Fenwood Road,18.666647996293257
2015-10-26 00:00:00,1/8/20 13:25,2024-01-08 12:16:00,FLANN O'BRIEN'S,PUB,1619 Tremont ST,Mission Hill,MA,2120,42.333842,-71.103341,flann obriens,,False,8.208219178082192,1,Brigham Circle,147.55540800088772
2025-08-19 15:30:00,,2029-08-19 15:28:00,Florist Creations,Florist,17 Delle AV,Mission Hill,MA,2120,42.331042,-71.09819199999998,florist creations,,True,0.6493150684931507,1,Roxbury Crossing,271.3330619978597
2024-10-02 12:57:00,,2028-10-02 12:56:00,Fuel America,"Coffee, Sandwiches, Pastries",805 Columbus AV,Boston,MA,2120,42.337681,-71.08692500000001,fuel america,,True,1.5287671232876712,1,Ruggles,437.77734000000606
2017-10-18 10:26:00,9/17/25 12:28,2029-09-17 12:25:00,Fuentes Market & Liquors,RETAIL Grocery Liquor,680 Parker ST,Mission Hill,MA,2120,42.332327,-71.096541,fuentes market  liquors,,True,8.490410958904109,1,Roxbury Crossing,230.6664360002677
2021-12-17 12:58:00,12/17/25 13:52,2029-12-17 13:52:00,Fuertes Photography,Photography,5 Kerr PL,Mission Hill,MA,2120,42.33389,-71.08459099999999,fuertes photography,,True,4.323287671232877,1,Massachusetts Avenue,826.6658399994944
2025-05-02 14:32:00,,2029-05-02 14:30:00,Gigi Maintenance and Construction,Home Improvement,260 Ruggles ST,Mission Hill,MA,2120,42.33574,-71.09152,gigi maintenance and construction,,True,0.947945205479452,1,Ruggles,287.33304599930665
2019-01-04 12:14:00,3/10/23 12:28,2027-03-10 10:35:00,Ginger Exchange,Restaurant,1625 Tremont ST,Roxbury,MA,2120,42.33392,-71.10354000000001,ginger exchange,,True,7.276712328767124,1,Brigham Circle,150.8887379995773
2025-09-24 13:43:00,,2029-09-24 13:41:00,GLO. Strategies,Consulting Services,1 Bickford AV,Mission Hill,MA,2120,42.326782,-71.10229400000003,glo strategies,,True,0.5506849315068493,1,Jackson Square,705.7770720031236
2024-03-12 12:57:00,,2028-03-12 12:55:00,Global Language Experts,Language Services,1 Gurney ST,Mission Hill,MA,2120,42.331896,-71.09577000000002,global language experts,,True,2.0876712328767124,1,Roxbury Crossing,169.55538599823902
2025-01-22 14:23:00,,2029-01-22 14:21:00,GlowBellaNailSpa&Tan,"Nail, Spa & Tan Owner",1605 Tremont ST,Mission Hill,MA,2120,42.33372,-71.10264000000001,glowbellanailspatan,,True,1.2219178082191782,1,Brigham Circle,166.99983299837524
2018-05-14 16:21:00,6/14/22 15:59,2026-06-14 15:47:00,Goddessobsessionhairboutiques.com,Health/ Beauty,17 Hammond ST,Mission Hill,MA,2120,42.33539,-71.08206000000001,goddessobsessionhairboutiquescom,,True,7.920547945205479,1,Massachusetts Avenue,840.6658259988856
2018-03-01 15:00:00,,2022-03-01 14:59:00,Gordon Tree & Landscaping,Tree & Landscaping Services,77 Iroquois ST,Mission Hill,MA,2120,42.330711,-71.106042,gordon tree  landscaping,,False,4.0,1,Fenwood Road,372.2218499997246
2019-05-01 11:41:00,,2023-05-01 11:41:00,Guaranteed Clean,Cleaning Services,120 Madison Park CT,Mission Hill,MA,2120,42.331107,-71.08584100000002,guaranteed clean,,False,4.002739726027397,1,Ruggles,1015.3323179976416
2022-07-25 13:55:00,,2026-07-25 13:54:00,H 2022 Investments,Real Estate Investing,8 Sunset ST,Mission Hill,MA,2120,42.33154,-71.10829999999999,h 2022 investments,,True,3.7205479452054795,1,Mission Park,301.66636500101407
2021-09-23 12:40:00,,2025-09-23 12:38:00,HABIB MOHAMUD,UBER,100 Cabot ST,Mission Hill,MA,2120,42.333359,-71.087806,habib mohamud,,False,4.0,1,Ruggles,546.7772309995507
2025-10-21 12:10:00,,2029-10-21 12:09:00,Haitian Production,Production Company,55 Warwick ST,Mission Hill,MA,2120,42.33572,-71.08483000000001,haitian production,,True,0.4767123287671233,1,Ruggles,615.1104959983454
2022-06-10 10:04:00,,2026-06-10 10:00:00,HALLIDAY TRANSPORTATION,TAXI,10 Hammond ST,Mission Hill,MA,2120,42.334367,-71.08245399999998,halliday transportation,,True,3.8438356164383563,1,Massachusetts Avenue,910.5546450016476
2021-03-16 11:34:00,3/25/25 11:32,2029-03-25 09:10:00,Handy Clean Services,Cleaning service,21 Brook Marshall RD,Mission Hill,MA,2120,42.334799,-71.08603299999999,handy clean services,,True,5.079452054794521,1,Ruggles,583.7771940016632
2018-11-23 16:09:00,2/20/24 13:16,2028-02-20 13:15:00,Heavenly Cosmetic Care,Online Cosmetic Retail,30A Saint Alphonsus ST,Mission Hill,MA,2120,42.334757,-71.09993099999997,heavenly cosmetic care,,True,7.391780821917808,1,Longwood Medical Area,152.33318099593043
2019-11-12 15:18:00,,2023-11-12 14:18:00,Hissho Sushi,Wholesale Sushi Vendor,600 Huntington AV,Mission Hill,MA,2120,42.33628,-71.097307,hissho sushi,,False,4.0,3,Longwood Medical Area,231.55532400039195
2019-09-30 11:26:00,11/20/23 12:59,2027-11-20 12:23:00,Hissho Sushi,Wholesale Sushi Vendor,1620 Tremont ST,Mission Hill,MA,2120,42.333373,-71.10411199999999,hissho sushi,,True,6.53972602739726,3,Brigham Circle,148.11096300185355
2016-12-27 10:14:00,11/21/25 11:24,2029-11-21 11:23:00,HNG Limo Services,Limo Service,105 Hammond ST,Mission Hill,MA,2120,42.33707,-71.08296000000001,hng limo services,,True,9.2986301369863,1,Massachusetts Avenue,553.9994459986851
2025-09-18 13:27:00,,2029-09-18 13:25:00,Home Run Record,Music Record,7 Wensley ST,Mission Hill,MA,2120,42.32677,-71.100391,home run record,,True,0.5671232876712329,1,Jackson Square,492.9995070003234
2024-10-09 12:51:00,,2028-10-09 12:50:00,Hooked On The Look,Online Retail/Vendor,25 Whittier ST,Mission Hill,MA,2120,42.333919,-71.088572,hooked on the look,,True,1.5095890410958903,1,Ruggles,399.4440449996809
2019-01-14 14:17:00,,2023-01-14 14:15:00,Hosh's Company,Management,71 Calumet ST,Mission Hill,MA,2120,42.331684,-71.10442,hoshs company,,False,4.0,1,Brigham Circle,301.55525399971566
2019-06-25 13:15:00,,2023-06-25 13:14:00,Huios Painting and Historical Restoration,Interior Painting,1 Lawn ST,Mission Hill,MA,2120,42.326312,-71.10395699999998,huios painting and historical restoration,,False,4.0,1,Jackson Square,838.3324949976712
2021-09-17 10:32:00,,2025-09-17 10:30:00,IDIRIS NUR,UBER/LYFT,25 Hammond ST,Mission Hill,MA,2120,42.33534,-71.08221000000003,idiris nur,,False,4.0,1,Massachusetts Avenue,829.5547259961481
2021-11-30 12:09:00,,2025-11-30 12:07:00,IGOHOHON TRANSPORTATION,TRANSPORTATION,53 Windsor ST,Mission Hill,MA,2120,42.33518,-71.08362999999997,igohohon transportation,,False,4.0,1,Massachusetts Avenue,689.5548660030272
2021-10-19 11:53:00,12/22/25 10:04,2029-12-22 10:02:00,IGUEHI ENTERPRISE,TAXI,34 Hammond ST,Mission Hill,MA,2120,42.335095,-71.08264500000001,iguehi enterprise,,True,4.484931506849315,1,Massachusetts Avenue,808.4436359981316
2017-04-04 12:50:00,12/23/25 14:11,2029-12-23 14:11:00,Ilmondo Pizza,Pizza Shop,738 Huntington AV,Mission Hill,MA,2120,42.333712,-71.105369,ilmondo pizza,,True,9.03013698630137,1,Fenwood Road,24.44441999986408
2019-11-08 12:15:00,10/30/23 12:00,2027-10-30 11:58:00,In Detail Event Planning,Event Planning,5 Kerr PL,Mission Hill,MA,2120,42.33389,-71.08459099999999,in detail event planning,,True,6.432876712328767,1,Massachusetts Avenue,826.6658399994944
2019-07-22 12:25:00,7/26/23 14:25,2027-07-26 14:23:00,In The Cut Boston Barbershop,Barbershop,1435 Tremont ST,Mission Hill,MA,2120,42.331897,-71.09648300000003,in the cut boston barbershop,,True,6.7315068493150685,1,Roxbury Crossing,176.4442680037415
2015-01-12 00:00:00,,2015-09-04 00:00:00,INFINITITY,CLOTHING LINE,30 Annunciation RD,Mission Hill,MA,2120,42.33592,-71.09216000000004,infinitity,,False,0.6438356164383562,1,Ruggles,338.44410600289814
2024-04-25 13:53:00,,2028-04-25 13:44:00,Ink Source,Tattoo Shop,1029 Tremont ST,Mission Hill,MA,2120,42.336782,-71.08539200000001,ink source,,True,1.9671232876712328,1,Ruggles,508.22171399899713
2015-03-17 00:00:00,12/21/23 13:31,2027-12-21 13:29:00,INTERNATIONAL HALAL MARKET,GROCERY STORE,1431 Tremont ST,Mission Hill,MA,2120,42.33189,-71.09642600000001,international halal market,,True,11.084931506849315,1,Roxbury Crossing,169.33316400116854
2025-02-13 15:24:00,,2029-02-13 15:03:00,Iridescent Memory Labs,Online Retail,3 Sewall ST,Mission Hill,MA,2120,42.33162,-71.09814,iridescent memory labs,,True,1.1616438356164382,1,Roxbury Crossing,329.7774480003051
2018-03-26 14:28:00,,2022-03-26 14:26:00,Ivan's Jewelry,Online Retail Jewelry,782 Huntington AV,Boston,MA,2120,42.33306,-71.10693000000003,ivans jewelry,,False,4.0,1,Fenwood Road,209.8886790029885
2023-10-25 09:40:00,,2027-10-25 09:38:00,J & S Mobile Child Care,Mobile Babysitting,1 Estey ST,Mission Hill,MA,2120,42.327826,-71.107662,j  s mobile child care,,True,2.4684931506849317,1,Heath Street,342.2218799996761
2014-07-28 00:00:00,6/9/22 15:42,2026-06-09 15:05:00,J. P. LICKS,ICE CREAM/YOGURT CAFE,1618 Tremont ST,Mission Hill,MA,2120,42.333352,-71.10442,j p licks,,True,11.72054794520548,1,Brigham Circle,116.2221060002581
2023-05-08 13:30:00,,2027-05-08 13:29:00,J.Lara Painting and Services,Indoor Painting Only and Cleaning Services,40 Annunciation RD,Mission Hill,MA,2120,42.33549,-71.09249999999997,jlara painting and services,,True,2.9342465753424656,1,Ruggles,423.9995759961065
2020-01-30 15:07:00,,2024-01-30 13:32:00,Jamaica Plain Saxophone Quartet,Musical group,29 Hayden ST,Mission Hill,MA,2120,42.327688,-71.10646300000002,jamaica plain saxophone quartet,,False,4.0,1,Heath Street,490.7772869980391
2025-01-22 11:34:00,,2029-01-22 11:32:00,Jaycutz Barbershop,Barbershop,990 Tremont ST,Mission Hill,MA,2120,42.336817,-71.08421099999998,jaycutz barbershop,,True,1.2219178082191782,1,Massachusetts Avenue,459.2217629979705
2021-09-01 12:44:00,10/28/25 9:06,2029-08-29 09:06:00,JC BARBERSHOP,Barbershop,1008 Tremont ST,Mission Hill,MA,2120,42.336718,-71.08469200000002,jc barbershop,,True,4.616438356164384,1,Massachusetts Avenue,523.6661430026362
2024-11-19 13:39:00,,2028-11-19 13:38:00,JD Windows Restoration And Repairs,Window Restoration & Repairs,706 Huntington AV,Mission Hill,MA,2120,42.334356,-71.10369000000003,jd windows restoration and repairs,,True,1.3972602739726028,1,Brigham Circle,91.33324199756868
2022-04-19 10:02:00,,2026-04-19 10:01:00,JDS Low Moisture Carpet Cleaning,Floor Finishing,5 Greenwich ST,Mission Hill,MA,2120,42.33535,-71.08344999999997,jds low moisture carpet cleaning,,True,3.9863013698630136,1,Massachusetts Avenue,690.6659760033799
2019-01-31 10:16:00,1/20/23 12:22,2027-01-20 00:00:00,JL + CoRE,Real Estate,5 Greenwich ST,Mission Hill,MA,2120,42.33535,-71.08344999999997,jl  core,,True,7.2027397260273975,1,Massachusetts Avenue,690.6659760033799
2018-05-07 11:51:00,6/15/22 9:07,2026-06-15 09:05:00,JLI Import & Export Agricultural,Import & Export,26 Hammond ST,Mission Hill,MA,2120,42.334744,-71.08242200000001,jli import  export agricultural,,True,7.93972602739726,1,Massachusetts Avenue,872.2213499989541
2014-03-26 00:00:00,4/7/22 12:49,2026-04-07 12:34:00,JOSE MARTINEZ PAINTING,INTERIOR PAINTING,1050 Tremont ST,Mission Hill,MA,2120,42.33597,-71.08587,jose martinez painting,,False,12.04109589041096,1,Ruggles,471.7773059994295
2020-02-10 09:55:00,,2024-02-10 09:52:00,Joshua's Photography Business,Photographer,8 Coventry ST,Mission Hill,MA,2120,42.336847,-71.08586400000002,joshuas photography business,,False,4.0,1,Ruggles,462.99953699869593
2026-02-27 15:09:00,,2030-02-27 15:07:00,JP TECH,retail/consumer electronics,41 Ellingwood ST,Mission Hill,MA,2120,42.32892,-71.10885999999999,jp tech,,True,0.1232876712328767,1,Heath Street,221.7775560006042
2019-11-27 14:20:00,,2023-11-27 14:19:00,JVM Services,Tax Services,37 Warwick ST,Mission Hill,MA,2120,42.33605,-71.08451000000002,jvm services,,False,4.0,1,Massachusetts Avenue,577.6660890028814
2020-07-13 14:48:00,7/5/24 13:22,2028-07-05 13:15:00,Keith Cerone Glass,On-Line Glass Art Sales,42 Wait ST,Mission Hill,MA,2120,42.331886,-71.106313,keith cerone glass,,True,5.7534246575342465,1,Fenwood Road,271.77750599989554
2020-11-06 11:59:00,12/16/24 16:42,2028-12-16 13:59:00,Kinetic Remedy,private fitness facility,1470 Tremont ST,Mission Hill,MA,2120,42.331779,-71.09805499999999,kinetic remedy,,True,5.435616438356164,1,Roxbury Crossing,337.9996619984938
2022-03-03 09:39:00,,2026-03-03 09:37:00,King Chief Smoke Shop,Smoke Shop,1027 Tremont ST,Mission Hill,MA,2120,42.33681,-71.08533799999998,king chief smoke shop,,False,4.0,1,Ruggles,517.3328160028365
2021-04-01 10:14:00,,2025-04-01 10:13:00,Kittiwake Card Company,stationery,60 Wait ST,Mission Hill,MA,2120,42.331101,-71.10663199999999,kittiwake card company,,False,4.0,1,Fenwood Road,394.4440499988833
2021-12-14 11:09:00,,2025-12-14 11:08:00,KRISVON TRANSPORT SERVICES,UBER,1 Greenwich ST,Mission Hill,MA,2120,42.33534,-71.08341999999999,krisvon transport services,,False,4.0,1,Massachusetts Avenue,695.1104160008432
2022-06-29 14:58:00,,2026-06-29 11:57:00,Kumi,Virtual Delivery Service,1626 Tremont ST,Mission Hill,MA,2120,42.333677,-71.10399100000001,kumi,,True,3.791780821917808,1,Brigham Circle,127.77764999950485
2025-10-21 13:28:00,,2029-10-21 11:20:00,Largo Boston,"Engage in the design, development, manufacturing and sell of indoor furniture or household goods",52 Fisher AV,Mission Hill,MA,2120,42.327566,-71.10229300000003,largo boston,,True,0.4767123287671233,1,Jackson Square,792.7769850029485
2023-08-24 10:45:00,,2027-08-24 10:41:00,Learn and Play Day Care Center,Day Care,1073 Tremont ST,Mission Hill,MA,2120,42.336197,-71.08683200000002,learn and play day care center,,True,2.638356164383562,1,Ruggles,339.66632699823333
2016-06-22 00:00:00,2/17/23 11:38,2027-02-17 11:37:00,LEASH,DOG WALKING,5 Wensley ST,Mission Hill,MA,2120,42.326776,-71.100345,leash,,True,9.816438356164383,1,Jackson Square,488.5550670004917
2022-10-03 13:33:00,,2026-10-03 12:44:00,Legacy Real Estate,Real Estate,810 Parker ST,Mission Hill,MA,2120,42.328222,-71.09890999999999,legacy real estate,,True,3.5287671232876714,1,Roxbury Crossing,581.9994179998357
2015-05-07 00:00:00,,2015-09-16 00:00:00,LEXISNEXIS,INFORMATION PROVIDER,22 Hammond ST,Mission Hill,MA,2120,42.334656,-71.082359,lexisnexis,,False,0.36164383561643837,1,Massachusetts Avenue,888.9991110000163
2016-02-11 00:00:00,3/26/24 14:28,2028-03-26 14:27:00,LILLY'S GOURMET PASTA EXPRESS,RESTAURANT,1528 Tremont ST,Mission Hill,MA,2120,42.332317,-71.100031,lillys gourmet pasta express,,True,10.178082191780822,1,Longwood Medical Area,434.55512099945696
2021-03-01 14:27:00,3/6/25 13:08,2029-03-06 12:09:00,LIZ'S HAIR CARE,HAIR SALON,1605 Tremont ST,Mission Hill,MA,2120,42.33372,-71.10264000000001,lizs hair care,,True,5.120547945205479,1,Brigham Circle,166.99983299837524
2020-08-04 13:35:00,9/16/24 10:07,2028-09-17 10:01:00,Los Memisos Especias y Productos,spice retail,5 Greenwich ST,Mission Hill,MA,2120,42.33535,-71.08344999999997,los memisos especias y productos,,True,5.693150684931507,1,Massachusetts Avenue,690.6659760033799
2018-06-25 13:01:00,7/27/22 10:31,2026-07-27 10:30:00,Lotus Designs,Retail Flower Store,977 Tremont ST,Mission Hill,MA,2120,42.33741,-71.08424000000002,lotus designs,,True,7.8054794520547945,1,Massachusetts Avenue,396.5551590030272
2023-12-01 12:35:00,,2027-12-01 10:38:00,Luke Adams,Short Term Rental,2 Gore ST,Mission Hill,MA,2120,42.3307,-71.09674999999999,luke adams,,True,2.367123287671233,1,Roxbury Crossing,73.11103799857432
2024-10-07 12:07:00,,2028-10-07 11:55:00,LYC Cleaning Services,Cleaning Services,9 Greenwich ST,Mission Hill,MA,2120,42.33538,-71.08350999999999,lyc cleaning services,,True,1.515068493150685,1,Massachusetts Avenue,680.6659860009953
2019-01-28 13:44:00,1/20/23 14:09,2027-01-20 13:36:00,Machy Productions,Music/ Disc Jockey,30 Iroquois ST,Mission Hill,MA,2120,42.329952,-71.10435899999999,machy productions,,True,7.210958904109589,1,Brigham Circle,500.77727700200273
2014-05-27 00:00:00,,2015-02-18 00:00:00,MARTIN'S BEEPER REPAIR SHOP,TELECOMMUNICATIONS,1564 Tremont ST,Mission Hill,MA,2120,42.332962,-71.10180500000001,martins beeper repair shop,,False,0.7315068493150685,1,Brigham Circle,343.99965599755615
2024-05-21 12:11:00,,2028-05-21 12:11:00,Mass 4 Seasons Realty,Real Estate Brokerage Agency,72 Fisher AV,Mission Hill,MA,2120,42.327687,-71.103024,mass 4 seasons realty,,True,1.895890410958904,1,Brigham Circle,796.2214260013576
2016-07-18 12:30:00,8/20/21 11:21,2025-08-20 11:20:00,Mass Movement,Entertainment,1050 Tremont ST,Mission Hill,MA,2120,42.33597,-71.08587,mass movement,,False,9.093150684931507,1,Ruggles,471.7773059994295
2024-02-08 15:42:00,,2028-02-08 15:40:00,Merengue Express,Restaurant,1415 Tremont ST,Mission Hill,MA,2120,42.331896,-71.09577000000002,merengue express,,True,2.1780821917808217,1,Roxbury Crossing,169.55538599823902
2017-07-11 14:52:00,7/2/25 0:00,2029-07-02 00:00:00,Metro Housing Boston,Afforable Housing,1423 Tremont ST,Mission Hill,MA,2120,42.331853,-71.09623799999997,metro housing boston,,True,8.761643835616438,1,Roxbury Crossing,144.33318899718068
2014-03-11 00:00:00,2/13/26 16:04,2030-02-13 16:01:00,MIKES DONUT SHOP,DONUT SHOP,1524A Tremont ST,Mission Hill,MA,2120,42.33225,-71.09994,mikes donut shop,,True,12.101369863013698,1,Longwood Medical Area,431.8884569998737
2018-02-23 12:31:00,3/16/26 12:46,2030-03-16 12:44:00,Miledy Day Care,Day Care,92A Ward ST,Mission Hill,MA,2120,42.334837,-71.09570100000002,miledy day care,,True,8.139726027397261,1,Museum of Fine Arts,388.7773890013479
2022-06-22 11:49:00,,2026-06-22 11:47:00,Milestone Capital,General Business Consulting,1 Torpie ST,Mission Hill,MA,2120,42.333079,-71.10273899999999,milestone capital,,True,3.8109589041095893,1,Brigham Circle,227.2219950010692
2017-07-31 12:31:00,5/29/25 12:02,2029-05-29 12:02:00,Milkweed,Restaurant,1508 Tremont ST,Mission Hill,MA,2120,42.332147,-71.09952900000002,milkweed,,True,8.706849315068494,1,Longwood Medical Area,474.5550810018901
2014-07-29 00:00:00,10/7/22 13:14,2026-10-07 13:13:00,MISSION BAR & GRILL,RESTAURANT,724 Huntington AV,Mission Hill,MA,2120,42.333848,-71.10503900000003,mission bar  grill,,True,11.717808219178082,1,Fenwood Road,76.22214599624596
2017-05-15 14:37:00,3/16/22 10:54,2026-03-16 10:52:00,MISSION HILL LIQUORS,LIQUOR STORE,1623 Tremont ST,Mission Hill,MA,2120,42.333896,-71.10344900000001,mission hill liquors,,False,8.838356164383562,1,Brigham Circle,153.55540200152902
2015-10-26 00:00:00,9/15/23 12:29,2027-09-15 11:35:00,MURPH&MOOSE,ONLINE RETAIL,26 Pontiac ST,Mission Hill,MA,2120,42.331933,-71.10089499999998,murphmoose,,True,10.473972602739726,1,Brigham Circle,559.4438850015187
2023-02-02 09:57:00,,2027-02-02 09:56:00,Murray Transport,Transport Of Goods,32A Mcgreevey WY,Mission Hill,MA,2120,42.334617,-71.09738099999998,murray transport,,True,3.1945205479452055,1,Longwood Medical Area,394.1107170013039
2020-09-14 13:44:00,9/5/24 15:19,2028-09-05 12:01:00,NEDC,Residential Remodeling,103 Terrace ST,Mission Hill,MA,2120,42.328829,-71.098276,nedc,,True,5.580821917808219,1,Roxbury Crossing,444.1106670005952
2020-07-15 15:18:00,11/7/24 16:46,2028-11-07 11:40:00,New England Baptist Clinical Care Collabortive,healthcare integration,125 Parker Hill AVE,Mission Hill,MA,2120,42.329771,-71.10682800000001,new england baptist clinical care collabortive,,True,5.747945205479452,1,Back of the Hill,497.2217249983478
2016-10-27 14:12:00,11/15/21 9:02,2025-11-15 09:00:00,New England Brake & Auto Repair,Auto Repair,22 Terrace ST,Mission Hill,MA,2120,42.331048,-71.09618899999998,new england brake  auto repair,,False,9.054794520547945,1,Roxbury Crossing,49.44439499832552
2016-10-27 14:12:00,,,New England Brake Center,Auto Repair,22 Terrace ST,Mission Hill,MA,2120,42.331048,-71.09618899999998,new england brake center,,False,,1,Roxbury Crossing,49.44439499832552
2014-11-13 00:00:00,10/31/22 13:53,2026-10-31 11:38:00,"NEW ENGLAND DESIGN & CONSTRUCTION ,",RESIDENTIAL REMODELING,103 Terrace ST,Mission Hill,MA,2120,42.328829,-71.098276,new england design  construction,,True,11.424657534246576,1,Roxbury Crossing,444.1106670005952
2020-09-14 13:46:00,9/5/24 15:20,2028-09-05 11:58:00,New Era Design and Construction,Residential Remodeling,103 Terrace ST,Mission Hill,MA,2120,42.328829,-71.098276,new era design and construction,,True,5.580821917808219,1,Roxbury Crossing,444.1106670005952
2024-03-14 09:39:00,,2028-03-14 09:38:00,Nicole N Burke,Book keeping,1050 Tremont ST,Mission Hill,MA,2120,42.33597,-71.08587,nicole n burke,,True,2.0821917808219177,1,Ruggles,471.7773059994295
2015-06-04 00:00:00,7/12/19 15:17,2023-07-12 15:09:00,NIGHT SERVICE BOOKKEEPING,BOOKKEEPING,37 Calumet ST,Mission Hill,MA,2120,42.332743,-71.10571299999998,night service bookkeeping,,False,8.10958904109589,1,Fenwood Road,111.66655500228586
2018-11-30 14:39:00,,2022-11-30 14:37:00,Nirvana Luxury Hair,Online Retail Beauty Products,100 Madison Park CT,Mission Hill,MA,2120,42.330867,-71.08527100000003,nirvana luxury hair,,False,4.0,1,Ruggles,1105.332227996208
2018-08-29 13:21:00,,2022-08-29 13:19:00,NOTEN Life Consulting,Consulting,112A Ward ST,Mission Hill,MA,2120,42.335027,-71.096181,noten life consulting,,False,4.0,1,Museum of Fine Arts,420.9995789997333
2023-06-27 14:41:00,,2027-06-27 14:40:00,Nubian Archery Club,Archery Club,291 Roxbury ST,Roxbury,MA,2120,42.330384,-71.094357,nubian archery club,,True,2.797260273972603,1,Roxbury Crossing,215.444229000015
2023-06-27 14:27:00,,2027-06-27 14:22:00,Nubian Square Farmers Market,Marketplace,291 Roxbury ST,Roxbury,MA,2120,42.330384,-71.094357,nubian square farmers market,,True,2.797260273972603,1,Roxbury Crossing,215.444229000015
2023-06-27 14:26:00,,2027-06-27 14:19:00,Nubian Square Florist,Agriculture,291 Roxbury ST,Roxbury,MA,2120,42.330384,-71.094357,nubian square florist,,True,2.797260273972603,1,Roxbury Crossing,215.444229000015
2023-06-27 14:26:00,,2027-06-27 14:20:00,Nubian Square Main Streets,Business Consultation and Development,291 Roxbury ST,Roxbury,MA,2120,42.330384,-71.094357,nubian square main streets,,True,2.797260273972603,1,Roxbury Crossing,215.444229000015
2022-01-20 10:45:00,,2026-01-20 10:43:00,Off The Wall,TV Mounting Service,100 Cabot ST,Mission Hill,MA,2120,42.333359,-71.087806,off the wall,,False,4.0,1,Ruggles,546.7772309995507
2023-04-18 15:49:00,,2027-04-18 15:48:00,One Caddy Lux Ride,Livery Services,1050 Tremont ST,Mission Hill,MA,2120,42.33597,-71.08587,one caddy lux ride,,True,2.989041095890411,1,Ruggles,471.7773059994295
2023-06-05 09:29:00,,2027-06-05 09:27:00,One Task At A Time Landscaping,Landscaping,17 Hammond ST,Mission Hill,MA,2120,42.33539,-71.08206000000001,one task at a time landscaping,,True,2.8575342465753426,1,Massachusetts Avenue,840.6658259988856
2017-01-09 15:49:00,,,P J Repairs,,637 Parker ST,Mission Hill,MA,2120,42.333868,-71.09593899999999,p j repairs,,False,,1,Roxbury Crossing,369.8885190016682
2022-03-14 09:56:00,,2026-03-14 09:55:00,P.A. LANDSCAPING & HOME IMPROVEMENT,landscaping/home improvement,34 Fisher AV,Mission Hill,MA,2120,42.327344,-71.10141299999998,pa landscaping  home improvement,,False,4.0,1,Jackson Square,670.3326629970837
2024-11-07 08:50:00,,2028-11-07 08:48:00,Painting Solution,Home Improvement Contractor,5 Kerr PL,Mission Hill,MA,2120,42.33389,-71.08459099999999,painting solution,,True,1.4301369863013698,1,Massachusetts Avenue,826.6658399994944
2022-12-28 09:55:00,,2026-12-28 09:53:00,Parker Realty,Property Management,1605 Tremont ST,Mission Hill,MA,2120,42.33372,-71.10264000000001,parker realty,,True,3.293150684931507,1,Brigham Circle,166.99983299837524
2013-06-06 00:00:00,,2015-09-02 00:00:00,PENA'S MARKET,GROCERY,1053 Tremont ST,Mission Hill,MA,2120,42.336501,-71.08595300000002,penas market,,False,2.241095890410959,1,Ruggles,414.6662519983546
2018-02-26 15:59:00,,2022-02-26 15:38:00,Planet Fitness,Health Club,1199 Tremont ST,Mission Hill,MA,2120,42.334131,-71.09084200000001,planet fitness,,False,4.0,2,Ruggles,390.7773870002459
2016-01-19 00:00:00,2/21/24 14:28,2028-02-21 14:28:00,PREMIER BOSTON REALTY,REAL ESTATE,144 Smith ST,Mission Hill,MA,2120,42.334827,-71.10232100000002,premier boston realty,,True,10.241095890410959,1,Brigham Circle,79.44436499758453
2022-07-22 16:21:00,,2026-07-22 16:19:00,PRODUCT OF A SINGLE MOTHER,ONLINE RETAIL,15 Delle AV,Mission Hill,MA,2120,42.33101,-71.09815000000003,product of a single mother,,True,3.728767123287671,1,Roxbury Crossing,263.11084800361846
2022-03-16 10:05:00,,2026-03-16 10:03:00,PROFESSIONALLY AFFORDABLE CAR RENTALS,CAR SHARE,34 Fisher AV,Mission Hill,MA,2120,42.327344,-71.10141299999998,professionally affordable car rentals,,False,4.0,1,Jackson Square,670.3326629970837
2021-12-08 11:33:00,1/12/26 13:23,2030-01-12 13:00:00,Q Nails & Spa,Nail Salon & Spa,712 Huntington AV,Mission Hill,MA,2120,42.334307,-71.103813,q nails  spa,,True,4.347945205479452,1,Brigham Circle,77.55547799998504
2023-12-12 12:10:00,,2027-12-12 12:08:00,Quest Films and Real Estate,Management,88 Hammond ST,Mission Hill,MA,2120,42.336315,-71.083484,quest films and real estate,,True,2.336986301369863,1,Massachusetts Avenue,579.6660870002004
2023-12-12 12:17:00,,2027-12-12 12:11:00,Quest Publishing,Publishing,88 Hammond ST,Mission Hill,MA,2120,42.336315,-71.083484,quest publishing,,True,2.336986301369863,1,Massachusetts Avenue,579.6660870002004
2019-11-05 11:35:00,,2023-11-05 11:34:00,Quick Pick Convenience,Convenience Store,971A Tremont ST,Mission Hill,MA,2120,42.337567,-71.08407499999998,quick pick convenience,,False,4.0,1,Massachusetts Avenue,374.8885140016764
2015-03-18 00:00:00,3/16/23 14:53,2027-03-16 14:51:00,QUICKPICK CONVENIENCE,CONVENIENCE STORE,973 Tremont ST,Mission Hill,MA,2120,42.337486,-71.08410600000002,quickpick convenience,,True,11.082191780821917,1,Massachusetts Avenue,380.4440639979133
2022-07-15 11:25:00,,2026-07-15 11:20:00,R&R's Finest Auto Glass,Auto Glass Shop,110 Terrace ST,Mission Hill,MA,2120,42.328395,-71.09810700000003,rrs finest auto glass,,True,3.747945205479452,1,Roxbury Crossing,473.5550820036254
2024-09-30 13:45:00,,2028-09-30 13:44:00,R.D.C,Cleaning Services,10 Hammond ST,Mission Hill,MA,2120,42.334367,-71.08245399999998,rdc,,True,1.5342465753424657,1,Massachusetts Avenue,910.5546450016476
2015-10-15 00:00:00,10/23/19 15:16,2023-10-23 15:14:00,RAINBOW DAY CARE,DAY CARE,75 Saint Alphonsus ST,Mission Hill,MA,2120,42.334267,-71.10092600000002,rainbow day care,,False,8.027397260273972,1,Brigham Circle,296.66636999784805
2017-02-03 11:32:00,9/5/25 16:07,2029-09-05 16:02:00,Realty Holdings,Property Management and Trading,1 Sussex ST,Mission Hill,MA,2120,42.33621,-71.08354600000001,realty holdings,,True,9.194520547945206,1,Massachusetts Avenue,584.4438599984011
2025-04-09 10:52:00,,2029-04-09 10:50:00,RecruitSeq,Recruitment Consulting Services,9 Burney ST,Mission Hill,MA,2120,42.331944,-71.09965699999998,recruitseq,,True,1.010958904109589,1,Longwood Medical Area,484.6661820032048
2018-01-31 15:00:00,4/19/22 15:36,2026-04-19 12:30:00,Refugee and Immigrant Assistance Center Community Counseling,Mental Health Clinic,253 Roxbury ST,Roxbury,MA,2120,42.330343,-71.09342600000002,refugee and immigrant assistance center community counseling,,True,8.202739726027398,1,Roxbury Crossing,323.4441209981369
2020-11-17 10:11:00,12/13/24 16:05,2028-12-13 16:03:00,Reginald L. Jackson Photography,Photography,71 Windsor ST,Mission Hill,MA,2120,42.335317,-71.084341,reginald l jackson photography,,True,5.405479452054794,1,Massachusetts Avenue,640.3326929994038
2025-09-15 16:32:00,,2029-09-15 11:47:00,Revel Routes and Roots Travel,Travel/Leisure Travel,41 Hammond ST,Mission Hill,MA,2120,42.33551,-71.08249999999998,revel routes and roots travel,,True,0.5753424657534246,1,Massachusetts Avenue,778.4436660020306
2017-04-07 14:52:00,5/8/23 15:00,2027-05-08 14:58:00,Robin Auto Body,Auto Body Shop,110 Terrace ST,Mission Hill,MA,2120,42.328395,-71.09810700000003,robin auto body,,True,9.021917808219179,1,Roxbury Crossing,473.5550820036254
2022-11-04 14:36:00,,2026-11-04 14:33:00,Robyn Renae Photography,Photography,36 Delle AV,Mission Hill,MA,2120,42.331065,-71.09910500000001,robyn renae photography,,True,3.441095890410959,1,Roxbury Crossing,375.3329580013437
2023-03-31 11:25:00,,2027-03-31 11:22:00,Rodriguez Pro Paint,Painting Services,65 Dewitt DR,Mission Hill,MA,2120,42.334322,-71.08422999999999,rodriguez pro paint,,True,3.0383561643835617,1,Massachusetts Avenue,738.5548169993169
2014-08-11 00:00:00,8/3/18 12:39,2022-08-03 12:35:00,ROSIE'S BEAUTY SALON,HAIR SALON,80 Hammond ST,Mission Hill,MA,2120,42.336157,-71.08334100000002,rosies beauty salon,,False,7.983561643835617,1,Massachusetts Avenue,613.1104979978685
2019-06-26 09:35:00,,2023-06-26 09:35:00,Royalty Management,property management,13 Brook Marshall RD,Mission Hill,MA,2120,42.334799,-71.08603299999999,royalty management,,False,4.002739726027397,1,Ruggles,583.7771940016632
2020-08-27 12:04:00,,2024-08-27 12:03:00,Ruggles Pizza and Cafe,pizza and cafe,249 Ruggles ST,Boston,MA,2120,42.336487,-71.08917400000001,ruggles pizza and cafe,,False,4.0,1,Ruggles,55.22216699873838
2019-01-17 15:26:00,,2023-01-17 15:25:00,S Jewels,Online Boutique,19 Sojourner Truth CT,Mission Hill,MA,2120,42.333615,-71.08576600000004,s jewels,,False,4.0,1,Ruggles,744.9992549956781
2023-11-14 09:33:00,,2027-11-14 09:17:00,S. Anderson Notary & Services,Notary & Services,1050 Tremont ST,Mission Hill,MA,2120,42.33597,-71.08587,s anderson notary  services,,True,2.4136986301369863,1,Ruggles,471.7773059994295
2013-01-22 00:00:00,,2016-01-08 00:00:00,SAFETY AUTO SCHOOL,AUTO SCHOOL - CH BUS LOC 12/22/14,1 Stockwell ST,Boston,MA,2120,42.332188,-71.10692499999999,safety auto school,,False,2.9616438356164383,1,Fenwood Road,306.22191599819683
2021-02-11 14:22:00,,2025-02-11 11:26:00,"SAMUEL ZARZOUR, ATTORNEY AT LAW",LAW OFFICE,1570 Tremont ST,Mission Hill,MA,2120,42.3331,-71.10216000000003,samuel zarzour attorney at law,,False,4.0,1,Brigham Circle,289.22193299611666
2026-01-09 12:31:00,,2030-01-09 12:28:00,SeiyoTalent,Employment Placement/Recruiting,774 Parker ST,Mission Hill,MA,2120,42.329774,-71.09844499999997,seiyotalent,,True,0.25753424657534246,1,Roxbury Crossing,357.8885309972277
2021-09-23 12:50:00,,2025-09-23 12:40:00,Shill Transportation,Uber,31 Mcgreevey WY,Mission Hill,MA,2120,42.334887,-71.09714099999997,shill transportation,,False,4.0,1,Longwood Medical Area,390.7773870034038
2022-06-23 12:32:00,,2026-06-23 12:31:00,Sid's Adventures,Support Mentor For Children,735 Shawmut AV,Mission Hill,MA,2120,42.33278,-71.08386000000002,sids adventures,,True,3.808219178082192,1,Massachusetts Avenue,930.6657359982416
2019-06-28 12:30:00,6/8/23 14:02,2027-06-08 14:00:00,Siena Lee,Short Term Rental,88 Alleghany ST,Mission Hill,MA,2120,42.331163,-71.10131200000001,siena lee,,True,6.7972602739726025,1,Brigham Circle,598.66606799881
2018-02-22 10:07:00,7/22/22 16:21,2026-07-22 16:15:00,Simply Tafari,Online Retail,15 Delle AV,Mission Hill,MA,2120,42.33101,-71.09815000000003,simply tafari,,True,8.142465753424657,1,Roxbury Crossing,263.11084800361846
2025-12-10 12:29:00,,2029-12-10 12:26:00,SIP CITY LIQUORS,LIQUOR STORE,1623 Tremont ST,Roxbury,MA,2120,42.333896,-71.10344900000001,sip city liquors,,True,0.33972602739726027,1,Brigham Circle,153.55540200152902
2019-09-18 14:02:00,,2023-09-18 13:58:00,SNM Limo Service,Limo Service,21 Greenwich ST,Mission Hill,MA,2120,42.335549,-71.08384699999999,snm limo service,,False,4.0,1,Massachusetts Avenue,624.4438200008342
2013-09-27 00:00:00,9/29/25 16:32,2029-09-29 08:40:00,Sodexo @New England Baptist Hospital,FACILITIES MGT,125 Parker Hill AVE,Mission Hill,MA,2120,42.329771,-71.10682800000001,sodexo new england baptist hospital,,True,12.553424657534247,1,Back of the Hill,497.2217249983478
2025-10-27 13:50:00,,2029-10-27 11:46:00,Sodexo at New England Baptist Transport,Food Service Management,125 Parker Hill AVE,Mission Hill,MA,2120,42.329771,-71.10682800000001,sodexo at new england baptist transport,,True,0.4602739726027397,1,Back of the Hill,497.2217249983478
2018-01-02 13:03:00,12/15/25 11:32,2029-12-15 11:28:00,Solid Ground Cafe,Cafe,742 Huntington AV,Mission Hill,MA,2120,42.333677,-71.10544099999998,solid ground cafe,,True,8.282191780821918,1,Fenwood Road,18.99998100097811
2026-01-29 11:08:00,,2030-01-29 11:07:00,Solomon Clarke Music,Music and Entertainment Services,7 Estey ST,Mission Hill,MA,2120,42.328,-71.10738000000003,solomon clarke music,,True,0.20273972602739726,1,Heath Street,354.22186799622176
2020-10-06 10:43:00,,2024-10-06 10:42:00,Sons Against Violence,non profit,26 Wensley ST,Mission Hill,MA,2120,42.327117,-71.10175099999998,sons against violence,,False,4.0,1,Jackson Square,682.6659839975248
2013-09-20 00:00:00,,2015-11-05 00:00:00,STATION 10 CAFE,CAFETERIA,1199 Tremont ST,Mission Hill,MA,2120,42.334131,-71.09084200000001,station 10 cafe,,False,2.126027397260274,1,Ruggles,390.7773870002459
2023-06-01 14:11:00,,2027-06-01 12:00:00,Steve & Kate's Camp-Fenway,Summer Day Camp For Kids,94 Saint Alphonsus ST,Mission Hill,MA,2120,42.333225,-71.100617,steve  kates campfenway,,True,2.8684931506849316,1,Longwood Medical Area,398.7773789997851
2022-06-29 15:42:00,,2026-06-29 11:54:00,Stonie Bowls,Virtual Delivery Service,1626 Tremont ST,Mission Hill,MA,2120,42.333677,-71.10399100000001,stonie bowls,,True,3.791780821917808,1,Brigham Circle,127.77764999950485
2014-02-19 00:00:00,3/17/26 16:11,2030-03-17 15:49:00,STOP & SHOP #412,SUPERMARKET,1620 Tremont ST,Mission Hill,MA,2120,42.333373,-71.10411199999999,stop  shop 412,,True,12.156164383561643,1,Brigham Circle,148.11096300185355
2021-11-02 12:36:00,,2025-11-02 12:35:00,SUBWAY,Restaurant,1578 Tremont ST,Mission Hill,MA,2120,42.33324,-71.10255999999998,subway,,False,4.0,4,Brigham Circle,229.22199300075656
2024-02-05 14:15:00,,2028-02-05 14:14:00,Sully's Barbershop Boston,Barbershop,1596 Tremont ST,Mission Hill,MA,2120,42.333487,-71.10320100000001,sullys barbershop boston,,True,2.186301369863014,1,Brigham Circle,171.44427300215443
2025-12-17 11:38:00,,2029-12-17 11:36:00,Sunny Laundromat,Laundromat,1458 Tremont ST,Mission Hill,MA,2120,42.3316,-71.09758999999997,sunny laundromat,,True,0.32054794520547947,1,Roxbury Crossing,266.4441779967816
2022-05-23 11:02:00,,2026-05-23 11:00:00,Sunset Street Cottage,Short-Term Rental,17 Sunset ST,Mission Hill,MA,2120,42.331153,-71.10888799999998,sunset street cottage,,True,3.893150684931507,1,Mission Park,279.3330540013464
2018-05-14 10:35:00,3/24/26 11:09,2030-03-24 11:08:00,Sushi Today,Asian Restaurant,1562 Tremont ST,Mission Hill,MA,2120,42.332928,-71.10170800000003,sushi today,,True,7.920547945205479,1,Brigham Circle,358.5551969955445
2015-03-25 00:00:00,3/8/19 13:06,2023-03-08 13:04:00,T & J NAIL DESIGN OF CALIFORNIA,NAIL SALON,1045 Tremont ST,Mission Hill,MA,2120,42.33657,-71.08582000000001,t  j nail design of california,,False,7.958904109589041,1,Ruggles,437.1106739993208
2023-02-23 14:04:00,,2027-02-23 14:03:00,T&J Nail Design of California,Nail Salon,1045 Tremont ST,Mission Hill,MA,2120,42.33657,-71.08582000000001,tj nail design of california,,True,3.136986301369863,1,Ruggles,437.1106739993208
2024-08-19 15:59:00,,2028-08-19 14:54:00,Talbots 1305,retailer Women's Clothing,100 Huntington AV,Mission Hill,MA,2120,42.347312,-71.07812200000001,talbots 1305,,True,1.6493150684931508,1,Back Bay,270.33306300038447
2025-02-05 10:54:00,,2029-02-05 10:53:00,Tata Mini Market,Convenience Store,1055 Tremont ST,Mission Hill,MA,2120,42.336517,-71.08600100000001,tata mini market,,True,1.1835616438356165,1,Ruggles,411.11069999943663
2018-10-31 09:24:00,11/28/22 13:23,2026-11-28 13:22:00,TAVERN OF TALES,BOARD GAME CAFE,1478 Tremont ST,Mission Hill,MA,2120,42.331771,-71.09868,tavern of tales,,True,7.454794520547945,1,Roxbury Crossing,406.5551490006749
2018-04-27 09:26:00,,2022-04-27 09:24:00,Teach 1 Basketball,Nonprofit Youth Basketball,156 Dewitt DR,Mission Hill,MA,2120,42.331642,-71.08505400000001,teach 1 basketball,,False,4.0,1,Ruggles,1043.3322899980026
2016-02-17 00:00:00,2/2/24 13:30,2028-02-02 13:28:00,TENNIS AVENUE,RECREATIONAL / SPORTS,116A Ward ST,Mission Hill,MA,2120,42.335205,-71.096607,tennis avenue,,True,10.161643835616438,1,Longwood Medical Area,414.7773629988636
2025-03-06 15:50:00,,2029-03-06 15:39:00,TGI Fridays,Full Service Restaurant,1626 Tremont ST,Mission Hill,MA,2120,42.333677,-71.10399100000001,tgi fridays,,True,1.104109589041096,2,Brigham Circle,127.77764999950485
2023-04-28 13:22:00,,2027-04-28 11:41:00,TGI Fridays,Full Service Restaurant/Bar,1626 Tremont ST,Mission Hill,MA,2120,42.333677,-71.10399100000001,tgi fridays,,True,2.9616438356164383,2,Brigham Circle,127.77764999950485
2021-04-12 14:17:00,4/9/25 12:41,2029-04-09 11:33:00,The Baker Center For Children and Families,mental health,53 Parker Hill AV,Mission Hill,MA,2120,42.33097,-71.110049,the baker center for children and families,,True,5.005479452054795,1,Riverway,255.22196699985125
2019-06-28 10:21:00,,2023-06-28 10:19:00,The Blended Box Boutique,Online Retail,32A Mcgreevey WY,Mission Hill,MA,2120,42.334617,-71.09738099999998,the blended box boutique,,False,4.0,1,Longwood Medical Area,394.1107170013039
2021-07-14 15:20:00,,2025-07-14 15:19:00,The Curvy Mami,Online Store,735 Shawmut AV,Mission Hill,MA,2120,42.33278,-71.08386000000002,the curvy mami,,False,4.0,1,Massachusetts Avenue,930.6657359982416
2023-11-14 11:57:00,,2027-11-14 11:56:00,THE GREEN HAUS,Cafe,1520 Tremont ST,Mission Hill,MA,2120,42.33221,-71.09977000000003,the green haus,,True,2.4136986301369863,1,Longwood Medical Area,442.55511299662777
2019-06-03 14:47:00,,2023-06-03 13:13:00,The Longwood Apartments,Apartment Building,1575 Tremont ST,ROXBURY,MA,2120,42.333478,-71.10190599999999,the longwood apartments,,False,4.0,1,Brigham Circle,275.4441690009015
2019-03-11 14:14:00,,2023-03-11 14:13:00,The Original MAD Hat,Retail Online,38 Hillside ST,Mission Hill,MA,2120,42.32977,-71.10072000000002,the original mad hat,,False,4.0,1,Roxbury Crossing,611.110500002918
2015-03-13 00:00:00,4/21/23 14:59,2027-04-21 14:57:00,THE PUDDINGSTONE,RESTAURANT / BAR,1592 Tremont ST,Mission Hill,MA,2120,42.333423,-71.103096,the puddingstone,,True,11.095890410958905,1,Brigham Circle,166.88872199944527
2024-04-23 14:45:00,,2028-04-23 14:43:00,THE TOUCH OF PERFECTION BEAUTY ACADEMY,Trade School Education,122 Dewitt DR,Mission Hill,MA,2120,42.332876,-71.08454599999999,the touch of perfection beauty academy,,True,1.9726027397260273,1,Massachusetts Avenue,934.3323989992476
2019-08-26 15:39:00,,2023-08-26 11:44:00,The Tremont,Apartment Building,1480 Tremont ST,Mission Hill,MA,2120,42.331685,-71.098523,the tremont,,False,4.0,1,Roxbury Crossing,379.55517600015753
2021-10-25 12:37:00,,2025-10-25 12:35:00,Them Go Tire,Taxi,10 Hammond ST,Mission Hill,MA,2120,42.334367,-71.08245399999998,them go tire,,False,4.0,1,Massachusetts Avenue,910.5546450016476
2025-07-25 15:23:00,,2029-07-25 15:22:00,Theroux Client Defense Co.,Legal Services,75 Saint Alphonsus ST,Mission Hill,MA,2120,42.334267,-71.10092600000002,theroux client defense co,,True,0.7178082191780822,1,Brigham Circle,296.66636999784805
2020-07-31 13:01:00,,2024-07-31 12:59:00,Thorough Quality Cleaning Services,Cleaning,109 Dewitt DR,Mission Hill,MA,2120,42.333415,-71.08495600000003,thorough quality cleaning services,,False,4.0,1,Ruggles,857.2213649957719
2022-05-06 15:53:00,,2026-05-06 15:41:00,TIDY PLACE CLEANING SERVICES,Cleaning Services,7 Horadan WY,Mission Hill,MA,2120,42.333885,-71.09637900000001,tidy place cleaning services,,True,3.9397260273972603,1,Roxbury Crossing,385.7773920018168
2017-02-27 11:51:00,,2021-02-27 11:33:00,Tiffany & Co,Retail Store,100 Huntington AV,Mission Hill,MA,2120,42.347312,-71.07812200000001,tiffany  co,,False,4.0,1,Back Bay,270.33306300038447
2024-10-22 14:17:00,,2028-10-22 14:15:00,TIPSY'S MARKET,Convenience Store/ Beer & Wine,739 Parker ST,Mission Hill,MA,2120,42.33082,-71.09776999999997,tipsys market,,True,1.473972602739726,1,Roxbury Crossing,199.77757799693697
2023-01-23 15:37:00,,2027-01-23 14:32:00,Trell Legacy Real Estate,Real Estate,810 Parker ST,Mission Hill,MA,2120,42.328222,-71.09890999999999,trell legacy real estate,,True,3.221917808219178,1,Roxbury Crossing,581.9994179998357
2015-11-13 00:00:00,2/21/24 15:26,2028-02-21 15:21:00,Tremont House of Pizza,ONLINE PIZZA MENU,1590 Tremont ST,Mission Hill,MA,2120,42.3334,-71.10305,tremont house of pizza,,True,10.424657534246576,1,Brigham Circle,164.33316900037096
2019-10-02 09:51:00,,2023-10-02 09:47:00,Tutelaye Realty Trust,Short-Term Rental,1 Torpie ST,Mission Hill,MA,2120,42.333079,-71.10273899999999,tutelaye realty trust,,False,4.0,3,Brigham Circle,227.2219950010692
2019-10-30 11:05:00,,2023-10-30 11:03:00,Tutelaye Realty Trust,Short Term Rental,1 Torpie ST,Mission Hill,MA,2120,42.333079,-71.10273899999999,tutelaye realty trust,,False,4.0,3,Brigham Circle,227.2219950010692
2023-10-19 16:06:00,,2027-10-19 16:02:00,TUTELAYE REALTY TRUST,Short Term Rental,1 Torpie ST,Mission Hill,MA,2120,42.333079,-71.10273899999999,tutelaye realty trust,,True,2.484931506849315,3,Brigham Circle,227.2219950010692
2019-09-18 10:04:00,,2023-09-18 10:03:00,Tyler Calumet Management,Educational Production Management,36 Calumet ST,Mission Hill,MA,2120,42.332756,-71.10524599999997,tyler calumet management,,False,4.0,1,Fenwood Road,142.9998570029155
2018-07-19 14:15:00,7/1/22 12:22,2026-07-01 10:57:00,U-BE-U4-U EMPROVEMENT SERVICES OF BOSTON,TRAINING & LIFE COACHING,41 Hammond ST,Mission Hill,MA,2120,42.33551,-71.08249999999998,ubeu4u emprovement services of boston,,True,7.739726027397261,1,Massachusetts Avenue,778.4436660020306
2025-02-25 13:00:00,,2029-02-25 12:56:00,Universal Painting,Painting,25 Whittier ST,Mission Hill,MA,2120,42.333919,-71.088572,universal painting,,True,1.1287671232876713,1,Ruggles,399.4440449996809
2019-04-11 12:18:00,,2023-04-11 12:15:00,Uplifting Little Divas,Pagent Organization,18 Raynor CI,Mission Hill,MA,2120,42.33454,-71.086251,uplifting little divas,,False,4.0,1,Ruggles,588.3327449996355
2018-08-16 11:36:00,9/8/22 10:04,2026-09-08 10:03:00,Vanity Loft Hair Salon,Hair Salon,1472 Tremont ST,Mission Hill,MA,2120,42.33181,-71.09814,vanity loft hair salon,,True,7.663013698630137,1,Roxbury Crossing,350.8885379999007
2020-02-28 13:07:00,4/16/25 9:29,2029-04-16 09:26:00,Wai Chan Chan Short Term Rental,Short Term Rental,263 Roxbury ST,Roxbury,MA,2120,42.33048,-71.09357,wai chan chan short term rental,,True,6.126027397260274,1,Roxbury Crossing,292.2219300003848
2015-03-12 00:00:00,3/11/19 12:45,2023-03-11 12:25:00,WALGREENS #07189,RETAIL DRUG STORE,1622 Tremont ST,Mission Hill,MA,2120,42.333726,-71.10449399999999,walgreens 07189,,False,8.002739726027396,1,Brigham Circle,67.99993199805726
2022-06-13 11:09:00,,2026-06-13 11:06:00,WATERMAN TRANS,TAXI,10 Hammond ST,Mission Hill,MA,2120,42.334367,-71.08245399999998,waterman trans,,True,3.835616438356164,1,Massachusetts Avenue,910.5546450016476
2016-01-05 00:00:00,11/29/23 12:55,2027-11-29 11:36:00,WHITTIER STREET HEALTH CENTER,NON PROFIT CORPORATION,1290 Tremont ST,Mission Hill,MA,2120,42.332743,-71.09196500000002,whittier street health center,,True,10.27945205479452,1,Ruggles,669.7771080008549
2014-11-06 00:00:00,9/12/22 14:35,2026-09-12 11:48:00,WINNRESIDENTIAL - MISSION MAIN,PROPERTY MANAGEMENT,43 Smith ST,Mission Hill,MA,2120,42.334312,-71.09763900000002,winnresidential  mission main,,True,11.443835616438356,1,Longwood Medical Area,399.3329339983825
2015-10-06 00:00:00,8/30/23 10:58,2027-08-30 10:17:00,WINNRESIDENTIAL - OLIVER LOFTS,PROPERTY MANAGEMENT,166 Terrace ST,Mission Hill,MA,2120,42.326603,-71.09862099999998,winnresidential  oliver lofts,,True,10.528767123287672,1,Jackson Square,493.5550620020787
2018-02-26 16:01:00,2/12/26 16:57,2030-02-12 12:39:00,WinnResidential- Oliver Lofts II,Property management,166 Terrace ST,Mission Hill,MA,2120,42.326603,-71.09862099999998,winnresidential oliver lofts ii,,True,8.131506849315068,1,Jackson Square,493.5550620020787
2013-09-30 00:00:00,5/30/25 14:18,2029-05-30 11:14:00,WINNRESIDENTIAL-MADISON PARK III,REAL ESTATE MANAGEMENT,122 Dewitt DR,Mission Hill,MA,2120,42.332876,-71.08454599999999,winnresidentialmadison park iii,,True,12.545205479452054,1,Massachusetts Avenue,934.3323989992476
2013-09-30 00:00:00,5/30/25 14:21,2029-05-30 11:16:00,WINNRESIDENTIAL-MADISON PARK IV,REAL ESTATE MANAGEMENT,40 Raynor CI,Mission Hill,MA,2120,42.334739,-71.086589,winnresidentialmadison park iv,,True,12.545205479452054,1,Ruggles,528.6661379994863
2025-05-30 14:38:00,,2029-05-30 13:17:00,WinnResidential-Smith House,Property Management,757 Shawmut AV,Mission Hill,MA,2120,42.332168,-71.084519,winnresidentialsmith house,,True,0.8712328767123287,1,Massachusetts Avenue,1009.998990000054
2022-06-16 15:08:00,,2026-06-16 11:12:00,WOW BAO,VIRTUAL DELIVERY SERVICE,1626 Tremont ST,Mission Hill,MA,2120,42.333677,-71.10399100000001,wow bao,,True,3.8273972602739725,1,Brigham Circle,127.77764999950485
2021-09-09 14:53:00,,2025-09-09 14:51:00,XAGALLE LIMO SERVICE,UBER/LYFT,39A Mcgreevey WY,Mission Hill,MA,2120,42.334947,-71.09731099999999,xagalle limo service,,False,4.0,1,Longwood Medical Area,365.2218570008186
2018-04-26 10:40:00,6/22/22 12:20,2026-06-22 12:14:00,Xilef Arts,Online Retail,166 Terrace ST,Mission Hill,MA,2120,42.326603,-71.09862099999998,xilef arts,,True,7.96986301369863,1,Jackson Square,493.5550620020787
2024-12-16 12:20:00,,2028-12-16 12:16:00,Xtreme Plowing & Services,Plowing,118 Terrace ST,Mission Hill,MA,2120,42.328395,-71.09810700000003,xtreme plowing  services,,True,1.3232876712328767,1,Roxbury Crossing,473.5550820036254
2022-10-28 16:08:00,,2026-10-28 16:07:00,Yellow Door Taqueria,Restaurant,1619 Tremont ST,Mission Hill,MA,2120,42.333842,-71.103341,yellow door taqueria,,True,3.4602739726027396,1,Brigham Circle,147.55540800088772
2023-06-27 14:26:00,,2027-06-27 14:18:00,Yorkshire Farm's Ltd.,Agriculture,291 Roxbury ST,Roxbury,MA,2120,42.330384,-71.094357,yorkshire farms ltd,,True,2.797260273972603,1,Roxbury Crossing,215.444229000015
2022-12-01 15:39:00,,2026-12-01 15:39:00,1 Heat Pump,Marketing,110 Stuart ST,Boston,MA,2116,42.350841,-71.06559700000003,1 heat pump,,True,3.367123287671233,1,Boylston,289.44415500187154
2026-02-12 11:00:00,,2030-02-12 10:59:00,120 FELTON STREET PROPERTIES WALTHAM,Rental,11 Cazenove ST,Boston,MA,2116,42.347073,-71.07281799999998,120 felton street properties waltham,,True,0.1643835616438356,1,Back Bay,353.9996460015197
2024-04-24 14:54:00,,2028-04-24 10:34:00,137 W CANTON ST RENTAL,SHORT TERM RENTAL,137 Canton ST,Roxbury,MA,2116,42.342789,-71.07473500000003,137 w canton st rental,,True,1.9698630136986301,1,Back Bay,616.9993829959449
2019-08-15 14:11:00,10/13/23 15:22,2027-10-13 12:39:00,14 WINCHESTER ST,SHORT TERM RENTAL,14 Winchester ST,Boston,MA,2116,42.34968,-71.067657,14 whester st,,True,6.6657534246575345,1,Tufts Medical Center,417.5551379989558
2019-12-11 09:21:00,,2023-12-11 09:20:00,167 Beacon PH,Short Term Rental,167 Beacon ST,Boston,MA,2116,42.354355,-71.07549,167 beacon ph,,False,4.0,1,Copley,679.4437649993441
2022-10-31 11:53:00,,2026-10-31 11:49:00,17 GRAY ST AIRBNB,Short Term Rental,17 Gray ST,Boston,MA,2116,42.345764,-71.07110999999998,17 gray st airbnb,,True,3.452054794520548,1,Back Bay,689.2215330022899
2024-04-22 16:00:00,,2028-04-22 11:13:00,19 Gray Air BnB,Air Bnb,19 Gray ST,Boston,MA,2116,42.345747,-71.07117,19 gray air bnb,,True,1.9753424657534246,1,Back Bay,684.4437600001418
2019-04-02 11:52:00,,2023-04-02 11:49:00,2024 NewBury St,Retail Watches,20 Newbury ST,Boston,MA,2116,42.352043,-71.072315,2024 newbury st,,False,4.0,1,Arlington,173.66649300049133
2019-10-28 15:57:00,10/24/23 11:19,2027-10-24 11:15:00,27 Fayette Street STR,Short-Term Rental,27 Fayette ST,Boston,MA,2116,42.348966,-71.067523,27 fayette street str,,True,6.463013698630137,1,Tufts Medical Center,477.9995219995097
2021-02-25 14:33:00,4/11/25 15:00,2029-04-11 14:31:00,31 Winchester Street,short term rental,31 Winchester ST,Boston,MA,2116,42.349629,-71.06879300000003,31 whester street,,True,5.131506849315069,1,Arlington,485.88840299696096
2019-06-20 13:44:00,6/9/23 11:44,2027-06-09 10:57:00,49 Lawrence Street #2,Short Term Rental,49 Lawrence ST,Boston,MA,2116,42.345587,-71.07457099999999,49 lawrence street 2,,True,6.8191780821917805,1,Back Bay,324.33300900062966
2022-11-22 15:31:00,,2026-11-22 11:35:00,51 Church Street,Hospitality,51 Church ST,Boston,MA,2116,42.349744,-71.06827699999997,51 church street,,True,3.3917808219178083,1,Tufts Medical Center,493.5550619957628
2020-01-15 11:57:00,12/27/23 14:53,2027-12-27 11:33:00,54 Chandler St Rental,Short Term Rental,54 Chandler ST,Boston,MA,2116,42.346654,-71.07153700000003,54 chandler st rental,,True,6.2465753424657535,1,Back Bay,542.8883459959478
2023-05-01 15:40:00,,2027-05-01 11:44:00,79 Montgomery St Apt3 Short Term Rental,STR,79 Montgomery ST,Boston,MA,2116,42.343499,-71.07494400000002,79 montgomery st apt3 short term rental,,True,2.9534246575342467,1,Back Bay,514.8883739979552
2024-03-20 14:35:00,,2028-03-20 13:24:00,7-Eleven 32466C,Convenience Store,261 Dartmouth ST,Boston,MA,2116,42.350481,-71.07731999999999,7eleven 32466c,,True,2.0657534246575344,1,Copley,45.666621001547554
2021-10-22 13:41:00,11/3/25 10:41,2029-11-03 10:37:00,7-ELEVEN 32480C,CONVENIENCE STORE,8 Park PZ,Boston,MA,2116,42.351214,-71.06642599999998,7eleven 32480c,,True,4.476712328767123,1,Boylston,340.1107709971112
2022-10-13 15:18:00,,2026-10-13 13:04:00,9 Cazenove Inn,STR,9 Cazenove ST,Boston,MA,2116,42.347028,-71.07279499999999,9 cazenove inn,,True,3.5013698630136987,1,Back Bay,361.5551940013916
2025-07-17 16:45:00,,2029-07-17 16:41:00,A Great Massage,Massage Therapy,262 Beacon ST,Boston,MA,2116,42.353585,-71.08032700000001,a great massage,,True,0.7397260273972602,1,Copley,665.7771120022695
2020-11-10 10:52:00,,2024-11-10 10:16:00,A Ray of Sunshine,Independent Beauty Consultant,405 Columbus AV,Boston,MA,2116,42.344659,-71.07704799999999,a ray of sunshine,,False,4.0,1,Back Bay,445.7773319987558
2024-11-12 15:30:00,,2028-11-12 12:09:00,a&be x anna be,retail bridal shop,437 Boylston ST,Boston,MA,2116,42.351491,-71.07290499999999,abe x anna be,,True,1.4164383561643836,1,Arlington,269.22195299924226
2022-04-21 12:05:00,,2026-04-21 11:55:00,A. Lange & Sohne,Retailer of Luxury Watches,10 Newbury ST,Boston,MA,2116,42.352403,-71.07184799999999,a lange  sohne,,True,3.9808219178082194,1,Arlington,161.7776159989282
2020-08-21 10:33:00,,2024-08-21 10:29:00,AAPT Boston,Occupational School,561 Boylston ST,Boston,MA,2116,42.350696,-71.07627400000001,aapt boston,,False,4.0,1,Copley,185.77759199833545
2025-05-09 12:35:00,,2029-05-09 12:33:00,Abby's Mart,Convenience Store,75 Arlington ST,Boston,MA,2116,42.350549,-71.07041900000002,abbys mart,,True,0.9287671232876712,1,Arlington,202.9997969982756
2015-02-06 00:00:00,2/9/23 13:58,2027-02-09 11:42:00,ABE & LOUIE'S,RESTAURANT,793 Boylston ST,Boston,MA,2116,42.349155,-71.08155299999999,abe  louies,,True,11.191780821917808,1,Prudential,414.2218080010557
2019-04-25 12:11:00,,2023-04-25 12:09:00,Aceituna Grill,Restaurant,811-813 Boylston ST,Boston,MA,2116,42.349063,-71.08228700000001,aceituna grill,,False,4.0,2,Prudential,453.777324001453
2023-04-07 15:49:00,,2027-04-07 15:45:00,ACEITUNA GRILL,Restaurants,267 Newbury ST,Boston,MA,2116,42.349534,-71.08345600000001,aceituna grill,,True,3.0191780821917806,2,Prudential,635.99936400166
2021-08-12 14:23:00,7/17/25 15:26,2029-07-17 13:38:00,ACHELOUS SALON,SALON,266 Newbury ST,Boston,MA,2116,42.349192,-71.08320100000003,achelous salon,,True,4.671232876712328,1,Prudential,569.6660970041316
2023-09-08 15:29:00,,2027-09-08 15:23:00,AD BEAUTY SALON,Hair Salon,231 Newbury ST,Boston,MA,2116,42.34994,-71.081908,ad beauty salon,,True,2.5972602739726027,1,Copley,436.44400800021447
2023-03-13 16:05:00,,2027-03-13 16:03:00,Adam Kaplan Music,Film and Media,231 Beacon ST,Boston,MA,2116,42.353705,-71.07795299999998,adam kaplan music,,True,3.0876712328767124,1,Copley,436.6662300012324
2023-01-30 12:24:00,,2027-01-30 12:22:00,Adler Grier Jewelry,Online jewelry sales,274 Beacon ST,Boston,MA,2116,42.353456,-71.08094399999999,adler grier jewelry,,True,3.202739726027397,1,Copley,719.9992799995852
2015-05-21 00:00:00,6/9/23 11:47,2027-06-09 11:14:00,ADVANCED COMMUNICATIONS,PROPERTY MANAGEMENT,110 Newbury ST,Boston,MA,2116,42.351223,-71.075763,advanced communications,,True,10.906849315068493,1,Copley,301.1108100000483
2024-01-18 14:55:00,,2028-01-18 14:54:00,AER on Newbury,Personal Training/Fitness/ Rehab,14 Newbury ST,Boston,MA,2116,42.35219,-71.07206100000002,aer on newbury,,True,2.2356164383561645,1,Arlington,161.77761600208618
2023-10-18 12:54:00,,2027-10-18 12:51:00,AFC URGENT CARE BACK BAY,Urgent care clinic,575 Boylston ST,Boston,MA,2116,42.350552,-71.07654000000002,afc urgent care back bay,,True,2.4876712328767123,1,Copley,140.22208199729684
2021-10-26 14:50:00,,2025-10-26 14:47:00,AIGO,Footwear and Clothing Retail,119 Newbury ST,Boston,MA,2116,42.351445,-71.07635900000002,aigo,,False,4.0,1,Copley,259.5552959968056
2022-03-07 14:53:00,,2026-03-07 14:52:00,AJ Williams Events,Event Planning/PR,75 Newbury ST,Boston,MA,2116,42.351955,-71.07451200000003,aj williams events,,False,4.0,1,Arlington,407.9995920025544
2015-07-20 00:00:00,7/25/23 8:53,2027-07-24 12:55:00,ALAN BILZERIAN,RETAIL CLOTHING STORE,34 Newbury ST,Boston,MA,2116,42.352024,-71.07271200000002,alan bilzerian,,True,10.742465753424657,1,Arlington,215.66645100261192
2015-04-27 00:00:00,5/7/24 13:47,2028-05-07 13:44:00,ALAN ROULEAU / COUTURE,TAILORING,125 Newbury ST,Boston,MA,2116,42.351444,-71.07665099999997,alan rouleau  couture,,True,10.972602739726028,1,Copley,226.9997730032092
2014-09-19 00:00:00,,2018-09-19 00:00:00,ALAN ROULEAU/COUTURE,TAILORING,85 Newbury ST,Boston,MA,2116,42.351829,-71.07491900000002,alan rouleaucouture,,False,4.002739726027397,1,Arlington,455.4439890027716
2022-02-03 13:47:00,3/4/26 9:46,2030-02-04 09:46:00,Alexander SAFAR SALON,Hair Salon,164 Newbury ST,Boston,MA,2116,42.350392,-71.07856300000003,alexander safar salon,,True,4.191780821917808,1,Copley,114.9998850041334
2019-05-08 11:54:00,8/10/23 10:28,2027-08-10 10:15:00,Algorand,Software,399 Boylston ST,Boston,MA,2116,42.351799,-71.07187799999997,algorand,,True,6.936986301369863,1,Arlington,120.8887679971603
2019-02-04 14:40:00,,2023-02-04 14:37:00,Align,"Physical Theraphy, Integrative",551 Boylston ST,Boston,MA,2116,42.350703,-71.07599399999998,align,,False,4.0,1,Copley,217.6664490022993
2015-10-15 00:00:00,11/2/23 12:50,2027-11-02 12:49:00,ALL FIT TAILORING,TAILORING,138 Newbury ST,Boston,MA,2116,42.350869,-71.07693999999998,all fit tailoring,,True,10.504109589041096,2,Copley,130.99986900242237
2014-07-07 00:00:00,,2015-10-15 00:00:00,ALL FIT TAILORING,TAILORING,2 Clarendon ST,Boston,MA,2116,42.344244,-71.07243499999998,all fit tailoring,,False,1.273972602739726,2,Back Bay,710.8881780012722
2022-03-02 15:52:00,,2026-03-02 11:55:00,All Halloween Costumes,e-commerce,665 Washington ST,Boston,MA,2116,42.351874,-71.062862,all halloween costumes,,False,4.0,1,Chinatown,86.99991299903539
2025-10-20 16:36:00,,2029-10-20 16:04:00,All Sorted,Professional Home Organizing Services,330 Beacon ST,Boston,MA,2116,42.35288,-71.08367299999998,all sorted,,True,0.4794520547945205,1,Copley,959.2212629979896
2026-02-06 14:10:00,,2030-02-06 12:21:00,ALL'ANTICO VINAIO,SANDWICH SHOP,565 Boylston ST,Boston,MA,2116,42.350613,-71.07634100000001,allantico vinaio,,True,0.18082191780821918,1,Copley,169.11094199857163
2018-11-19 14:25:00,12/9/22 15:13,2026-12-09 12:36:00,ALLBIRDS,RETAIL,205 Newbury ST,Boston,MA,2116,42.350258,-71.08085900000003,allbirds,,True,7.402739726027397,1,Copley,355.2218670039604
2014-08-14 00:00:00,8/10/22 14:02,2026-08-10 14:01:00,ALLEGRO DRY CLEANERS,DRY CLEAN,76 Berkeley ST,Boston,MA,2116,42.34701,-71.07123000000001,allegro dry cleaners,,True,11.673972602739726,1,Back Bay,537.4439069986408
2016-03-15 00:00:00,6/26/24 16:36,2028-06-26 12:26:00,ALLEN EDMONDS #39111,RETAIL STORE,141A Newbury ST,Boston,MA,2116,42.35122,-71.07720699999999,allen edmonds 39111,,True,10.087671232876712,1,Copley,140.33319300096375
2014-08-11 00:00:00,7/1/22 12:14,2026-07-01 11:36:00,ALLEY424 COMMUNICATIONS,WRITER/MKTG CONSULTANT,186 Commonwealth AV,Boston,MA,2116,42.35102,-71.07974000000002,alley424 communications,,True,11.682191780821919,1,Copley,315.55524000226467
2023-12-20 09:37:00,,2027-12-20 09:32:00,Alo Yoga,Retail Store,149 Newbury ST,Boston,MA,2116,42.350958,-71.07824,alo yoga,,True,2.315068493150685,1,Copley,141.9998579999138
2020-07-14 10:57:00,7/2/24 11:35,2028-07-02 11:34:00,Alpine Equity Advisors,Investments,41 Commonwealth AV,Boston,MA,2116,42.353199,-71.07489099999998,alpine equity advisors,,True,5.750684931506849,1,Arlington,588.332744997267
2022-12-27 16:01:00,,2026-12-27 15:59:00,Alterra,Physical Therapy,64 Arlington ST,Boston,MA,2116,42.350708,-71.06992200000002,alterra,,True,3.2958904109589042,1,Arlington,240.5553149981959
2022-12-27 16:01:00,,2026-12-27 15:58:00,Alterra Physical Therapy,Physical Therapy,64 Arlington ST,Boston,MA,2116,42.350708,-71.06992200000002,alterra physical therapy,,True,3.2958904109589042,1,Arlington,240.5553149981959
2016-07-25 15:23:00,,2020-07-25 15:22:00,Alton Lane,Mens Clothing,91 Newbury ST,Boston,MA,2116,42.351809,-71.07499200000001,alton lane,,False,4.0,1,Copley,451.8884369991166
2016-06-21 10:46:00,6/17/24 16:17,2028-06-17 11:54:00,Aluna Salon Spa,Hair Salon,222 Newbury ST,Boston,MA,2116,42.349752,-71.08107999999999,aluna salon spa,,True,9.816438356164383,1,Copley,349.9996499989869
2026-03-20 10:03:00,,2030-03-20 10:02:00,Am3 Global,"Multi Media, Consulting",15 Yarmouth ST,Boston,MA,2116,42.34603,-71.07649000000004,am3 global,,True,0.06575342465753424,1,Back Bay,231.44421300383044
2023-09-19 12:35:00,,2027-09-19 12:27:00,AMAR,RESTAURANT,40 Trinity PL,Boston,MA,2116,42.348427,-71.07501400000001,amar,,True,2.5671232876712327,1,Back Bay,198.8886899991812
2018-03-14 15:33:00,,2022-03-14 15:30:00,Ambit Press,Print,1 Commonwealth AV,Boston,MA,2116,42.353985,-71.07205299999998,ambit press,,False,4.0,1,Arlington,360.3329729981615
2020-08-21 10:33:00,10/16/24 16:15,2028-10-16 16:13:00,American Academy of Personal Training,occupational school,561 Boylston ST,Boston,MA,2116,42.350696,-71.07627400000001,american academy of personal training,,True,5.646575342465753,1,Copley,185.77759199833545
2015-01-02 00:00:00,1/23/23 15:50,2027-01-23 13:39:00,AMERICAN ANCESTORS,"FAMILY HISTORY, LIBRARY, ARCHIVES",99 Newbury ST,Boston,MA,2116,42.351742,-71.07530300000002,american ancestors,,True,11.287671232876713,1,Copley,409.8884789977855
2013-01-28 00:00:00,,2017-01-28 00:00:00,AMERICAN COLLEGE OF CORRECTIVE EXERCISE AND PERSONAL TRAINING,PROPRIETARY SCHOOL,607 Boylston ST,Boston,MA,2116,42.35051,-71.07717200000002,american college of corrective exercise and personal training,,False,4.002739726027397,1,Copley,65.33326799768453
2014-06-20 00:00:00,6/22/18 12:23,2022-06-22 11:57:00,AMERICAN EAGLE OUTFITTERS #2275,RETAIL SALES OF MEN'S AND WOMEN'S CLOTHING,100 Huntington AV,Boston,MA,2116,42.347312,-71.07812200000001,american eagle outfitters 2275,,False,8.01095890410959,1,Back Bay,270.33306300038447
2023-01-12 15:38:00,,2027-01-12 15:37:00,Amo Realty,Real Estate Brokerage,581 Boylston ST,Boston,MA,2116,42.350567,-71.07674600000001,amo realty,,True,3.252054794520548,1,Copley,118.99988099798183
2021-09-22 10:18:00,9/15/25 16:35,2029-09-15 12:00:00,Amorino,Food Business Restaurant,249 Newbury ST,Boston,MA,2116,42.349715,-71.082788,amorino,,True,4.558904109589041,1,Copley,543.888344999739
2013-09-19 00:00:00,3/15/22 13:02,2026-03-15 12:59:00,ANCHOVIES,RESTAURANT/BAR,433 Columbus AV,Boston,MA,2116,42.344027,-71.077855,anchovies,,False,12.493150684931507,1,Prudential,598.2216239999321
2021-09-17 13:46:00,,2025-09-17 10:25:00,Anderson Business Advisors,Business Legal & Tax Services,867 Boylston ST,Boston,MA,2116,42.348668,-71.08340699999997,anderson business advisors,,False,4.0,1,Prudential,534.3327989970218
2016-09-23 15:43:00,11/15/24 14:56,2028-11-15 14:54:00,Andrea Sacco Skin and Body,Aesthetics,224 Clarendon ST,Boston,MA,2116,42.351224,-71.07565,andrea sacco skin and body,,True,9.558904109589042,1,Copley,313.77746400043713
2018-06-18 15:50:00,6/6/22 14:48,2026-06-06 12:07:00,ANDREW J PARASKOS INTERIORS,INTERIOR DESIGN,292 Beacon ST,Boston,MA,2116,42.353226,-71.08199300000001,andrew j paraskos interiors,,True,7.824657534246575,1,Copley,810.9991890019429
2019-04-02 11:47:00,,2023-04-02 11:44:00,AndrewLight,hair salon (renting a chair),118 Newbury ST,Boston,MA,2116,42.351144,-71.07611700000001,andrewlight,,False,4.0,1,Copley,252.9997469983564
2024-02-16 09:28:00,,2028-02-16 09:25:00,ANEW CLEANING CREW,Cleaning Services,135 CLARENDON ST,BOSTON,MA,2116,42.348811,-71.07375100000002,anew cleaning crew,,True,2.1561643835616437,1,Back Bay,381.8885069982139
2024-08-15 14:16:00,,2028-08-15 11:51:00,ANN TAYLOR #2560,RETAIL,100 Huntington AV,Boston,MA,2116,42.347312,-71.07812200000001,ann taylor 2560,,True,1.6602739726027398,1,Back Bay,270.33306300038447
2015-04-01 00:00:00,3/27/19 14:04,2023-03-27 14:02:00,ANNA SCIRE MASSAGE THERAPY,MASSAGE THERAPY,581 Boylston ST,Boston,MA,2116,42.350567,-71.07674600000001,anna scire massage therapy,,False,7.991780821917808,1,Copley,118.99988099798183
2019-01-14 14:27:00,1/9/23 11:40,2027-01-09 11:39:00,Annie Ludwig Massage Therapy,Massage Therapy,665 Boylston ST,Boston,MA,2116,42.349947,-71.07873000000001,annie ludwig massage therapy,,True,7.249315068493151,1,Copley,84.11102700159216
2023-10-05 09:56:00,,2027-10-05 09:34:00,Anthropologie # 414,Clothing Retail,82 Newbury ST,Boston,MA,2116,42.351416,-71.07492200000002,anthropologie  414,,True,2.5232876712328767,1,Copley,415.9995839981463
2025-09-22 12:06:00,,2029-09-22 12:03:00,Anti Goon Activism,Nonprofit,261 Commonwealth AV,Boston,MA,2116,42.350796,-71.08388100000002,anti goon activism,,True,0.5561643835616439,1,Copley,750.7770270031964
2018-12-21 13:31:00,12/20/22 12:53,2026-12-20 12:25:00,Anti-Racism Collaborative,Educational,30 Newbury ST,Boston,MA,2116,42.352082,-71.07263699999999,antiracism collaborative,,True,7.315068493150685,1,Arlington,213.7775639986965
2025-04-07 14:15:00,,2029-04-07 14:14:00,Antoine Rubini,Retail,10 Huntington AV,Boston,MA,2116,42.348575,-71.077203,antoine rubini,,True,1.0164383561643835,1,Copley,191.5553640011168
2019-11-01 13:39:00,,2023-11-01 13:32:00,Apex Builders of Boston,Construction,867 Boylston ST,Boston,MA,2116,42.348668,-71.08340699999997,apex builders of boston,,False,4.0,1,Prudential,534.3327989970218
2016-11-14 12:27:00,7/31/25 11:39,2029-07-31 11:24:00,APPLE,COMPUTER SALES,815 Boylston ST,Boston,MA,2116,42.348969,-71.08241399999997,apple,,True,9.416438356164383,1,Prudential,457.44398699693255
2026-02-06 15:39:00,,2030-02-06 15:37:00,AprÃÂÃÂÃÂÃÂ¨s Sea Pilates,Retail/Pilates Studio,169 Newbury ST,Boston,MA,2116,42.350765,-71.07903899999997,aprãâãâãâãâs sea pilates,,True,0.18082191780821918,1,Copley,209.33312399728572
2015-09-02 00:00:00,7/5/23 10:56,2027-07-05 10:10:00,AQUENT,TEMPORARY STAFFING,501 Boylston ST,Boston,MA,2116,42.351151,-71.074545,aquent,,True,10.621917808219179,1,Copley,428.4440159998857
2019-02-21 14:04:00,,2023-02-21 14:03:00,Area 207 Salon Studios,Own & Operate a Salon Space,207 Newbury ST,Boston,MA,2116,42.350192,-71.08088900000001,area 207 salon studios,,False,4.0,1,Copley,351.22187100221703
2023-04-03 14:06:00,,2027-04-03 14:04:00,Armi Stella Styles,Hair Salon,129 Newbury ST,Boston,MA,2116,42.351372,-71.076818,armi stella styles,,True,3.03013698630137,1,Copley,200.4442439992013
2023-03-13 12:30:00,,2027-03-13 12:28:00,Around Town Real Estate,Real Estate,69 Montgomery ST,Boston,MA,2116,42.343591,-71.07460900000001,around town real estate,,True,3.0876712328767124,1,Back Bay,541.8883469984726
2026-02-05 15:53:00,,2030-02-05 15:52:00,Art by Annalisa,Online Retail,75 Clarendon ST,Boston,MA,2116,42.347132,-71.07317999999998,art by annalisa,,True,0.18356164383561643,1,Back Bay,307.221915001988
2026-01-05 11:46:00,,2030-01-05 11:43:00,Ash On Newbury,Hair Salon,134 Newbury ST,Boston,MA,2116,42.350929,-71.07677999999999,ash on newbury,,True,0.2684931506849315,1,Copley,155.44428900149697
2024-03-04 13:21:00,,2028-03-04 13:20:00,Ash Studio,Hair Salon,207 Newbury ST,Boston,MA,2116,42.350192,-71.08088900000001,ash studio,,True,2.1095890410958904,1,Copley,351.22187100221703
2022-12-13 15:38:00,,2026-12-13 15:37:00,AshFit,Mobile Personal Training Services,745 Boylston ST,Boston,MA,2116,42.349389,-71.08081800000002,ashfit,,True,3.334246575342466,1,Copley,361.2218610030227
2024-12-16 16:01:00,,2028-12-16 15:59:00,Astra English,Online Educational Services,121 Beacon ST,Boston,MA,2116,42.354874,-71.073552,astra english,,True,1.3232876712328767,1,Arlington,625.6660410009064
2017-04-10 13:44:00,3/26/25 2:01,2029-03-25 10:36:00,AT & T MOBILITY,RETAIL SALES OF COMM. EQ,699 Boylston ST,Boston,MA,2116,42.349758,-71.07944099999997,at  t mobility,,True,9.013698630136986,1,Copley,167.22205499781418
2023-02-03 14:08:00,,2027-02-03 14:07:00,ATC FBA,Online Retail,867 Boylston ST,Boston,MA,2116,42.348668,-71.08340699999997,atc fba,,True,3.191780821917808,1,Prudential,534.3327989970218
2017-05-16 11:31:00,5/16/25 16:26,2029-05-16 16:16:00,ATHLETA #4876,RETAIL,100 Newbury ST,Boston,MA,2116,42.351017,-71.07501000000002,athleta 4876,,True,8.915068493150685,1,Copley,361.8885269973921
2015-02-06 00:00:00,2/9/23 14:02,2027-02-09 11:50:00,ATLANTIC FISH COMPANY,RESTAURANT,761 Boylston ST,Boston,MA,2116,42.349293,-71.08118100000002,atlantic fish company,,True,11.191780821917808,1,Copley,412.2218100021578
2015-10-16 00:00:00,10/24/19 16:04,2023-10-24 16:01:00,ATLAS PROPERTIES,REAL ESTATE,37 Fairfield ST,Boston,MA,2116,42.349338,-71.08218799999997,atlas properties,,False,8.027397260273972,1,Prudential,473.3328599978705
2017-05-08 13:09:00,,2021-05-08 13:12:00,AU BON PAIN,Food Service,100 Huntington AV,Boston,MA,2116,42.347312,-71.07812200000001,au bon pain,,False,4.002739726027397,1,Back Bay,270.33306300038447
2021-02-04 13:20:00,,2025-02-04 13:17:00,Aura Gems Inspired Jewelry,online retail,198 Tremont ST,Boston,MA,2116,42.35213,-71.06437,aura gems inspired jewelry,,False,4.0,1,Boylston,79.22214300051407
2017-03-27 12:39:00,2/6/25 15:59,2029-02-06 13:26:00,Avanti Salon,Full Service Hair Salon,20 Newbury ST,Boston,MA,2116,42.352043,-71.072315,avanti salon,,True,9.052054794520547,1,Arlington,173.66649300049133
2014-11-18 00:00:00,1/6/23 13:19,2027-01-06 11:57:00,AVIS RENT A CAR SYSTEM,SHORT TERM AUTO RENTALS,100 Clarendon ST,Boston,MA,2116,42.34789,-71.07404200000002,avis rent a car system,,True,11.41095890410959,1,Back Bay,247.2219749979436
2023-10-25 10:06:00,,2027-10-25 09:53:00,Away,Luggage,179 Newbury ST,Boston,MA,2116,42.350648,-71.079454,away,,True,2.4684931506849317,1,Copley,242.4442020005324
2022-03-11 10:13:00,,2026-03-11 10:06:00,Ayr,Cannabis Retail,827 Boylston ST,Boston,MA,2116,42.348932,-71.08254899999997,ayr,,False,4.0,1,Prudential,468.3328649970729
2019-05-03 13:48:00,,2023-05-03 13:32:00,Azimuth Psychological,Healthcare,264 Beacon ST,Boston,MA,2116,42.353504,-71.08039200000002,azimuth psychological,,False,4.0,1,Copley,663.9993360028105
2014-10-06 00:00:00,10/10/18 12:26,2022-10-10 11:41:00,BABYCOTTONS,RETAIL,35 Newbury ST,Boston,MA,2116,42.352432,-71.07299499999999,babycottons,,False,8.016438356164384,1,Arlington,292.4441519990342
2014-05-13 00:00:00,3/5/26 10:48,2030-03-05 10:46:00,BACCO'S FINE FOODS,RETAIL FOOD WITH TAKEOUT,31 Saint James AV,Boston,MA,2116,42.350666,-71.07046700000001,baccos fine foods,,True,11.92876712328767,1,Arlington,184.6664819995617
2014-05-13 00:00:00,3/5/26 10:50,2030-03-05 10:49:00,BACCO'S WINE AND CHEESE,RETAIL WINE & CHEESE,31 Saint James AV,Boston,MA,2116,42.350666,-71.07046700000001,baccos wine and cheese,,True,11.92876712328767,1,Arlington,184.6664819995617
2016-06-13 00:00:00,5/31/24 15:18,2028-05-31 13:36:00,BACK BAY ACUPUNCTURE,ACUPUNCTURE,376 Boylston ST,Boston,MA,2116,42.351241,-71.07162299999999,back bay acupuncture,,True,9.841095890410958,1,Arlington,154.55540099900426
2019-10-30 15:41:00,12/28/23 13:13,2027-12-28 13:05:00,Back Bay Dental Associates,Dental Office,745 Boylston ST,Boston,MA,2116,42.349389,-71.08081800000002,back bay dental associates,,True,6.457534246575342,1,Copley,361.2218610030227
2023-01-09 14:27:00,,2027-01-09 11:58:00,Back Bay Eye Care,Optometry Practice,31 Saint James AV,Boston,MA,2116,42.350666,-71.07046700000001,back bay eye care,,True,3.26027397260274,1,Arlington,184.6664819995617
2018-11-20 11:49:00,11/2/22 12:29,2026-11-02 12:28:00,Back Bay Health & Performance,Physical and Lifestyle Medicine,665 Boylston ST,Boston,MA,2116,42.349947,-71.07873000000001,back bay health  performance,,True,7.4,1,Copley,84.11102700159216
2022-08-15 14:23:00,,2026-08-15 11:53:00,Back Bay Life Coaching,Counseling + Coaching,143 Newbury ST,Boston,MA,2116,42.351227,-71.07739600000002,back bay life coaching,,True,3.663013698630137,1,Copley,124.55543100211372
2016-04-27 00:00:00,5/16/24 12:44,2028-05-16 12:42:00,BACK BAY RESIDENTIAL,REAL ESTATE,231 Commonwealth AV,Boston,MA,2116,42.351203,-71.082382,back bay residential,,True,9.96986301369863,1,Copley,629.4438150000528
2018-03-08 15:06:00,3/5/26 11:02,2030-03-05 10:46:00,Back Bay Social Club,Restaurant/Bar,867 Boylston ST,Boston,MA,2116,42.348668,-71.08340699999997,back bay social club,,True,8.104109589041096,1,Prudential,534.3327989970218
2023-09-14 10:57:00,,2027-09-14 10:50:00,Back Bay Staffing Group,Staffing,224 Clarendon ST,Boston,MA,2116,42.351224,-71.07565,back bay staffing group,,True,2.580821917808219,1,Copley,313.77746400043713
2015-08-14 00:00:00,9/14/23 12:47,2027-09-14 11:37:00,BACK BAY SUITES,REAL ESTATE LEASING,269 Commonwealth AV,Boston,MA,2116,42.350686,-71.08428300000003,back bay suites,,True,10.673972602739726,1,Hynes Convention Center,713.1103979972406
2017-02-21 14:39:00,3/12/25 12:06,2029-03-12 11:49:00,BACK BAY TAILORS,TAILORING,160 Commonwealth AV,Boston,MA,2116,42.351334,-71.07860199999999,back bay tailors,,True,9.145205479452056,1,Copley,223.9997759997306
2017-01-25 13:22:00,5/11/23 15:27,2027-05-11 15:27:00,Back Bay Wine & Spirits,Retail Store,185 Dartmouth ST,Boston,MA,2116,42.348522,-71.07628899999997,back bay wine  spirits,,True,9.219178082191782,1,Back Bay,192.666473997522
2021-11-29 13:11:00,,2025-11-29 11:40:00,BackBay Dental Design,Dental,811-813 Boylston ST,Boston,MA,2116,42.349063,-71.08228700000001,backbay dental design,,False,4.0,1,Prudential,453.777324001453
2025-09-02 14:41:00,,2029-09-02 14:39:00,Baguette Cafe,Cafe,224 Newbury ST,Boston,MA,2116,42.349701,-71.08113600000001,baguette cafe,,True,0.6109589041095891,1,Copley,361.888527002129
2015-07-28 00:00:00,9/28/23 13:29,2027-09-28 12:30:00,BALANS ORGANIC SPA,MASSAGE THERAPY/AESTHETICS SPA,216 Newbury ST,Boston,MA,2116,42.349792,-71.080828,balans organic spa,,True,10.72054794520548,1,Copley,317.5552380003731
2022-02-16 11:48:00,3/26/26 13:34,2030-03-26 09:09:00,Balenciaga America,Retail,100 Huntington AV,Boston,MA,2116,42.347312,-71.07812200000001,balenciaga america,,True,4.156164383561644,1,Back Bay,270.33306300038447
2017-12-27 16:17:00,1/22/26 8:40,2030-01-16 00:00:00,Banana Republic #8138,Retail,100 Huntington AV,Boston,MA,2116,42.347312,-71.07812200000001,banana republic 8138,,True,8.2986301369863,1,Back Bay,270.33306300038447
2019-06-14 12:55:00,,2023-06-14 11:28:00,Bang & Olufsen,retail electronics,141 Newbury ST,Boston,MA,2116,42.351202,-71.077272,bang  olufsen,,False,4.0,1,Copley,131.11098000056288
2015-05-28 00:00:00,6/1/23 11:29,2027-06-01 11:22:00,BANYAN BAR AND REFUGE,BAR AND RESTAURANT,553 Tremont ST,Boston,MA,2116,42.344316,-71.07191599999999,banyan bar and refuge,,True,10.887671232876713,1,Back Bay,760.5547950014052
2015-10-27 00:00:00,11/27/23 14:09,2027-11-27 14:00:00,BAR 10,RESTAURANT,10 Huntington AV,Boston,MA,2116,42.348575,-71.077203,bar 10,,True,10.471232876712328,1,Copley,191.5553640011168
2019-04-19 13:13:00,4/12/23 15:33,2027-04-12 15:30:00,Barbershop Deluxe,barber shop,288 Columbus AV,Boston,MA,2116,42.346767,-71.07379400000002,barbershop deluxe,,True,6.989041095890411,1,Back Bay,279.5552759976274
2016-04-19 00:00:00,4/18/24 15:56,2028-04-18 12:26:00,BARBERSHOP LOUNGE,SALONLBARBERSHOP,245 Newbury ST,Boston,MA,2116,42.34976,-71.08261600000003,barbershop lounge,,True,9.991780821917809,1,Copley,519.7772580037703
2014-12-15 00:00:00,3/9/23 9:42,2027-03-09 09:37:00,BARCELONA,RESTAURANT,525 Tremont ST,Boston,MA,2116,42.344575,-71.07086400000003,barcelona,,True,11.336986301369864,1,Arlington,817.3325159970057
2016-11-18 11:18:00,,,Barlola,Restaurant,160 Commonwealth AV,Boston,MA,2116,42.351334,-71.07860199999999,barlola,,False,,1,Copley,223.9997759997306
2018-04-30 14:05:00,4/27/22 14:47,2026-04-27 11:05:00,Barry's Bootcamp,Fitness,10 Huntington AV,Boston,MA,2116,42.348575,-71.077203,barrys bootcamp,,True,7.958904109589041,1,Copley,191.5553640011168
2019-12-19 15:23:00,3/22/24 15:37,2028-03-22 15:37:00,Basile - Fine Italian Kitchen,Restaurant,162 Columbus AV,Boston,MA,2116,42.34926,-71.07060999999999,basile  fine italian kitchen,,True,6.32054794520548,1,Arlington,324.999675001315
2023-09-21 12:19:00,,2027-09-21 12:17:00,Bassick | Forbes Global Properties,Real Estate Brokerage,501 Boylston ST,Boston,MA,2116,42.351151,-71.074545,bassick  forbes global properties,,True,2.5616438356164384,1,Copley,428.4440159998857
2018-08-03 13:37:00,,2022-08-03 12:23:00,Bassil & Budreau,Law Firm,20 Park PZ,Boston,MA,2116,42.35147,-71.06880999999998,bassil  budreau,,False,4.0,1,Arlington,279.44416500185537
2019-12-17 10:10:00,1/29/24 14:24,2028-01-29 14:23:00,Bauer Wine & Spirits,Liquor store,255 Newbury ST,Boston,MA,2116,42.349653,-71.08302800000001,bauer wine  spirits,,True,6.326027397260274,1,Copley,577.4438670018635
2018-06-26 16:20:00,9/2/22 15:29,2026-09-02 14:20:00,Bay State Physical Therapy,Physical Therapy,318 Tremont ST,Boston,MA,2116,42.348618,-71.066397,bay state physical therapy,,True,7.802739726027397,3,Tufts Medical Center,391.5551639990717
2025-12-03 09:17:00,,2029-12-03 09:10:00,Bay State Telemed Virtual Urgent Care 24/7,Virtual Medical Services,3 Arlington ST,Boston,MA,2116,42.355022,-71.07257500000003,bay state telemed virtual urgent care 247,,True,0.3589041095890411,1,Arlington,533.5550220029329
2016-09-07 11:55:00,11/5/24 15:17,2028-11-05 15:16:00,Bay Village Cleaners,Dry Cleaners,350 Tremont ST,Boston,MA,2116,42.348557,-71.06666899999999,bay village cleaners,,True,9.602739726027398,1,Tufts Medical Center,428.5551269988157
2023-06-05 15:37:00,,2027-06-05 12:00:00,Bay Village Rental,Hospitality STR,7 Melrose ST,Boston,MA,2116,42.349337,-71.067364,bay village rental,,True,2.8575342465753426,1,Tufts Medical Center,419.1106919997653
2016-07-11 09:02:00,,,Baystate Financial,Insurance & Financail,20 Park PZ,Boston,MA,2116,42.35147,-71.06880999999998,baystate financial,,False,,4,Arlington,279.44416500185537
2016-07-11 09:05:00,,,Baystate Financial,Insurance & Financial,200 Clarendon ST,Boston,MA,2116,42.348962,-71.07502399999998,baystate financial,,False,,4,Back Bay,257.2219650019072
2022-12-05 13:12:00,,2026-12-05 13:10:00,BBQ Chicken,Restaurant,62 Boylston ST,Boston,MA,2116,42.352239,-71.064436,bbq chicken,,True,3.356164383561644,1,Boylston,59.77771800065807
2018-10-24 13:49:00,,2022-10-24 13:28:00,BBTS,Psychotherapy,29 Commonwealth AV,Boston,MA,2116,42.353231,-71.07417499999997,bbts,,False,4.0,1,Arlington,512.3328209965125
2020-07-23 15:06:00,,2024-07-23 15:05:00,BCP Real Estate Group,real estate brokers,581 Boylston ST,Boston,MA,2116,42.350567,-71.07674600000001,bcp real estate group,,False,4.0,1,Copley,118.99988099798183
2020-04-06 11:29:00,3/28/24 16:02,2028-03-28 11:21:00,BE WELL BOSTON,Massage therapist,437 Boylston ST,Boston,MA,2116,42.351491,-71.07290499999999,be well boston,,True,6.021917808219178,1,Arlington,269.22195299924226
2019-01-18 16:09:00,2/28/23 12:13,2027-02-28 12:04:00,Beacon Hill Skate,Retail,135 Charles ST,Boston,MA,2116,42.349049,-71.06664,beacon hill skate,,True,7.238356164383561,1,Tufts Medical Center,370.66629600049407
2025-11-07 14:03:00,,2029-11-07 14:02:00,Beamshyft.com,Kitchen Cabinets sales,261 Commonwealth AV,Boston,MA,2116,42.350796,-71.08388100000002,beamshyftcom,,True,0.4301369863013699,1,Copley,750.7770270031964
2023-04-20 15:30:00,,2027-04-20 15:27:00,Beaucage Salon & Spa,Salon,71 Newbury ST,Boston,MA,2116,42.351999,-71.07433700000001,beaucage salon  spa,,True,2.9835616438356163,1,Arlington,393.44405100140807
2016-03-10 00:00:00,7/3/25 12:26,2029-07-03 12:19:00,BEDFORD/ST. MARTIN'S,PUBLISHING,75 Arlington ST,Boston,MA,2116,42.350549,-71.07041900000002,bedfordst martins,,True,10.101369863013698,1,Arlington,202.9997969982756
2020-05-29 12:25:00,,2024-05-29 12:15:00,BEEP BEEP DELIVERY,DELIVERY SERVICES,398 Columbus AV,Boston,MA,2116,42.344565,-71.07638800000001,beep beep delivery,,False,4.0,1,Back Bay,382.8885060004261
2018-11-30 13:22:00,4/4/23 15:56,2027-04-04 15:55:00,BELL CHIROPRACTIC BOSTON,CHIROPRACTIC OFFICE,137 Newbury ST,Boston,MA,2116,42.35129,-71.07713999999999,bell chiropractic boston,,True,7.372602739726028,1,Copley,155.55540000121644
2020-08-18 15:29:00,,2024-08-18 15:25:00,BellÃÂÃÂ¢ÃÂÃÂÃÂÃÂs Creation,Online Retail,376 Columbus AV,Boston,MA,2116,42.345027,-71.07592999999997,bellãâãâãâãâãâãâs creation,,False,4.0,1,Back Bay,280.66638599640106
2015-11-06 00:00:00,1/13/20 14:00,2024-01-13 11:37:00,BELLA SANTE DAY SPA MED SPA,DAY SPA/MED SPA,38 Newbury ST,Boston,MA,2116,42.352149,-71.07281499999999,bella sante day spa med spa,,False,8.191780821917808,1,Arlington,240.9997589986528
2023-03-13 16:05:00,,2027-03-14 16:03:00,Ben Kaplan Music,file and Media,231 Beacon ST,Boston,MA,2116,42.353705,-71.07795299999998,ben kaplan music,,True,3.0876712328767124,1,Copley,436.6662300012324
2018-08-21 12:55:00,,2022-08-21 12:15:00,Bensen,Software,165 Beacon ST,Boston,MA,2116,42.354373,-71.075422,bensen,,False,4.0,1,Copley,688.999310999693
2018-12-27 16:16:00,,2022-12-27 16:15:00,Bepoke Beauty,Esthetics,164 Newbury ST,Boston,MA,2116,42.350392,-71.07856300000003,bepoke beauty,,False,4.0,1,Copley,114.9998850041334
2019-11-26 10:56:00,,2023-11-26 10:52:00,Berkeley Bistro,Coffee Shop and Market,200 Berkeley ST,Boston,MA,2116,42.349778,-71.07332200000002,berkeley bistro,,False,4.0,1,Copley,489.1106219982996
2015-03-13 00:00:00,2/14/23 10:27,2027-02-14 10:25:00,BERKELEY PERK CAFE,6174267375,69 Berkeley ST,Boston,MA,2116,42.346797,-71.07061699999997,berkeley perk cafe,,True,11.095890410958905,1,Arlington,597.8882910031422
2022-11-21 15:32:00,,2026-11-21 15:23:00,Berkshire Hathaway Homeservices Robert Paul Properties,Real Estate,140 Newbury ST,Boston,MA,2116,42.350893,-71.07703700000002,berkshire hathaway homeservices robert paul properties,,True,3.3945205479452056,1,Copley,122.88876599763724
2015-04-29 00:00:00,4/21/23 14:29,2027-04-21 14:26:00,BERKSHIRE HATHAWAY HOMESERVICES WARREN RESIDENTIAL,REAL ESTATE BROKERAGE,535 Boylston ST,Boston,MA,2116,42.350803,-71.075628,berkshire hathaway homeservices warren residential,,True,10.967123287671233,1,Copley,269.4441750002602
2021-06-25 11:13:00,11/19/25 15:29,2029-11-19 15:28:00,Best Fit Tailoring,Tailoring and Alterations,268 Newbury ST,Boston,MA,2116,42.349162,-71.08327099999997,best fit tailoring,,True,4.802739726027397,1,Prudential,574.110536996858
2016-02-25 00:00:00,1/8/24 15:44,2028-01-08 11:15:00,BETGOON MARIA WONG INSURANCE AGENCY,INSURANCE AGENCY,318 Tremont ST,Boston,MA,2116,42.348618,-71.066397,betgoon maria wong insurance agency,,True,10.139726027397261,1,Tufts Medical Center,391.5551639990717
2019-06-10 13:11:00,7/7/23 12:31,2027-07-07 11:29:00,Beth Miga Photography,Photography,37 Fairfield ST,Boston,MA,2116,42.349338,-71.08218799999997,beth miga photography,,True,6.846575342465753,1,Prudential,473.3328599978705
2012-09-17 00:00:00,,2014-06-09 00:00:00,BETTIE PAGE,RETAIL STORE,32 Newbury ST,Boston,MA,2116,42.352018,-71.07260100000002,bettie page,,False,1.726027397260274,1,Arlington,202.6664640022751
2023-09-08 13:51:00,,2027-09-08 13:48:00,BFA Family Offices,family office-Wealth Management,118 Newbury ST,Boston,MA,2116,42.351144,-71.07611700000001,bfa family offices,,True,2.5972602739726027,1,Copley,252.9997469983564
2016-11-08 14:30:00,,,BFX STUDIO,HEALTH AND FITNESS CLUB,699 Boylston ST,Boston,MA,2116,42.349758,-71.07944099999997,bfx studio,,False,,1,Copley,167.22205499781418
2023-09-01 09:09:00,,2027-09-01 09:07:00,Bickford Hill Properties,STR,43 Braddock PK,Boston,MA,2116,42.344761,-71.07899399999997,bickford hill properties,,True,2.6164383561643834,1,Prudential,390.1107210035081
2014-06-25 00:00:00,,2014-10-23 00:00:00,BIJOU,RETAIL,100 Huntington AV,Boston,MA,2116,42.347312,-71.07812200000001,bijou,,False,0.3287671232876712,1,Back Bay,270.33306300038447
2015-04-29 00:00:00,7/5/19 15:12,2023-07-05 14:46:00,BILLY'S SUB SHOP,SUB SHOP,57 Berkeley ST,Boston,MA,2116,42.346602,-71.07052199999998,billys sub shop,,False,8.189041095890412,1,Arlington,630.1104810023171
2024-01-31 09:41:00,,2028-01-31 09:37:00,Biologique Recherche,Retail and Spa,186 Newbury ST,Boston,MA,2116,42.350274,-71.079273,biologique recherche,,True,2.2,1,Copley,180.7775970006958
2024-12-03 16:24:00,,2028-12-03 16:21:00,Birkenstock,Apparel - Footwear and Clothing,205 Newbury ST,Boston,MA,2116,42.350258,-71.08085900000003,birkenstock,,True,1.358904109589041,1,Copley,355.2218670039604
2019-07-31 12:26:00,7/18/23 11:50,2027-07-18 11:41:00,Bisexual Resource Center,Resource Center,398 Columbus AV,Boston,MA,2116,42.344565,-71.07638800000001,bisexual resource center,,True,6.706849315068493,1,Back Bay,382.8885060004261
2015-09-08 00:00:00,9/18/23 9:48,2027-09-18 09:46:00,BITES OF BOSTON FOOD TOURS,WALKING TOURS,198 Tremont ST,Boston,MA,2116,42.35213,-71.06437,bites of boston food tours,,True,10.605479452054794,1,Boylston,79.22214300051407
2018-12-10 15:19:00,12/8/22 12:56,2026-12-08 11:20:00,Blackroom Salon,Hair Salon,61 Berkeley ST,Boston,MA,2116,42.346673,-71.07055000000003,blackroom salon,,True,7.345205479452055,1,Arlington,619.1104919969307
2025-07-03 14:06:00,,2029-07-03 14:04:00,BLDUP Advisors,Real Estate Advisors,399 Boylston ST,Boston,MA,2116,42.351799,-71.07187799999997,bldup advisors,,True,0.7780821917808219,1,Arlington,120.8887679971603
2023-02-21 15:31:00,,2027-02-21 15:29:00,Blink,Optometry Practice/Retail of Eyewear,252 Newbury ST,Boston,MA,2116,42.349334,-71.08266500000002,blink,,True,3.1424657534246574,1,Prudential,525.8883630025521
2020-01-28 13:12:00,,2024-01-28 13:11:00,Block Builders,Construction,545 Boylston ST,Boston,MA,2116,42.350755,-71.07573300000001,block builders,,False,4.0,1,Copley,252.4441919981801
2018-06-21 12:25:00,5/25/22 11:34,2026-05-25 11:34:00,Blockbuster Strategy Group,Consulting,113 Commonwealth AV,Boston,MA,2116,42.352667,-71.07703800000002,blockbuster strategy group,,True,7.816438356164384,1,Copley,319.88856899763994
2024-07-17 10:24:00,,2028-07-17 10:22:00,BLONDE AND BRONDE SALON,Salon,207 Newbury ST,Boston,MA,2116,42.350192,-71.08088900000001,blonde and bronde salon,,True,1.7397260273972603,1,Copley,351.22187100221703
2025-11-04 16:39:00,,2029-11-04 16:22:00,Bloome Fruit Tea,Restaurant,215 Newbury ST,Boston,MA,2116,42.350142,-71.08127999999999,bloome fruit tea,,True,0.4383561643835616,1,Copley,389.1107219997168
2022-09-21 15:03:00,,2026-09-21 14:40:00,Blue Bottle Coffee,Coffeeshop,163 Newbury ST,Boston,MA,2116,42.35081,-71.078778,blue bottle coffee,,True,3.5616438356164384,1,Copley,185.33314800103653
2023-05-15 14:39:00,,2027-05-15 14:36:00,Blue Energy and Spa,Spa,75 Newbury ST,Boston,MA,2116,42.351955,-71.07451200000003,blue energy and spa,,True,2.915068493150685,1,Arlington,407.9995920025544
2019-12-11 12:21:00,1/26/24 15:21,2028-01-26 11:19:00,Blue Moon Smoke Shop,Smoke Shop,263 Newbury ST,Boston,MA,2116,42.349621,-71.083394,blue moon smoke shop,,True,6.342465753424658,2,Copley,621.666045000742
2018-03-26 15:31:00,9/2/22 14:10,2026-09-02 11:06:00,BLUEMERCURY,RETAIL,160 Newbury ST,Boston,MA,2116,42.350482,-71.07840399999998,bluemercury,,True,8.054794520547945,1,Copley,107.33322599822614
2016-10-31 10:33:00,10/15/24 15:44,2028-10-15 15:41:00,Boch Center,Theatre,270 Tremont ST,Boston,MA,2116,42.350277,-71.064819,boch center,,True,9.454794520547946,1,Tufts Medical Center,168.5553869991848
2019-06-10 09:47:00,2/16/24 16:29,2028-02-16 16:27:00,BOCONCEPT,Retail,275 Newbury ST,Boston,MA,2116,42.349439,-71.08380599999998,boconcept,,True,6.846575342465753,1,Hynes Convention Center,627.5549280016638
2025-12-09 09:25:00,,2029-12-09 09:21:00,BODYSPEC,Diagnostic Imaging,125 Newbury ST,Boston,MA,2116,42.351444,-71.07665099999997,bodyspec,,True,0.3424657534246575,1,Copley,226.9997730032092
2020-11-19 13:13:00,11/13/24 12:38,2028-11-13 12:37:00,Bodywork by Stephanie,Massage therapy,262 Beacon ST,Boston,MA,2116,42.353585,-71.08032700000001,bodywork by stephanie,,True,5.4,1,Copley,665.7771120022695
2023-03-07 11:58:00,,2027-03-07 11:56:00,Bogosplit,Retail Store,100 Huntington AV,Boston,MA,2116,42.347312,-71.07812200000001,bogosplit,,True,3.1041095890410957,1,Back Bay,270.33306300038447
2018-02-23 14:42:00,,2022-02-23 11:34:00,Bohana,Food Producer,75 Clarendon ST,Boston,MA,2116,42.347132,-71.07317999999998,bohana,,False,4.0,1,Back Bay,307.221915001988
2021-08-16 15:20:00,,2025-08-16 15:18:00,BoldLashesBabe,Aesthetic Services,222 Newbury ST,Boston,MA,2116,42.349752,-71.08107999999999,boldlashesbabe,,False,4.0,1,Copley,349.9996499989869
2023-08-23 15:31:00,,2027-08-23 15:12:00,Bon Appetit Management Co.,Contracted Food Service,150 Boylston ST,Boston,MA,2116,42.352352,-71.06646799999999,bon appetit management co,,True,2.6410958904109587,2,Boylston,218.3331149974582
2023-08-23 15:33:00,,2027-08-23 15:17:00,Bon Appetit Management Co.,Food Service Contractor,2 Boylston PL,Boston,MA,2116,42.352057,-71.06613900000002,bon appetit management co,,True,2.6410958904109587,2,Boylston,214.5553410014697
2022-05-06 10:54:00,,2026-05-06 10:47:00,Bond Vet,Veterinary Clinic,171 Newbury ST,Boston,MA,2116,42.350768,-71.07913100000002,bond vet,,True,3.9397260273972603,1,Copley,219.8886690030047
2025-06-26 11:49:00,,2029-06-26 11:48:00,Bootleg Special,Restaurant,400 TREMONT ST,BOSTON,MA,2116,42.347159,-71.06820299999998,bootleg special,,True,0.7972602739726027,1,Tufts Medical Center,754.3325789981669
2025-02-24 14:12:00,,2029-02-24 14:11:00,Bos Shop,Gift Shop,623 Tremont ST,Roxbury,MA,2116,42.342682,-71.07451600000002,bos shop,,True,1.1315068493150684,1,Back Bay,653.2215689976526
2017-06-09 12:48:00,6/2/25 11:16,2029-06-02 11:13:00,Boston Acupuncture Oasis,Acupuncture Practice,667 Boylston ST,Boston,MA,2116,42.349806,-71.07876299999998,boston acupuncture oasis,,True,8.849315068493151,1,Copley,86.5554689985785
2021-04-27 15:34:00,4/18/25 14:41,2029-04-18 11:23:00,BOSTON BARKERY,PET BOUTIQUE & BAKERY,3 Copley PL,Boston,MA,2116,42.347278,-71.07767999999999,boston barkery,,True,4.964383561643835,1,Back Bay,224.99977499799533
2023-12-13 12:47:00,,2027-12-13 12:36:00,BOSTON CENTER FOR FACIAL REJUVENATION,Cosmetic Services and Plastic Surgery,69 Newbury ST,Boston,MA,2116,42.352016,-71.07424100000003,boston center for facial rejuvenation,,True,2.334246575342466,1,Arlington,384.6662820030431
2023-12-13 12:47:00,,2027-12-13 12:40:00,BOSTON CENTER FOR PLASTIC SURGERY,Cosmetic Services and Plastic Surgery,69 Newbury ST,Boston,MA,2116,42.352016,-71.07424100000003,boston center for plastic surgery,,True,2.334246575342466,1,Arlington,384.6662820030431
2015-06-22 00:00:00,9/13/19 13:42,2023-09-13 11:00:00,BOSTON CITY GARDENS,LANDSCAPE DESIGN,38 Holyoke ST,Boston,MA,2116,42.344987,-71.078533,boston city gardens,,False,8.232876712328768,1,Prudential,416.2218059999537
2015-06-05 00:00:00,8/5/19 15:28,2023-08-05 15:26:00,BOSTON CITY PROPERTIES,REAL ESTATE BROKERAGE,581 Boylston ST,Boston,MA,2116,42.350567,-71.07674600000001,boston city properties,,False,8.172602739726027,2,Copley,118.99988099798183
2023-05-18 16:03:00,,2027-05-18 16:02:00,Boston City Properties,Real Estate Brokerage,581 Boylston ST,Boston,MA,2116,42.350567,-71.07674600000001,boston city properties,,True,2.9068493150684933,2,Copley,118.99988099798183
2017-01-31 09:40:00,2/9/26 14:33,2030-02-09 12:18:00,Boston Diamond Company,Jewelry,36 Newbury ST,Boston,MA,2116,42.35201,-71.07277899999997,boston diamond company,,True,9.202739726027398,1,Arlington,221.55533399642832
2018-02-16 09:47:00,10/24/22 15:44,2026-10-24 14:01:00,Boston Direct Health,Medical,4 Clarendon ST,Boston,MA,2116,42.344523,-71.07239099999998,boston direct health,,True,8.158904109589042,1,Back Bay,684.7770930016686
2014-01-08 00:00:00,3/25/26 7:11,2030-01-21 00:00:00,BOSTON DUCK,TOURS,4 Copley PL,Boston,MA,2116,42.347278,-71.07767999999999,boston duck,,True,12.271232876712329,1,Back Bay,224.99977499799533
2013-11-01 00:00:00,10/29/25 16:06,2029-10-29 11:07:00,BOSTON DUCK TOURS,TOURS,4 Copley PL,Boston,MA,2116,42.347278,-71.07767999999999,boston duck tours,,True,12.457534246575342,1,Back Bay,224.99977499799533
2021-07-16 12:58:00,8/25/25 16:53,2029-08-25 15:54:00,Boston Gay Men's Chorus,Performing Arts,539 Tremont ST,Boston,MA,2116,42.344692,-71.071392,boston gay mens chorus,,True,4.745205479452054,1,Back Bay,776.9992229993616
2016-10-26 12:22:00,,2020-10-26 12:21:00,Boston Health and Performance,Physical and Lifestyle Medicine,551 Boylston ST,Boston,MA,2116,42.350703,-71.07599399999998,boston health and performance,,False,4.0,1,Copley,217.6664490022993
2023-05-12 15:47:00,,2027-05-12 15:46:00,BOSTON HOLISTIC HEALTH CENTER,Medical Office,376 Boylston ST,Boston,MA,2116,42.351241,-71.07162299999999,boston holistic health center,,True,2.9232876712328766,1,Arlington,154.55540099900426
2019-06-18 16:00:00,6/7/23 12:23,2027-06-07 11:18:00,BOSTON HOME AWAY,SHORT TERM RENTAL,12 Lawrence ST,Boston,MA,2116,42.346299,-71.071912,boston home away,,True,6.824657534246575,1,Back Bay,540.6661259999794
2014-12-16 00:00:00,12/9/22 15:11,2026-12-09 12:09:00,BOSTON MARRIOTT COPLEY PLACE,LODGING,110 Huntington AV,Boston,MA,2116,42.347161,-71.079024,boston marriott copley place,,True,11.334246575342465,1,Back Bay,387.3329460002578
2014-09-04 00:00:00,9/9/22 12:52,2026-09-09 11:37:00,BOSTON MASSAGE ASSOCIATES,MASSAGE THERAPY,437 Boylston ST,Boston,MA,2116,42.351491,-71.07290499999999,boston massage associates,,True,11.616438356164384,1,Arlington,269.22195299924226
2021-09-16 11:35:00,,2025-09-16 11:31:00,Boston Massage Studio,Massage Therapy,651 Boylston ST,Boston,MA,2116,42.35006,-71.07850000000002,boston massage studio,,False,4.0,1,Copley,71.11104000283433
2018-06-27 15:40:00,10/6/22 13:43,2026-10-06 13:40:00,Boston Medical,Medical Work,130 Dartmouth ST,Boston,MA,2116,42.346939,-71.07610199999999,boston medical,,True,7.8,1,Back Bay,87.33324599898329
2025-03-21 13:51:00,,2029-03-21 13:50:00,Boston Mobile Notary & Apostille Service,Notary and Translation Services,501 Boylston ST,Boston,MA,2116,42.351151,-71.074545,boston mobile notary  apostille service,,True,1.063013698630137,1,Copley,428.4440159998857
2015-11-30 00:00:00,11/9/23 14:16,2027-11-09 14:13:00,BOSTON NATURAL PRODUCTS,HEALTH AND WELLNESS,9 Knox ST,Boston,MA,2116,42.348733,-71.06841600000001,boston natural products,,True,10.378082191780821,1,Tufts Medical Center,603.1105080010102
2014-10-06 00:00:00,1/17/23 11:34,2027-01-17 11:26:00,BOSTON NIKETOWN,RETAIL,200 Newbury ST,Boston,MA,2116,42.350054,-71.080153,boston niketown,,True,11.528767123287672,1,Copley,254.1108570002881
2014-05-30 00:00:00,5/14/18 14:40,2022-05-14 12:17:00,BOSTON OLIVE OIL COMPANY,RETAIL,262 Newbury ST,Boston,MA,2116,42.349249,-71.083053,boston olive oil company,,False,7.961643835616439,1,Prudential,559.5549960012381
2015-04-29 00:00:00,5/1/23 15:07,2027-05-01 15:06:00,BOSTON PET SITTERS,DOG WALKER/ PET CARE,144 Commonwealth AV,Boston,MA,2116,42.351626,-71.07746299999997,boston pet sitters,,True,10.967123287671233,1,Copley,176.33315699612712
2020-02-12 13:30:00,,2024-02-12 13:29:00,Boston Photo Imaging,Digital Imaging,355 Boylston ST,Boston,MA,2116,42.351942,-71.07156800000001,boston photo imaging,,False,4.0,1,Arlington,79.44436500153199
2015-11-17 00:00:00,9/15/23 15:52,2027-09-15 15:42:00,BOSTON PROPER REAL ESTATE,REAL ESTATE,49 Gloucester ST,Boston,MA,2116,42.348782,-71.08373499999999,boston proper real estate,,True,10.413698630136986,1,Hynes Convention Center,562.4438820010498
2016-10-24 11:23:00,,2026-09-07 11:39:00,BOSTON PROPERTY RENTALS,PROPERTY MANAGEMENT,607 Boylston ST,Boston,MA,2116,42.35051,-71.07717200000002,boston property rentals,,True,9.473972602739726,1,Copley,65.33326799768453
2015-05-26 00:00:00,5/23/23 14:51,2027-05-23 11:08:00,BOSTON REALTY ADVISORS,REAL ESTATE,136 Newbury ST,Boston,MA,2116,42.350906,-71.076866,boston realty advisors,,True,10.893150684931507,1,Copley,143.3331900004949
2024-12-11 15:30:00,,2028-12-11 15:28:00,Boston Sign Experts,Sign Company,399 Boylston ST,Boston,MA,2116,42.351799,-71.07187799999997,boston sign experts,,True,1.336986301369863,1,Arlington,120.8887679971603
2021-06-24 15:13:00,6/27/25 16:56,2029-06-27 15:05:00,BOSTON SPORTS CLUB,HEALTH & FITNESS CLUB,505 Boylston ST,Boston,MA,2116,42.351102,-71.074704,boston sports club,,True,4.8054794520547945,1,Copley,405.3329279998133
2020-09-08 14:27:00,12/31/24 10:32,2028-12-31 10:29:00,Boston Technology Group,Technology Consulting,867 Boylston ST,Boston,MA,2116,42.348668,-71.08340699999997,boston technology group,,True,5.597260273972603,1,Prudential,534.3327989970218
2021-04-21 13:39:00,,2025-04-20 13:27:00,Boston Terriers of Boston,Online Retail,9 Harcourt ST,Boston,MA,2116,42.345987,-71.07854099999997,boston terriers of boston,,False,3.9972602739726026,1,Prudential,396.8884920021856
2022-05-31 11:08:00,,2026-05-31 11:07:00,Boston Towne,Small Collectible Appraisal,199 Marlborough ST,Boston,MA,2116,42.352562,-71.08082300000001,boston towne,,True,3.871232876712329,1,Copley,607.2216150016836
2023-09-27 11:16:00,,2027-09-27 11:16:00,Boston Towne Coin,Small Collectibles Appraisal,199 Marlborough ST,Boston,MA,2116,42.352562,-71.08082300000001,boston towne coin,,True,2.5452054794520547,1,Copley,607.2216150016836
2026-01-02 10:11:00,,2030-01-02 10:09:00,Boston Veterinary Clinic,Veterinary Service,363 Tremont ST,Boston,MA,2116,42.348312,-71.06783100000001,boston veterinary clinic,,True,0.27671232876712326,1,Tufts Medical Center,584.8883040012264
2013-07-26 00:00:00,7/22/25 12:22,2029-07-22 12:15:00,Boston W Hotel and Residences,HOTEL,100 Stuart ST,Boston,MA,2116,42.350827,-71.06559099999998,boston w hotel and residences,,True,12.726027397260275,1,Boylston,290.3330429972588
2017-09-07 10:17:00,7/16/25 10:47,2029-07-16 10:43:00,Boston Wellness Massage & Skin Care,"Massage, Reflexology & Skin Care",224 Clarendon ST,Boston,MA,2116,42.351224,-71.07565,boston wellness massage  skin care,,True,8.602739726027398,1,Copley,313.77746400043713
2025-08-01 14:19:00,,2029-08-01 14:16:00,Boston's Nail Lounge,Nail Salon,667 Boylston ST,Boston,MA,2116,42.349806,-71.07876299999998,bostons nail lounge,,True,0.6986301369863014,1,Copley,86.5554689985785
2015-06-30 00:00:00,6/9/23 11:46,2027-06-09 10:45:00,BOSTON'S NAILS & SPA,"HAIR, NAIL & SKIN CARE, WAX",665 Boylston ST,Boston,MA,2116,42.349947,-71.07873000000001,bostons nails  spa,,True,10.797260273972602,1,Copley,84.11102700159216
2019-04-23 09:07:00,,2023-04-23 09:05:00,BostonXFT,Sales and Marketing,8 Garrison ST,Boston,MA,2116,42.346157,-71.07964600000003,bostonxft,,False,4.0,1,Prudential,292.9997069960526
2021-01-15 13:21:00,1/6/25 16:08,2029-01-06 12:20:00,Bradley & Diegel Salon,hair salon,77 Newbury ST,Boston,MA,2116,42.351946,-71.07460400000002,bradley  diegel salon,,True,5.243835616438356,1,Arlington,417.22180500216587
2020-04-02 13:29:00,,2024-04-02 13:26:00,BRAHM,PRIVATE EQUITY AND INTERNATIONAL TRADE,665 Washington ST,Boston,MA,2116,42.351874,-71.062862,brahm,,False,4.0,1,Chinatown,86.99991299903539
2023-05-26 14:15:00,,2027-05-26 13:07:00,Breitling,Retail Watches & Accessories,30 Newbury ST,Boston,MA,2116,42.352082,-71.07263699999999,breitling,,True,2.884931506849315,1,Arlington,213.7775639986965
2018-03-19 15:56:00,2/16/22 11:46,2026-02-16 11:43:00,BRIGHTR HORIZONS AT DARTMOUTH STREET,CHILD CARE CENTER,185 Dartmouth ST,Boston,MA,2116,42.348522,-71.07628899999997,brightr horizons at dartmouth street,,False,7.917808219178082,1,Back Bay,192.666473997522
2016-01-04 00:00:00,2/12/24 16:30,2028-02-12 16:23:00,BRILLIANT EARTH,JEWELRY SALES,38 Newbury ST,Boston,MA,2116,42.352149,-71.07281499999999,brilliant earth,,True,10.282191780821918,2,Arlington,240.9997589986528
2018-08-06 15:20:00,,2022-08-06 15:02:00,BRODEUR PARTNERS,PUBLIC RELATIONS,535 Boylston ST,Boston,MA,2116,42.350803,-71.075628,brodeur partners,,False,4.0,1,Copley,269.4441750002602
2014-12-22 00:00:00,11/21/22 9:08,2026-11-21 09:07:00,BRODNEY,RETAIL,176 Newbury ST,Boston,MA,2116,42.350302,-71.07909599999999,brodney,,True,11.317808219178081,1,Copley,164.22205799986202
2024-11-08 13:53:00,,2028-11-08 13:52:00,Broncato Barber CO,Barber Shop,242 Newbury ST,Boston,MA,2116,42.349434,-71.08232800000002,broncato barber co,,True,1.4273972602739726,1,Prudential,499.5550560027201
2024-10-30 15:45:00,,2028-10-30 15:31:00,Brooks Brothers #6186,Retail - Apparel,109 Newbury ST,Boston,MA,2116,42.351542,-71.075898,brooks brothers 6186,,True,1.452054794520548,1,Copley,321.55523400053744
2020-08-13 12:20:00,8/7/24 11:22,2028-08-07 10:39:00,Brookside Capital,investment,200 Clarendon ST,Boston,MA,2116,42.348962,-71.07502399999998,brookside capital,,True,5.668493150684932,2,Back Bay,257.2219650019072
2024-08-07 11:21:00,,2028-08-07 11:10:00,Brookside Capital,Invesstments,200 Clarendon ST,Boston,MA,2116,42.348962,-71.07502399999998,brookside capital,,True,1.6821917808219178,2,Back Bay,257.2219650019072
2022-04-14 13:11:00,,2026-04-14 11:58:00,Brownstone,Restuarant,111 Dartmouth ST,Boston,MA,2116,42.346434,-71.07534299999998,brownstone,,True,4.0,1,Back Bay,144.4443000024266
2019-10-09 14:25:00,,2023-10-09 12:29:00,Brunello Cucinelli,Reatail Sale of Apparel,11 Newbury ST,Boston,MA,2116,42.352726,-71.072026,brunello cucinelli,,False,4.0,1,Arlington,217.4442269989129
2024-08-28 14:37:00,,2028-08-28 14:27:00,BSMNT,NightClub,100 Stuart ST,Boston,MA,2116,42.350827,-71.06559099999998,bsmnt,,True,1.6246575342465754,1,Boylston,290.3330429972588
2015-11-18 00:00:00,7/22/24 15:33,2028-07-22 15:26:00,BTONE FITNESS,FITNESS STUDIO,30 Newbury ST,Boston,MA,2116,42.352082,-71.07263699999999,btone fitness,,True,10.41095890410959,2,Arlington,213.7775639986965
2022-11-04 15:54:00,,2026-11-04 14:22:00,Bucherer 1888,Sales of Luxury watches and Jewlery,100 Huntington AV,Boston,MA,2116,42.347312,-71.07812200000001,bucherer 1888,,True,3.441095890410959,1,Back Bay,270.33306300038447
2014-11-18 00:00:00,1/6/23 13:22,2027-01-06 12:15:00,BUDGET RENT A CAR SYSTEM,SHORT TERM VEHICLE RENTAL,100 Clarendon ST,Boston,MA,2116,42.34789,-71.07404200000002,budget rent a car system,,True,11.41095890410959,1,Back Bay,247.2219749979436
2017-10-23 12:10:00,11/24/25 14:34,2029-11-24 12:11:00,Bulgari,Retail Store,14 Newbury ST,Boston,MA,2116,42.35219,-71.07206100000002,bulgari,,True,8.476712328767123,1,Arlington,161.77761600208618
2024-01-02 11:46:00,,2028-01-02 11:41:00,Bumbershoot Capital Management,Property Management,128 Marlborough ST,Boston,MA,2116,42.352963,-71.07742400000001,bumbershoot capital management,,True,2.2794520547945205,1,Copley,320.55523500069376
2024-01-02 11:46:00,,2028-01-02 11:42:00,Bumbershoot Maintenance,Property Management,128 Marlborough ST,Boston,MA,2116,42.352963,-71.07742400000001,bumbershoot maintenance,,True,2.2794520547945205,1,Copley,320.55523500069376
2014-10-03 00:00:00,8/30/18 11:36,2022-08-30 09:42:00,BURBERRY,RETAIL,2 Newbury ST,Boston,MA,2116,42.35244,-71.07134100000002,burberry,,False,7.912328767123288,2,Arlington,109.55544600208948
2014-10-03 00:00:00,8/30/18 11:35,2022-08-30 09:47:00,BURBERRY,CH BUS LOC (9/17/14),100 Huntington AV,Boston,MA,2116,42.347312,-71.07812200000001,burberry,,False,7.912328767123288,2,Back Bay,270.33306300038447
2020-12-03 12:00:00,4/7/25 16:48,2029-04-07 16:45:00,Butterknife,Video Marketing and Advertising,112 Newbury ST,Boston,MA,2116,42.351141,-71.07581600000003,butterknife,,True,5.361643835616438,1,Copley,286.11082499607653
2014-04-10 00:00:00,,2018-04-10 00:00:00,C PIZZANO & SONS,,286 Columbus AV,Boston,MA,2116,42.346811,-71.073735,c pizzano  sons,,False,4.002739726027397,1,Back Bay,281.2219409997354
2013-08-13 00:00:00,8/22/25 13:25,2029-08-22 13:24:00,"C.SPA - BOSTON, SKIN & MASSAGE STUDIO",BEAUTY/SPA/WELLNESS,715 Boylston ST,Boston,MA,2116,42.349616,-71.07998399999997,cspa  boston skin  massage studio,,True,12.676712328767124,1,Copley,243.33308999749863
2019-06-25 16:26:00,,2023-06-25 16:24:00,Cable Stayed Studios,Video Game Development,120 Saint James AV,Boston,MA,2116,42.34921,-71.07513,cable stayed studios,,False,4.0,1,Back Bay,272.9997269999677
2015-11-16 00:00:00,10/31/23 11:46,2027-10-31 11:43:00,CABOT & COMPANY,REAL ESTATE,213 Newbury ST,Boston,MA,2116,42.350162,-71.08119999999997,cabot  company,,True,10.416438356164383,1,Copley,382.4440619968113
2025-11-05 10:24:00,,2029-11-04 14:16:00,Cactus Club Cafe,Restaurant,500 Boylston ST,Boston,MA,2116,42.350697,-71.07420400000001,cactus club cafe,,True,0.43561643835616437,1,Copley,415.8884729984268
2022-02-16 15:51:00,,2026-02-16 15:49:00,Cafe Landwer,Restaurant/Cafe,655 Boylston ST,Boston,MA,2116,42.349998,-71.07856800000002,cafe landwer,,False,4.0,1,Copley,71.77770600273016
2023-09-19 12:35:00,,2027-09-19 12:31:00,CAFE PASTEL,RESTAURANT,40 Trinity PL,Boston,MA,2116,42.348427,-71.07501400000001,cafe pastel,,True,2.5671232876712327,1,Back Bay,198.8886899991812
2023-05-03 13:14:00,,2027-05-03 13:13:00,Caffe Nero,Coffee Shop,103 Newbury ST,Boston,MA,2116,42.3517,-71.07541600000002,caffe nero,,True,2.947945205479452,6,Copley,392.6662739978453
2024-12-19 15:19:00,,2028-12-19 15:07:00,CAFFE NERO,COFFEE SHOP,100 Huntington AV,Boston,MA,2116,42.347312,-71.07812200000001,caffe nero,,True,1.3150684931506849,6,Back Bay,270.33306300038447
2024-12-19 15:30:00,,2028-12-19 15:27:00,CAFFE NERO,Coffee Shop,443 Boylston ST,Boston,MA,2116,42.351471,-71.07298100000003,caffe nero,,True,1.3150684931506849,6,Arlington,279.88860900389125
2013-11-08 00:00:00,,2015-06-18 00:00:00,CALIFORNIA PIZZA KITCHEN,RESTAURANT - CH 227 SEC 5A,137 Stuart ST,Boston,MA,2116,42.351291,-71.065765,california pizza kitchen,,False,1.6082191780821917,1,Boylston,258.11085299887344
2025-04-02 14:59:00,,2029-04-02 14:58:00,Campeon Soccer,Online Soccer Store,399 Boylston ST,Boston,MA,2116,42.351799,-71.07187799999997,campeon soccer,,True,1.0301369863013699,1,Arlington,120.8887679971603
2014-06-25 00:00:00,5/26/22 13:26,2026-05-26 13:23:00,CANDIBAR,NIGHTCLUB,71 Warrenton ST,Boston,MA,2116,42.349932,-71.065832,candibar,,True,11.810958904109588,1,Tufts Medical Center,242.7775349996908
2024-07-15 09:00:00,,2028-07-15 08:57:00,CANDLEFISH,Retail-specialty candles,110 Newbury ST,Boston,MA,2116,42.351223,-71.075763,candlefish,,True,1.7452054794520548,1,Copley,301.1108100000483
2024-06-27 14:15:00,,2028-06-27 14:13:00,CandleLux,Candle Making Services and Sales,176 Newbury ST,Boston,MA,2116,42.350302,-71.07909599999999,candlelux,,True,1.7945205479452055,1,Copley,164.22205799986202
2015-10-28 00:00:00,12/19/23 13:56,2027-12-19 10:40:00,CAPITAL ONE 360 CAFE,FINANCIAL INSTITUTION,711 Boylston ST,Boston,MA,2116,42.349814,-71.07982300000003,capital one 360 cafe,,True,10.468493150684932,2,Copley,203.44424100425888
2020-02-25 12:20:00,3/29/24 15:20,2028-03-29 15:15:00,Capsule Pharmacy Boston,Retail Pharmacy,414 Boylston ST,Boston,MA,2116,42.351256,-71.072408,capsule pharmacy boston,,True,6.134246575342465,1,Arlington,240.11087100010752
2024-08-16 14:16:00,,2028-08-16 11:28:00,Carbon Health,Human Medical Services,399 Boylston ST,Boston,MA,2116,42.351799,-71.07187799999997,carbon health,,True,1.6575342465753424,3,Arlington,120.8887679971603
2022-08-05 15:07:00,,2026-08-05 11:53:00,Card Shark,"E-Commerce, online Cards Retail",867 Boylston ST,Boston,MA,2116,42.348668,-71.08340699999997,card shark,,True,3.6904109589041094,1,Prudential,534.3327989970218
2023-04-12 12:43:00,,2027-04-12 12:37:00,Careforth,Caregiving Services And Support,399 Boylston ST,Boston,MA,2116,42.351799,-71.07187799999997,careforth,,True,3.0054794520547947,2,Arlington,120.8887679971603
2025-08-15 13:32:00,,2029-08-15 13:28:00,Careforth,Caregiving Service and Support,399 Boylston ST,Boston,MA,2116,42.351799,-71.07187799999997,careforth,,True,0.6602739726027397,2,Arlington,120.8887679971603
2022-10-21 13:51:00,,2026-10-21 13:48:00,Cargo Rental Club,Consulting,867 Boylston ST,Boston,MA,2116,42.348668,-71.08340699999997,cargo rental club,,True,3.4794520547945207,1,Prudential,534.3327989970218
2019-11-01 10:20:00,10/23/23 15:04,2027-10-23 13:49:00,Carter & Company,Interior Design,36 Newbury ST,Boston,MA,2116,42.35201,-71.07277899999997,carter  company,,True,6.4520547945205475,1,Arlington,221.55533399642832
2016-10-06 12:59:00,11/4/25 11:34,2029-11-04 11:29:00,CARTIER NORTH AMERICA,JEWERLY,28 Newbury ST,Boston,MA,2116,42.352083,-71.072472,cartier north america,,True,9.523287671232877,1,Arlington,195.55536000049165
2016-02-01 00:00:00,1/4/24 12:54,2028-01-04 12:26:00,CASTANET,CONSIGNMENT - RETAIL,175 Newbury ST,Boston,MA,2116,42.350723,-71.07929999999999,castanet,,True,10.205479452054794,1,Copley,233.66643299979884
2021-10-20 14:14:00,10/17/25 13:11,2029-10-17 13:02:00,CastleGate Forwarding,Logistics,4 Copley PL,Boston,MA,2116,42.347278,-71.07767999999999,castlegate forwarding,,True,4.482191780821918,1,Back Bay,224.99977499799533
2023-11-21 13:03:00,,2027-11-21 12:48:00,Catbird,Retail,156 Newbury ST,Boston,MA,2116,42.350535,-71.07825600000001,catbird,,True,2.3945205479452056,1,Copley,96.77768100198108
2015-09-16 00:00:00,10/15/19 10:09,2023-10-15 10:07:00,CATCHPOINT PARTNERS,STRATEGIC MARKETING CONSULTANCY,121 Beacon ST,Boston,MA,2116,42.354874,-71.073552,catchpoint partners,,False,8.084931506849315,1,Arlington,625.6660410009064
2018-11-07 13:55:00,10/19/22 13:31,2026-10-19 11:21:00,CBD AMERICAN SHAMAN,RETAIL,227 Newbury ST,Boston,MA,2116,42.350007,-71.08175900000003,cbd american shaman,,True,7.435616438356164,1,Copley,427.33290600426994
2020-07-23 12:22:00,11/26/24 7:45,2028-11-15 00:00:00,CBfit,Personal training,561 Boylston ST,Boston,MA,2116,42.350696,-71.07627400000001,cbfit,,True,5.726027397260274,1,Copley,185.77759199833545
2021-04-02 14:03:00,,2025-04-02 09:57:00,CBIZ Alliance,insurance services,500 Boylston ST,Boston,MA,2116,42.350697,-71.07420400000001,cbiz alliance,,False,4.0,1,Copley,415.8884729984268
2024-12-13 14:19:00,,2028-12-13 14:17:00,CBIZ Individual Insurance Solutions,Insurance Agent/Broker,500 Boylston ST,Boston,MA,2116,42.350697,-71.07420400000001,cbiz individual insurance solutions,,True,1.3315068493150686,1,Copley,415.8884729984268
2014-05-05 00:00:00,4/17/18 13:39,2022-04-17 12:34:00,CBIZ RETIREMENT PLAN ADVISORY SERVICES,CH 227 SEC 5A,500 Boylston ST,Boston,MA,2116,42.350697,-71.07420400000001,cbiz retirement plan advisory services,,False,7.956164383561644,1,Copley,415.8884729984268
2015-12-11 00:00:00,3/4/24 17:33,2028-03-04 17:19:00,CBIZ RETIREMENT PLAN SERVICES,CORPORATION,500 Boylston ST,Boston,MA,2116,42.350697,-71.07420400000001,cbiz retirement plan services,,True,10.347945205479451,2,Copley,415.8884729984268
2015-12-11 00:00:00,5/17/24 12:36,2028-05-17 11:17:00,CBIZ RETIREMENT PLAN SERVICES,CORPORATION,500 Boylston ST,Boston,MA,2116,42.350697,-71.07420400000001,cbiz retirement plan services,,True,10.347945205479451,2,Copley,415.8884729984268
2018-08-02 14:10:00,9/12/22 14:51,2026-09-12 13:01:00,"CBIZ TAX, ACCOUTING & ADVISORY OF NEW ENLANG",ACCOUNTING FIRM,500 Boylston ST,Boston,MA,2116,42.350697,-71.07420400000001,cbiz tax accouting  advisory of new enlang,,True,7.701369863013698,1,Copley,415.8884729984268
2018-10-29 12:39:00,1/3/23 17:02,2026-12-29 09:53:00,CBIZ Vacation Rental Insurance,Insurance Services,500 Boylston ST,Boston,MA,2116,42.350697,-71.07420400000001,cbiz vacation rental insurance,,True,7.46027397260274,1,Copley,415.8884729984268
2020-11-06 15:26:00,1/2/25 14:13,2029-01-02 12:45:00,CDF Therapeutic Bodywork,massage therapy,437 Boylston ST,Boston,MA,2116,42.351491,-71.07290499999999,cdf therapeutic bodywork,,True,5.435616438356164,1,Arlington,269.22195299924226
2023-09-15 14:04:00,,2027-09-15 12:51:00,Celine-Boston Copley,Retail Clothing,100 Huntington AV,Boston,MA,2116,42.347312,-71.07812200000001,celineboston copley,,True,2.578082191780822,1,Back Bay,270.33306300038447
2021-08-04 12:03:00,,2025-08-04 12:02:00,CellfloRegenMed,Health Care,20 Park PZ,Boston,MA,2116,42.35147,-71.06880999999998,cellfloregenmed,,False,4.0,1,Arlington,279.44416500185537
2019-01-25 13:09:00,,2023-01-25 13:07:00,Celso Enrique Hair Studio,Hair Studio,118 Newbury ST,Boston,MA,2116,42.351144,-71.07611700000001,celso enrique hair studio,,False,4.0,1,Copley,252.9997469983564
2015-03-30 00:00:00,7/7/23 12:36,2027-07-07 11:00:00,CENTERFOLDS,NIGHTCLUB,12 Lagrange ST,Boston,MA,2116,42.351406,-71.06325900000002,centerfolds,,True,11.04931506849315,1,Chinatown,183.1109280019101
2023-11-21 09:29:00,,2027-11-21 08:10:00,Central Perk,Cafe,205 Newbury ST,Boston,MA,2116,42.350258,-71.08085900000003,central perk,,True,2.3945205479452056,1,Copley,355.2218670039604
2023-12-19 09:31:00,,2027-12-19 09:29:00,Century 21 Cityside,Real Estate,232 Clarendon ST,Boston,MA,2116,42.35165,-71.07574699999998,century 21 cityside,,True,2.317808219178082,1,Copley,350.3329830020928
2026-01-06 09:36:00,,2030-01-06 09:34:00,CGK on Newbury,Restaurant,267 Newbury ST,Boston,MA,2116,42.349534,-71.08345600000001,cgk on newbury,,True,0.26575342465753427,1,Prudential,635.99936400166
2015-01-14 00:00:00,12/5/22 11:41,2026-12-05 11:38:00,CH CAROLINA HERRERA,RETAIL CLOTHING SALES,100 Huntington AV,Boston,MA,2116,42.347312,-71.07812200000001,ch carolina herrera,,True,11.254794520547945,1,Back Bay,270.33306300038447
2017-03-10 12:06:00,7/21/25 11:41,2029-07-21 10:03:00,CH2M Hill,Engineering Services,120 Saint James AV,Boston,MA,2116,42.34921,-71.07513,ch2m hill,,True,9.098630136986301,2,Back Bay,272.9997269999677
2015-03-23 00:00:00,3/29/19 13:07,2023-03-29 11:00:00,CH2M HILL,CONSTRUCTION MANAGEMENT,120 Saint James AV,Boston,MA,2116,42.34921,-71.07513,ch2m hill,,False,8.021917808219179,2,Back Bay,272.9997269999677
2017-02-13 13:21:00,7/21/25 11:40,2029-07-21 09:52:00,CH2M Hill Engineers,Engineering Services,10 ST JAMES AV,BOSTON,MA,2116,42.350405,-71.07088399999998,ch2m hill engineers,,True,9.167123287671233,1,Arlington,167.33316600227062
2017-01-23 11:25:00,7/22/25 15:15,2029-07-22 15:13:00,CHABA BY A AND M,FLOWER SHOP,71 Stuart ST,Boston,MA,2116,42.351216,-71.06449800000001,chaba by a and m,,True,9.224657534246575,1,Boylston,166.55538899870783
2014-09-10 00:00:00,9/13/18 14:26,2022-09-13 13:37:00,CHAMPIONSCOTT PARTNERS,EXECUTIVE RECRUITING,321 Columbus AV,Boston,MA,2116,42.34641,-71.074836,championscott partners,,False,8.013698630136986,1,Back Bay,203.44424099952192
2024-07-02 16:05:00,,2028-07-02 15:28:00,Chanel,"Retail of clothing, frangrance & cosmetics.",6 Newbury ST,Boston,MA,2116,42.352292,-71.071641,chanel,,True,1.7808219178082192,1,Arlington,126.4443179997132
2021-10-06 11:08:00,10/6/25 8:47,2029-10-06 08:41:00,Charles Street Dental,Dentist's Office,121 Charles ST,Boston,MA,2116,42.349197,-71.06667099999999,charles street dental,,True,4.52054794520548,1,Tufts Medical Center,357.66630899857824
2017-07-21 13:30:00,5/21/25 13:49,2029-05-21 13:46:00,Charlies Sandwich Shoppe,Restaurant,429 Columbus AV,Boston,MA,2116,42.344092,-71.07771300000002,charlies sandwich shoppe,,True,8.734246575342466,1,Back Bay,582.6660840013105
2022-10-12 13:19:00,,2026-10-12 13:16:00,Charme Jewelry and Accessories,Jewelry and Accessories retail,244 Newbury ST,Boston,MA,2116,42.349392,-71.08238699999998,charme jewelry and accessories,,True,3.504109589041096,1,Prudential,501.44394299874057
2021-09-10 11:28:00,11/24/25 15:49,2029-11-24 11:17:00,Cheryl Richards,Photography,20 Park PZ,Boston,MA,2116,42.35147,-71.06880999999998,cheryl richards,,True,4.5917808219178085,1,Arlington,279.44416500185537
2017-09-28 11:56:00,8/26/25 13:14,2029-08-26 13:12:00,Chi Harmony Acupuncture,Acupuncture,10 Park PZ,Boston,MA,2116,42.351709,-71.06743399999999,chi harmony acupuncture,,True,8.545205479452054,1,Boylston,397.1107139984666
2021-08-18 12:50:00,7/22/25 10:45,2029-07-22 10:40:00,Chick-Fil-A Copley Square Inline,ChicFil-A Franchise Restaurant,569 Boylston ST,Boston,MA,2116,42.350591,-71.07642800000002,chickfila copley square inline,,True,4.654794520547945,1,Copley,156.99984299756957
2021-08-09 11:42:00,,2025-08-09 11:39:00,Childs Gallery,retail art gallery,168 Newbury ST,Boston,MA,2116,42.350401,-71.078756,childs gallery,,False,4.0,1,Copley,137.44430700036258
2025-12-03 09:17:00,,2029-12-03 09:12:00,Chisolm Demertine General Practice Clinic,Virtual Medical Services,3 Arlington ST,Boston,MA,2116,42.355022,-71.07257500000003,chisolm demertine general practice clinic,,True,0.3589041095890411,1,Arlington,533.5550220029329
2025-07-22 11:08:00,,2029-07-22 11:08:00,Christine Fuchs Advisors,Coaching Services,184 Marlborough ST,Boston,MA,2116,42.352271,-71.08000099999998,christine fuchs advisors,,True,0.726027397260274,1,Copley,483.5550719989046
2022-03-02 15:52:00,,2026-03-02 11:58:00,Christmas Trees USA,Online Retail,665 Washington ST,Boston,MA,2116,42.351874,-71.062862,christmas trees usa,,False,4.0,1,Chinatown,86.99991299903539
2018-02-28 10:13:00,,2022-02-28 10:12:00,Churros & Cravings,Street Food (fried pastry),233 Newbury ST,Boston,MA,2116,42.349896,-71.082019,churros  cravings,,False,4.0,1,Copley,443.8884450011563
2018-10-04 14:07:00,8/3/22 12:04,2026-08-03 12:03:00,City Smoke,Smoke Shop,167 Newbury ST,Boston,MA,2116,42.350802,-71.07896599999998,city smoke,,True,7.528767123287671,2,Copley,205.3331279987004
2021-12-17 13:44:00,11/24/25 11:41,2029-11-24 11:39:00,CJF Consulting,Freelance Consulting,52 Appleton ST,Boston,MA,2116,42.34567,-71.07219099999998,cjf consulting,,True,4.323287671232877,1,Back Bay,579.5549760028493
2013-11-06 00:00:00,9/16/25 9:27,2029-09-16 09:25:00,CLARENDON BARBERS,BARBER SHOP,59 Clarendon ST,Boston,MA,2116,42.346749,-71.07310000000001,clarendon barbers,,True,12.443835616438356,1,Back Bay,358.666307998422
2014-07-21 00:00:00,6/9/22 10:36,2026-06-09 10:35:00,CLEARPOINT STRATEGY,SOFTWARE,75 Arlington ST,Boston,MA,2116,42.350549,-71.07041900000002,clearpoint strategy,,True,11.73972602739726,1,Arlington,202.9997969982756
2022-04-14 13:08:00,3/25/26 16:24,2030-03-25 16:01:00,Clerys,Restaurant,113 Dartmouth ST,Boston,MA,2116,42.34615,-71.07518399999998,clerys,,True,4.0,1,Back Bay,193.66647300210263
2025-06-27 11:33:00,,2029-06-27 11:30:00,Click Insurance,Property and Casualty Insurance,131 Dartmouth ST,Boston,MA,2116,42.346988,-71.07513499999999,click insurance,,True,0.7945205479452054,1,Back Bay,105.99989400080298
2021-03-18 13:51:00,3/13/25 16:36,2029-03-13 15:27:00,CLIENTEL3,FITNESS,364 Boylston ST,Boston,MA,2116,42.351461,-71.07155499999999,clientel3,,True,5.073972602739726,1,Arlington,122.5554329992683
2025-10-27 15:31:00,,2029-10-27 15:30:00,Clover Roe Events,Event Planner,14 Fayette ST,Boston,MA,2116,42.348966,-71.06712800000003,clover roe events,,True,0.4602739726027397,1,Tufts Medical Center,434.1106770029476
2023-06-27 11:31:00,,2027-06-27 11:30:00,"CMD Dermatology, Laser & Aesthetics",Medical Practice,745 Boylston ST,Boston,MA,2116,42.349389,-71.08081800000002,cmd dermatology laser  aesthetics,,True,2.797260273972603,1,Copley,361.2218610030227
2023-04-10 15:52:00,,2027-04-10 15:31:00,CMG Home Loans,Mortgage Office,264 Beacon ST,Boston,MA,2116,42.353504,-71.08039200000002,cmg home loans,,True,3.010958904109589,1,Copley,663.9993360028105
2022-02-02 16:09:00,,2026-02-02 16:06:00,COAST 2 COAST VENTURES,AMAZON SALES/E-COMMERCE,867 Boylston ST,Boston,MA,2116,42.348668,-71.08340699999997,coast 2 coast ventures,,False,4.0,1,Prudential,534.3327989970218
2019-05-06 13:15:00,4/10/23 14:15,2027-04-10 13:08:00,Cognition Financial,Private Student Loans,200 Clarendon ST,Boston,MA,2116,42.348962,-71.07502399999998,cognition financial,,True,6.942465753424657,1,Back Bay,257.2219650019072
2023-08-22 15:58:00,,2027-08-22 15:57:00,Colby Davis of Boston,Jewelry / Gift Store,33 Newbury ST,Boston,MA,2116,42.352402,-71.07291299999997,colby davis of boston,,True,2.643835616438356,1,Arlington,279.9997199965053
2018-08-23 12:26:00,,2022-08-23 12:22:00,Coldwell Banker Commercial NRT,Commercial Real estate brokerage,399 Boylston ST,Boston,MA,2116,42.351799,-71.07187799999997,coldwell banker commercial nrt,,False,4.0,1,Arlington,120.8887679971603
2020-02-11 13:33:00,4/1/25 13:07,2029-04-01 12:53:00,Coldwell Banker Commercial Realty,Real Estate Brokerage,399 Boylston ST,Boston,MA,2116,42.351799,-71.07187799999997,coldwell banker commercial realty,,True,6.1726027397260275,2,Arlington,120.8887679971603
2020-01-08 15:02:00,,2024-01-08 14:04:00,Coldwell Banker NRT,real estate brokerage,10 Berkeley ST,Boston,MA,2116,42.345203,-71.070585,coldwell banker nrt,,False,4.0,3,Arlington,778.5547770009606
2020-01-08 15:02:00,,2024-01-08 13:47:00,Coldwell Banker NRT,real estate brokerage,399 Boylston ST,Boston,MA,2116,42.351799,-71.07187799999997,coldwell banker nrt,,False,4.0,3,Arlington,120.8887679971603
2020-01-08 15:02:00,4/16/24 11:08,2028-04-16 11:04:00,Coldwell Banker Realty,real estate brokerage,519 Tremont ST,Boston,MA,2116,42.344815,-71.07098200000001,coldwell banker realty,,True,6.265753424657534,2,Arlington,797.3325360024998
2020-01-08 15:02:00,4/1/25 13:07,2029-04-01 12:53:00,Coldwell Banker Realty,real estate brokerage,399 Boylston ST,Boston,MA,2116,42.351799,-71.07187799999997,coldwell banker realty,,True,6.265753424657534,2,Arlington,120.8887679971603
2018-08-23 12:26:00,,2022-08-23 12:22:00,Coldwell Banker Residential Brokerage,Commercial Real estate brokerage,399 Boylston ST,Boston,MA,2116,42.351799,-71.07187799999997,coldwell banker residential brokerage,,False,4.0,1,Arlington,120.8887679971603
2023-02-21 15:31:00,,2027-02-21 15:29:00,Colour Jade Studio,Hair Stylist,119 Newbury ST,Boston,MA,2116,42.351445,-71.07635900000002,colour jade studio,,True,3.1424657534246574,1,Copley,259.5552959968056
2023-09-15 14:15:00,,2027-09-15 14:13:00,Colt Energy Audits,Energy Auditor,110 Stuart ST,Boston,MA,2116,42.350841,-71.06559700000003,colt energy audits,,True,2.578082191780822,1,Boylston,289.44415500187154
2014-06-09 00:00:00,5/31/22 14:16,2026-05-31 13:15:00,COLUMBUS DRY CLEANERS,DRY CLEANING DROP STORE,465 Columbus AV,Boston,MA,2116,42.343574,-71.07841200000001,columbus dry cleaners,,True,11.854794520547944,1,Prudential,586.666079998317
2026-02-18 16:05:00,,2030-02-18 15:57:00,Columbus Hospitality Group,Management,74 Clarendon ST,Boston,MA,2116,42.346911,-71.07347900000002,columbus hospitality group,,True,0.14794520547945206,1,Back Bay,298.555256997816
2024-05-31 12:47:00,,2028-05-31 12:45:00,Commonwealth Breathwork,Wellness,154 Newbury ST,Boston,MA,2116,42.350532,-71.07815800000003,commonwealth breathwork,,True,1.8684931506849316,1,Copley,85.55547000426122
2023-11-03 13:03:00,,2027-11-03 13:00:00,Commonwealth Real Estate Advisors,Real Estate,75 Arlington ST,Boston,MA,2116,42.350549,-71.07041900000002,commonwealth real estate advisors,,True,2.4438356164383563,1,Arlington,202.9997969982756
2021-10-28 13:02:00,,2025-10-28 12:59:00,Compass Development Marketing Group,Real Estate,126 Newbury ST,Boston,MA,2116,42.351018,-71.07629199999997,compass development marketing group,,False,4.0,1,Copley,219.5553360038463
2023-08-15 10:00:00,,2027-08-15 09:38:00,Compass One,Contracted Food Prep & Sales,711 Boylston ST,Boston,MA,2116,42.349814,-71.07982300000003,compass one,,True,2.663013698630137,1,Copley,203.44424100425888
2018-03-26 14:07:00,4/14/22 13:04,2026-04-14 12:41:00,Compass Wellness,Behavioral Health,75 Arlington ST,Boston,MA,2116,42.350549,-71.07041900000002,compass wellness,,True,8.054794520547945,1,Arlington,202.9997969982756
2025-01-29 15:06:00,,2029-01-29 15:05:00,Competitive Edge Essay Tutoring,Educational Services,191 Commonwealth AV,Boston,MA,2116,42.351803,-71.08027199999998,competitive edge essay tutoring,,True,1.2027397260273973,1,Copley,461.6662049981149
2020-05-11 13:59:00,,2024-05-11 13:02:00,Computer Geeks,Technology,607 Boylston ST,Boston,MA,2116,42.35051,-71.07717200000002,computer geeks,,False,4.0,1,Copley,65.33326799768453
2016-02-05 00:00:00,10/15/24 12:52,2028-10-15 12:49:00,CONCIERGE SERVICES FOR PATIENTS,CONCIERCE SERVICES,17 Arlington ST,Boston,MA,2116,42.352384,-71.07125400000001,concierge services for patients,,True,10.194520547945206,1,Arlington,93.66657300115148
2018-11-28 13:06:00,,2022-11-28 13:05:00,Condo Intel,Real Estate,77 Newbury ST,Boston,MA,2116,42.351946,-71.07460400000002,condo intel,,False,4.0,1,Arlington,417.22180500216587
2018-12-21 12:08:00,12/2/24 16:36,2028-12-02 16:35:00,Connect to Success,All Legal Purposes,303 Columbus AV,Boston,MA,2116,42.3467,-71.07454000000001,connect to success,,True,7.315068493150685,1,Back Bay,204.11090699862825
2015-03-20 00:00:00,6/6/23 11:40,2027-06-06 11:35:00,COPLEY HOUSE,REAL ESTATE,239 Newton ST,Boston,MA,2116,42.344566,-71.08022399999999,copley house,,True,11.076712328767123,1,Prudential,275.1108360009536
2014-02-07 00:00:00,12/22/25 10:57,2029-12-22 10:53:00,COPLEY INVESTMENTS COMPANIES,Property Management,77 Newbury ST,Boston,MA,2116,42.351946,-71.07460400000002,copley investments companies,,True,12.189041095890412,1,Arlington,417.22180500216587
2019-04-22 14:52:00,,2023-04-22 14:39:00,Copley Real Estate Group,Real Estate,399 Boylston ST,Boston,MA,2116,42.351799,-71.07187799999997,copley real estate group,,False,4.0,1,Arlington,120.8887679971603
2024-02-15 11:41:00,,2028-02-15 11:40:00,Corcoran Property Advisors,Residential Real Estate,14 Newbury ST,Boston,MA,2116,42.35219,-71.07206100000002,corcoran property advisors,,True,2.158904109589041,1,Arlington,161.77761600208618
2020-07-16 15:13:00,,2024-07-16 14:31:00,Core Investments,Property Management,699 Boylston ST,Boston,MA,2116,42.349758,-71.07944099999997,core investments,,False,4.0,1,Copley,167.22205499781418
2022-03-11 13:01:00,,2026-03-11 12:37:00,CorePower Yoga,Yoga Instruction Retail,399 Boylston ST,Boston,MA,2116,42.351799,-71.07187799999997,corepower yoga,,False,4.0,1,Arlington,120.8887679971603
2021-06-08 10:05:00,,2025-06-08 10:03:00,CoreView,Online clothing and mask,130 Dartmouth ST,Boston,MA,2116,42.346939,-71.07610199999999,coreview,,False,4.0,1,Back Bay,87.33324599898329
2014-08-22 00:00:00,9/1/22 13:54,2026-09-01 13:06:00,CORNERSTONE RESEARCH,CONSULTING FIRM,699 Boylston ST,Boston,MA,2116,42.349758,-71.07944099999997,cornerstone research,,True,11.652054794520549,1,Copley,167.22205499781418
2023-12-21 11:54:00,,2027-12-21 11:49:00,COS,RETAIL CLOTHING STORE,138 Newbury ST,Boston,MA,2116,42.350869,-71.07693999999998,cos,,True,2.3123287671232875,1,Copley,130.99986900242237
2019-12-10 12:51:00,,2023-12-10 12:50:00,Cosmica,Restaurant,40 Berkeley ST,Boston,MA,2116,42.346057,-71.07084399999997,cosmica,,False,4.0,1,Arlington,654.888234003708
2024-06-17 09:45:00,,2028-06-17 09:36:00,Cotopaxi,Retail,201 Newbury ST,Boston,MA,2116,42.350424,-71.08014100000003,cotopaxi,,True,1.821917808219178,1,Copley,293.88859500328226
2023-02-10 12:32:00,,2027-02-10 12:31:00,Courtney Scharneck Wellness,Message Therapy,437 Boylston ST,Boston,MA,2116,42.351491,-71.07290499999999,courtney scharneck wellness,,True,3.1726027397260275,1,Arlington,269.22195299924226
2025-06-02 09:38:00,,2029-06-02 09:36:00,Courtyard Boston Copley Square,Hotel,88 Exeter ST,Boston,MA,2116,42.348594,-71.07885599999997,courtyard boston copley square,,True,0.863013698630137,1,Copley,231.55532399802348
2015-10-05 00:00:00,1/12/24 9:54,2028-01-12 09:53:00,COURTYARD BOSTON DOWNTOWN,HOTEL,275 Tremont ST,Boston,MA,2116,42.350026,-71.06564700000001,courtyard boston downtown,,True,10.531506849315068,1,Tufts Medical Center,232.66643400074463
2025-07-21 13:08:00,,2029-07-21 12:57:00,CP IX LUKA,Real Estate & Property Management,45 Stuart ST,Boston,MA,2116,42.351422,-71.06395399999997,cp ix luka,,True,0.7287671232876712,1,Tufts Medical Center,199.66646699563853
2022-03-02 15:52:00,,2026-03-02 12:13:00,Created Futures,Career and Life Coaching,665 Washington ST,Boston,MA,2116,42.351874,-71.062862,created futures,,False,4.0,1,Chinatown,86.99991299903539
2017-09-08 10:00:00,9/15/25 9:24,2029-09-15 09:06:00,CREDO,RETAIL,177 Newbury ST,Boston,MA,2116,42.35066,-71.07936699999999,credo,,True,8.6,1,Copley,234.11087699946623
2013-06-21 00:00:00,,2017-06-21 00:00:00,CREPERIE ON NEWBURY STREET,RESTAURANT,259 Newbury ST,Boston,MA,2116,42.349609,-71.08319399999999,creperie on newbury street,,False,4.002739726027397,1,Copley,600.7771769997959
2022-03-22 13:14:00,2/26/26 15:25,2030-02-26 11:05:00,CrossCountry Mortgage,Mortgage Company,399 Boylston ST,Boston,MA,2116,42.351799,-71.07187799999997,crosscountry mortgage,,True,4.063013698630137,1,Arlington,120.8887679971603
2016-05-02 00:00:00,,2020-05-02 00:00:00,CRYOHEALTHBOSTON,MEDICAL SPA,252 Newbury ST,Boston,MA,2116,42.349334,-71.08266500000002,cryohealthboston,,False,4.002739726027397,2,Prudential,525.8883630025521
2016-05-02 00:00:00,,2020-05-02 00:00:00,CRYOHEALTHBOSTON,,252 Newbury ST,Boston,MA,2116,42.349334,-71.08266500000002,cryohealthboston,,False,4.002739726027397,2,Prudential,525.8883630025521
2018-05-07 11:07:00,,2022-05-07 11:07:00,CTKelley Consulting,Consulting,274 Marlborough ST,Boston,MA,2116,42.351559,-71.08266200000003,ctkelley consulting,,False,4.002739726027397,1,Copley,700.1104110040093
2013-12-17 00:00:00,6/8/22 16:04,2026-06-08 15:51:00,CURRENCY EXCHANGE INTERNATIONAL,RETAIL/FINANCIAL CURRENCY EXCH,100 Huntington AV,Boston,MA,2116,42.347312,-71.07812200000001,currency exchange international,,True,12.331506849315069,1,Back Bay,270.33306300038447
2024-04-17 16:43:00,,2028-04-17 16:40:00,CURVES BRASILEIRA,Aesthetician,115 Newbury ST,Boston,MA,2116,42.351496,-71.07613500000002,curves brasileira,,True,1.989041095890411,1,Copley,290.1108209970304
2019-10-23 16:19:00,11/15/23 11:36,2027-11-15 11:28:00,Cuyana,Ladies Luxury Retailer,112 Newbury ST,Boston,MA,2116,42.351141,-71.07581600000003,cuyana,,True,6.476712328767123,1,Copley,286.11082499607653
2022-01-18 15:03:00,12/12/25 16:02,2029-12-12 14:19:00,CVS /Pharmacy #8972,Retail/Pharmacy,285 Columbus AV,Boston,MA,2116,42.3473,-71.0738,cvs pharmacy 8972,,True,4.235616438356164,1,Back Bay,219.6664469996183
2013-08-08 00:00:00,8/15/25 9:34,2029-08-15 08:02:00,CVS/PHARMACY # 12 0 6,RETAIL PHARMACY,240 Newbury ST,Boston,MA,2116,42.349574,-71.08189099999998,cvspharmacy  12 0 6,,True,12.69041095890411,1,Copley,459.8884289994453
2013-08-08 00:00:00,8/15/25 9:35,2029-08-15 08:03:00,CVS/PHARMACY #1217,RETAIL PHARMACY,587 Boylston ST,Boston,MA,2116,42.350453,-71.076908,cvspharmacy 1217,,True,12.69041095890411,1,Copley,88.3332449996165
2026-02-12 16:59:00,,2030-02-12 12:50:00,D.M. Therese Byrne,STR,116 Commonwealth AV,Boston,MA,2116,42.351851,-71.07663300000002,dm therese byrne,,True,0.1643835616438356,1,Copley,274.2219479984609
2019-08-12 09:50:00,,2023-08-12 09:48:00,Dani DeWitt,Software Consulting,10 Fayette ST,Boston,MA,2116,42.349034,-71.067002,dani dewitt,,False,4.0,1,Tufts Medical Center,412.5551429997372
2014-04-22 00:00:00,,2018-04-22 00:00:00,DANIELA WINSTON MEDSPA,MEDICAL SPA,135 Newbury ST,Boston,MA,2116,42.351259,-71.07704000000001,daniela winston medspa,,False,4.002739726027397,2,Copley,163.2220589984393
2014-04-22 00:00:00,,2018-04-22 00:00:00,DANIELA WINSTON MEDSPA,,135 Newbury ST,Boston,MA,2116,42.351259,-71.07704000000001,daniela winston medspa,,False,4.002739726027397,2,Copley,163.2220589984393
2014-06-26 00:00:00,6/13/22 15:10,2026-06-13 15:09:00,DASH LIVERY,LIVERY SERVICE,308 Columbus AV,Boston,MA,2116,42.346295,-71.07433700000001,dash livery,,True,11.808219178082192,1,Back Bay,271.6663949985971
2024-07-18 15:32:00,,2028-07-18 11:03:00,DAVE'S HOT CHICKEN,TAKE-OUT RESTAURANT,123 Stuart ST,Boston,MA,2116,42.351378,-71.06572900000003,daves hot chicken,,True,1.736986301369863,1,Boylston,244.44420000337777
2020-06-02 10:23:00,5/16/24 12:57,2028-05-16 11:59:00,David Cobb Massage Therapy,Massage therapy,45 Newbury ST,Boston,MA,2116,42.352183,-71.073242,david cobb massage therapy,,True,5.865753424657535,1,Arlington,292.22192999880576
2017-12-12 11:55:00,7/31/23 11:49,2027-07-31 11:45:00,David Yurman,Limited Liability Company,100 Huntington AV,Boston,MA,2116,42.347312,-71.07812200000001,david yurman,,True,8.33972602739726,1,Back Bay,270.33306300038447
2020-03-16 15:56:00,,2024-03-16 15:53:00,DayToDay Health,Technology,120 Saint James AV,Boston,MA,2116,42.34921,-71.07513,daytoday health,,False,4.0,1,Back Bay,272.9997269999677
2019-01-23 12:32:00,,2023-01-23 10:11:00,DC Advisory,Advisory Services,200 Clarendon ST,Boston,MA,2116,42.348962,-71.07502399999998,dc advisory,,False,4.0,1,Back Bay,257.2219650019072
2022-07-08 12:48:00,,2026-07-08 12:47:00,de Gale's Furnishing,Online Furniture Store,867 Boylston ST,Boston,MA,2116,42.348668,-71.08340699999997,de gales furnishing,,True,3.767123287671233,1,Prudential,534.3327989970218
2015-03-26 00:00:00,4/2/19 15:37,2023-04-02 15:36:00,DEAN MELLEN PRODUCTIONS,HAIR SALON,91 Newbury ST,Boston,MA,2116,42.351809,-71.07499200000001,dean mellen productions,,False,8.024657534246575,1,Copley,451.8884369991166
2016-08-05 11:20:00,5/30/24 13:48,2028-05-30 10:48:00,Defi Japan,Hair Salon,132 Newbury ST,Boston,MA,2116,42.350985,-71.07671199999999,defi japan,,True,9.693150684931506,2,Copley,169.22205300144907
2012-11-13 00:00:00,,2016-11-13 00:00:00,DEFI JAPAN,HAIR SALON,207 Newbury ST,Boston,MA,2116,42.350192,-71.08088900000001,defi japan,,False,4.002739726027397,2,Copley,351.22187100221703
2014-09-23 00:00:00,,2015-01-15 00:00:00,DELIGHTFULLY DELICIOUS FILMS,FILM PRODUCTION COMPANY,120 Boylston ST,Boston,MA,2116,42.352244,-71.06554900000003,delightfully delicious films,,False,0.31232876712328766,1,Boylston,128.22209400311965
2018-02-26 14:17:00,5/2/22 13:58,2026-05-02 10:15:00,DELLARIA SALON,HAIR SALON,221 Newbury ST,Boston,MA,2116,42.350104,-71.08154100000002,dellaria salon,,True,8.131506849315068,1,Copley,413.8884750026868
2020-10-14 11:23:00,10/14/20 11:23,2024-10-14 10:20:00,Deloitte,Mgmt Services,200 Berkeley ST,Boston,MA,2116,42.349778,-71.07332200000002,deloitte,,False,4.0,1,Copley,489.1106219982996
2020-10-14 11:23:00,10/14/20 11:23,2024-10-14 10:24:00,Deloitte & Touche,Accounting Services,200 Berkeley ST,Boston,MA,2116,42.349778,-71.07332200000002,deloitte  touche,,False,4.0,1,Copley,489.1106219982996
2020-10-14 11:22:00,3/13/25 16:01,2029-03-13 15:49:00,Deloitte Consulting,Consulting Services,200 Berkeley ST,Boston,MA,2116,42.349778,-71.07332200000002,deloitte consulting,,True,5.498630136986302,1,Copley,489.1106219982996
2020-10-14 11:25:00,3/13/25 16:01,2029-03-13 15:42:00,Deloitte Financial Advisory Services,Advisory Services,200 Berkeley ST,Boston,MA,2116,42.349778,-71.07332200000002,deloitte financial advisory services,,True,5.498630136986302,1,Copley,489.1106219982996
2020-10-14 11:24:00,3/13/25 16:01,2029-03-13 15:45:00,Deloitte Services,Admin Services,200 Berkeley ST,Boston,MA,2116,42.349778,-71.07332200000002,deloitte services,,True,5.498630136986302,1,Copley,489.1106219982996
2020-10-16 11:29:00,3/13/25 16:01,2029-03-13 15:46:00,Deloitte Tax,Tax Services,200 Berkeley ST,Boston,MA,2116,42.349778,-71.07332200000002,deloitte tax,,True,5.493150684931507,1,Copley,489.1106219982996
2020-10-14 12:38:00,3/13/25 16:01,2029-03-13 15:44:00,Deloitte Transactions and Business Analytics,Accounting Services,200 Berkeley ST,Boston,MA,2116,42.349778,-71.07332200000002,deloitte transactions and business analytics,,True,5.498630136986302,1,Copley,489.1106219982996
2022-02-25 16:07:00,2/24/26 10:08,2030-02-24 10:05:00,DeLuca's Market,Retail Grocery & Wine Cellar,239 Newbury ST,Boston,MA,2116,42.3498,-71.08244000000002,delucas market,,True,4.131506849315069,2,Copley,495.7772820027841
2020-01-16 14:35:00,,2024-01-16 09:47:00,DENIM LAB,RETAIL,156 Newbury ST,Boston,MA,2116,42.350535,-71.07825600000001,denim lab,,False,4.0,1,Copley,96.77768100198108
2015-07-06 00:00:00,7/19/23 9:31,2027-07-19 12:22:00,DEPENDABLE CLEANERS,RETAIL DRY CLEANERS,110 Newbury ST,Boston,MA,2116,42.351223,-71.075763,dependable cleaners,,True,10.780821917808218,1,Copley,301.1108100000483
2021-08-23 11:41:00,8/12/25 11:19,2029-08-12 10:58:00,DeRosa Center,Medical Office,91 Newbury ST,Boston,MA,2116,42.351809,-71.07499200000001,derosa center,,True,4.641095890410959,1,Copley,451.8884369991166
2023-10-12 13:41:00,,2027-10-12 13:34:00,Dig.,Restaurant,557 Boylston ST,Boston,MA,2116,42.350657,-71.07617299999998,dig,,True,2.504109589041096,2,Copley,192.66647400146945
2022-08-02 11:48:00,,2026-08-02 11:47:00,Dilly Dally Records,Record Label,217 Newton ST,Boston,MA,2116,42.344061,-71.07958300000001,dilly dally records,,True,3.6986301369863015,1,Prudential,402.4440419976331
2024-11-20 12:03:00,,2028-11-20 11:59:00,Diptyque,Retail Fragrances,123 Newbury ST,Boston,MA,2116,42.351452,-71.07655999999997,diptyque,,True,1.3945205479452054,1,Copley,237.9997620030691
2013-09-23 00:00:00,2/6/25 11:32,2029-02-06 11:25:00,Dirty Water Dough Company,Restaurant,222 Newbury ST,Boston,MA,2116,42.349752,-71.08107999999999,dirty water dough company,,True,12.564383561643835,1,Copley,349.9996499989869
2024-10-29 09:44:00,,2028-10-29 09:41:00,Distinct Recruitment,Recruitment Services,501 Boylston ST,Boston,MA,2116,42.351151,-71.074545,distt recruitment,,True,1.4547945205479451,1,Copley,428.4440159998857
2019-05-10 12:11:00,,2023-05-10 11:47:00,DoctorDoctor,Health Clinic,262 Beacon ST,Boston,MA,2116,42.353585,-71.08032700000001,doctordoctor,,False,4.0,1,Copley,665.7771120022695
2021-09-16 12:26:00,8/25/25 15:01,2029-08-25 14:59:00,Dog Eat Cake Pet Bakery,Dog Treats,298 Columbus AV,Boston,MA,2116,42.346526,-71.07405299999999,dog eat cake pet bakery,,True,4.575342465753424,1,Back Bay,277.5552780010979
2021-11-18 14:10:00,10/27/25 13:29,2029-10-27 11:09:00,DONNELLY AND COMPANY,RESIDENTIAL REAL ESTATE,129 Newbury ST,Boston,MA,2116,42.351372,-71.076818,donnelly and company,,True,4.402739726027397,1,Copley,200.4442439992013
2013-09-16 00:00:00,3/10/26 11:41,2030-03-10 11:39:00,DOUBLETREE HOTEL - DOWNTOWN,HOTEL,821 Washington ST,Boston,MA,2116,42.348895,-71.06424500000003,doubletree hotel  downtown,,True,12.583561643835617,1,Tufts Medical Center,121.66654500309151
2023-02-17 11:09:00,,2027-02-17 11:06:00,DOUGHBOYNATAN,Online Retail,399 Boylston ST,Boston,MA,2116,42.351799,-71.07187799999997,doughboynatan,,True,3.1534246575342464,1,Arlington,120.8887679971603
2017-11-20 14:23:00,11/21/25 14:22,2029-11-21 14:20:00,Douglas Elliman Real Estate,Real Estate Brokerage,20 Park PZ,Boston,MA,2116,42.35147,-71.06880999999998,douglas elliman real estate,,True,8.4,1,Arlington,279.44416500185537
2017-06-26 13:09:00,8/3/22 11:46,2026-08-03 11:40:00,Douzo Japanese Restaurant,Restaurant,131 Dartmouth ST,Boston,MA,2116,42.346988,-71.07513499999999,douzo japanese restaurant,,True,8.802739726027397,1,Back Bay,105.99989400080298
2022-01-05 09:58:00,3/23/26 16:43,2030-03-23 16:10:00,Dowling PEO,PEO,131 Dartmouth ST,Boston,MA,2116,42.346988,-71.07513499999999,dowling peo,,True,4.271232876712329,1,Back Bay,105.99989400080298
2022-12-02 12:08:00,,2026-12-02 11:58:00,DOWN UNDER YOGA SCHOOL OF YOGA,YOGA STUDIO,505 Tremont ST,Boston,MA,2116,42.345,-71.07074,down under yoga school of yoga,,True,3.3643835616438356,1,Arlington,783.8881050001271
2019-09-06 16:15:00,,2023-09-06 16:14:00,Downtown Smoke Inc.,Smoke Shop,40 Boylston ST,Boston,MA,2116,42.352226,-71.063916,downtown smoke,,False,4.0,1,Boylston,118.99988099956082
2020-11-25 13:56:00,10/28/24 16:33,2028-10-28 13:26:00,Dr. George Stevens,Dentist office,26 Marlborough ST,Boston,MA,2116,42.354056,-71.07352600000002,dr george stevens,,True,5.383561643835616,1,Arlington,531.8883570016144
2025-07-17 10:07:00,,2029-07-17 10:06:00,Dragana Hair Designer,Hair Salon,207 Newbury ST,Boston,MA,2116,42.350192,-71.08088900000001,dragana hair designer,,True,0.7397260273972602,1,Copley,351.22187100221703
2018-12-11 11:20:00,1/17/23 11:56,2027-01-17 11:33:00,DRB Facility Services,Building Maintenance,4 Copley PL,Boston,MA,2116,42.347278,-71.07767999999999,drb facility services,,True,7.342465753424658,1,Back Bay,224.99977499799533
2019-02-01 10:33:00,,2023-02-01 10:32:00,Drumi,On-line Mattress Sales,31 Saint James AV,Boston,MA,2116,42.350666,-71.07046700000001,drumi,,False,4.0,1,Arlington,184.6664819995617
2022-08-02 13:00:00,,2026-08-02 12:14:00,Drybar,Hair Salon,234 Clarendon ST,Boston,MA,2116,42.351699,-71.07590299999998,drybar,,True,3.6986301369863015,2,Copley,338.44410600210864
2016-07-13 14:31:00,2/25/21 15:00,2025-02-25 12:38:00,Drybar,Hair Salon,234 Clarendon ST,Boston,MA,2116,42.351699,-71.07590299999998,drybar,,False,8.624657534246575,2,Copley,338.44410600210864
2024-12-24 15:21:00,,2028-12-24 15:18:00,Drybar Back Bay,Hair Salon,234 Clarendon ST,Boston,MA,2116,42.351699,-71.07590299999998,drybar back bay,,True,1.3013698630136987,1,Copley,338.44410600210864
2019-07-10 14:06:00,7/14/23 9:26,2027-07-11 00:00:00,DSJ GLOBAL,Staffing Group,200 Clarendon ST,Boston,MA,2116,42.348962,-71.07502399999998,dsj global,,True,6.764383561643836,1,Back Bay,257.2219650019072
2014-08-06 00:00:00,11/14/23 15:28,2027-11-14 11:39:00,DTR MODERN GALLERIES,ART GALLERY,167 Newbury ST,Boston,MA,2116,42.350802,-71.07896599999998,dtr modern galleries,,True,11.695890410958905,1,Copley,205.3331279987004
2015-05-11 00:00:00,5/10/23 15:57,2027-05-10 12:18:00,DUCK TOURS,LAND AND WATER TOURS ON AMPHIBIOUS VEHICLES,4 Copley PL,Boston,MA,2116,42.347278,-71.07767999999999,duck tours,,True,10.934246575342465,1,Back Bay,224.99977499799533
2023-01-20 16:03:00,,2027-01-20 15:07:00,Dunkin Donuts,Quick Service Retail,8 Park PZ,Boston,MA,2116,42.351214,-71.06642599999998,dunkin donuts,,True,3.23013698630137,17,Boylston,340.1107709971112
2014-06-30 00:00:00,6/27/18 14:54,2022-06-27 12:14:00,DUNKIN DONUTS,QUICK SERVICE RETAIL,8 Park PZ,Boston,MA,2116,42.351214,-71.06642599999998,dunkin donuts,,False,7.997260273972603,17,Boylston,340.1107709971112
2014-06-30 00:00:00,6/27/18 14:54,2022-06-27 13:37:00,DUNKIN DONUTS,QUICK SERVICE RETAIL,430 Stuart ST,Boston,MA,2116,42.348532,-71.075085,dunkin donuts,,False,7.997260273972603,17,Back Bay,202.66646399990665
2025-08-01 12:27:00,,2029-08-01 11:34:00,DW Ventures,Medical Stay-Short Term Rental,189 Warren AV,Boston,MA,2116,42.343838,-71.07686000000001,dw ventures,,True,0.6986301369863014,1,Back Bay,516.1105950011854
2022-02-22 15:28:00,,2026-02-22 15:27:00,E MARKET,Convenience Store,4 Park PZ,Boston,MA,2116,42.35229,-71.06709899999998,e market,,False,4.0,1,Boylston,295.3330379972669
2021-05-17 15:10:00,4/24/25 16:38,2029-04-24 12:00:00,East Coast Ivy,Women's Clothing & Accessories boutique,121 Charles ST,Boston,MA,2116,42.349197,-71.06667099999999,east coast ivy,,True,4.909589041095891,1,Tufts Medical Center,357.66630899857824
2023-11-06 12:00:00,,2027-11-06 11:58:00,East West Art,Art & Jewelry Sales,150 Newbury ST,Boston,MA,2116,42.350574,-71.07798300000002,east west art,,True,2.4356164383561643,1,Copley,85.44435899743634
2014-07-21 00:00:00,7/19/18 11:37,2022-07-19 10:57:00,EASTERN BANK,BANKING/FINANCIAL SERVICES,155 Dartmouth ST,Boston,MA,2116,42.348137,-71.07610899999997,eastern bank,,False,8.0,2,Back Bay,129.88875899733276
2020-03-16 14:54:00,,2024-03-16 14:51:00,Easy Access Pro,Retail,398 Columbus AV,Boston,MA,2116,42.344565,-71.07638800000001,easy access pro,,False,4.0,1,Back Bay,382.8885060004261
2016-06-30 12:23:00,7/31/24 15:43,2028-07-31 15:40:00,Eating Disorder Center of Boston,Eating Desorder Treatment Center,419 Boylston ST,Boston,MA,2116,42.351629,-71.07246600000002,eating disorder center of boston,,True,9.791780821917808,1,Arlington,205.1109060024194
2014-11-25 00:00:00,12/15/23 14:06,2027-12-15 14:05:00,ECCO BEAUTY HAIR SALON,HAIR SALON,2 Boylston ST,Boston,MA,2116,42.352084,-71.06313399999999,ecco beauty hair salon,,True,11.391780821917807,1,Chinatown,93.88879499901142
2018-07-09 12:16:00,,2022-07-09 12:13:00,Ecco6D,Hair Extensions,2 Boylston ST,Boston,MA,2116,42.352084,-71.06313399999999,ecco6d,,False,4.0,1,Chinatown,93.88879499901142
2021-05-25 13:22:00,,2025-05-25 13:19:00,ECHO FENCING,FITNESS/FENCING STUDIO,883 Boylston ST,Boston,MA,2116,42.348644,-71.08369199999999,echo fencing,,False,4.0,1,Hynes Convention Center,551.8883370016467
2017-01-25 15:51:00,3/31/21 12:28,2025-03-31 11:28:00,ECO-BUILDERS Worldwide,Carpentry,2 Park PZ,Boston,MA,2116,42.352252,-71.06709000000001,ecobuilders worldwide,,False,8.180821917808219,1,Boylston,298.5552570001845
2022-08-22 12:54:00,,2026-08-22 12:53:00,EDEN PARK PARIS,FASHION RETAIL,100 Huntington AV,Boston,MA,2116,42.347312,-71.07812200000001,eden park paris,,True,3.643835616438356,1,Back Bay,270.33306300038447
2022-05-25 15:43:00,,2026-05-25 13:33:00,Edge Software,Software Development,867 Boylston ST,Boston,MA,2116,42.348668,-71.08340699999997,edge software,,True,3.8876712328767122,1,Prudential,534.3327989970218
2021-11-22 15:59:00,,2025-11-22 14:57:00,Edited Pieces,Online Fashion Retailer,11B Appleton ST,Boston,MA,2116,42.346257,-71.07109100000002,edited pieces,,False,4.0,1,Back Bay,636.5549189970993
2022-11-16 15:42:00,,2026-11-16 15:31:00,Edward Jones,Financial Services,419 Boylston ST,Boston,MA,2116,42.351629,-71.07246600000002,edward jones,,True,3.408219178082192,1,Arlington,205.1109060024194
2020-02-27 11:15:00,7/28/25 9:21,2029-07-28 09:20:00,Edward Voccola & Co,Loan Consulting,75 Arlington ST,Boston,MA,2116,42.350549,-71.07041900000002,edward voccola  co,,True,6.1287671232876715,1,Arlington,202.9997969982756
2023-03-07 13:44:00,,2027-03-07 13:33:00,El Jefe's Taqueria Of Boston Common,Restaurant,80 Boylston ST,Boston,MA,2116,42.352286,-71.06495899999999,el jefes taqueria of boston common,,True,3.1041095890410957,1,Boylston,57.9999419980411
2023-12-27 11:13:00,,2027-12-27 11:10:00,El Planeta Media,Spanish Newspaper,399 Boylston ST,Boston,MA,2116,42.351799,-71.07187799999997,el planeta media,,True,2.2958904109589042,1,Arlington,120.8887679971603
2019-08-08 14:00:00,7/25/23 8:53,2027-07-24 12:50:00,Elara Caring,Home health care agency,359 Boylston ST,Boston,MA,2116,42.35193,-71.07166000000001,elara caring,,True,6.684931506849315,1,Arlington,88.33324500119548
2024-03-29 13:34:00,,2028-03-29 13:33:00,Elemental Aesthetics,Med Spa,251 Newbury ST,Boston,MA,2116,42.349695,-71.08286299999997,elemental aesthetics,,True,2.041095890410959,1,Copley,554.4438899983526
2022-07-12 14:05:00,,2026-07-12 12:00:00,Elevate Boutique Business Solutions,Business Consulting,867 Boylston ST,Boston,MA,2116,42.348668,-71.08340699999997,elevate boutique business solutions,,True,3.756164383561644,1,Prudential,534.3327989970218
2024-01-30 15:04:00,,2028-01-30 15:02:00,Elevate Fitness,Personal trainer,755 Boylston ST,Boston,MA,2116,42.349334,-71.081007,elevate fitness,,True,2.202739726027397,1,Copley,388.3329450008911
2022-07-14 12:59:00,,2026-07-14 12:54:00,Elevated Hydrogen,Energy Development Consulting,232 Canton ST,Boston,MA,2116,42.345463,-71.07775700000002,elevated hydrogen,,True,3.750684931506849,1,Back Bay,435.2217870017213
2018-04-06 10:29:00,,2022-04-06 10:27:00,Elevation Theory Newbury,Men's Grooming,250 Newbury ST,Boston,MA,2116,42.349374,-71.08260999999999,elevation theory newbury,,False,4.0,1,Prudential,524.2216979988651
2018-10-09 13:52:00,,2022-10-09 13:49:00,ELFTRICK,ONLINE RETAIL,16 Harcourt ST,Boston,MA,2116,42.346175,-71.07817899999998,elftrick,,False,4.0,1,Back Bay,402.9995969970199
2018-03-22 09:14:00,10/14/22 13:15,2026-10-14 13:13:00,Elite Lash Studio,Esthetics,224 Clarendon ST,Boston,MA,2116,42.351224,-71.07565,elite lash studio,,True,8.065753424657535,1,Copley,313.77746400043713
2013-07-25 00:00:00,,2017-07-25 00:00:00,ELLIOT TAILOR,TAILORING,245 Newbury ST,Boston,MA,2116,42.34976,-71.08261600000003,elliot tailor,,False,4.002739726027397,1,Copley,519.7772580037703
2026-01-15 12:46:00,,2030-01-15 10:02:00,Ellis Early Learning,Child Care,58 Berkeley ST,Boston,MA,2116,42.346489,-71.07106399999998,ellis early learning,,True,0.2410958904109589,2,Back Bay,613.7771640025012
2026-01-14 14:48:00,,2030-01-14 14:47:00,Ellis Early Learning,Child Care,66 Berkeley ST,Boston,MA,2116,42.346757,-71.07115099999999,ellis early learning,,True,0.24383561643835616,2,Back Bay,574.3327590018234
2019-10-23 11:44:00,,2023-10-23 11:42:00,EMC3 Global,Event planning,501 Boylston ST,Boston,MA,2116,42.351151,-71.074545,emc3 global,,False,4.0,1,Copley,428.4440159998857
2018-08-13 13:31:00,,2022-08-13 12:03:00,"EMILY JOHNSTON LICAC, MAC, MS",ACUPUNTURE CLINIC,376 Boylston ST,Boston,MA,2116,42.351241,-71.07162299999999,emily johnston licac mac ms,,False,4.0,1,Arlington,154.55540099900426
2018-06-27 15:40:00,10/6/22 13:43,2026-10-06 13:39:00,Emma Li Boston,Retail,130 Dartmouth ST,Boston,MA,2116,42.346939,-71.07610199999999,emma li boston,,True,7.8,1,Back Bay,87.33324599898329
2025-03-17 14:41:00,,2029-03-17 13:41:00,Encore,Audio Visual Rental and Services,40 Trinity PL,Boston,MA,2116,42.348427,-71.07501400000001,encore,,True,1.073972602739726,8,Back Bay,198.8886899991812
2022-06-08 16:57:00,,2026-06-08 14:34:00,Encore,Rental Of Audio And Visual Equip,120 Huntington AV,Boston,MA,2116,42.345726,-71.08093100000002,encore,,True,3.8493150684931505,8,Prudential,102.33323099663906
2016-10-31 13:02:00,7/28/25 17:25,2029-07-28 15:18:00,Encore,Audio/Visual Equipment,110 Huntington AV,Boston,MA,2116,42.347161,-71.079024,encore,,True,9.454794520547946,8,Back Bay,387.3329460002578
2022-06-08 16:57:00,,2026-06-08 16:40:00,ENCORE,Rental Of Audio And Visual Equip,200 Boylston ST,Boston,MA,2116,42.351816,-71.067971,encore,,True,3.8493150684931505,8,Arlington,334.22188800013686
2022-07-27 10:45:00,,2026-07-27 10:16:00,ENCORE,RENTAL OF AUDIO AND VISUAL EQUIP,100 Stuart ST,Boston,MA,2116,42.350827,-71.06559099999998,encore,,True,3.7150684931506848,8,Boylston,290.3330429972588
2023-10-13 15:14:00,,2027-10-13 13:33:00,Encore,Audio Visual Equipment Rental,154 Berkeley ST,Boston,MA,2116,42.34929,-71.072294,encore,,True,2.5013698630136987,8,Arlington,445.8884430000543
2018-11-28 12:14:00,1/20/23 11:13,2027-01-20 11:10:00,Endeavor Psychology,Therapy Practice,10 Newbury ST,Boston,MA,2116,42.352403,-71.07184799999999,endeavor psychology,,True,7.3780821917808215,1,Arlington,161.7776159989282
2014-11-17 00:00:00,,2016-01-08 00:00:00,ENGEL & VOLKERS BOSTON,REAL ESTATE BROKERAGE,2 Clarendon ST,Boston,MA,2116,42.344244,-71.07243499999998,engel  volkers boston,,False,1.1424657534246576,2,Back Bay,710.8881780012722
2023-05-01 12:19:00,,2027-05-01 12:16:00,Enlighten Beauty Studios,Salon,207 Newbury ST,Boston,MA,2116,42.350192,-71.08088900000001,enlighten beauty studios,,True,2.9534246575342467,1,Copley,351.22187100221703
2018-01-09 15:00:00,1/8/26 12:06,2030-01-08 12:00:00,Enterprise Rent-A-Car,Car Rental,200 Stuart ST,Boston,MA,2116,42.350443,-71.06708700000001,enterprise rentacar,,True,8.263013698630138,2,Tufts Medical Center,438.9995610008677
2016-01-21 00:00:00,2/16/24 13:58,2028-02-16 11:55:00,ENZO & CO. SALON,HAIR SALON,161 Newbury ST,Boston,MA,2116,42.350819,-71.07869099999999,enzo  co salon,,True,10.235616438356164,1,Copley,176.6664900000225
2024-06-12 13:36:00,,2028-06-12 12:44:00,EPM Scientific,Staffing Group,200 Clarendon ST,Boston,MA,2116,42.348962,-71.07502399999998,epm scientific,,True,1.8356164383561644,1,Back Bay,257.2219650019072
2026-01-07 13:06:00,,2030-01-07 13:05:00,Epsilon Laboratories,"Research, Development, and Marketing",867 Boylston ST,Boston,MA,2116,42.348668,-71.08340699999997,epsilon laboratories,,True,0.26301369863013696,1,Prudential,534.3327989970218
2015-02-12 00:00:00,2/27/23 13:48,2027-02-27 12:49:00,EQUINOX FITNESS CLUB,HEALTH & FITNESS CENTER,131 Dartmouth ST,Boston,MA,2116,42.346988,-71.07513499999999,equinox fitness club,,True,11.175342465753424,1,Back Bay,105.99989400080298
2017-11-09 08:49:00,10/27/25 11:39,2029-10-27 11:38:00,Eric P Lefevre,Counseling,82 Marlborough ST,Boston,MA,2116,42.353431,-71.075693,eric p lefevre,,True,8.43013698630137,1,Copley,554.2216679997031
2021-08-04 09:09:00,,2025-08-04 09:06:00,Esperanza Herbals,Aesthetics Salon,224 Clarendon ST,Boston,MA,2116,42.351224,-71.07565,esperanza herbals,,False,4.0,1,Copley,313.77746400043713
2024-12-26 16:22:00,,2028-12-26 16:13:00,Esther by Hadassah,Online Retail Clothing,867 Boylston ST,Boston,MA,2116,42.348668,-71.08340699999997,esther by hadassah,,True,1.295890410958904,1,Prudential,534.3327989970218
2015-08-18 00:00:00,7/22/19 10:53,2023-07-22 10:52:00,ETHIOCLEANING,GENERAL CLEANING,222 Stuart ST,Boston,MA,2116,42.350452,-71.06833499999999,ethiocleaning,,False,7.931506849315069,1,Arlington,445.3328880014569
2015-12-07 00:00:00,11/21/23 10:09,2027-11-21 10:06:00,EUROPEAN WATCH CO,WATCH SALES AND REPAIR,137 Newbury ST,Boston,MA,2116,42.35129,-71.07713999999999,european watch co,,True,10.35890410958904,1,Copley,155.55540000121644
2015-02-26 00:00:00,,2015-04-23 00:00:00,EUROPEAN WAX CENTER,WAXING CENTER,216 Newbury ST,Boston,MA,2116,42.349792,-71.080828,european wax center,,False,0.15342465753424658,2,Copley,317.5552380003731
2018-02-23 10:59:00,2/7/22 14:23,2026-02-07 14:07:00,European Wax Center,Waxing and Hair Removal,216 Newbury ST,Boston,MA,2116,42.349792,-71.080828,european wax center,,False,7.961643835616439,2,Copley,317.5552380003731
2018-08-29 16:18:00,,2022-08-29 16:17:00,Eva Michelle Studios,Hair Salon,118 Newbury ST,Boston,MA,2116,42.351144,-71.07611700000001,eva michelle studios,,False,4.0,1,Copley,252.9997469983564
2025-07-21 16:48:00,,2029-07-21 16:02:00,Event Network #5003,Retail Gift Shop,64 Arlington ST,Boston,MA,2116,42.350708,-71.06992200000002,event network 5003,,True,0.7287671232876712,1,Arlington,240.5553149981959
2025-07-21 16:43:00,,2029-07-21 16:13:00,Event Network #5020,Retail Gift Shop,110 Huntington AV,Boston,MA,2116,42.347161,-71.079024,event network 5020,,True,0.7287671232876712,1,Back Bay,387.3329460002578
2025-07-21 16:47:00,,2029-07-21 16:07:00,Event Network #5024,Retail Gift Shop,10 Huntington AV,Boston,MA,2116,42.348575,-71.077203,event network 5024,,True,0.7287671232876712,1,Copley,191.5553640011168
2016-08-11 11:41:00,,,EVERBARE,AESTHEICIAN OFFICE,137 Newbury ST,Boston,MA,2116,42.35129,-71.07713999999999,everbare,,False,,1,Copley,155.55540000121644
2022-07-21 14:47:00,,2026-07-21 14:44:00,Everbeard,Hair Care Products Retail,867 Boylston ST,Boston,MA,2116,42.348668,-71.08340699999997,everbeard,,True,3.7315068493150685,1,Prudential,534.3327989970218
2015-10-13 00:00:00,11/30/23 11:04,2027-11-30 11:01:00,EVERETT AUTO CO,INVESTMENT,2 Clarendon ST,Boston,MA,2116,42.344244,-71.07243499999998,everett auto co,,True,10.509589041095891,1,Back Bay,710.8881780012722
2015-10-13 00:00:00,11/30/23 11:04,2027-11-30 11:00:00,"EVERETT AUTO PARTS, CO.",INVESTMENT,266 Beacon ST,Boston,MA,2116,42.353534,-71.08055999999999,everett auto parts co,,True,10.509589041095891,1,Copley,685.9993140001618
2021-02-19 15:27:00,,,Evolve Bootcamp,Outdoor Fitness bootcamp,139 Charles ST,Boston,MA,2116,42.349017,-71.06666100000001,evolve bootcamp,,False,,1,Tufts Medical Center,376.5551790006264
2025-12-30 15:11:00,,2029-12-30 15:11:00,Exos,Health And Fitness,200 Clarendon ST,Boston,MA,2116,42.348962,-71.07502399999998,exos,,True,0.28493150684931506,1,Back Bay,257.2219650019072
2021-11-08 13:53:00,10/17/25 9:53,2029-10-17 09:51:00,Expert Dental Advisory,Dental Consulting,1 Charles ST,Boston,MA,2116,42.351541,-71.067431,expert dental advisory,,True,4.4301369863013695,1,Boylston,415.4440289995489
2023-06-01 14:07:00,,2027-06-01 13:49:00,Express Edit #2911,Retail Clothing Store,109 Newbury ST,Boston,MA,2116,42.351542,-71.075898,express edit 2911,,True,2.8684931506849316,1,Copley,321.55523400053744
2025-06-09 12:47:00,,2029-06-09 12:45:00,Extension Arts,Salon,115 Newbury ST,Boston,MA,2116,42.351496,-71.07613500000002,extension arts,,True,0.8438356164383561,1,Copley,290.1108209970304
2024-06-18 13:10:00,,2028-06-18 13:10:00,Extra Space Storage (#6506),Self Storage Facility,235 Beacon ST,Boston,MA,2116,42.35367,-71.078081,extra space storage 6506,,True,1.819178082191781,1,Copley,425.666241000583
2022-02-09 16:00:00,,2026-02-09 15:53:00,EZ Tech Repair,e-commerce,133 Clarendon ST,Boston,MA,2116,42.348626,-71.073936,ez tech repair,,False,4.0,1,Back Bay,340.77743700016504
2022-02-24 16:28:00,,2026-02-24 10:36:00,Ezinne Real Estate,Real Estate,867 Boylston ST,Boston,MA,2116,42.348668,-71.08340699999997,ezinne real estate,,False,4.0,1,Prudential,534.3327989970218
2024-08-22 14:23:00,,2028-08-22 14:22:00,F.A.M. Fitness,Personal Training,560 Boylston ST,Boston,MA,2116,42.349964,-71.077022,fam fitness,,True,1.641095890410959,1,Copley,57.33327600051376
2022-10-27 11:17:00,,2026-10-27 11:15:00,Faccia a Faccia,Restaurant,276 Newbury ST,Boston,MA,2116,42.349074,-71.083576,faccia a faccia,,True,3.463013698630137,1,Prudential,598.2216239999321
2018-11-30 11:40:00,6/1/23 12:31,2027-06-01 12:27:00,Fairmont Copley Plaza,Hotel,138 Saint James AV,Boston,MA,2116,42.349177,-71.07660799999996,fairmont copley plaza,,True,7.372602739726028,1,Copley,190.77758700465944
2025-12-10 11:07:00,,2029-12-10 11:05:00,Fat Orange Cat Studio,Illustration & Design,66 Chandler ST,Boston,MA,2116,42.346559,-71.07189499999998,fat orange cat studio,,True,0.33972602739726027,1,Back Bay,513.6661530018306
2018-05-10 14:31:00,3/23/26 9:41,2030-03-23 09:39:00,FCLT GLOBAL,NON-PROFIT,31 Saint James AV,Boston,MA,2116,42.350666,-71.07046700000001,fclt global,,True,7.931506849315069,1,Arlington,184.6664819995617
2014-11-03 00:00:00,1/2/24 15:46,2028-01-02 15:39:00,FEDEX OFFICE & PRINT SERVICES #5123,FedEx Services,187 Dartmouth ST,Boston,MA,2116,42.348617,-71.07626099999999,fedex office  print services 5123,,True,11.452054794520548,1,Back Bay,200.11091099846385
2019-12-10 16:28:00,12/6/23 11:48,2027-12-06 11:32:00,FedPoint,Insurance Administrative and support services,200 Berkeley ST,Boston,MA,2116,42.349778,-71.07332200000002,fedpoint,,True,6.345205479452055,1,Copley,489.1106219982996
2023-09-15 15:04:00,,2027-09-15 10:16:00,FENDI,Retail Sale,100 Huntington AV,Boston,MA,2116,42.347312,-71.07812200000001,fendi,,True,2.578082191780822,1,Back Bay,270.33306300038447
2020-01-15 12:22:00,,2024-01-15 12:16:00,ffconsulting,Research & Consulting,198 Tremont ST,Boston,MA,2116,42.35213,-71.06437,ffconsulting,,False,4.0,1,Boylston,79.22214300051407
2020-01-15 12:22:00,,2024-01-15 12:17:00,ffdeals,Research & Trading,198 Tremont ST,Boston,MA,2116,42.35213,-71.06437,ffdeals,,False,4.0,1,Boylston,79.22214300051407
2020-01-15 12:22:00,,2024-01-15 12:18:00,ffinvest,Research & Investing,198 Tremont ST,Boston,MA,2116,42.35213,-71.06437,ffinvest,,False,4.0,1,Boylston,79.22214300051407
2020-01-15 12:22:00,,2024-01-15 12:19:00,fftechno,Research & Technology,198 Tremont ST,Boston,MA,2116,42.35213,-71.06437,fftechno,,False,4.0,1,Boylston,79.22214300051407
2022-04-26 12:58:00,,2026-04-26 09:50:00,Finagle A Bagel,food service,535 Boylston ST,Boston,MA,2116,42.350803,-71.075628,finagle a bagel,,True,3.967123287671233,1,Copley,269.4441750002602
2020-10-09 14:26:00,1/23/26 14:26,2029-02-20 00:00:00,Find Your Calm / Laura Stevens LICSW,Healthcare,266 Beacon ST,Boston,MA,2116,42.353534,-71.08055999999999,find your calm  laura stevens licsw,,True,5.512328767123288,1,Copley,685.9993140001618
2013-10-21 00:00:00,8/15/25 13:00,2029-08-15 12:58:00,FIRAS YOUSIF ORIGINALS,FASHION INTERIOR DESIGN,35 Newbury ST,Boston,MA,2116,42.352432,-71.07299499999999,firas yousif originals,,True,12.487671232876712,1,Arlington,292.4441519990342
2019-01-09 10:53:00,,2023-01-09 10:52:00,Fire & Ice,Restaurant,205 Berkeley ST,Boston,MA,2116,42.350643,-71.07253800000001,fire  ice,,False,4.0,1,Arlington,322.66634400167965
2015-01-20 00:00:00,2/22/23 11:49,2027-02-22 11:25:00,FIRESTONE AND PARSON,ESTATE JEWELRY AND ANTIQUE SILVER,30 Newbury ST,Boston,MA,2116,42.352082,-71.07263699999999,firestone and parson,,True,11.238356164383562,1,Arlington,213.7775639986965
2014-08-20 00:00:00,7/28/22 9:43,2026-07-28 09:42:00,FIRST RATE SERVICES,BUSINESS SUPPORT,198 Tremont ST,Boston,MA,2116,42.35213,-71.06437,first rate services,,True,11.657534246575343,1,Boylston,79.22214300051407
2025-09-30 16:14:00,,2029-09-30 16:11:00,First Watch,Restaurant,777 Boylston ST,Boston,MA,2116,42.349293,-71.08140900000001,first watch,,True,0.5342465753424658,1,Copley,437.5551180013566
2014-09-19 00:00:00,4/10/23 15:41,2027-04-10 15:40:00,FISH AND BONE,RETAIL,217 Newbury ST,Boston,MA,2116,42.350152,-71.08137799999997,fish and bone,,True,11.575342465753424,1,Copley,401.1107099978415
2019-07-05 14:35:00,6/28/23 11:03,2027-06-28 10:42:00,Flats Boston,Real Estate,715 Boylston ST,Boston,MA,2116,42.349616,-71.07998399999997,flats boston,,True,6.778082191780822,1,Copley,243.33308999749863
2022-10-11 14:57:00,,2026-10-11 12:56:00,Flik International,Contracted Food Prep & Sales,200 Clarendon ST,Boston,MA,2116,42.348962,-71.07502399999998,flik international,,True,3.506849315068493,3,Back Bay,257.2219650019072
2022-10-11 14:46:00,,2026-10-11 13:54:00,Flik International,Contracted Food Prep & Sales,500 Boylston ST,Boston,MA,2116,42.350697,-71.07420400000001,flik international,,True,3.506849315068493,3,Copley,415.8884729984268
2023-06-01 12:52:00,,2027-06-01 10:44:00,Flik International,Contracted Food Prep & Sales @ Summit Partners,222 Berkeley ST,Boston,MA,2116,42.350688,-71.07325900000001,flik international,,True,2.8684931506849316,3,Arlington,397.7773800015204
2026-01-08 12:54:00,,2030-01-06 12:53:00,Flour Bakery & Cafe,Restaurant / Cafe,131 Clarendon ST,Boston,MA,2116,42.348339,-71.07371599999999,flour bakery  cafe,,True,0.2602739726027397,3,Back Bay,333.3330000015916
2026-01-06 15:23:00,,2030-01-06 15:10:00,FLOUR BAKERY + CAFE,Restaurant/Cafe,1B Charles ST,Boston,MA,2116,42.351055,-71.06720000000001,flour bakery  cafe,,True,0.26575342465753427,3,Boylston,443.7773340006473
2021-05-27 14:31:00,5/7/25 15:57,2029-05-07 15:53:00,Flourish Physical Therapy,physical therapy,262 Beacon ST,Boston,MA,2116,42.353585,-71.08032700000001,flourish physical therapy,,True,4.882191780821918,1,Copley,665.7771120022695
2025-03-14 15:44:00,,2029-03-14 15:42:00,Forever Young,Spa,262 Beacon ST,Boston,MA,2116,42.353585,-71.08032700000001,forever young,,True,1.082191780821918,1,Copley,665.7771120022695
2019-07-15 12:49:00,,2023-07-15 12:47:00,Form,Fitness,20 Piedmont ST,Boston,MA,2116,42.349877,-71.06796099999997,form,,False,4.0,1,Tufts Medical Center,473.2217489957826
2022-05-12 14:36:00,,2026-05-12 14:34:00,Forma the Salon,Hair Salon,135 Newbury ST,Boston,MA,2116,42.351259,-71.07704000000001,forma the salon,,True,3.9232876712328766,1,Copley,163.2220589984393
2022-04-27 11:39:00,,2026-04-27 11:37:00,Fossiel,Retail,20 Park PZ,Boston,MA,2116,42.35147,-71.06880999999998,fossiel,,True,3.9643835616438357,1,Arlington,279.44416500185537
2022-08-10 09:36:00,,2026-08-10 09:31:00,Foundations Pelvic Health,Physical Therapy,23 Warren AV,Boston,MA,2116,42.345396,-71.071079,foundations pelvic health,,True,3.6767123287671235,1,Back Bay,733.5548220000983
2026-01-08 10:36:00,,2030-01-08 10:35:00,Foundations Pelvic Health 23A,Physical Therapy Services,23 Warren AV,Boston,MA,2116,42.345396,-71.071079,foundations pelvic health 23a,,True,0.2602739726027397,1,Back Bay,733.5548220000983
2014-04-16 00:00:00,3/5/26 12:11,2030-03-05 12:08:00,FOUR SEASONS HOTEL BOSTON,HOTEL,200 Boylston ST,Boston,MA,2116,42.351816,-71.067971,four seasons hotel boston,,True,12.002739726027396,1,Arlington,334.22188800013686
2024-09-30 11:07:00,,2028-09-30 11:02:00,Foxhole,Restaurant,267 Newbury ST,Boston,MA,2116,42.349534,-71.08345600000001,foxhole,,True,1.5342465753424657,1,Prudential,635.99936400166
2020-01-21 13:59:00,3/27/24 13:32,2028-03-27 11:51:00,Frame,Retail Sale of Apparel,156 Newbury ST,Boston,MA,2116,42.350535,-71.07825600000001,frame,,True,6.23013698630137,1,Copley,96.77768100198108
2022-03-09 14:10:00,3/2/26 15:49,2030-03-02 15:09:00,Frank's Financial Advising,Financial Advising,20 Park PZ,Boston,MA,2116,42.35147,-71.06880999999998,franks financial advising,,True,4.098630136986301,1,Arlington,279.44416500185537
2022-06-23 15:52:00,,2026-06-23 15:45:00,Freebird Stores,Retail,201 Newbury ST,Boston,MA,2116,42.350424,-71.08014100000003,freebird stores,,True,3.808219178082192,1,Copley,293.88859500328226
2014-09-24 00:00:00,10/17/22 13:57,2026-10-17 12:07:00,FROG POND BOSTON,ICE SKATING/RECREATION,38 Beacon ST,Boston,MA,2116,42.357367,-71.06383900000003,frog pond boston,,True,11.561643835616438,1,Park Street,265.24417920407456
2015-12-28 00:00:00,2/2/24 12:29,2028-02-02 11:33:00,FRUGAL BOOKSTORE,RETAIL BOOK STORE,57 Warren AV,Boston,MA,2116,42.345114,-71.072156,frugal bookstore,,True,10.301369863013699,1,Back Bay,645.2215769989028
2018-03-12 12:27:00,,2022-03-12 12:26:00,FS Limosine,Transportation Services,119 Marlborough ST,Boston,MA,2116,42.353388,-71.077607,fs limosine,,False,4.0,1,Copley,388.11072299987313
2014-05-09 00:00:00,3/10/26 16:30,2030-03-10 11:43:00,FUNERAL CONSUMERS ALLIANCE OF EASTERN MASSACHUSETTS,CONSUMER EDUCATION,66 Marlborough ST,Boston,MA,2116,42.353596,-71.07510000000002,funeral consumers alliance of eastern massachusetts,,True,11.93972602739726,1,Copley,638.4438059978568
2025-05-19 11:06:00,,2029-05-19 11:05:00,FurAwayCo,Online Retail,375 Columbus AV,Boston,MA,2116,42.34524,-71.076324,furawayco,,True,0.9013698630136986,1,Back Bay,300.7774770001004
2025-05-14 10:44:00,,2029-05-14 10:44:00,Fussy Bookkeeping,Accounting Services,399 Boylston ST,Boston,MA,2116,42.351799,-71.07187799999997,fussy bookkeeping,,True,0.915068493150685,1,Arlington,120.8887679971603
2024-03-05 14:55:00,,2028-03-05 14:52:00,G & LR Books,Periodical,45 Lawrence ST,Boston,MA,2116,42.345653,-71.074322,g  lr books,,True,2.106849315068493,1,Back Bay,344.6663220006099
2014-10-08 00:00:00,7/25/23 13:00,2027-07-25 12:32:00,G2O SPA AND SALON,DAY SPA/SALON,278 Newbury ST,Boston,MA,2116,42.349061,-71.08365300000003,g2o spa and salon,,True,11.523287671232877,1,Hynes Convention Center,602.5549529968864
2015-07-17 00:00:00,7/14/23 10:52,2027-07-14 10:50:00,GALLERY NAGA,ART GALLERY,67 Newbury ST,Boston,MA,2116,42.352062,-71.07413300000002,gallery naga,,True,10.75068493150685,1,Arlington,377.7774000014881
2026-03-26 13:14:00,,2030-03-26 13:13:00,Gamblers Station,Convenience Store,135 Charles ST,Boston,MA,2116,42.349049,-71.06664,gamblers station,,True,0.049315068493150684,1,Tufts Medical Center,370.66629600049407
2024-05-02 15:04:00,,2028-05-02 15:02:00,Gameday Men's Health Back Bay,Medical Clinic,575 Boylston ST,Boston,MA,2116,42.350552,-71.07654000000002,gameday mens health back bay,,True,1.9479452054794522,1,Copley,140.22208199729684
2021-03-01 14:29:00,2/5/25 14:17,2029-02-05 12:11:00,GARFINKLE DESIGN,GRAPHIC DESIGN,7 Holyoke ST,Boston,MA,2116,42.344734,-71.07750299999998,garfinkle design,,True,5.120547945205479,1,Back Bay,487.99951199715736
2014-08-06 00:00:00,10/28/24 10:00,2028-10-28 09:56:00,GARRISON SQUARE,MULTILFAMILY APARTMENTS OWNER & MANAGER,7 Harcourt ST,Boston,MA,2116,42.346052,-71.07865900000002,garrison square,,True,11.695890410958905,1,Prudential,390.99960899731633
2025-06-12 12:23:00,,2029-06-12 12:20:00,Gaslight Studios,Branding/Marketing,399 Boylston ST,Boston,MA,2116,42.351799,-71.07187799999997,gaslight studios,,True,0.8356164383561644,1,Arlington,120.8887679971603
2019-09-30 15:38:00,1/4/24 12:55,2028-01-04 12:35:00,Gearoid Griffin,Short Term Rental Accomidation,65 Appleton ST,Boston,MA,2116,42.345853,-71.07262700000001,gearoid griffin,,True,6.53972602739726,1,Back Bay,510.7772669988609
2024-12-26 16:22:00,,2028-12-26 16:18:00,Genesis The Blueprint,Online Business Coaching,867 Boylston ST,Boston,MA,2116,42.348668,-71.08340699999997,genesis the blueprint,,True,1.295890410958904,1,Prudential,534.3327989970218
2025-03-17 13:24:00,,2029-03-17 13:22:00,Gentlemans Classic Tuxedo,Retail Store,253 Newbury ST,Boston,MA,2116,42.349673,-71.082944,gentlemans classic tuxedo,,True,1.073972602739726,1,Copley,565.8883230002483
2018-03-01 14:17:00,,2022-03-01 13:45:00,GEORGE LAKKIS OD,OPTOMETRY,607 Boylston ST,Boston,MA,2116,42.35051,-71.07717200000002,george lakkis od,,False,4.0,1,Copley,65.33326799768453
2026-02-04 15:06:00,,2030-02-04 15:03:00,Getsey Hannon,Marketing Services,193 Marlborough ST,Boston,MA,2116,42.352607,-71.08054500000003,getsey hannon,,True,0.1863013698630137,1,Copley,581.3327520038874
2026-03-13 16:29:00,,2030-03-13 16:27:00,Ghosts and Gravestones,Historic Tours,3 Park PZ,Boston,MA,2116,42.351581352485525,-71.06878827825892,ghosts and gravestones,,True,0.08493150684931507,1,Arlington,269.4852033539382
2018-04-17 13:24:00,,2022-04-17 11:57:00,GIACOMO'S RESTAURANT,RESTAURANT,431 Columbus AV,Boston,MA,2116,42.344133,-71.077406,giacomos restaurant,,False,4.0,1,Back Bay,543.9994559994585
2019-11-27 12:41:00,11/16/23 10:32,2027-11-16 10:28:00,Gibson Sotheby's International Realty,Real Estate Brokerage,276 Newbury ST,Boston,MA,2116,42.349074,-71.083576,gibson sothebys international realty,,True,6.380821917808219,2,Prudential,598.2216239999321
2019-06-18 14:35:00,6/21/23 16:39,2027-06-21 14:41:00,Gifted,Retail Gift Shop,2 Dartmouth PL,Boston,MA,2116,42.344829,-71.07424100000003,gifted,,True,6.824657534246575,1,Back Bay,445.22177699700046
2023-03-20 16:12:00,,2027-03-20 16:09:00,Gigi,Restaurant,431 Columbus AV,Boston,MA,2116,42.344133,-71.077406,gigi,,True,3.0684931506849313,1,Back Bay,543.9994559994585
2023-06-28 11:40:00,,2027-06-28 09:46:00,Giorgio Armani,Retail apparel & accessories,22 Newbury ST,Boston,MA,2116,42.352161,-71.07234499999998,giorgio armani,,True,2.7945205479452055,1,Arlington,190.11092099844768
2023-01-24 10:40:00,,2027-01-24 10:39:00,GLDN The Studio,Hair Salon,207 Newbury ST,Boston,MA,2116,42.350192,-71.08088900000001,gldn the studio,,True,3.219178082191781,1,Copley,351.22187100221703
2016-05-24 00:00:00,6/12/24 13:32,2028-06-12 11:30:00,GLOCOMMS,STAFFING GROUP,200 Clarendon ST,Boston,MA,2116,42.348962,-71.07502399999998,glocomms,,True,9.895890410958904,1,Back Bay,257.2219650019072
2024-08-21 17:05:00,,2028-08-21 17:00:00,GLOWBAR,Facial Spa,177 Newbury ST,Boston,MA,2116,42.35066,-71.07936699999999,glowbar,,True,1.643835616438356,1,Copley,234.11087699946623
2014-10-03 00:00:00,11/16/22 12:09,2026-11-16 12:07:00,GOETHE INSTITUTE BOSTON,Language and Cultural Programs,170 Beacon ST,Boston,MA,2116,42.354633,-71.07646799999998,goethe institute boston,,True,11.536986301369863,1,Copley,601.6660650022886
2024-03-13 16:03:00,,2028-03-13 15:30:00,Golden Goose,Shoes and Apparel,100 Huntington AV,Boston,MA,2116,42.347312,-71.07812200000001,golden goose,,True,2.084931506849315,1,Back Bay,270.33306300038447
2018-09-10 14:58:00,8/22/22 12:56,2026-08-22 12:55:00,Golden Plum Properties,Property Investing,198 Tremont ST,Boston,MA,2116,42.35213,-71.06437,golden plum properties,,True,7.594520547945206,1,Boylston,79.22214300051407
2018-10-05 13:22:00,,2022-10-05 13:10:00,GoodPup,Dof Training Application,31 Saint James AV,Boston,MA,2116,42.350666,-71.07046700000001,goodpup,,False,4.0,1,Arlington,184.6664819995617
2025-10-29 14:16:00,,2029-10-29 14:14:00,GoodYou Marketing,Marketing Agency,399 Boylston ST,Boston,MA,2116,42.351799,-71.07187799999997,goodyou marketing,,True,0.4547945205479452,1,Arlington,120.8887679971603
2024-03-28 11:02:00,,2028-03-28 10:57:00,GOOGLE,Electronic hardware and repair services,153 Newbury ST,Boston,MA,2116,42.35092,-71.07836099999997,google,,True,2.043835616438356,1,Copley,151.22207099794622
2023-07-28 11:07:00,,2027-07-28 11:00:00,gorjana,Retail Jewelry Sales,209 Newbury ST,Boston,MA,2116,42.350246,-71.081052,gorjana,,True,2.712328767123288,1,Copley,375.33295800055424
2025-08-01 12:36:00,,2029-08-01 12:35:00,Graham Edge,Consulting,665 Washington ST,Boston,MA,2116,42.351874,-71.062862,graham edge,,True,0.6986301369863014,1,Chinatown,86.99991299903539
2021-06-24 11:05:00,,2025-06-24 11:04:00,Gratinsta,online retail store,84 Berkeley ST,Boston,MA,2116,42.347201,-71.07132200000001,gratinsta,,False,4.0,1,Back Bay,505.99949399908127
2020-12-16 15:38:00,1/6/25 16:07,2029-01-06 12:23:00,Grazy,Grazing Boxes/Gifts,285 Columbus AV,Boston,MA,2116,42.3473,-71.0738,grazy,,True,5.326027397260274,1,Back Bay,219.6664469996183
2025-09-26 15:46:00,,2029-09-26 15:43:00,Greco,Restaurant,225 Newbury ST,Boston,MA,2116,42.350014,-71.08167000000003,greco,,True,0.5452054794520548,2,Copley,418.2218040043781
2025-11-14 15:05:00,,2029-11-14 15:03:00,Greenly Pro,Cleaning Services,399 Boylston ST,Boston,MA,2116,42.351799,-71.07187799999997,greenly pro,,True,0.410958904109589,1,Arlington,120.8887679971603
2025-10-06 15:06:00,,2029-10-06 14:01:00,Gregory Agency,Public Relations,745 Boylston ST,Boston,MA,2116,42.349389,-71.08081800000002,gregory agency,,True,0.5178082191780822,1,Copley,361.2218610030227
2023-02-01 13:55:00,,2027-02-01 13:51:00,Greystone Management Solutions,Property Management,20 Park PZ,Boston,MA,2116,42.35147,-71.06880999999998,greystone management solutions,,True,3.197260273972603,1,Arlington,279.44416500185537
2024-08-06 12:56:00,,2028-08-06 12:55:00,Greystone Real Estate Advisory Group,Property Management,20 Park PZ,Boston,MA,2116,42.35147,-71.06880999999998,greystone real estate advisory group,,True,1.6849315068493151,1,Arlington,279.44416500185537
2018-03-06 14:54:00,,2022-03-06 14:54:00,Ground Floor Games,Online Retail,274 Beacon ST,Boston,MA,2116,42.353456,-71.08094399999999,ground floor games,,False,4.002739726027397,1,Copley,719.9992799995852
2022-06-23 16:00:00,,2026-06-23 15:43:00,GROUP M WORLDWIDE,MEDIA BUYING AGENCY,501 Boylston ST,Boston,MA,2116,42.351151,-71.074545,group m worldwide,,True,3.808219178082192,1,Copley,428.4440159998857
2024-10-24 10:34:00,,2028-10-24 10:33:00,Grouper,Aggregator of social fitness activites,501 Boylston ST,Boston,MA,2116,42.351151,-71.074545,grouper,,True,1.4684931506849315,1,Copley,428.4440159998857
2026-03-30 11:41:00,,2030-03-30 11:37:00,GSIR Institute,Real Estate School,277 Dartmouth ST,Boston,MA,2116,42.351134,-71.07754599999998,gsir institute,,True,0.038356164383561646,1,Copley,130.88875799796597
2023-06-08 12:23:00,,2027-06-08 12:20:00,GT Realty,Real Estate,20 Park PZ,Boston,MA,2116,42.35147,-71.06880999999998,gt realty,,True,2.8493150684931505,1,Arlington,279.44416500185537
2015-02-13 00:00:00,1/9/23 14:57,2027-01-09 12:46:00,GW&K INVESTMENT MANAGEMENT,INVESTMENT MANAGEMENT,222 Berkeley ST,Boston,MA,2116,42.350688,-71.07325900000001,gwk investment management,,True,11.172602739726027,1,Arlington,397.7773800015204
2015-12-24 00:00:00,5/13/24 15:58,2028-05-13 12:46:00,GYROTONIC BOSTON CENTRAL,EXERCISE,364 Boylston ST,Boston,MA,2116,42.351461,-71.07155499999999,gyrotonic boston central,,True,10.312328767123288,1,Arlington,122.5554329992683
2024-10-01 13:11:00,,2028-10-01 11:18:00,H&M,Retail Sales,100 Newbury ST,Boston,MA,2116,42.351017,-71.07501000000002,hm,,True,1.5315068493150685,1,Copley,361.8885269973921
2018-08-30 09:31:00,,2022-08-30 09:29:00,Haberdashery of New England,Retail Clothing Store,114 Newbury ST,Boston,MA,2116,42.351117,-71.07590900000002,haberdashery of new england,,False,4.0,1,Copley,273.1108379973187
2016-10-12 15:14:00,,,Hainan Airlines,Airline Carrier,31 Saint James AV,Boston,MA,2116,42.350666,-71.07046700000001,hainan airlines,,False,,1,Arlington,184.6664819995617
2021-09-07 15:13:00,8/19/25 16:24,2029-08-19 16:22:00,Hair Adventure Salon,Hair Salon,32 Boylston ST,Boston,MA,2116,42.352218,-71.06358499999999,hair adventure salon,,True,4.6,1,Chinatown,129.11098199850696
2020-07-08 13:50:00,6/20/24 16:27,2028-06-20 12:31:00,Hair Bella,hair salon,164 Newbury ST,Boston,MA,2116,42.350392,-71.07856300000003,hair bella,,True,5.767123287671233,1,Copley,114.9998850041334
2023-06-08 13:37:00,,2027-06-08 13:36:00,Halo + Salt Salon,Salon,207 Newbury ST,Boston,MA,2116,42.350192,-71.08088900000001,halo  salt salon,,True,2.8493150684931505,2,Copley,351.22187100221703
2019-04-22 12:21:00,,2023-04-22 12:20:00,Halo + Salt Salon,Salon,207 Newbury ST,Boston,MA,2116,42.350192,-71.08088900000001,halo  salt salon,,False,4.0,2,Copley,351.22187100221703
2025-03-24 15:48:00,,2029-03-24 15:46:00,Hamilton Interiors,Interior Design,266 Beacon ST,Boston,MA,2116,42.353534,-71.08055999999999,hamilton interiors,,True,1.0547945205479452,1,Copley,685.9993140001618
2024-12-10 15:51:00,,2028-12-10 15:50:00,Hands Of Life Massage,Massage Therapy,264 Beacon ST,Boston,MA,2116,42.353504,-71.08039200000002,hands of life massage,,True,1.3397260273972602,1,Copley,663.9993360028105
2024-08-02 11:45:00,,2028-08-02 11:41:00,Happy Commutes,website/affiliate marketer,263 Commonwealth AV,Boston,MA,2116,42.350765,-71.08399300000002,happy commutes,,True,1.6958904109589041,1,Hynes Convention Center,754.1103569979385
2018-05-16 09:42:00,6/27/22 9:20,2026-06-27 09:18:00,Happy Lamb Hot Pot,Restaurant,693 Washington ST,Boston,MA,2116,42.351148,-71.06304799999998,happy lamb hot pot,,True,7.9150684931506845,1,Chinatown,188.3331449974097
2013-05-16 00:00:00,,2017-05-16 00:00:00,HARRY'S FOOD & DRINK,RESTAURANT,142 Berkeley ST,Boston,MA,2116,42.348823,-71.07209899999998,harrys food  drink,,False,4.002739726027397,2,Arlington,476.11063499796273
2013-07-30 00:00:00,,2017-07-30 00:00:00,HARRY'S FOOD & DRINK,,142 Berkeley ST,Boston,MA,2116,42.348823,-71.07209899999998,harrys food  drink,,False,4.002739726027397,2,Arlington,476.11063499796273
2015-05-04 00:00:00,5/3/19 15:20,2023-05-03 11:44:00,HARVARD VANGUARD MEDICAL ASSOCIATES,MULTI-SPECIALTY MEDICAL GROUP,165 Dartmouth ST,Boston,MA,2116,42.347997,-71.07602800000001,harvard vanguard medical associates,,False,8.002739726027396,1,Back Bay,105.33322800090716
2015-10-13 00:00:00,8/22/24 15:55,2028-08-22 12:13:00,HASTENS,RETAIL BEDDING,221 Newbury ST,Boston,MA,2116,42.350104,-71.08154100000002,hastens,,True,10.509589041095891,1,Copley,413.8884750026868
2020-01-22 13:26:00,1/26/24 11:07,2028-01-26 11:01:00,HAVA Lounge,Night Club,246 Tremont ST,Boston,MA,2116,42.350707,-71.06465000000003,hava lounge,,True,6.227397260273973,1,Tufts Medical Center,197.5553580025476
2021-11-04 10:22:00,,2025-11-04 10:21:00,Healing Fire,Candles Sales,607 Boylston ST,Boston,MA,2116,42.35051,-71.07717200000002,healing fire,,False,4.0,1,Copley,65.33326799768453
2024-11-08 12:28:00,,2028-11-08 12:18:00,Healthworks Fitness,GYM,441 Stuart ST,Boston,MA,2116,42.34858,-71.076006,healthworks fitness,,True,1.4273972602739726,1,Back Bay,167.66649900063953
2023-08-10 15:20:00,,2027-08-10 15:19:00,Healthy Soles,Physical Therapy,581 Boylston ST,Boston,MA,2116,42.350567,-71.07674600000001,healthy soles,,True,2.6767123287671235,1,Copley,118.99988099798183
2018-01-08 15:19:00,12/23/25 11:00,2029-12-23 10:57:00,Heath Properties,Property Management,74 Clarendon ST,Boston,MA,2116,42.346911,-71.07347900000002,heath properties,,True,8.265753424657534,1,Back Bay,298.555256997816
2018-01-08 15:19:00,12/23/25 11:02,2029-12-23 10:55:00,Heath Properties FL,Property Management,74 Clarendon ST,Boston,MA,2116,42.346911,-71.07347900000002,heath properties fl,,True,8.265753424657534,1,Back Bay,298.555256997816
2021-09-29 10:46:00,10/3/25 10:25,2029-10-03 10:20:00,HELLO BEAUTIFUL,Online Retail,90 Commonwealth AV,Boston,MA,2116,42.352273,-71.075831,hello beautiful,,True,4.53972602739726,1,Copley,410.22181200010186
2018-07-09 15:50:00,7/6/22 12:32,2026-07-06 12:31:00,Hello Photo Booth,Photo Booth,283 Tremont ST,Boston,MA,2116,42.349614,-71.06571099999996,hello photo booth,,True,7.767123287671233,1,Tufts Medical Center,204.6664619956466
2015-05-15 00:00:00,8/11/23 10:15,2027-08-11 10:12:00,HERMES,RETAIL OF LUXURY GOODS,320 Boylston ST,Boston,MA,2116,42.351798,-71.07039700000001,hermes,,True,10.923287671232877,1,Arlington,66.66659999826564
2024-09-12 16:08:00,,2028-09-12 13:26:00,Hermes Academic Consulting,Online Consulting,867 Boylston ST,Boston,MA,2116,42.348668,-71.08340699999997,hermes academic consulting,,True,1.5835616438356164,1,Prudential,534.3327989970218
2015-06-29 00:00:00,8/17/23 16:02,2027-08-17 16:00:00,HERTZ RENTAL CAR,RENTAL OF VEHICLES,145 Dartmouth ST,Boston,MA,2116,42.34733,-71.07494099999997,hertz rental car,,True,10.8,2,Back Bay,89.5554660036361
2015-06-29 00:00:00,8/17/23 15:58,2027-08-17 15:49:00,HERTZ RENTAL CAR,RENTAL OF VEHICLES,30 Park PZ,Boston,MA,2116,42.351054,-71.06967600000002,hertz rental car,,True,10.8,2,Arlington,229.44421499861656
2025-05-30 10:24:00,,2029-05-30 10:22:00,HEYTEA Newbury,Tea Shop,223 Newbury ST,Boston,MA,2116,42.350076,-71.08161899999999,heytea newbury,,True,0.8712328767123287,1,Copley,419.4440249997133
2017-03-15 13:30:00,2/19/25 15:01,2029-02-19 10:45:00,HI Boston,Youth Hostel Operation,19 Stuart ST,Boston,MA,2116,42.351101,-71.06336299999998,hi boston,,True,9.084931506849315,1,Tufts Medical Center,221.44422300223528
2024-01-19 12:20:00,,2028-01-19 12:17:00,Hilton Boston Park Plaza,Full Service Hotel,50 Park PZ,Boston,MA,2116,42.351046,-71.06945999999999,hilton boston park plaza,,True,2.232876712328767,1,Arlington,254.333079001306
2018-11-20 09:53:00,11/18/22 13:34,2026-11-18 11:24:00,Hoffman Transcription,Transcription Service,607 Boylston ST,Boston,MA,2116,42.35051,-71.07717200000002,hoffman transcription,,True,7.4,1,Copley,65.33326799768453
2016-12-30 09:02:00,,,Holistic Health & Nutrition Center (HH&NC),Nutrition & Health,29 Commonwealth AV,Boston,MA,2116,42.353231,-71.07417499999997,holistic health  nutrition center hhnc,,False,,1,Arlington,512.3328209965125
2014-05-15 00:00:00,4/28/22 10:30,2026-04-28 10:29:00,HOPE,GIFT SHOP,272 Newbury ST,Boston,MA,2116,42.349084,-71.08340099999998,hope,,True,11.923287671232877,1,Prudential,579.8883089980603
2023-02-13 15:24:00,,2027-02-13 15:20:00,Hot Oven Cookies,Cookie Catering,867 Boylston ST,Boston,MA,2116,42.348668,-71.08340699999997,hot oven cookies,,True,3.164383561643836,1,Prudential,534.3327989970218
2022-07-15 14:41:00,,2026-07-15 14:38:00,Hotel AKA Back Bay,Hospitality,154 Berkeley ST,Boston,MA,2116,42.34929,-71.072294,hotel aka back bay,,True,3.747945205479452,1,Arlington,445.8884430000543
2022-09-02 10:11:00,,2026-09-02 10:09:00,HOUSE OF JAX,Retail of Skincare Products,59 Dartmouth ST,Boston,MA,2116,42.344487,-71.07440099999997,house of jax,,True,3.6136986301369864,1,Back Bay,465.4439790035772
2014-04-14 00:00:00,4/19/22 15:58,2026-04-19 12:03:00,HOW AND WHY,DESIGN & INNOVATION CONSULTING,42 Melrose ST,Boston,MA,2116,42.348997,-71.06865700000003,how and why,,True,12.008219178082191,1,Arlington,571.2216509970464
2021-11-16 13:49:00,11/13/25 14:07,2029-11-13 14:05:00,HP Escrow,Real Estate,74 Clarendon ST,Boston,MA,2116,42.346911,-71.07347900000002,hp escrow,,True,4.4082191780821915,1,Back Bay,298.555256997816
2022-01-06 14:04:00,12/19/25 9:18,2029-12-19 09:16:00,HP Tenant Escrow,Property Management,74 Clarendon ST,Boston,MA,2116,42.346911,-71.07347900000002,hp tenant escrow,,True,4.2684931506849315,1,Back Bay,298.555256997816
2013-11-18 00:00:00,2/28/22 12:54,2026-02-28 12:23:00,HUA HONG FIBER USA,INTERNATIONAL TRADE,581 Boylston ST,Boston,MA,2116,42.350567,-71.07674600000001,hua hong fiber usa,,False,12.287671232876713,1,Copley,118.99988099798183
2023-08-21 14:01:00,,2027-08-21 13:52:00,HUBLOT,RETAIL LUXURY TIMEPIECES,30 Newbury ST,Boston,MA,2116,42.352082,-71.07263699999999,hublot,,True,2.6465753424657534,1,Arlington,213.7775639986965
2022-10-04 15:51:00,,2026-10-04 15:49:00,HuE,Restaurant,90 Exeter ST,Boston,MA,2116,42.34824,-71.078711,hue,,True,3.526027397260274,1,Copley,254.77752300097336
2020-06-05 15:23:00,5/29/24 15:21,2028-05-29 15:03:00,Hughes Marino,Commercial real estate/brokerage firm,200 Clarendon ST,Boston,MA,2116,42.348962,-71.07502399999998,hughes marino,,True,5.857534246575343,1,Back Bay,257.2219650019072
2015-07-08 00:00:00,7/27/23 11:35,2027-07-27 11:33:00,I DO WEDDING DRESSES AND PHOTOGRAPHY,RETAIL STORE,285 Tremont ST,Boston,MA,2116,42.34973,-71.06554,i do wedding dresses and photography,,True,10.775342465753425,1,Tufts Medical Center,187.8887009993213
2023-11-08 08:55:00,,2027-11-08 08:53:00,IAMRO,Non-Profit Professional Association,2 Park PZ,Boston,MA,2116,42.352252,-71.06709000000001,iamro,,True,2.43013698630137,1,Boylston,298.5552570001845
2019-05-06 11:36:00,,2023-05-06 11:32:00,IdeaGen,Tech Services,15 Newbury ST,Boston,MA,2116,42.352612,-71.072404,ideagen,,False,4.0,1,Arlington,246.7775310006446
2018-11-29 15:10:00,11/21/22 14:17,2026-11-21 14:03:00,IDEAS WITH MERRITT,ART ONLINE CLASS,539 Tremont ST,Boston,MA,2116,42.344692,-71.071392,ideas with merritt,,True,7.375342465753425,1,Back Bay,776.9992229993616
2016-08-31 11:59:00,11/22/22 15:30,2026-11-22 11:11:00,Il Decor,Furniture Retail,10 ST JAMES AV,BOSTON,MA,2116,42.350405,-71.07088399999998,il decor,,True,9.621917808219179,1,Arlington,167.33316600227062
2019-02-14 09:19:00,,2023-02-14 09:17:00,IMBUE,Hair Salon,207 Newbury ST,Boston,MA,2116,42.350192,-71.08088900000001,imbue,,False,4.0,1,Copley,351.22187100221703
2020-02-28 11:31:00,,2024-02-28 11:30:00,IMG,Touring exhibition,130 Columbus AV,Boston,MA,2116,42.34973,-71.07001000000002,img,,False,4.0,1,Arlington,339.44410499721545
2015-07-21 00:00:00,9/16/19 9:58,2023-08-26 00:00:00,INDOCHINO,RETAIL,85 Newbury ST,Boston,MA,2116,42.351829,-71.07491900000002,indochino,,False,8.104109589041096,1,Arlington,455.4439890027716
2014-06-09 00:00:00,6/15/18 9:52,2022-06-15 09:48:00,INFINITY INFOTECH,IT CONSULTING,30 Newbury ST,Boston,MA,2116,42.352082,-71.07263699999999,infinity infotech,,False,8.021917808219179,1,Arlington,213.7775639986965
2016-11-22 13:25:00,2/20/25 12:52,2029-02-20 12:48:00,INN @ ST. BOTOLPH,Hotel,99 Saint Botolph ST,Boston,MA,2116,42.345048,-71.080851,inn  st botolph,,True,9.394520547945206,1,Prudential,151.88873700021048
2022-10-28 15:53:00,,2026-10-28 10:27:00,Insomnia Cookies,Bakery,220 Clarendon ST,Boston,MA,2116,42.35111,-71.07557400000002,insomnia cookies,,True,3.4602739726027396,2,Copley,309.5552459976759
2014-09-08 00:00:00,8/23/18 12:13,2022-08-23 12:11:00,INTERMIX #2345,RETAIL,186 Newbury ST,Boston,MA,2116,42.350274,-71.079273,intermix 2345,,False,7.961643835616439,1,Copley,180.7775970006958
2021-10-20 13:16:00,10/16/25 13:29,2029-10-16 13:26:00,Invictus Boston,Gym,31 Saint James AV,Boston,MA,2116,42.350666,-71.07046700000001,invictus boston,,True,4.482191780821918,1,Arlington,184.6664819995617
2026-01-12 10:19:00,,2030-01-12 10:16:00,I-Payout,Global Payment and Commission Management Solutions,867 Boylston ST,Boston,MA,2116,42.348668,-71.08340699999997,ipayout,,True,0.2493150684931507,1,Prudential,534.3327989970218
2023-11-16 12:01:00,,2027-11-16 11:59:00,IPTS,Information Technology Consulting,312 Beacon ST,Boston,MA,2116,42.352932,-71.082671,ipts,,True,2.408219178082192,1,Copley,853.6658130015908
2015-04-22 00:00:00,4/14/23 8:25,2027-04-14 08:23:00,IQ2 THE INTELLIGENT CHOICE,CONSULTING / PERFORMANCE ENHANCEMENT,250 Commonwealth AV,Boston,MA,2116,42.350379,-71.08286499999997,iq2 the intelligent choice,,True,10.986301369863014,1,Copley,591.5549639970266
2014-10-06 00:00:00,12/29/22 13:58,2026-12-29 11:07:00,IVY HALL SENIOR LIVING,CONSULTING,20 Park PZ,Boston,MA,2116,42.35147,-71.06880999999998,ivy hall senior living,,True,11.528767123287672,1,Arlington,279.44416500185537
2024-01-05 15:12:00,,2028-01-05 11:51:00,IWC Schaffhausen,Retailer of Luxury Watches,2 Newbury ST,Boston,MA,2116,42.35244,-71.07134100000002,iwc schaffhausen,,True,2.271232876712329,1,Arlington,109.55544600208948
2023-07-20 13:34:00,,2027-07-20 11:52:00,J CREW,RETAIL,100 Huntington AV,Boston,MA,2116,42.347312,-71.07812200000001,j crew,,True,2.734246575342466,3,Back Bay,270.33306300038447
2025-07-07 17:32:00,,2029-07-07 14:29:00,J Crew,Retail,46 Newbury ST,Boston,MA,2116,42.351877,-71.07307100000003,j crew,,True,0.7671232876712328,3,Arlington,244.7775330033257
2019-02-19 13:58:00,,2023-02-19 13:52:00,J L M Images,Artist/Photographer,87 Marlborough ST,Boston,MA,2116,42.353774,-71.076168,j l m images,,False,4.0,1,Copley,539.5550160004162
2019-10-25 13:17:00,,2023-10-25 11:45:00,J. Crew,Retail Apparel Sales,2 Copley PL,Boston,MA,2116,42.347278,-71.07767999999999,j crew,,False,4.0,3,Back Bay,224.99977499799533
2019-07-05 15:15:00,,2023-07-05 14:03:00,J.Crew,Retail Sales of Women Apparrel,100 Huntington AV,Boston,MA,2116,42.347312,-71.07812200000001,jcrew,,False,4.0,1,Back Bay,270.33306300038447
2015-04-16 00:00:00,,2019-04-16 00:00:00,"JACOB HOWE, M.D.",PSYCHOTHERAPY,45 Newbury ST,Boston,MA,2116,42.352183,-71.073242,jacob howe md,,False,4.002739726027397,1,Arlington,292.22192999880576
2016-04-07 00:00:00,4/18/24 16:02,2028-04-18 12:35:00,JACOB REALTY,REAL ESTATE,279 Newbury ST,Boston,MA,2116,42.352551,-71.071888,jacob realty,,True,10.024657534246575,1,Arlington,182.6664839998743
2022-11-25 13:49:00,,2026-11-25 13:48:00,JACOB WIRTH,Restaurant,31 Stuart ST,Boston,MA,2116,42.35115,-71.06377199999997,jacob wirth,,True,3.3835616438356166,1,Tufts Medical Center,181.4442630029601
2024-04-09 10:40:00,,2028-04-09 10:38:00,JADER BATISTA MASSAGE THERAPY,MASSAGE THERAPY,264 Beacon ST,Boston,MA,2116,42.353504,-71.08039200000002,jader batista massage therapy,,True,2.010958904109589,1,Copley,663.9993360028105
2018-12-31 15:56:00,,2022-12-31 15:53:00,Jaho Coffee Roaster & Wine Bar,Coffee Roaster & Wine Bar,116 Huntington AV,Boston,MA,2116,42.346471,-71.08002999999997,jaho coffee roaster  wine bar,,False,4.0,1,Prudential,285.22193700305775
2018-05-15 13:11:00,5/3/22 15:52,2026-05-03 10:35:00,James Joseph Salon,Hair Salon,100 Stuart ST,Boston,MA,2116,42.350827,-71.06559099999998,james joseph salon,,True,7.917808219178082,1,Boylston,290.3330429972588
2022-05-03 15:58:00,,2026-05-03 11:53:00,James Joseph Salons,Hair Salon,30 Newbury ST,Boston,MA,2116,42.352082,-71.07263699999999,james joseph salons,,True,3.947945205479452,1,Arlington,213.7775639986965
2018-09-04 10:41:00,8/24/22 14:26,2026-08-24 14:25:00,James L. Rivers,Research Firm,7 Cortes ST,Boston,MA,2116,42.348398,-71.06995999999998,james l rivers,,True,7.610958904109589,1,Arlington,492.9995070019024
2019-02-28 12:23:00,3/24/23 9:10,2027-03-24 09:06:00,Jana Rago Studios,Salon,129 Newbury ST,Boston,MA,2116,42.351372,-71.076818,jana rago studios,,True,7.126027397260274,1,Copley,200.4442439992013
2025-05-15 13:34:00,,2029-05-15 13:33:00,Jasmine Galvao Brandao,Hair Stylist,119 Newbury ST,Boston,MA,2116,42.351445,-71.07635900000002,jasmine galvao brandao,,True,0.9123287671232877,1,Copley,259.5552959968056
2022-03-02 15:56:00,,2026-03-02 15:52:00,JC Power Connect,Business Consulting Services,398 Columbus AV,Boston,MA,2116,42.344565,-71.07638800000001,jc power connect,,False,4.0,1,Back Bay,382.8885060004261
2023-02-23 13:29:00,,2027-02-23 13:26:00,Jeanne Lee Salon,Salon,115 Newbury ST,Boston,MA,2116,42.351496,-71.07613500000002,jeanne lee salon,,True,3.136986301369863,1,Copley,290.1108209970304
2014-01-17 00:00:00,2/9/22 10:23,2026-02-09 10:23:00,"JEFFREY A. HANLEY, ATTORNEY AT LAW",LAW FIRM,180 Marlborough ST,Boston,MA,2116,42.352318,-71.07982800000002,jeffrey a hanley attorney at law,,False,12.07123287671233,1,Copley,469.55508600267154
2014-06-16 00:00:00,10/19/22 13:35,2026-10-19 11:10:00,JENNIFER'S NAILS & SKIN SALON,NAILS & SKIN SALON,161 Newbury ST,Boston,MA,2116,42.350819,-71.07869099999999,jennifers nails  skin salon,,True,11.835616438356164,1,Copley,176.6664900000225
2013-12-03 00:00:00,12/16/25 14:32,2029-10-22 00:00:00,JEREL AT 119,HAIR SALON,161 Newbury ST,Boston,MA,2116,42.350819,-71.07869099999999,jerel at 119,,True,12.36986301369863,1,Copley,176.6664900000225
2026-03-25 09:59:00,,2030-03-25 09:54:00,Jessi TH,Music Artist,62 Boylston ST,Boston,MA,2116,42.352239,-71.064436,jessi th,,True,0.052054794520547946,1,Boylston,59.77771800065807
2015-12-04 00:00:00,2/2/24 15:17,2028-02-02 15:14:00,JET Boston,PERSONAL TRAINING,437 Columbus AV,Boston,MA,2116,42.343943,-71.07797800000003,jet boston,,True,10.367123287671232,1,Prudential,593.8882949958725
2020-01-21 14:12:00,,2024-01-21 13:25:00,JEWELITE,Office of Manufacturer,1 Huntington AV,Boston,MA,2116,42.348833,-71.077943,jewelite,,False,4.0,1,Copley,127.11098399881952
2018-04-12 15:04:00,,2022-04-12 15:03:00,Jewish Gems,DayCare,16 Piedmont ST,Boston,MA,2116,42.349896,-71.06786699999998,jewish gems,,False,4.0,1,Tufts Medical Center,464.88842399708494
2014-02-12 00:00:00,2/25/22 12:55,2026-02-25 11:51:00,JEWISH HERITAGE CENTER,FAMILY HISTORY ARCHIVES,99 Newbury ST,Boston,MA,2116,42.351742,-71.07530300000002,jewish heritage center,,False,12.043835616438356,1,Copley,409.8884789977855
2017-10-13 13:16:00,8/25/25 15:50,2029-08-25 15:48:00,Jim Mooradian and Associates,Insurance Agency,277 Dartmouth ST,Boston,MA,2116,42.351134,-71.07754599999998,jim mooradian and associates,,True,8.504109589041096,1,Copley,130.88875799796597
2025-09-24 14:13:00,,2029-09-24 14:11:00,Jimmy Choo,Retail Store- Shoes and Accessoreis,100 Huntington AV,Boston,MA,2116,42.347312,-71.07812200000001,jimmy choo,,True,0.5506849315068493,1,Back Bay,270.33306300038447
2022-07-22 13:14:00,,2026-07-22 13:13:00,JJ Home Preservation Services,Home Preservation Services,867 Boylston ST,Boston,MA,2116,42.348668,-71.08340699999997,jj home preservation services,,True,3.728767123287671,1,Prudential,534.3327989970218
2023-09-14 10:57:00,,2027-09-14 10:56:00,JL Design + Film,Design Production,224 Clarendon ST,Boston,MA,2116,42.351224,-71.07565,jl design  film,,True,2.580821917808219,1,Copley,313.77746400043713
2019-06-13 13:57:00,5/26/23 13:28,2027-05-26 13:01:00,JL Plastic Surgery,Medical Services,170 Commonwealth AV,Boston,MA,2116,42.351248,-71.07892900000002,jl plastic surgery,,True,6.838356164383562,1,Copley,250.777527002388
2025-12-01 09:36:00,,2029-12-01 09:33:00,Jleequeur,Mobile Private Bartending,56 Gray ST,Boston,MA,2116,42.345304,-71.07215100000002,jleequeur,,True,0.3643835616438356,1,Back Bay,624.6660419979047
2015-02-06 00:00:00,2/9/23 13:59,2027-02-09 11:52:00,JOE'S AMERICAN BAR & GRILL,RESTAURANT,181 Newbury ST,Boston,MA,2116,42.350543,-71.07974999999999,joes american bar  grill,,True,11.191780821917808,1,Copley,263.6664029998474
2018-07-16 13:28:00,8/22/22 15:59,2026-08-22 15:59:00,JOHN FLUEVOG SHOES,RETAIL SHOE STORE,226 Newbury ST,Boston,MA,2116,42.349751,-71.081256,john fluevog shoes,,True,7.747945205479452,1,Copley,369.66629700065033
2022-02-04 14:37:00,,2026-02-04 14:36:00,JOHN STEFANON DESIGN,FURNISHINGS & DESIGN,45 Newbury ST,Boston,MA,2116,42.352183,-71.073242,john stefanon design,,False,4.0,1,Arlington,292.22192999880576
2014-08-28 00:00:00,8/16/22 12:11,2026-08-16 10:58:00,JOHNNY CUPCAKES,RETAIL CLOTHING,279 Newbury ST,Boston,MA,2116,42.352551,-71.071888,johnny cupcakes,,True,11.635616438356164,1,Arlington,182.6664839998743
2018-10-09 11:49:00,,2022-10-09 11:48:00,Johnson Pope Consulting,Consulting,100 Arlington ST,Boston,MA,2116,42.350019,-71.06963000000002,johnson pope consulting,,False,4.0,1,Arlington,349.5552059977406
2015-06-10 00:00:00,7/8/19 15:54,2023-07-08 15:54:00,JORDAN INTERIOR DEISGNS,INTERIOR DESIGN,74 Clarendon ST,Boston,MA,2116,42.346911,-71.07347900000002,jordan interior deisgns,,False,8.082191780821917,1,Back Bay,298.555256997816
2013-10-16 00:00:00,11/10/25 15:35,2029-11-10 13:29:00,JORDAN THE TAILOR,TAILOR,271 Newbury ST,Boston,MA,2116,42.349488,-71.08363199999997,jordan the tailor,,True,12.501369863013698,1,Prudential,650.4437939967709
2014-08-05 00:00:00,,2018-08-05 00:00:00,JORGO SALON,HAIR SALON,168 Newbury ST,Boston,MA,2116,42.350401,-71.078756,jorgo salon,,False,4.002739726027397,1,Copley,137.44430700036258
2025-02-13 09:42:00,,2029-02-13 09:39:00,Joy Squared Design,Architecture Firm,119 Berkeley ST,Boston,MA,2116,42.348371,-71.07130899999999,joy squared design,,True,1.1616438356164382,1,Arlington,438.5551169988319
2018-10-23 14:54:00,10/24/22 15:40,2026-10-24 13:44:00,JP LICKS,ICE CREAM PARTOR,173 Newbury ST,Boston,MA,2116,42.350691,-71.07919400000003,jp licks,,True,7.476712328767123,3,Copley,218.3331150037741
2013-12-20 00:00:00,3/16/26 14:53,2030-03-16 14:52:00,JPC GROUP,SERVICE MANAGMENTCONSULTING,142 Warren AV,Boston,MA,2116,42.343954,-71.07479999999998,jpc group,,True,12.323287671232876,1,Back Bay,480.332853002303
2015-06-08 00:00:00,3/31/23 11:02,2027-03-31 10:57:00,JSD,HAIR SALON,36 Newbury ST,Boston,MA,2116,42.35201,-71.07277899999997,jsd,,True,10.857534246575343,1,Arlington,221.55533399642832
2013-09-17 00:00:00,,2014-06-16 00:00:00,JUICY COUTURE,RETAIL,12 Newbury ST,Boston,MA,2116,42.352248,-71.071981,juicy couture,,False,0.7452054794520548,2,Arlington,159.3331739995734
2013-09-17 00:00:00,,2014-06-16 00:00:00,JUICY COUTURE,RETAIL CLOTHING STORE,12 Newbury ST,Boston,MA,2116,42.352248,-71.071981,juicy couture,,False,0.7452054794520548,2,Arlington,159.3331739995734
2023-08-11 13:43:00,,2027-08-11 13:41:00,KAOS CONSULTING,Consulting,5 Yarmouth PL,Boston,MA,2116,42.34628,-71.07634000000002,kaos consulting,,True,2.673972602739726,1,Back Bay,186.9998130015656
2018-05-21 14:45:00,8/15/22 14:30,2026-08-15 12:16:00,KARIN LEWIS EATING DISORDER CENTER,PSYCHO THERAPY PRATICE,399 Boylston ST,Boston,MA,2116,42.351799,-71.07187799999997,karin lewis eating disorder center,,True,7.901369863013699,1,Arlington,120.8887679971603
2015-11-25 00:00:00,11/26/19 15:30,2023-11-26 15:30:00,KASHMIR RESTAURANT,RESTAURANT,279 Newbury ST,Boston,MA,2116,42.352551,-71.071888,kashmir restaurant,,False,8.008219178082191,1,Arlington,182.6664839998743
2015-07-23 00:00:00,6/22/23 12:26,2027-06-22 10:58:00,KATRINA HESS,MAKEUP SALON,115 Newbury ST,Boston,MA,2116,42.351496,-71.07613500000002,katrina hess,,True,10.734246575342466,1,Copley,290.1108209970304
2018-03-09 16:11:00,3/19/26 15:44,2030-03-19 15:43:00,Kay Schwader PhD,Licensed Psychologist,143 Newbury ST,Boston,MA,2116,42.351227,-71.07739600000002,kay schwader phd,,True,8.101369863013698,1,Copley,124.55543100211372
2021-06-23 14:51:00,8/4/25 17:03,2029-08-04 12:17:00,Keller Williams Realty Boston-Metro,Real Estate Sales,607 Boylston ST,Boston,MA,2116,42.35051,-71.07717200000002,keller williams realty bostonmetro,,True,4.808219178082192,1,Copley,65.33326799768453
2014-09-12 00:00:00,8/22/22 15:40,2026-08-22 12:18:00,KEY ENTERPRISE SOLUTIONS,SOFTWARE CONSULTING,58 Chandler ST,Boston,MA,2116,42.346623,-71.07165500000002,key enterprise solutions,,True,11.594520547945205,1,Back Bay,533.2216889974586
2016-05-23 00:00:00,7/13/20 13:59,2024-07-13 13:21:00,KEY REALTY GROUP,REAL ESTATE BROKERAGE,268 Newbury ST,Boston,MA,2116,42.349162,-71.08327099999997,key realty group,,False,8.145205479452056,1,Prudential,574.110536996858
2022-02-24 16:28:00,,2026-02-24 10:43:00,Keypoint Remodeling and Decor,Remodeling,867 Boylston ST,Boston,MA,2116,42.348668,-71.08340699999997,keypoint remodeling and decor,,False,4.0,1,Prudential,534.3327989970218
2025-03-18 13:53:00,,2029-03-18 13:51:00,Keyse Angelo,Jewelry,665 Washington ST,Boston,MA,2116,42.351874,-71.062862,keyse angelo,,True,1.0712328767123287,1,Chinatown,86.99991299903539
2015-07-23 00:00:00,10/29/19 15:30,2023-10-29 14:46:00,KIEHL'S SINCE 1851,RETAIL SALES OF BEAUTY PRODUCTS,112 Newbury ST,Boston,MA,2116,42.351141,-71.07581600000003,kiehls se 1851,,False,8.273972602739725,1,Copley,286.11082499607653
2015-01-23 00:00:00,,2019-01-23 00:00:00,KIM KIM BBQ,FOOD TRUCK,615 Tremont ST,Roxbury,MA,2116,42.34282,-71.07424600000002,kim kim bbq,,False,4.002739726027397,1,Back Bay,667.8882209977289
2024-11-14 15:37:00,,2028-11-14 13:13:00,King Arthur Baking Company,Retail Consumer Products,172 Newbury ST,Boston,MA,2116,42.350346,-71.078914,king arthur baking company,,True,1.4109589041095891,1,Copley,148.88874000067935
2025-10-31 15:56:00,,2029-10-31 15:56:00,Kingdom Upscale Apparels Company,Online Retail,48 Boylston ST,Boston,MA,2116,42.352058,-71.06388300000003,kingdom upscale apparels company,,True,0.44931506849315067,1,Boylston,141.33319199686002
2024-10-09 11:47:00,,2028-10-09 11:44:00,Kizik,Retail-Footwear,118 Newbury ST,Boston,MA,2116,42.351144,-71.07611700000001,kizik,,True,1.5095890410958903,1,Copley,252.9997469983564
2021-11-03 16:11:00,,2025-11-03 16:09:00,Knox Lending,Financial Services,177 Newbury ST,Boston,MA,2116,42.35066,-71.07936699999999,knox lending,,False,4.0,1,Copley,234.11087699946623
2019-01-29 14:49:00,1/19/23 11:43,2027-01-19 00:00:00,Knox Street Historic Association,Short Term Rental,9 Knox ST,Boston,MA,2116,42.348733,-71.06841600000001,knox street historic association,,True,7.208219178082191,1,Tufts Medical Center,603.1105080010102
2025-07-01 15:32:00,,2029-07-01 15:31:00,Kono Global Consulting,Global Consulting,212 Stuart ST,Boston,MA,2116,42.350415,-71.06829399999998,kono global consulting,,True,0.7835616438356164,1,Arlington,453.9995460024709
2019-01-29 12:12:00,1/12/23 13:43,2027-01-12 13:02:00,Kowa Pharma Development Company,Consulting,500 Boylston ST,Boston,MA,2116,42.350697,-71.07420400000001,kowa pharma development company,,True,7.208219178082191,1,Copley,415.8884729984268
2025-04-02 16:05:00,,2029-04-02 16:03:00,Kpop Nara Boston,Retail,283 Dartmouth ST,Boston,MA,2116,42.351284,-71.07770800000003,kpop nara boston,,True,1.0301369863013699,1,Copley,165.5553900028116
2019-01-16 09:22:00,3/30/23 13:00,2027-03-30 11:13:00,Kristiansen Real Estate,Realestate Sales Person,150 Warren AV,Boston,MA,2116,42.343918,-71.07509500000003,kristiansen real estate,,True,7.243835616438356,1,Back Bay,451.5551039960107
2023-03-23 12:52:00,,2027-03-23 12:50:00,Kristin Aronson Salon,Hair Salon,129 Newbury ST,Boston,MA,2116,42.351372,-71.076818,kristin aronson salon,,True,3.0602739726027397,1,Copley,200.4442439992013
2018-05-03 11:40:00,,2022-05-03 11:39:00,Kristine Berube RDN,Nutrition Private Practice,399 Boylston ST,Boston,MA,2116,42.351799,-71.07187799999997,kristine berube rdn,,False,4.0,1,Arlington,120.8887679971603
2024-05-16 15:41:00,,2028-05-16 15:38:00,Krystal Gardens,Events,131 Dartmouth ST,Boston,MA,2116,42.346988,-71.07513499999999,krystal gardens,,True,1.9095890410958904,1,Back Bay,105.99989400080298
2020-01-17 13:26:00,,2024-01-17 13:18:00,Kymistry Lab,hair salon,76 Dartmouth ST,Boston,MA,2116,42.345197,-71.075041,kymistry lab,,False,4.0,1,Back Bay,315.4441290001767
2019-06-17 09:58:00,6/1/23 10:40,2027-06-01 10:39:00,La Belle Nail,Nail Salon,32 Boylston ST,Boston,MA,2116,42.352218,-71.06358499999999,la belle nail,,True,6.8273972602739725,1,Chinatown,129.11098199850696
2025-04-18 13:36:00,,2029-04-18 13:34:00,La Faveur,Push Cart,15 Newbury ST,Boston,MA,2116,42.352612,-71.072404,la faveur,,True,0.9863013698630136,1,Arlington,246.7775310006446
2022-10-03 12:12:00,,2026-10-03 12:08:00,La Neta,Restaurant,255 Newbury ST,Boston,MA,2116,42.349653,-71.08302800000001,la neta,,True,3.5287671232876714,1,Copley,577.4438670018635
2024-05-29 13:51:00,,2028-05-29 13:37:00,La Padrona,Restaurant,40 Trinity PL,Boston,MA,2116,42.348427,-71.07501400000001,la padrona,,True,1.873972602739726,1,Back Bay,198.8886899991812
2015-06-01 00:00:00,5/26/23 11:12,2027-05-26 11:11:00,LA VIE EN ROSE,FINE GARDENING,143 Appleton ST,Boston,MA,2116,42.345107,-71.07539199999997,la vie en rose,,True,10.876712328767123,1,Back Bay,286.44415800391937
2024-02-09 10:34:00,,2028-02-09 10:32:00,LALONDE HEALTH AND WELLNESS,health /Wellness & Message,29 Stanhope ST,Boston,MA,2116,42.348537,-71.073037,lalonde health and wellness,,True,2.175342465753425,1,Back Bay,430.77734700031056
2020-11-10 10:36:00,,2024-11-10 10:09:00,Lapels Dry Cleaning,Dry Cleaning,621 Tremont ST,Roxbury,MA,2116,42.342716,-71.07444900000002,lapels dry cleaning,,False,4.0,2,Back Bay,656.8882319978691
2021-09-03 13:37:00,7/29/25 16:15,2029-07-29 12:27:00,Larson Maddox,Staffing Group,200 Clarendon ST,Boston,MA,2116,42.348962,-71.07502399999998,larson maddox,,True,4.610958904109589,1,Back Bay,257.2219650019072
2014-10-29 00:00:00,12/13/18 13:19,2022-12-13 11:25:00,LASER MD MEDSPA,BEAUTY AND SKIN CARE,172 Newbury ST,Boston,MA,2116,42.350346,-71.078914,laser md medspa,,False,8.128767123287671,1,Copley,148.88874000067935
2016-08-11 11:32:00,12/3/24 13:27,2028-12-03 13:24:00,LASH L'AMOUR,SPA,129 Newbury ST,Boston,MA,2116,42.351372,-71.076818,lash lamour,,True,9.676712328767124,1,Copley,200.4442439992013
2022-08-05 11:15:00,,2026-08-05 11:14:00,Lavish Budget Dreams,Consultation,867 Boylston ST,Boston,MA,2116,42.348668,-71.08340699999997,lavish budget dreams,,True,3.6904109589041094,1,Prudential,534.3327989970218
2024-04-16 13:16:00,,2028-04-16 13:14:00,Law Office of Anthony Annino III,Attorney at Law,75 Arlington ST,Boston,MA,2116,42.350549,-71.07041900000002,law office of anthony annino iii,,True,1.9917808219178081,1,Arlington,202.9997969982756
2022-09-15 11:32:00,,2026-09-15 11:31:00,Law Office of Hector E. Zumbado,Law Office,191 Beacon ST,Boston,MA,2116,42.35413,-71.07634000000002,law office of hector e zumbado,,True,3.578082191780822,1,Copley,559.9994399977475
2018-03-19 11:27:00,,2022-03-19 11:22:00,Law Office of Jonathan C. Hatfield,Legal Services,30 Newbury ST,Boston,MA,2116,42.352082,-71.07263699999999,law office of jonathan c hatfield,,False,4.0,1,Arlington,213.7775639986965
2019-09-23 16:20:00,8/28/23 10:51,2027-08-28 10:51:00,Law Office of Leonard M. Singer,Lawyer,265 Dartmouth ST,Boston,MA,2116,42.350757,-71.077291,law office of leonard m singer,,True,6.558904109589041,1,Copley,79.55547599967248
2020-04-21 12:01:00,,2024-04-21 12:00:00,Law Office of Neil Kreuzer,Law office,268 Newbury ST,Boston,MA,2116,42.349162,-71.08327099999997,law office of neil kreuzer,,False,4.0,1,Prudential,574.110536996858
2022-06-28 11:46:00,,2026-06-28 11:43:00,LAZZONI,RETAIL FURNITURE STORE,75 Newbury ST,Boston,MA,2116,42.351955,-71.07451200000003,lazzoni,,True,3.7945205479452055,1,Arlington,407.9995920025544
2024-07-09 14:21:00,,2028-07-09 14:18:00,Le Mari Restaurant,Full Service Restaurant,259 Newbury ST,Boston,MA,2116,42.349609,-71.08319399999999,le mari restaurant,,True,1.7616438356164383,1,Copley,600.7771769997959
2022-10-24 13:56:00,,2026-10-24 13:55:00,Legal Sea Foods,Restaurant,300 Boylston ST,Boston,MA,2116,42.351873,-71.06989799999997,legal sea foods,,True,3.4712328767123286,2,Arlington,113.77766400406124
2021-06-24 16:07:00,7/2/25 12:19,2029-07-02 11:53:00,Legal Sea Foods,Restaurant,100 Huntington AV,Boston,MA,2116,42.347312,-71.07812200000001,legal sea foods,,True,4.8054794520547945,2,Back Bay,270.33306300038447
2016-09-13 10:41:00,9/23/24 16:11,2028-09-23 12:46:00,Leica Camera Store Boston,Retail,75 Arlington ST,Boston,MA,2116,42.350549,-71.07041900000002,leica camera store boston,,True,9.586301369863014,1,Arlington,202.9997969982756
2020-11-05 12:01:00,12/17/24 9:35,2028-12-17 09:28:00,L'ELITE BOUTIQUE BRIDAL,BRIDAL BOUTIQUE,137 Newbury ST,Boston,MA,2116,42.35129,-71.07713999999999,lelite boutique bridal,,True,5.438356164383562,1,Copley,155.55540000121644
2023-02-27 13:55:00,,2027-02-27 12:21:00,LENSCRAFTERS #1140,Retail-Optical,201 Newbury ST,Boston,MA,2116,42.350424,-71.08014100000003,lenscrafters 1140,,True,3.126027397260274,1,Copley,293.88859500328226
2024-12-02 13:09:00,,2028-12-02 13:06:00,Levain Bakery,Retail Bakery,180 Newbury ST,Boston,MA,2116,42.350183,-71.07942000000003,levain bakery,,True,1.3616438356164384,1,Copley,186.999813003934
2019-05-13 12:54:00,5/5/23 13:45,2027-05-05 12:50:00,Levinson Harris Medical Group,Medical Practice,535 Boylston ST,Boston,MA,2116,42.350803,-71.075628,levinson harris medical group,,True,6.923287671232877,1,Copley,269.4441750002602
2022-03-14 12:00:00,,2026-03-14 11:58:00,Liberty Mutual Insurance Agency,Insurance Agent/Broker,175 Berkeley ST,Boston,MA,2116,42.35011,-71.07175699999999,liberty mutual insurance agency,,False,4.0,1,Arlington,295.1108159994069
2014-06-02 00:00:00,6/15/22 15:41,2026-06-15 10:26:00,LIBERTY MUTUAL INVESTMENTS,INVESTMENTS,175 Berkeley ST,Boston,MA,2116,42.35011,-71.07175699999999,liberty mutual investments,,True,11.873972602739727,1,Arlington,295.1108159994069
2023-12-13 12:42:00,,2027-12-13 12:38:00,Life Changes Group of Massachusetts,Behavioral Care Services,575 Boylston ST,Boston,MA,2116,42.350552,-71.07654000000002,life changes group of massachusetts,,True,2.334246575342466,1,Copley,140.22208199729684
2016-12-13 14:29:00,6/24/21 13:40,2025-06-24 13:38:00,Life Planning Group,LIfe Insurance & Investments,75 Arlington ST,Boston,MA,2116,42.350549,-71.07041900000002,life planning group,,False,8.531506849315068,1,Arlington,202.9997969982756
2021-05-11 13:38:00,,2025-05-11 12:55:00,Light Street Capital Management,Investment Advisory,200 Clarendon ST,Boston,MA,2116,42.348962,-71.07502399999998,light street capital management,,False,4.0,1,Back Bay,257.2219650019072
2025-05-07 16:18:00,,2029-05-07 16:16:00,Lil Sweet Treat,Retail Candy Store,215 Newbury ST,Boston,MA,2116,42.350142,-71.08127999999999,lil sweet treat,,True,0.9342465753424658,1,Copley,389.1107219997168
2019-09-03 15:43:00,9/18/23 12:39,2027-09-18 11:46:00,Lilly Pulitzer,Retail Clothing,133 Newbury ST,Boston,MA,2116,42.351333,-71.07698199999999,lilly pulitzer,,True,6.6136986301369864,1,Copley,177.88871100088414
2019-04-11 15:50:00,10/6/23 12:32,2027-10-06 12:30:00,Lindauer,Executive Search Firm,131 Dartmouth ST,Boston,MA,2116,42.346988,-71.07513499999999,lindauer,,True,7.010958904109589,1,Back Bay,105.99989400080298
2014-08-21 00:00:00,10/24/22 11:34,2026-10-24 11:33:00,LINNANE REAL ESTATE,REAL ESTATE SALES / LEASING,160 Commonwealth AV,Boston,MA,2116,42.351334,-71.07860199999999,linnane real estate,,True,11.654794520547945,1,Copley,223.9997759997306
2022-07-27 12:59:00,,2026-07-27 12:57:00,Little Panda Early Learning and Care Center,Childcare,332 Tremont ST,Boston,MA,2116,42.348403,-71.065788,little panda early learning and care center,,True,3.7150684931506848,2,Tufts Medical Center,347.77742999986054
2016-02-04 00:00:00,2/26/24 10:42,2028-02-26 10:37:00,LITTLE PANDA EARLY LEARNING AND CARE CENTER,DAYCARE,285 Tremont ST,Boston,MA,2116,42.34973,-71.06554,little panda early learning and care center,,True,10.197260273972603,2,Tufts Medical Center,187.8887009993213
2024-01-23 14:42:00,,2028-01-23 14:42:00,LJR Communications Design,Marketing & Communications,651 Boylston ST,Boston,MA,2116,42.35006,-71.07850000000002,ljr communications design,,True,2.221917808219178,1,Copley,71.11104000283433
2019-08-30 14:53:00,,2023-08-30 14:47:00,Lobstah On A Roll,Rrestaurant,254 Newbury ST,Boston,MA,2116,42.349315,-71.08273700000001,lobstah on a roll,,False,4.0,1,Prudential,531.7772460011055
2024-06-13 16:33:00,,2028-06-13 16:19:00,LOEWE BOSTON COPLEY,RETAIL,100 Huntington AV,Boston,MA,2116,42.347312,-71.07812200000001,loewe boston copley,,True,1.832876712328767,1,Back Bay,270.33306300038447
2013-02-12 00:00:00,,2013-08-21 00:00:00,LOEWS BOSTON BACK BAY HOTEL,HOTEL,350 Stuart ST,Boston,MA,2116,42.34924,-71.07244000000003,loews boston back bay hotel,,False,0.5205479452054794,1,Arlington,467.666199003493
2013-08-21 00:00:00,4/28/22 15:59,2026-04-28 15:48:00,LOEWS BOSTON HOTEL,HOTEL,154 Berkeley ST,Boston,MA,2116,42.34929,-71.072294,loews boston hotel,,True,12.654794520547945,1,Arlington,445.8884430000543
2024-08-15 14:15:00,,2028-08-15 11:54:00,LOFT #1932,RETAIL,100 Huntington AV,Boston,MA,2116,42.347312,-71.07812200000001,loft 1932,,True,1.6602739726027398,1,Back Bay,270.33306300038447
2020-01-15 12:37:00,,2024-01-15 12:24:00,Logos Communications,Onlined Marketing,198 Tremont ST,Boston,MA,2116,42.35213,-71.06437,logos communications,,False,4.0,1,Boylston,79.22214300051407
2023-09-19 12:35:00,,2027-09-19 12:29:00,LONG BAR & TERRACE,RESTAURANT,40 Trinity PL,Boston,MA,2116,42.348427,-71.07501400000001,long bar  terrace,,True,2.5671232876712327,1,Back Bay,198.8886899991812
2019-06-28 11:19:00,10/5/23 15:44,2027-10-05 15:36:00,longpoint,management consulting,398 Columbus AV,Boston,MA,2116,42.344565,-71.07638800000001,longpoint,,True,6.7972602739726025,1,Back Bay,382.8885060004261
2022-08-10 15:23:00,,2026-08-10 15:16:00,Longpoint Partners,Real Estate Investment,116 Huntington AV,Boston,MA,2116,42.346471,-71.08002999999997,longpoint partners,,True,3.6767123287671235,1,Prudential,285.22193700305775
2016-08-29 12:09:00,8/21/24 16:03,2028-08-21 14:03:00,LONG'S JEWELERS,RETAIL JEWELRY STORE,180 NEWBURY ST,Boston,MA,2116,42.350183,-71.07942000000003,longs jewelers,,True,9.627397260273973,1,Copley,186.999813003934
2020-02-21 11:41:00,,2024-02-21 11:39:00,Longway Cheddar,Multi-Media Services,15 Yarmouth ST,Boston,MA,2116,42.34603,-71.07649000000004,longway cheddar,,False,4.0,1,Back Bay,231.44421300383044
2020-10-26 14:49:00,10/23/24 16:56,2028-10-23 16:32:00,Lost Haven Press,Publishing,135 Newbury ST,Boston,MA,2116,42.351259,-71.07704000000001,lost haven press,,True,5.465753424657534,1,Copley,163.2220589984393
2016-08-25 10:19:00,8/29/25 14:45,2029-08-29 13:55:00,LOUIS VUITTON,RETAIL - LUGGAGE AND LEATHER GOODS,100 Huntington AV,Boston,MA,2116,42.347312,-71.07812200000001,louis vuitton,,True,9.638356164383561,1,Back Bay,270.33306300038447
2014-11-26 00:00:00,8/4/22 14:21,2026-08-04 14:04:00,LULULEMON ATHLETICA,RETAIL,206 Newbury ST,Boston,MA,2116,42.34992,-71.08042,lululemon athletica,,True,11.389041095890411,1,Copley,268.88862000087335
2019-10-09 10:27:00,9/18/23 12:34,2027-09-18 11:34:00,Luminary Strategies,Consulting,303 Columbus AV,Boston,MA,2116,42.3467,-71.07454000000001,luminary strategies,,True,6.515068493150685,1,Back Bay,204.11090699862825
2025-01-27 10:41:00,,2029-01-27 10:37:00,Lush Handmade Cosmetics,"Cosmetics, Beauty Supplies and Perfume Retailer",144 Newbury ST,Boston,MA,2116,42.350868,-71.07738599999999,lush handmade cosmetics,,True,1.2082191780821918,1,Copley,83.55547199825787
2014-12-22 00:00:00,7/14/23 12:55,2027-07-14 12:45:00,LUX BOND & GREEN,Jewelry Store,20 Park PZ,Boston,MA,2116,42.35147,-71.06880999999998,lux bond  green,,True,11.317808219178081,1,Arlington,279.44416500185537
2025-01-23 16:16:00,,2029-01-23 16:15:00,Lux by Nix,Online Retail,274 Beacon ST,Boston,MA,2116,42.353456,-71.08094399999999,lux by nix,,True,1.2191780821917808,1,Copley,719.9992799995852
2015-02-11 00:00:00,1/4/23 14:19,2027-01-04 14:17:00,LUXURY HOMES,REAL ESTATE,154 Beacon ST,Boston,MA,2116,42.354772,-71.07593800000001,luxury homes,,True,11.178082191780822,1,Copley,675.9993239985666
2017-08-22 11:00:00,7/29/25 16:14,2029-07-29 12:38:00,LVI ASSOCIATES,STAFFING GROUP,200 Clarendon ST,Boston,MA,2116,42.348962,-71.07502399999998,lvi associates,,True,8.646575342465754,1,Back Bay,257.2219650019072
2018-10-18 09:35:00,2/13/23 16:38,2027-02-13 13:34:00,Lynch & Associates,Insurance,535 Boylston ST,Boston,MA,2116,42.350803,-71.075628,lynch  associates,,True,7.49041095890411,1,Copley,269.4441750002602
2024-05-21 11:05:00,,2028-05-21 11:04:00,Lynx Fitness Club,Fitness Club,64 Arlington ST,Boston,MA,2116,42.350708,-71.06992200000002,lynx fitness club,,True,1.895890410958904,1,Arlington,240.5553149981959
2024-05-28 15:37:00,,2028-05-28 12:10:00,M&T Bank,Bank,425 Boylston ST,Boston,MA,2116,42.351557,-71.072698,mt bank,,True,1.8767123287671232,1,Arlington,238.88865000082487
2014-06-13 00:00:00,8/8/22 11:43,2026-08-08 10:36:00,M. J O'CONNOR'S,RESTAURANT,27 Columbus AV,Boston,MA,2116,42.351143,-71.06894999999997,m j oconnors,,True,11.843835616438357,1,Arlington,300.221922003082
2024-01-24 13:11:00,,2028-01-24 13:08:00,M. Louise Studio,Hair Salon,129 Newbury ST,Boston,MA,2116,42.351372,-71.076818,m louise studio,,True,2.219178082191781,1,Copley,200.4442439992013
2016-04-13 00:00:00,9/8/25 14:06,2029-09-08 14:05:00,M1 AIRPORT LIVERY,TRANSPORTATION,96 Dartmouth ST,Boston,MA,2116,42.34594,-71.07549,m1 airport livery,,True,10.008219178082191,1,Back Bay,182.9998169998222
2015-12-21 00:00:00,12/27/23 16:05,2027-12-27 16:02:00,MACMILLAN HIGHER EDUCATION,PUBLISHING,75 Arlington ST,Boston,MA,2116,42.350549,-71.07041900000002,macmillan higher education,,True,10.32054794520548,1,Arlington,202.9997969982756
2021-08-11 15:14:00,7/3/25 12:25,2029-07-03 12:22:00,Macmillan Learning,Publishing,75 Arlington ST,Boston,MA,2116,42.350549,-71.07041900000002,macmillan learning,,True,4.673972602739726,1,Arlington,202.9997969982756
2012-11-16 00:00:00,,2013-08-27 00:00:00,MACPHERSON GROUP,STAFING & RECRUITMENT,224 Clarendon ST,Boston,MA,2116,42.351224,-71.07565,macpherson group,,False,0.7780821917808219,1,Copley,313.77746400043713
2024-12-06 13:16:00,,2028-12-06 13:15:00,"MADELEINE'S CANDY SHOP,",Candy shop,47 Clarendon ST,Boston,MA,2116,42.345923,-71.072724,madeleines candy shop,,True,1.3506849315068492,1,Back Bay,492.2217300007081
2018-05-22 13:15:00,4/25/22 13:58,2026-04-25 11:26:00,Maggiano's Little Italy,Restaurant,4 Columbus AV,Boston,MA,2116,42.351223,-71.06820900000002,maggianos little italy,,True,7.898630136986301,1,Arlington,373.6662929976568
2015-08-04 00:00:00,9/6/19 10:03,2023-09-06 09:59:00,MAGIC TOUCH CAR CLEANING SERVICE,CAR WASH,131 Dartmouth ST,Boston,MA,2116,42.346988,-71.07513499999999,magic touch car cleaning service,,False,8.095890410958905,1,Back Bay,105.99989400080298
2015-02-04 00:00:00,,2019-02-04 00:00:00,MAHNAZ ENTERPRISE,CONVENIENCE STORE,283 Tremont ST,Boston,MA,2116,42.349614,-71.06571099999996,mahnaz enterprise,,False,4.002739726027397,1,Tufts Medical Center,204.6664619956466
2023-05-10 11:54:00,,2027-05-10 11:52:00,Malmberg Travel,Travel Agency,30 Commonwealth AV,Boston,MA,2116,42.352918,-71.07272999999998,malmberg travel,,True,2.9287671232876713,1,Arlington,316.9996829978283
2016-12-20 15:51:00,7/12/21 14:29,2025-07-12 14:19:00,Mancebo Fitness,Health & Fitness,82 Commonwealth AV,Boston,MA,2116,42.352188,-71.07536900000002,mancebo fitness,,False,8.561643835616438,1,Copley,452.11065899697655
2023-11-14 14:00:00,,2027-11-14 14:00:00,Manifest,Retail,124 Chandler ST,Boston,MA,2116,42.345979,-71.07403899999997,manifest,,True,2.4136986301369863,1,Back Bay,339.8885490031988
2025-10-06 11:25:00,,2029-10-06 11:23:00,Marathon Financial Group,Financial Services,131 Dartmouth ST,Boston,MA,2116,42.346988,-71.07513499999999,marathon financial group,,True,0.5178082191780822,1,Back Bay,105.99989400080298
2016-04-05 00:00:00,2/20/24 12:04,2028-02-20 11:02:00,MARCUS MENTAL HEALTH ASSOCIATES,,82 Marlborough ST,Boston,MA,2116,42.353431,-71.075693,marcus mental health associates,,True,10.03013698630137,1,Copley,554.2216679997031
2015-01-12 00:00:00,1/23/23 13:56,2027-01-23 13:55:00,MARIA KARALEXIS,HAIR SALON,35 Newbury ST,Boston,MA,2116,42.352432,-71.07299499999999,maria karalexis,,True,11.26027397260274,1,Arlington,292.4441519990342
2018-05-31 12:23:00,,2022-05-31 12:19:00,MARIA'S TAQUERIA,RESTAURANT CRISTIAN,226 Tremont ST,Boston,MA,2116,42.351411,-71.06464800000003,marias taqueria,,False,4.0,1,Boylston,128.22209399680372
2015-05-13 00:00:00,6/27/23 15:15,2027-06-27 11:21:00,MARIO RUSSO,SALON,9 Newbury ST,Boston,MA,2116,42.352736,-71.07190300000002,mario russo,,True,10.92876712328767,1,Arlington,204.88868400219096
2019-08-19 15:31:00,,2023-08-19 15:30:00,Markitbull,Digital Marketing / Worksite Development,176 Newbury ST,Boston,MA,2116,42.350302,-71.07909599999999,markitbull,,False,4.0,1,Copley,164.22205799986202
2015-05-21 00:00:00,4/10/23 15:29,2027-04-10 11:34:00,MARSH PROPERTIES,REAL ESTATE,30 Newbury ST,Boston,MA,2116,42.352082,-71.07263699999999,marsh properties,,True,10.906849315068493,1,Arlington,213.7775639986965
2015-11-02 00:00:00,12/1/23 12:37,2027-12-01 11:09:00,MARTHA RICHARDSON FINE ART,ART GALLERY,38 Newbury ST,Boston,MA,2116,42.352149,-71.07281499999999,martha richardson fine art,,True,10.454794520547946,1,Arlington,240.9997589986528
2019-10-28 15:24:00,,2023-10-28 15:23:00,Martignetti Interiors,Interiors Design,400 Stuart ST,Boston,MA,2116,42.348944,-71.07378299999999,martignetti interiors,,False,4.0,1,Back Bay,393.1107180014602
2017-02-15 11:35:00,4/22/21 13:37,2025-04-22 12:44:00,Mary Scerbo Interiors,Interior Design,1 Charles ST,Boston,MA,2116,42.351541,-71.067431,mary scerbo interiors,,False,8.186301369863013,1,Boylston,415.4440289995489
2019-12-09 14:05:00,11/17/23 11:27,2027-11-17 11:25:00,Mass Wellness,"Health/ Wellness, Education",665 Boylston ST,Boston,MA,2116,42.349947,-71.07873000000001,mass wellness,,True,6.347945205479452,1,Copley,84.11102700159216
2016-04-05 00:00:00,5/15/24 8:57,2028-05-15 08:34:00,MASSACHUSETTS EYE PLASTIC SURGERY AND LASER CENTER,MEDICAL PRACTICE,115 Newbury ST,Boston,MA,2116,42.351496,-71.07613500000002,massachusetts eye plastic surgery and laser center,,True,10.03013698630137,1,Copley,290.1108209970304
2014-08-06 00:00:00,7/26/22 11:08,2026-07-26 11:04:00,MASSACHUSETTS REALTY GROUP,TRANSPORTATION PROPERTY MANAGEMENT,20 Park PZ,Boston,MA,2116,42.35147,-71.06880999999998,massachusetts realty group,,True,11.695890410958905,1,Arlington,279.44416500185537
2014-10-15 00:00:00,10/31/22 14:00,2026-10-31 12:40:00,MASTERPIECE DENTISTRY AT COPLEY,DENTAL OFFICE,441 Stuart ST,Boston,MA,2116,42.34858,-71.076006,masterpiece dentistry at copley,,True,11.504109589041096,1,Back Bay,167.66649900063953
2020-02-21 11:04:00,,2024-02-21 11:01:00,Matter 7,Service Firm Design,501 Boylston ST,Boston,MA,2116,42.351151,-71.074545,matter 7,,False,4.0,1,Copley,428.4440159998857
2026-02-02 13:22:00,,2030-02-02 13:19:00,Matthew B. Ross,Consulting,19 Cortes ST,Boston,MA,2116,42.348403,-71.07045700000003,matthew b ross,,True,0.1917808219178082,1,Arlington,437.2217849966718
2016-10-07 13:06:00,10/15/24 10:36,2028-10-15 09:52:00,Mattress Firm,Retail Mattress Sales,811 Boylston ST,Boston,MA,2116,42.349009,-71.08226000000002,mattress firm,,True,9.520547945205479,1,Prudential,444.7773330028596
2022-11-21 15:55:00,,2026-11-21 15:46:00,MAVEN A COLLECT,Beauty Salon,119 Newbury ST,Boston,MA,2116,42.351445,-71.07635900000002,maven a collect,,True,3.3945205479452056,1,Copley,259.5552959968056
2016-05-20 00:00:00,1/29/25 12:29,2029-01-29 12:28:00,MAX FREEMAN MUSIC,WRITING MUSIC,331 Columbus AV,Boston,MA,2116,42.346117,-71.07519100000002,max freeman music,,True,9.906849315068493,1,Back Bay,196.5553589979669
2018-07-30 13:34:00,7/13/22 13:07,2026-07-13 13:06:00,Maxi Limo,Party Bus,867 Boylston ST,Boston,MA,2116,42.348668,-71.08340699999997,maxi limo,,True,7.7095890410958905,1,Prudential,534.3327989970218
2014-09-17 00:00:00,9/24/18 14:00,2022-09-24 13:52:00,MAXMARA RETAIL,WOMENIS RETAILING,69 Newbury ST,Boston,MA,2116,42.352016,-71.07424100000003,maxmara retail,,False,8.024657534246575,1,Arlington,384.6662820030431
2025-05-12 15:52:00,,2029-05-12 15:46:00,McBournie Richards,Fabric and Wallpaper Design and Sales,71 Newbury ST,Boston,MA,2116,42.351999,-71.07433700000001,mcbournie richards,,True,0.9205479452054794,1,Arlington,393.44405100140807
2025-05-12 15:54:00,,2029-05-12 15:44:00,McBournie Richards Home,Fabric and Wallpaper Design and Sales,71 Newbury ST,Boston,MA,2116,42.351999,-71.07433700000001,mcbournie richards home,,True,0.9205479452054794,1,Arlington,393.44405100140807
2026-01-14 11:43:00,,2030-01-14 11:42:00,MdM - Maison de Mertine - Lifestyle - Fashion House,Fashion House - Lifestyle,3 Arlington ST,Boston,MA,2116,42.355022,-71.07257500000003,mdm  maison de mertine  lifestyle  fashion house,,True,0.24383561643835616,1,Arlington,533.5550220029329
2025-11-07 15:02:00,,2029-11-07 15:01:00,Me to You Companionship Services,Companionship Services,4 Yarmouth PL,Boston,MA,2116,42.34628,-71.07634000000002,me to you companionship services,,True,0.4301369863013699,1,Back Bay,186.9998130015656
2015-06-05 00:00:00,6/6/19 9:45,2023-06-06 09:45:00,MELISSA M. MANN ACCOUNTING CONSULTANT,CONSULTING,505 Tremont ST,Boston,MA,2116,42.345,-71.07074,melissa m mann accounting consultant,,False,8.008219178082191,1,Arlington,783.8881050001271
2024-07-23 14:50:00,,2028-07-23 14:47:00,Memory Shop,Photography,230 Newbury ST,Boston,MA,2116,42.349702,-71.08140100000003,memory shop,,True,1.7232876712328766,1,Copley,391.2218310038607
2020-02-10 10:10:00,5/13/24 15:57,2028-05-13 12:44:00,MEREDITH LANE AESTHETICS,Facial Aesthetics,283 Dartmouth ST,Boston,MA,2116,42.351284,-71.07770800000003,meredith lane aesthetics,,True,6.175342465753425,1,Copley,165.5553900028116
2021-02-05 15:20:00,3/5/25 12:56,2029-03-05 12:53:00,Met Back Bay and Saltie Girl,Restaurant,277 Dartmouth ST,Boston,MA,2116,42.351134,-71.07754599999998,met back bay and saltie girl,,True,5.186301369863013,1,Copley,130.88875799796597
2019-05-16 10:20:00,8/2/23 12:20,2027-08-02 11:08:00,Met Prime & Saltie Girl,Restaurant,279 Dartmouth ST,Boston,MA,2116,42.35122,-71.07758899999999,met prime  saltie girl,,True,6.9150684931506845,1,Copley,145.2220769980944
2022-03-01 13:43:00,,2026-03-01 13:41:00,Metal Brite,Metal Cleaning,75 Arlington ST,Boston,MA,2116,42.350549,-71.07041900000002,metal brite,,False,4.0,1,Arlington,202.9997969982756
2023-09-28 14:46:00,,2027-09-28 14:43:00,Metro,Nightclub,100 Stuart ST,Boston,MA,2116,42.350827,-71.06559099999998,metro,,True,2.5424657534246577,1,Boylston,290.3330429972588
2017-03-31 13:32:00,12/2/25 11:28,2029-12-02 11:26:00,MFRConsulting,Management Consulting,144 Beacon ST,Boston,MA,2116,42.354966,-71.07552699999997,mfrconsulting,,True,9.04109589041096,1,Copley,743.2214790033246
2025-09-02 12:23:00,,2029-09-02 12:21:00,MG Boston,Retail and Wholesale of Jewlery and Watches,11 Newbury ST,Boston,MA,2116,42.352726,-71.072026,mg boston,,True,0.6109589041095891,1,Arlington,217.4442269989129
2021-01-28 13:11:00,5/12/25 17:02,2029-05-12 15:18:00,Michael Albor Salons,Hair salon,253 Newbury ST,Boston,MA,2116,42.349673,-71.082944,michael albor salons,,True,5.208219178082191,1,Copley,565.8883230002483
2017-10-19 12:21:00,1/28/22 14:11,2026-01-28 14:10:00,Mike and Patty's,Restaurant,12 Church ST,Boston,MA,2116,42.348553,-71.06793399999998,mike and pattys,,False,8.282191780821918,1,Tufts Medical Center,569.5549859973067
2016-09-15 14:22:00,1/6/26 13:34,2030-01-06 13:26:00,Miniluxe,Nail Salon,31 Newbury ST,Boston,MA,2116,42.352423,-71.07283799999999,miniluxe,,True,9.580821917808219,1,Arlington,273.999725999022
2023-04-04 11:43:00,,2027-04-04 11:41:00,Minnah & Korn Orthodontics on Newbury Street,Dental (Orthodontics),115 Newbury ST,Boston,MA,2116,42.351496,-71.07613500000002,minnah  korn orthodontics on newbury street,,True,3.0273972602739727,1,Copley,290.1108209970304
2020-10-09 11:33:00,12/2/24 13:36,2028-12-02 13:35:00,Minotti Boston,retail furniture,200 Stuart ST,Boston,MA,2116,42.350443,-71.06708700000001,minotti boston,,True,5.512328767123288,1,Tufts Medical Center,438.9995610008677
2023-06-06 14:42:00,,2027-06-06 14:41:00,Minuteman Service Co.,Painting/Landscaping,333 Columbus AV,Boston,MA,2116,42.34612,-71.07519000000002,minuteman service co,,True,2.8547945205479452,1,Back Bay,196.33313699773845
2014-06-04 00:00:00,6/2/22 12:34,2026-06-02 12:32:00,MISMAG PUBLISHING,PUBLISHING,867 Boylston ST,Boston,MA,2116,42.348668,-71.08340699999997,mismag publishing,,True,11.868493150684932,1,Prudential,534.3327989970218
2021-01-21 12:49:00,1/17/25 12:31,2029-01-17 12:27:00,MISS MIA,RETAIL,264 Newbury ST,Boston,MA,2116,42.349231,-71.08312999999998,miss mia,,True,5.227397260273973,1,Prudential,566.1105449988977
2013-11-12 00:00:00,10/29/25 16:01,2029-10-29 15:50:00,MISTRAL,RESTAURANT,223 Columbus AV,Boston,MA,2116,42.348281,-71.072701,mistral,,True,12.427397260273972,1,Back Bay,439.6662270007635
2025-11-28 14:01:00,,2029-11-28 13:58:00,Mizu Matcha,Ice Cream Shop,217 Newbury ST,Boston,MA,2116,42.350152,-71.08137799999997,mizu matcha,,True,0.3726027397260274,1,Copley,401.1107099978415
2023-09-07 15:29:00,,2027-09-07 11:22:00,MM LAFLEUR,RETAIL,134 Newbury ST,Boston,MA,2116,42.350929,-71.07677999999999,mm lafleur,,True,2.6,1,Copley,155.44428900149697
2023-01-13 15:08:00,,2027-01-13 15:06:00,"Mo Katz-Christy, Herbalist",Educational Consultions,23 Dartmouth ST,Boston,MA,2116,42.343698,-71.07401900000002,mo katzchristy herbalist,,True,3.249315068493151,1,Back Bay,595.554959997191
2022-06-24 16:05:00,,2026-06-24 16:04:00,Modern Safety,Safety Consulting,430 Columbus AV,Boston,MA,2116,42.34397,-71.07722999999999,modern safety,,True,3.8054794520547945,1,Back Bay,542.5550129983684
2020-08-13 13:15:00,,2024-08-13 13:12:00,Momma Lena's Specialties,Cook book publishing,398 Columbus AV,Boston,MA,2116,42.344565,-71.07638800000001,momma lenas specialties,,False,4.0,1,Back Bay,382.8885060004261
2026-03-06 16:14:00,,2030-03-06 16:07:00,Mona Minkara,Sole Proprietorship,374 Columbus AV,Boston,MA,2116,42.345069,-71.07587899999999,mona minkara,,True,0.10410958904109589,1,Back Bay,270.333062998016
2014-02-12 00:00:00,3/16/26 13:32,2030-03-16 12:27:00,MONDI'S BROW STUDIO,EUCBROCUSH,33 Newbury ST,Boston,MA,2116,42.352402,-71.07291299999997,mondis brow studio,,True,12.175342465753424,1,Arlington,279.9997199965053
2025-09-03 12:09:00,,2029-09-03 12:06:00,MONOS,Retail,136 Newbury ST,Boston,MA,2116,42.350906,-71.076866,monos,,True,0.6082191780821918,1,Copley,143.3331900004949
2019-11-18 15:50:00,11/13/23 16:36,2027-11-13 14:18:00,Montblanc,Retail,100 Huntington AV,Boston,MA,2116,42.347312,-71.07812200000001,montblanc,,True,6.405479452054794,1,Back Bay,270.33306300038447
2015-08-14 00:00:00,7/14/23 12:56,2027-07-14 09:44:00,MONTBLANC NORTH AMERICA,RETAILER OF FINE WRITING INSTRUMENTS,100 Huntington AV,Boston,MA,2116,42.347312,-71.07812200000001,montblanc north america,,True,10.673972602739726,1,Back Bay,270.33306300038447
2019-06-24 12:56:00,7/3/23 14:54,2027-07-03 13:55:00,Montgomery Park Short Term Rental,Short Term Rental,72 Montgomery ST,Roxbury,MA,2116,42.34328,-71.07454000000001,montgomery park short term rental,,True,6.808219178082192,1,Back Bay,584.1105269984531
2017-03-20 12:22:00,4/18/25 12:30,2029-04-18 12:29:00,Montgomery Street Press,"publishing, writing, researching",73 Montgomery ST,Boston,MA,2116,42.343554,-71.07474300000001,montgomery street press,,True,9.07123287671233,1,Back Bay,531.1105799988411
2016-03-01 00:00:00,4/18/24 13:30,2028-04-18 13:28:00,MORAN RESIDENTIAL ADVISORY GROUP,REAL ESTATE ADVISORY SERVICES,277 Dartmouth ST,Boston,MA,2116,42.351134,-71.07754599999998,moran residential advisory group,,True,10.126027397260273,1,Copley,130.88875799796597
2016-03-25 00:00:00,3/25/24 15:28,2028-03-25 15:27:00,MORBEL GLOBAL ENT,IMPORT-EXPORT,133 Clarendon ST,Boston,MA,2116,42.348626,-71.073936,morbel global ent,,True,10.06027397260274,1,Back Bay,340.77743700016504
2023-03-29 11:33:00,,2027-03-29 11:32:00,Moscot,Retail,142 Newbury ST,Boston,MA,2116,42.350807,-71.07708100000002,moscot,,True,3.043835616438356,1,Copley,108.44433599778932
2019-04-12 12:24:00,5/15/23 14:57,2027-05-15 12:46:00,Motor Mart Garage,Parking Garage,201 Stuart ST,Boston,MA,2116,42.351223,-71.06820900000002,motor mart garage,,True,7.008219178082192,1,Arlington,373.6662929976568
2019-10-28 15:14:00,10/18/23 10:14,2027-10-18 10:09:00,Moxy Hotel,Hotel,240 Tremont ST,Boston,MA,2116,42.350885,-71.064595,moxy hotel,,True,6.463013698630137,1,Boylston,192.55536300096048
2019-10-15 12:21:00,3/17/25 12:47,2029-03-17 12:43:00,Mr. Tea,Restaurant,266 Newbury ST,Boston,MA,2116,42.349192,-71.08320100000003,mr tea,,True,6.498630136986302,1,Prudential,569.6660970041316
2019-06-19 15:40:00,6/16/23 9:07,2027-06-16 09:02:00,Ms. Huang Art Studio,Teaching Art Lessons,333 Tremont ST,Boston,MA,2116,42.348926,-71.06620399999997,ms huang art studio,,True,6.821917808219178,1,Tufts Medical Center,335.88855299671843
2018-06-05 10:09:00,8/2/22 11:22,2026-08-02 11:20:00,MTDRE,Real Estate,9 Appleton ST,Boston,MA,2116,42.346436,-71.07024899999999,mtdre,,True,7.86027397260274,1,Arlington,678.8882100015363
2022-04-21 14:37:00,,2026-04-21 14:36:00,MUNS BOSTON,Esthetics Shop,252 Newbury ST,Boston,MA,2116,42.349334,-71.08266500000002,muns boston,,True,3.9808219178082194,1,Prudential,525.8883630025521
2020-04-28 14:10:00,,2024-04-28 11:44:00,Murrelli,"Advertising, Consulting",867 Boylston ST,Boston,MA,2116,42.348668,-71.08340699999997,murrelli,,False,4.0,1,Prudential,534.3327989970218
2023-10-20 11:22:00,,2027-10-20 11:20:00,Muse.ai,Tech company,277 Marlborough ST,Boston,MA,2116,42.351961,-71.082853,museai,,True,2.4821917808219176,1,Copley,765.9992340010806
2020-03-02 14:20:00,,2024-03-02 14:19:00,My Freight Exchange,software,75 Arlington ST,Boston,MA,2116,42.350549,-71.07041900000002,my freight exchange,,False,4.0,1,Arlington,202.9997969982756
2020-01-29 14:20:00,,2024-01-29 14:18:00,My Game Concierge,Video Game Services,4 Copley PL,Boston,MA,2116,42.347278,-71.07767999999999,my game concierge,,False,4.0,1,Back Bay,224.99977499799533
2020-09-15 10:39:00,,2024-09-15 10:38:00,My Litttle Peanut,Online retail,398 Columbus AV,Boston,MA,2116,42.344565,-71.07638800000001,my litttle peanut,,False,4.0,1,Back Bay,382.8885060004261
2019-08-26 09:27:00,8/31/23 14:01,2027-08-31 13:59:00,My Merchant Needs,Consulting,30 Newbury ST,Boston,MA,2116,42.352082,-71.07263699999999,my merchant needs,,True,6.635616438356164,1,Arlington,213.7775639986965
2018-02-05 15:13:00,,2022-02-05 14:46:00,My Nail Salon and Skin Care,Nail & Skin,261 Newton ST,Boston,MA,2116,42.345131,-71.08108099999998,my nail salon and skin care,,False,4.0,1,Prudential,117.11099400117185
2021-11-05 15:29:00,,2025-11-05 13:40:00,MYA ROYAL,Apparel + Art Work,162 Newbury ST,Boston,MA,2116,42.350469,-71.078508,mya royal,,False,4.0,1,Copley,117.44432700033023
2022-09-12 10:18:00,,2026-09-12 10:16:00,Myles Cole Enterprises,Business Consulting,867 Boylston ST,Boston,MA,2116,42.348668,-71.08340699999997,myles cole enterprises,,True,3.5863013698630137,1,Prudential,534.3327989970218
2025-02-21 15:41:00,,2029-02-21 15:15:00,MZ Wallace,Retail,103 Newbury ST,Boston,MA,2116,42.3517,-71.07541600000002,mz wallace,,True,1.1397260273972603,1,Copley,392.6662739978453
2024-08-21 11:00:00,,2028-08-21 10:58:00,Nagwa Fakhry Art,Art,8 Garrison ST,Boston,MA,2116,42.346157,-71.07964600000003,nagwa fakhry art,,True,1.643835616438356,1,Prudential,292.9997069960526
2015-03-31 00:00:00,7/15/19 12:58,2023-07-15 12:58:00,NAHITA RESTAURANT,RESTAURANT,100 Arlington ST,Boston,MA,2116,42.350019,-71.06963000000002,nahita restaurant,,False,8.295890410958904,1,Arlington,349.5552059977406
2015-01-02 00:00:00,1/4/23 11:51,2027-01-04 11:50:00,NAILS BY TATYANA,MANICURE/PEDICURE,134 Newbury ST,Boston,MA,2116,42.350929,-71.07677999999999,nails by tatyana,,True,11.287671232876713,1,Copley,155.44428900149697
2025-08-20 12:44:00,,2029-08-20 11:23:00,Nancy Michael Interiors,Interior Decorating,280 Beacon ST,Boston,MA,2116,42.353374,-71.08119199999999,nancy michael interiors,,True,0.6465753424657534,1,Copley,738.4437059995975
2023-06-02 10:52:00,,2027-06-02 09:09:00,NAS Logistics,"Invest, Acquire, and Hold Assetts",31 Saint James AV,Boston,MA,2116,42.350666,-71.07046700000001,nas logistics,,True,2.8657534246575342,1,Arlington,184.6664819995617
2023-01-11 13:35:00,,2027-01-11 13:32:00,Nashville Bar & Stage,Restaurant/Bar,255 Tremont ST,Boston,MA,2116,42.350457,-71.06535100000002,nashville bar  stage,,True,3.254794520547945,1,Tufts Medical Center,247.6664190015584
2025-08-19 15:40:00,,2029-08-19 15:38:00,Nashvilles Ghost Light Tavern,Restaurant,260 Tremont ST,Boston,MA,2116,42.350425,-71.06491499999998,nashvilles ghost light tavern,,True,0.6493150684931507,1,Tufts Medical Center,195.66647099784265
2024-05-22 15:40:00,,2028-05-22 00:00:00,Navi,Data Technologgy,129 Marlborough ST,Boston,MA,2116,42.353324,-71.07805200000001,navi,,True,1.893150684931507,1,Copley,383.99961600235775
2023-04-05 15:16:00,,2027-04-05 15:14:00,NCS Boston Cleaning Services,Cleaning Services,21 Lawrence ST,Boston,MA,2116,42.346167,-71.072407,ncs boston cleaning services,,True,3.0246575342465754,1,Back Bay,500.33283299996685
2025-04-09 16:27:00,,2029-04-09 16:26:00,Neeseberry,Product Design and Manufacturing,399 Boylston ST,Boston,MA,2116,42.351799,-71.07187799999997,neeseberry,,True,1.010958904109589,1,Arlington,120.8887679971603
2022-07-19 10:31:00,,2026-07-19 10:27:00,NEIGHBORHOOD DEVELOPMENT,MANAGEMENT,867 Boylston ST,Boston,MA,2116,42.348668,-71.08340699999997,neighborhood development,,True,3.736986301369863,1,Prudential,534.3327989970218
2016-08-01 10:47:00,,,Neiman Marcus,Speciality Retail Store,5 Copley PL,Boston,MA,2116,42.347278,-71.07767999999999,neiman marcus,,False,,1,Back Bay,224.99977499799533
2023-10-04 14:12:00,,2027-10-04 14:04:00,Neuhaus,Belgian Chocolatier,100 Huntington AV,Boston,MA,2116,42.347312,-71.07812200000001,neuhaus,,True,2.526027397260274,1,Back Bay,270.33306300038447
2016-02-25 00:00:00,2/27/24 14:21,2028-02-27 14:16:00,NEW BALANCE,RETAIL STORE,126 Newbury ST,Boston,MA,2116,42.351018,-71.07629199999997,new balance,,True,10.139726027397261,1,Copley,219.5553360038463
2017-05-26 10:09:00,12/28/22 13:43,2026-12-28 13:42:00,New England Notebuyers,Real Estate Investing,607 Boylston ST,Boston,MA,2116,42.35051,-71.07717200000002,new england notebuyers,,True,8.887671232876713,1,Copley,65.33326799768453
2015-04-06 00:00:00,6/22/23 14:44,2027-06-22 14:36:00,NEW YORK PIZZA,RESTAURANT,224 Tremont ST,Boston,MA,2116,42.351457,-71.06456200000002,new york pizza,,True,11.03013698630137,1,Boylston,132.66653399742498
2022-12-02 09:17:00,,2026-12-02 09:16:00,Newbury Cleaners,Dry Cleaners,219 Newbury ST,Boston,MA,2116,42.350124,-71.08146299999999,newbury cleaners,,True,3.3643835616438356,1,Copley,407.44403699922015
2015-01-02 00:00:00,12/19/22 16:01,2026-12-19 14:04:00,NEWBURY ELECTROLOGY & SKIN CARE,ELECTROLOGY & SKIN CARE,271 Newbury ST,Boston,MA,2116,42.349488,-71.08363199999997,newbury electrology  skin care,,True,11.287671232876713,1,Prudential,650.4437939967709
2013-09-30 00:00:00,,2017-09-30 00:00:00,NEWBURY NAIL AND SKIN SALON,"NAIL, SKIN, MASSAGE SALON",255 Newbury ST,Boston,MA,2116,42.349653,-71.08302800000001,newbury nail and skin salon,,False,4.002739726027397,1,Copley,577.4438670018635
2013-10-22 00:00:00,,2014-02-10 00:00:00,NEWBURY NAILS AND SKIN SALON,NAILSL SKINY MASSAGE SALON,255 Newbury ST,Boston,MA,2116,42.349653,-71.08302800000001,newbury nails and skin salon,,False,0.3041095890410959,1,Copley,577.4438670018635
2019-04-05 14:48:00,5/16/23 12:57,2027-05-16 12:54:00,Newbury Street Hair Show,Hair Show,176 Newbury ST,Boston,MA,2116,42.350302,-71.07909599999999,newbury street hair show,,True,7.027397260273973,1,Copley,164.22205799986202
2017-06-07 09:59:00,7/19/22 10:52,2026-07-19 10:50:00,Newbury Visions,Optomertrist,215 Newbury ST,Boston,MA,2116,42.350142,-71.08127999999999,newbury visions,,True,8.854794520547944,1,Copley,389.1107219997168
2019-03-29 16:05:00,,2023-03-29 15:39:00,News to Share Now,Online Marketing,198 Tremont ST,Boston,MA,2116,42.35213,-71.06437,news to share now,,False,4.0,2,Boylston,79.22214300051407
2019-03-29 16:05:00,,2023-03-29 15:40:00,News to Share Now,Online Marketing,198 Tremont ST,Boston,MA,2116,42.35213,-71.06437,news to share now,,False,4.0,2,Boylston,79.22214300051407
2017-05-08 15:53:00,3/9/22 9:44,2026-03-09 09:42:00,niche,Retail and Design,619 Tremont ST,Roxbury,MA,2116,42.342753,-71.07437700000003,niche,,False,8.838356164383562,1,Back Bay,660.777116996735
2023-02-03 10:51:00,,2027-02-03 10:51:00,Niche Speech Therapy,Speech Therapy,867 Boylston ST,Boston,MA,2116,42.348668,-71.08340699999997,niche speech therapy,,True,3.191780821917808,1,Prudential,534.3327989970218
2023-08-24 14:58:00,,2027-08-24 14:53:00,NIMBLEBOT,"DESIGN,STRATEGY,TECH,MARKETING",399 Boylston ST,Boston,MA,2116,42.351799,-71.07187799999997,nimblebot,,True,2.638356164383562,1,Arlington,120.8887679971603
2013-02-25 00:00:00,,2017-02-25 00:00:00,NINE WEST,RETAIL SALE FOOTWEAR & ACCESSORIES,100 Huntington AV,Boston,MA,2116,42.347312,-71.07812200000001,nine west,,False,4.002739726027397,1,Back Bay,270.33306300038447
2020-06-04 14:21:00,,2024-06-04 14:19:00,NKIRUKA PUBLISHING,PUBLISHING,867 Boylston ST,Boston,MA,2116,42.348668,-71.08340699999997,nkiruka publishing,,False,4.0,1,Prudential,534.3327989970218
2020-06-11 13:41:00,,2024-06-11 13:40:00,NKIRUKA TECH,Retail,867 Boylston ST,Boston,MA,2116,42.348668,-71.08340699999997,nkiruka tech,,False,4.0,1,Prudential,534.3327989970218
2018-06-18 15:41:00,6/17/22 14:51,2026-06-17 12:16:00,NO REST FOR BRIDGET,RETAIL,220 Newbury ST,Boston,MA,2116,42.34979,-71.08100300000001,no rest for bridget,,True,7.824657534246575,1,Copley,337.2218850020365
2025-10-30 15:54:00,,2029-10-30 12:25:00,Northeast Assisted Fertility Group/NAFG,Fertility Services/Admin,420 Boylston ST,Boston,MA,2116,42.35112,-71.07254,northeast assisted fertility groupnafg,,True,0.4520547945205479,1,Arlington,269.8886190007171
2019-02-22 15:16:00,,2023-02-22 12:06:00,Northeast Real Estate Group,Real Estate,715 Boylston ST,Boston,MA,2116,42.349616,-71.07998399999997,northeast real estate group,,False,4.0,1,Copley,243.33308999749863
2025-05-28 14:32:00,,2029-05-28 14:31:00,Nossa Beauty Studio,Hair Saloon,129 Newbury ST,Boston,MA,2116,42.351372,-71.076818,nossa beauty studio,,True,0.8767123287671232,1,Copley,200.4442439992013
2019-09-12 13:32:00,11/22/23 14:33,2027-11-22 11:13:00,Ntroduced,Employment recruitment services,20 Park PZ,Boston,MA,2116,42.35147,-71.06880999999998,ntroduced,,True,6.589041095890411,1,Arlington,279.44416500185537
2020-11-13 14:55:00,10/21/24 14:54,2028-10-21 14:47:00,Nurse Attorney Educator,Educational,198 Tremont ST,Boston,MA,2116,42.35213,-71.06437,nurse attorney educator,,True,5.416438356164384,1,Boylston,79.22214300051407
2023-04-07 09:28:00,,2027-04-07 09:27:00,Nuts Factory,Food Retail,118 Newbury ST,Boston,MA,2116,42.351144,-71.07611700000001,nuts factory,,True,3.0191780821917806,2,Copley,252.9997469983564
2016-01-29 00:00:00,7/9/24 15:33,2028-07-09 15:31:00,O.D.D. JOBS,PERSONAL ASSISTANT,23 Braddock PK,Boston,MA,2116,42.344394,-71.07846699999999,odd jobs,,True,10.213698630136987,1,Prudential,489.4439550006159
2026-01-29 14:53:00,,2030-01-29 11:16:00,ODD JOBS MEDIA,Commercial Printing,867 Boylston ST,Boston,MA,2116,42.348668,-71.08340699999997,odd jobs media,,True,0.20273972602739726,1,Prudential,534.3327989970218
2024-03-25 11:03:00,,2028-03-25 11:01:00,Officina Profumo Farmaceutica di Santa Maria Novella,Retail,121 Newbury ST,Boston,MA,2116,42.351419,-71.07645200000002,officina profumo farmaceutica di santa maria novella,,True,2.052054794520548,1,Copley,246.3330869978193
2024-10-31 13:19:00,,2028-10-31 13:16:00,OGC,Law Firm,501 Boylston ST,Boston,MA,2116,42.351151,-71.074545,ogc,,True,1.4493150684931506,1,Copley,428.4440159998857
2023-08-04 15:49:00,,2027-08-04 15:45:00,OIIMC,Art & Entertainment,867 Boylston ST,Boston,MA,2116,42.348668,-71.08340699999997,oiimc,,True,2.6931506849315068,1,Prudential,534.3327989970218
2025-06-06 13:25:00,,2029-06-06 13:24:00,Oil and Ember,Online Retail,55 Lagrange ST,Boston,MA,2116,42.351811,-71.06404499999996,oil and ember,,True,0.852054794520548,1,Boylston,150.77762700459476
2015-09-23 00:00:00,8/26/19 16:10,2023-08-26 13:59:00,OISE BOSTON,ENGLISH LANGUAGE SCHOOL,31 Saint James AV,Boston,MA,2116,42.350666,-71.07046700000001,oise boston,,False,7.928767123287671,1,Arlington,184.6664819995617
2026-03-13 16:29:00,,2030-03-13 16:14:00,Old Town Trolley Tours of Boston,Historic Tours,3 Park PZ,Boston,MA,2116,42.351581352485525,-71.06878827825892,old town trolley tours of boston,,True,0.08493150684931507,1,Arlington,269.4852033539382
2014-08-15 00:00:00,9/27/22 11:07,2026-09-27 10:57:00,Oldways,NONPROFIT FOOD AND NUTRITION,266 Beacon ST,Boston,MA,2116,42.353534,-71.08055999999999,oldways,,True,11.67123287671233,1,Copley,685.9993140001618
2014-07-14 00:00:00,9/27/22 9:59,2026-09-27 08:47:00,OLIVER BROTHERS FINE ART RESTORATION & CONSERVATION,FINE ART RESTORATION,162 Newbury ST,Boston,MA,2116,42.350469,-71.078508,oliver brothers fine art restoration  conservation,,True,11.758904109589041,1,Copley,117.44432700033023
2026-03-18 11:01:00,,2030-03-18 10:58:00,ON,Sportswear Retail Store,138 Newbury ST,Boston,MA,2116,42.350869,-71.07693999999998,on,,True,0.07123287671232877,1,Copley,130.99986900242237
2020-02-07 11:58:00,2/2/24 15:00,2028-02-02 14:49:00,One Medical,Medical Professional Corporation,185 Dartmouth ST,Boston,MA,2116,42.348522,-71.07628899999997,one medical,,True,6.183561643835616,1,Back Bay,192.666473997522
2020-02-07 11:57:00,2/2/24 15:01,2028-02-02 14:47:00,One Medical Group,Medical Professional Corporation,185 Dartmouth ST,Boston,MA,2116,42.348522,-71.07628899999997,one medical group,,True,6.183561643835616,1,Back Bay,192.666473997522
2017-04-25 14:55:00,,2021-04-25 14:54:00,Onsen,Retail/Salon,128 Newbury ST,Boston,MA,2116,42.351015,-71.07653800000003,onsen,,False,4.0,1,Copley,191.88869699632767
2019-06-13 13:49:00,,2023-06-13 13:44:00,Onward U.S.A.,Retail,501 Boylston ST,Boston,MA,2116,42.351151,-71.074545,onward usa,,False,4.0,1,Copley,428.4440159998857
2021-05-26 12:45:00,9/15/25 16:37,2029-09-15 12:08:00,ONYVA,Pet Services,171 Newbury ST,Boston,MA,2116,42.350768,-71.07913100000002,onyva,,True,4.884931506849315,1,Copley,219.8886690030047
2022-11-01 15:27:00,,2026-11-01 15:25:00,Opal & Oak,Boutique,228 Newbury ST,Boston,MA,2116,42.349694,-71.08131300000002,opal  oak,,True,3.4493150684931506,1,Copley,382.3329510034077
2017-03-17 11:55:00,2/23/21 15:41,2025-02-23 15:16:00,Operations Management International,Facilities & Operations Management,120 Saint James AV,Boston,MA,2116,42.34921,-71.07513,operations management international,,False,7.945205479452055,1,Back Bay,272.9997269999677
2022-05-06 12:47:00,,2026-05-06 12:45:00,Optas,Marketing Services,9 Knox ST,Boston,MA,2116,42.348733,-71.06841600000001,optas,,True,3.9397260273972603,1,Tufts Medical Center,603.1105080010102
2021-08-13 11:45:00,8/19/25 16:29,2029-08-05 15:46:00,Optimal Fitness,Health and wellness,217 Commonwealth AV,Boston,MA,2116,42.351376,-71.08185900000001,optimal fitness,,True,4.668493150684932,1,Copley,590.5549650019198
2025-03-07 11:50:00,,2029-03-07 11:48:00,Optimal Performance Hypnotherapy,Hypnotherapy,20 Park PZ,Boston,MA,2116,42.35147,-71.06880999999998,optimal performance hypnotherapy,,True,1.1013698630136985,1,Arlington,279.44416500185537
2023-12-13 12:41:00,,2027-12-13 12:36:00,Optum Behavioral Care of Massachusetts,Behavioral Care Services,575 Boylston ST,Boston,MA,2116,42.350552,-71.07654000000002,optum behavioral care of massachusetts,,True,2.334246575342466,1,Copley,140.22208199729684
2022-11-29 15:54:00,,2026-11-29 12:51:00,Oragentheory Fitness,Fitness Gym,10 Saint James AV,Boston,MA,2116,42.350405,-71.07088399999998,oragentheory fitness,,True,3.372602739726027,1,Arlington,167.33316600227062
2014-04-10 00:00:00,4/9/18 15:56,2022-04-09 14:24:00,ORAL DESIGN BOSTON,DENTAL LABORATORY,11 Newbury ST,Boston,MA,2116,42.352726,-71.072026,oral design boston,,False,8.002739726027396,1,Arlington,217.4442269989129
2016-10-04 13:20:00,,,ORE,RETAIL STORE,80 Dartmouth ST,Boston,MA,2116,42.345277,-71.07509099999999,ore,,False,,1,Back Bay,300.9996990011183
2024-09-17 12:34:00,,2028-09-17 12:32:00,Osprey Life Sciences,Life Sciences,867 Boylston ST,Boston,MA,2116,42.348668,-71.08340699999997,osprey life sciences,,True,1.5698630136986302,1,Prudential,534.3327989970218
2020-01-29 13:55:00,,2024-01-29 13:55:00,Out Of The Basement,Group Meetings,15 Newbury ST,Boston,MA,2116,42.352612,-71.072404,out of the basement,,False,4.002739726027397,1,Arlington,246.7775310006446
2015-05-26 00:00:00,10/11/23 11:48,2027-10-11 11:43:00,OXFORD HOUSE COLLEGE,RUN SCHOOLS THAT TEACH ENGLISH,437 Boylston ST,Boston,MA,2116,42.351491,-71.07290499999999,oxford house college,,True,10.893150684931507,1,Arlington,269.22195299924226
2021-10-12 15:36:00,1/5/26 9:44,2029-12-19 00:00:00,P.F. CHANG'S CHINA BISTRO,RESTAURANT,8 Park PZ,Boston,MA,2116,42.351214,-71.06642599999998,pf changs china bistro,,True,4.504109589041096,1,Boylston,340.1107709971112
2022-07-28 12:47:00,,2026-07-28 12:45:00,P.H.I.L. Putting Hustling Into Life,Online Retail Business,867 Boylston ST,Boston,MA,2116,42.348668,-71.08340699999997,phil putting hustling into life,,True,3.712328767123288,1,Prudential,534.3327989970218
2024-01-05 15:10:00,,2028-01-05 11:52:00,Panerai,Retailer of Luxury Watches,2 Newbury ST,Boston,MA,2116,42.35244,-71.07134100000002,panerai,,True,2.271232876712329,1,Arlington,109.55544600208948
2019-06-17 12:09:00,8/3/23 13:35,2027-08-03 11:49:00,Parish Cafe,Restaurant,361 Boylston ST,Boston,MA,2116,42.351855,-71.07164499999999,parish cafe,,True,6.8273972602739725,1,Arlington,88.77768899928387
2019-07-31 10:49:00,10/11/23 10:45,2027-10-11 10:41:00,Park Square Shoe Service,shoe repair,31 Saint James AV,Boston,MA,2116,42.350666,-71.07046700000001,park square shoe service,,True,6.706849315068493,1,Arlington,184.6664819995617
2019-06-10 12:31:00,3/20/24 14:37,2028-03-20 12:45:00,Parks Realty Company,Property Management,200 Newbury ST,Boston,MA,2116,42.350054,-71.080153,parks realty company,,True,6.846575342465753,1,Copley,254.1108570002881
2021-05-03 15:39:00,5/30/25 10:58,2029-05-30 10:55:00,Parkside Dental Care,dental office,37 Newbury ST,Boston,MA,2116,42.349779,-71.08247599999999,parkside dental care,,True,4.947945205479452,1,Copley,502.1106089994258
2019-01-08 16:41:00,,2023-01-08 16:40:00,Pathetic Pixels,Artwork and Desigin,198 Tremont ST,Boston,MA,2116,42.35213,-71.06437,pathetic pixels,,False,4.0,1,Boylston,79.22214300051407
2021-09-22 15:39:00,8/20/25 14:28,2029-08-20 14:16:00,Pathos Salon By Konstantina,Hair Salon,270 Newbury ST,Boston,MA,2116,42.349138,-71.08334500000001,pathos salon by konstantina,,True,4.558904109589041,1,Prudential,579.6660870017794
2016-11-14 13:21:00,3/12/26 16:23,2030-03-12 12:12:00,Patrice Vinci Salon,Hair Salon,91 Newbury ST,Boston,MA,2116,42.351809,-71.07499200000001,patrice vi salon,,True,9.416438356164383,1,Copley,451.8884369991166
2025-02-18 11:23:00,,2029-02-18 11:22:00,PayerPrice,Software,160 Beacon ST,Boston,MA,2116,42.354742,-71.07604900000001,payerprice,,True,1.1479452054794521,1,Copley,660.3326729986466
2015-09-02 00:00:00,4/17/24 16:48,2028-04-17 16:06:00,PEARSON PROFESSIONAL CENTER,TESTING SERVICES,31 Saint James AV,Boston,MA,2116,42.350666,-71.07046700000001,pearson professional center,,True,10.621917808219179,1,Arlington,184.6664819995617
2021-09-03 13:31:00,,2025-09-03 13:26:00,Perch Energy,Energy Services Company,501 Boylston ST,Boston,MA,2116,42.351151,-71.074545,perch energy,,False,4.0,1,Copley,428.4440159998857
2022-03-21 14:14:00,,2026-03-21 14:12:00,Perfect Wear Boston,Retail,223 Newbury ST,Boston,MA,2116,42.350076,-71.08161899999999,perfect wear boston,,False,4.0,1,Copley,419.4440249997133
2022-10-18 12:43:00,,2026-10-18 12:39:00,Perfection Auto,Mobile Detailing,867 Boylston ST,Boston,MA,2116,42.348668,-71.08340699999997,perfection auto,,True,3.4876712328767123,1,Prudential,534.3327989970218
2024-10-16 12:49:00,,2028-10-16 12:45:00,Peserico,Retail Clothing Store,73 Newbury ST,Boston,MA,2116,42.352104,-71.07448999999997,peserico,,True,1.4904109589041097,1,Arlington,422.11068899613855
2024-07-03 15:28:00,,2028-07-03 13:18:00,124 St Botolph Rental,Rental Unit,124 Saint Botolph ST,Boston,MA,2115,42.343996,-71.08160700000002,124 st botolph rental,,True,1.7780821917808218,1,Prudential,184.7775929977022
2019-10-18 11:02:00,,2023-10-18 11:00:00,2 Durham St,Short Term Rentals,2 Durham ST,Boston,MA,2115,42.344175,-71.081074,2 durham st,,False,4.0,1,Prudential,224.1108869994501
2023-08-30 12:31:00,,2027-08-30 10:54:00,306 Comm Ave Rental,Short Term Rental,306 Commonwealth AV,Boston,MA,2115,42.349451,-71.08549800000003,306 comm ave rental,,True,2.621917808219178,1,Hynes Convention Center,440.8884479968882
2023-12-04 15:29:00,,2027-12-04 13:00:00,337 Commonwealth Avenue,STR,337 Commonwealth AV,Boston,MA,2115,42.349767,-71.087669,337 commonwealth avenue,,True,2.3589041095890413,1,Hynes Convention Center,234.77754299936203
2019-09-12 15:02:00,10/20/23 11:58,2027-10-20 11:36:00,413 Beacon Rental,Short Term Rental,413 Beacon ST,Boston,MA,2115,42.351531,-71.086052,413 beacon rental,,True,6.589041095890411,1,Hynes Convention Center,610.4438340006536
2025-07-22 10:33:00,,2029-07-22 10:31:00,419 Short Rentals,STR,419 Beacon ST,Boston,MA,2115,42.351452,-71.086343,419 short rentals,,True,0.726027397260274,1,Hynes Convention Center,569.3327640002364
2012-09-20 00:00:00,,2012-12-10 00:00:00,7 ELEVEN #32463J,CONVENIENCE STORE - CH 227 SEC 5A,252 Newton ST,Boston,MA,2115,42.344738,-71.08122100000003,7 eleven 32463j,,False,0.2219178082191781,1,Prudential,145.22207699651543
2017-08-04 10:12:00,2/17/26 15:38,2030-02-17 15:24:00,7-Eleven #37369A,Convienence Store,141 Massachusetts AV,Boston,MA,2115,42.346822,-71.08772999999997,7eleven 37369a,,True,8.695890410958905,1,Hynes Convention Center,137.6665290029595
2023-11-09 10:10:00,,2027-11-09 10:07:00,7-ELEVEN 32463F,CONVENIENCE STORE,252 Newton ST,Boston,MA,2115,42.344738,-71.08122100000003,7eleven 32463f,,True,2.4273972602739726,1,Prudential,145.22207699651543
2022-04-11 15:33:00,,2026-04-11 14:56:00,829 Studios,Marketing Agency,300 Massachusetts AV,Boston,MA,2115,42.343278,-71.08514300000002,829 studios,,False,4.0,1,Symphony,75.33325800243765
2023-01-13 10:30:00,,2027-01-13 10:29:00,A Clean Boston,Cleaning,52 Francis ST,Boston,MA,2115,42.335606,-71.10748899999999,a clean boston,,True,3.249315068493151,1,Fenwood Road,403.7773739982142
2020-07-14 13:25:00,6/26/24 10:38,2028-06-26 10:37:00,A Square Design,Interior Design Services,361 Newbury ST,Boston,MA,2115,42.348336,-71.08797300000003,a square design,,True,5.750684931506849,1,Hynes Convention Center,57.55549800468965
2022-02-09 11:56:00,,2026-02-09 11:55:00,A.T. O'KEEFE'S,RESTAURANT,911 Boylston ST,Boston,MA,2115,42.348372,-71.08438000000001,at okeefes,,False,4.0,1,Hynes Convention Center,445.22177699857946
2023-02-10 11:53:00,,2027-02-10 10:26:00,ABERCROMBIE & FITCH #11336,Retail,321 Newbury ST,Boston,MA,2115,42.348742,-71.08590100000004,abercrombie  fitch 11336,,True,3.1726027397260275,1,Hynes Convention Center,317.3330159961972
2023-01-12 10:40:00,,2027-01-12 09:16:00,AGB Innovative Security Solutions,Private Security Firm,177 Huntington AV,Boston,MA,2115,42.344856,-71.08281599999998,agb innovative security solutions,,True,3.252054794520548,1,Prudential,203.7775739986804
2026-03-06 10:18:00,,2030-03-06 10:15:00,Agem Property,Property Management,333 Newbury ST,Boston,MA,2115,42.348679,-71.08647300000001,agem property,,True,0.10410958904109589,1,Hynes Convention Center,246.7775309982761
2025-08-20 12:39:00,,2029-08-20 12:37:00,AllisonGordonDesign,Interior Design,4 Gloucester ST,Boston,MA,2115,42.351405,-71.08545500000002,allisongordondesign,,True,0.6465753424657534,1,Hynes Convention Center,662.7771149972119
2021-04-29 10:40:00,,2025-04-29 10:29:00,ALPHA PENSION GROUP,INSURANCE BROKER DEALER,396 Commonwealth AV,Boston,MA,2115,42.348617,-71.090531,alpha pension group,,False,4.0,1,Hynes Convention Center,372.9996270001294
2022-09-26 13:14:00,,2026-09-26 13:13:00,ALXS SKN GYM,SKIN CARE,297 Newbury ST,Boston,MA,2115,42.34913,-71.08524799999998,alxs skn gym,,True,3.547945205479452,1,Hynes Convention Center,432.99956700259486
2025-06-20 16:04:00,,2029-06-20 16:03:00,Amelia's Cluck & Smash,Restaurant,309 Huntington AV,Boston,MA,2115,42.34111,-71.08739300000002,amelias cluck  smash,,True,0.8136986301369863,1,Northeastern University,299.4441449987297
2019-05-24 09:48:00,5/15/23 14:30,2027-05-15 14:28:00,Amelia's Taqueria,Restaurant,1076 Boylston ST,Boston,MA,2115,42.346932,-71.08796999999998,amelias taqueria,,True,6.8931506849315065,1,Hynes Convention Center,113.66655299802584
2014-09-16 00:00:00,10/19/22 14:59,2026-10-19 14:58:00,AMERICA PAINTING AND CLEANING,INTERIOR PAINTING & CLEANING,87 Saint Stephen ST,Boston,MA,2115,42.341712,-71.08841000000001,america painting and cleaning,,True,11.583561643835617,1,Northeastern University,253.3330799998833
2020-02-27 09:29:00,12/14/23 10:39,2027-12-14 10:37:00,Andrea Cinnamond Creative,Coaching,17 Blackwood ST,Boston,MA,2115,42.342567,-71.08223099999998,andrea cinnamond creative,,True,6.1287671232876715,1,Symphony,327.22189500123085
2018-11-27 12:19:00,11/22/22 13:42,2026-11-22 13:37:00,Anesthesia - HMFP At BIDMC,Medical Practice,330 Brookline AV,Boston,MA,2115,42.34128,-71.10468000000003,anesthesia  hmfp at bidmc,,True,7.380821917808219,1,Fenway,448.55510699647954
2025-02-27 11:34:00,,2029-02-27 11:32:00,Anna's Taqueria,Restaurant,359 Huntington AV,Boston,MA,2115,42.340095,-71.09020199999998,annas taqueria,,True,1.1232876712328768,1,Northeastern University,22.88886600221249
2025-03-11 15:49:00,,2029-03-11 15:36:00,Aperture,Real Estate Brokerage,361 Newbury ST,Boston,MA,2115,42.348336,-71.08797300000003,aperture,,True,1.0904109589041096,1,Hynes Convention Center,57.55549800468965
2025-03-11 15:47:00,,2029-03-11 15:36:00,Aperture Global,Office of Real Estate Brokers,361 Newbury ST,Boston,MA,2115,42.348336,-71.08797300000003,aperture global,,True,1.0904109589041096,1,Hynes Convention Center,57.55549800468965
2023-12-01 11:50:00,,2027-12-01 11:45:00,ARAMARK@ BOSTON CHILDREN'S HOSPITAL,FOOD SERVICE MANGEMENT,300 Longwood AV,Boston,MA,2115,42.337322,-71.10551800000002,aramark boston childrens hospital,,True,2.367123287671233,1,Fenwood Road,408.9995909976613
2015-12-18 00:00:00,2/14/20 13:10,2024-02-14 11:45:00,Arc'teryx,RETAIL CLOTHING,352 Newbury ST,Boston,MA,2115,42.348089,-71.08757000000003,arcteryx,,False,8.164383561643836,1,Hynes Convention Center,59.33327399704324
2018-05-03 12:35:00,6/6/22 14:28,2026-06-06 11:22:00,Arnox,Art Business,359 Newbury ST,Boston,MA,2115,42.348373,-71.087831,arnox,,True,7.950684931506849,1,Hynes Convention Center,61.88882700085447
2020-09-15 12:58:00,9/13/24 14:33,2028-09-13 14:29:00,Artful Mediation Workshop,Arts and elder consulting,65 Westland AV,Boston,MA,2115,42.34397,-71.08848,artful mediation workshop,,True,5.578082191780822,1,Northeastern University,496.4439480003115
2015-02-19 00:00:00,4/3/23 15:57,2027-04-03 13:07:00,ARTS CONSULTING GROUP,ARTS CONSULTING,292 Newbury ST,Boston,MA,2115,42.348811,-71.08464200000003,arts consulting group,,True,11.156164383561643,1,Hynes Convention Center,464.8884239962954
2014-01-23 00:00:00,12/26/25 14:00,2029-12-26 13:57:00,ASIALINES TRAVEL,TRAVEL AGENCY,32 Francis ST,Boston,MA,2115,42.33497,-71.10649000000001,asialines travel,,True,12.23013698630137,1,Fenwood Road,222.1108890005521
2013-08-15 00:00:00,3/13/26 16:18,2030-03-13 12:32:00,ASTA,RESTAURANT,47 Massachusetts AV,Boston,MA,2115,42.34982,-71.08930199999998,asta,,True,12.67123287671233,1,Hynes Convention Center,370.1107409979492
2018-04-30 15:35:00,6/1/22 13:46,2026-06-01 11:21:00,ATI PHYSICAL THERAPY,OUTPATIEN PHYSICAL THERAPY,197 Massachusetts AV,Boston,MA,2115,42.34523,-71.08713,ati physical therapy,,True,7.958904109589041,1,Hynes Convention Center,381.2218409991076
2025-10-09 15:48:00,,2029-10-09 15:46:00,ATLAS BARBERSHOP,Barber Shop,822 Huntington AV,Boston,MA,2115,42.33309,-71.10892000000001,atlas barbershop,,True,0.5095890410958904,1,Mission Park,60.55549499790488
2024-08-16 14:22:00,,2028-08-16 10:37:00,Atrio Boston,Apartment Complex,18 Haviland ST,Boston,MA,2115,42.346212,-71.088303,atrio boston,,True,1.6575342465753424,1,Hynes Convention Center,230.6664359994782
2015-11-24 00:00:00,12/18/23 15:15,2027-12-18 11:34:00,AUM HEALING CENTER,MEDICAL OFFICE,332 Newbury ST,Boston,MA,2115,42.348283,-71.08631300000002,aum healing center,,True,10.394520547945206,1,Hynes Convention Center,220.5553349981636
2015-11-24 00:00:00,12/18/23 15:15,2027-12-18 11:35:00,AUM TRAINING CENTER,FITNESS COACHING,332 Newbury ST,Boston,MA,2115,42.348283,-71.08631300000002,aum training center,,True,10.394520547945206,1,Hynes Convention Center,220.5553349981636
2021-09-14 12:24:00,9/3/25 9:46,2029-09-03 09:44:00,Avenue Residential,Relocation consulting,416 Commonwealth AV,Boston,MA,2115,42.348622,-71.09103199999998,avenue residential,,True,4.580821917808219,1,Hynes Convention Center,429.2217929987115
2020-08-11 12:22:00,,2024-08-11 12:19:00,B.C. GLAM DECOR,Home decor consulting,144 Saint Botolph ST,Boston,MA,2115,42.34332,-71.08238499999999,bc glam decor,,False,4.0,1,Prudential,326.5552289997561
2022-07-01 14:43:00,,2026-07-01 14:43:00,BACK BAY BNB,Short Term Rental,478 Beacon ST,Boston,MA,2115,42.351342,-71.08856100000003,back bay bnb,,True,3.786301369863014,1,Hynes Convention Center,456.8884320038616
2022-06-22 14:19:00,,2026-06-22 14:18:00,Back Bay Chiropractic,Chiropractic,305 Newbury ST,Boston,MA,2115,42.348979,-71.08544999999998,back bay chiropractic,,True,3.8109589041095893,1,Hynes Convention Center,393.7773840021455
2025-04-14 12:56:00,,2029-04-14 12:53:00,Back Bay Cut's,Hair Salon,86 Massachusetts AV,Boston,MA,2115,42.348757,-71.08833700000002,back bay cuts,,True,0.9972602739726028,1,Hynes Convention Center,144.77763300316397
2014-10-21 00:00:00,,2018-10-21 00:00:00,BACK BAY GALLERIA CLEANERS,DROP OFF/DRY CLEAN/ALT.,29 Massachusetts AV,Boston,MA,2115,42.350437,-71.089541,back bay galleria cleaners,,False,4.002739726027397,1,Hynes Convention Center,465.2217570001908
2022-07-06 14:46:00,,2026-07-06 14:39:00,Back Bay Oral and Maxillofacial Surgery,DENTAL PRACTICE,311 Commonwealth AV,Boston,MA,2115,42.350062,-71.08645899999999,back bay oral and maxillofacial surgery,,True,3.7726027397260276,1,Hynes Convention Center,401.9995980011237
2022-07-27 14:27:00,,2026-07-27 14:26:00,Back Bay Oral Surgery,Denistry,311 Commonwealth AV,Boston,MA,2115,42.350062,-71.08645899999999,back bay oral surgery,,True,3.7150684931506848,1,Hynes Convention Center,401.9995980011237
2024-10-18 13:21:00,,2028-10-18 13:18:00,Back Bay Periodontics and Dental Implants,Oral Surgery,398 Commonwealth AV,Boston,MA,2115,42.348617,-71.09057100000001,back bay periodontics and dental implants,,True,1.484931506849315,1,Hynes Convention Center,377.4440670015401
2022-03-09 11:38:00,,2026-03-09 11:36:00,Back Bay Powerlifting,Personal Training,400 Commonwealth AV,Boston,MA,2115,42.348467,-71.091091,back bay powerlifting,,False,4.0,1,Hynes Convention Center,418.555137001168
2025-05-12 12:37:00,,2029-05-12 12:36:00,Back Bay Spa,SPA,36 Gloucester ST,Boston,MA,2115,42.349266,-71.084451,back bay spa,,True,0.9205479452054794,1,Hynes Convention Center,536.6661299998151
2017-08-09 13:43:00,2/9/26 14:40,2030-02-09 13:03:00,Back Bay Storitel,Consulting,416 Commonwealth AV,Boston,MA,2115,42.348622,-71.09103199999998,back bay storitel,,True,8.682191780821919,1,Hynes Convention Center,429.2217929987115
2023-07-19 12:49:00,,2027-07-19 12:48:00,Balance Studio,BodyWork,305 Newbury ST,Boston,MA,2115,42.348979,-71.08544999999998,balance studio,,True,2.736986301369863,1,Hynes Convention Center,393.7773840021455
2025-08-04 13:16:00,,2029-08-04 13:14:00,BANNWEN GROUP,MANAGEMENT,416 Commonwealth AV,Boston,MA,2115,42.348622,-71.09103199999998,bannwen group,,True,0.6904109589041096,1,Hynes Convention Center,429.2217929987115
2018-11-19 13:33:00,,2022-11-19 12:17:00,BARDIC MANAGEMENT,PERSONAL ARTIST MANAGEMENT,150 Huntington AV,Boston,MA,2115,42.344976,-71.08185000000003,bardic management,,False,4.0,1,Prudential,83.11102800411692
2018-06-26 16:20:00,9/2/22 15:25,2026-09-02 14:15:00,Bay State Physical Therapy,Physical Therapy,312 Huntington AV,Boston,MA,2115,42.340849,-71.08695499999999,bay state physical therapy,,True,7.802739726027397,3,Massachusetts Avenue,316.11079499928303
2025-04-14 15:44:00,,2029-04-14 15:04:00,Beantown Boxing,Personal Training,390 Commonwealth AV,Boston,MA,2115,42.348576,-71.09037000000001,beantown boxing,,True,0.9972602739726028,1,Hynes Convention Center,350.55520500153176
2024-06-10 13:53:00,,2028-06-10 13:53:00,Bebop,Restaurant,1116 Boylston ST,Boston,MA,2115,42.346731,-71.088754,bebop,,True,1.841095890410959,1,Hynes Convention Center,223.11088799960635
2022-08-19 10:18:00,,2026-08-19 10:16:00,Bella View Realty Group,Real Estate Brokerage,361 Newbury ST,Boston,MA,2115,42.348336,-71.08797300000003,bella view realty group,,True,3.652054794520548,1,Hynes Convention Center,57.55549800468965
2015-05-15 00:00:00,4/24/23 13:25,2027-04-24 11:33:00,BERKELEY CLEANERS,LAUNDRY AND DRY CLEANING,150 Huntington AV,Boston,MA,2115,42.344976,-71.08185000000003,berkeley cleaners,,True,10.923287671232877,1,Prudential,83.11102800411692
2016-03-14 00:00:00,4/24/24 15:01,2028-04-24 11:33:00,BERKLEE COLLEGE OF MUSIC BOOKSTORE #482,RETAIL COLLEGE BOOKSTORE,1090 Boylston ST,Boston,MA,2115,42.346857,-71.08824099999998,berklee college of music bookstore 482,,True,10.09041095890411,1,Hynes Convention Center,152.11095899807046
2023-03-02 13:51:00,,2027-03-02 13:47:00,Berklee Noodles Factory,Restaurant,173 Massachusetts AV,Boston,MA,2115,42.345903,-71.08729199999999,berklee noodles factory,,True,3.117808219178082,1,Hynes Convention Center,288.44415600044886
2015-08-14 00:00:00,9/1/23 12:07,2027-09-01 11:27:00,BERKLEE PERFORMANCE CENTER,EDUCATIONAL INSTITUTION,130 Massachusetts AV,Boston,MA,2115,42.347157,-71.08736799999997,berklee performance center,,True,10.673972602739726,1,Hynes Convention Center,140.66652600249066
2020-02-24 11:24:00,2/22/24 11:14,2028-02-22 11:13:00,Beth Israel Deaconess Department of Psychiatry Foundation,Continuing Medical Education,330 Brookline AV,Boston,MA,2115,42.34128,-71.10468000000003,beth israel deaconess department of psychiatry foundation,,True,6.136986301369863,1,Fenway,448.55510699647954
2021-02-05 15:24:00,1/24/25 11:59,2029-01-24 11:57:00,BILH Pharmacy 364 Brookline AVE 04 Boston MA 02215,Pharmacy,364 Brookline AV,Boston,MA,2115,42.338588,-71.10624100000001,bilh pharmacy 364 brookline ave 04 boston ma 02215,,True,5.186301369863013,1,Fenwood Road,596.4438480012626
2014-05-13 00:00:00,4/13/22 10:32,2026-04-13 10:32:00,BIOENERGETICS,CONTRACTED SCIENTIFIC RESEARCH,36 Symphony RD,Boston,MA,2115,42.34283,-71.08846,bioenergetics,,False,11.926027397260274,1,Northeastern University,371.9996280010752
2018-07-06 14:13:00,8/5/22 15:17,2026-08-05 15:16:00,Black Chickadee Productions,Event Management,650 Huntington AV,Mission Hill,MA,2115,42.335227,-71.10036300000002,black chickadee productions,,True,7.7753424657534245,1,Longwood Medical Area,148.11096300106405
2022-04-07 12:53:00,,2026-04-07 12:46:00,Bleu Line Designs,Construction,361 Newbury ST,Boston,MA,2115,42.348336,-71.08797300000003,bleu line designs,,False,4.0,1,Hynes Convention Center,57.55549800468965
2024-02-07 10:24:00,,2028-02-07 10:20:00,Bli,Creative,352 Commonwealth AV,Boston,MA,2115,42.348893,-71.087647,bli,,True,2.180821917808219,1,Hynes Convention Center,140.11097099915634
2023-05-01 15:07:00,,2027-05-01 15:03:00,BLS Consulting Services,Consulting Services,405 Commonwealth AV,Boston,MA,2115,42.349483,-71.09078799999997,bls consulting services,,True,2.9534246575342467,1,Hynes Convention Center,497.7772799977346
2020-11-03 11:34:00,11/12/24 15:40,2028-11-12 15:04:00,Blue Moon Smoke Shop,smoke shop,90 Westland AV,Boston,MA,2115,42.34376,-71.08973000000003,blue moon smoke shop,,True,5.443835616438356,2,Northeastern University,451.999548003573
2023-09-05 12:46:00,,2027-09-05 12:44:00,Blue Period Company,Fine Arts,60 Saint Germain ST,Boston,MA,2115,42.345717,-71.08467100000001,blue period company,,True,2.6054794520547944,1,Prudential,346.8885420021048
2015-05-28 00:00:00,5/6/19 13:54,2023-05-06 13:51:00,BODEGA,RETAIL,4 Clearway ST,Boston,MA,2115,42.345531,-71.08647400000001,bodega,,False,7.945205479452055,1,Hynes Convention Center,420.6662459982064
2018-08-13 13:16:00,8/1/22 12:26,2026-08-01 11:26:00,BodyScapes Fitness,Fitness,77 Avenue Louis Pasteur,Boston,MA,2115,42.338771,-71.10278299999999,bodyscapes fitness,,True,7.671232876712328,1,Brigham Circle,462.11064900094016
2023-12-19 13:39:00,,2027-12-19 13:34:00,BONAFIDE ENTERTAINMENT,ENTERTAINMENT,84 Gainsborough ST,Boston,MA,2115,42.34219,-71.08856000000003,bonafide entertainment,,True,2.317808219178082,1,Northeastern University,289.777487997872
2023-12-19 13:39:00,,2027-12-19 13:33:00,BONAFIDE UNLIMITED,CONSULTING,84 Gainsborough ST,Boston,MA,2115,42.34219,-71.08856000000003,bonafide unlimited,,True,2.317808219178082,1,Northeastern University,289.777487997872
2019-07-09 13:30:00,,2023-07-09 12:47:00,Bono Garage Door Repair & Installation,garage door repair,177 Huntington AV,Boston,MA,2115,42.344856,-71.08281599999998,bono garage door repair  installation,,False,4.0,1,Prudential,203.7775739986804
2022-11-15 13:18:00,,2026-11-15 13:17:00,Boom Invest,Personal Finance,177 Huntington AV,Boston,MA,2115,42.344856,-71.08281599999998,boom invest,,True,3.410958904109589,1,Prudential,203.7775739986804
2014-12-23 00:00:00,1/27/23 12:27,2027-01-27 12:12:00,BOSTON ARCHITECTURAL COLLEGE,COLLEGE,320 Newbury ST,Boston,MA,2115,42.348552,-71.08579099999997,boston architectural college,,True,11.315068493150685,1,Hynes Convention Center,308.44413600284963
2022-01-26 09:30:00,,2026-01-26 09:29:00,Boston Boutique Rentals,Short-Term Rental Housing Lodging,11 Hereford ST,Boston,MA,2115,42.351119,-71.08701300000001,boston boutique rentals,,False,4.0,1,Hynes Convention Center,457.8884309981789
2023-08-07 13:25:00,,2027-08-07 13:22:00,Boston Brokerage Group,Real Estate Management,58 Gainsborough ST,Boston,MA,2115,42.341847,-71.08736099999999,boston brokerage group,,True,2.684931506849315,1,Symphony,349.44409499881056
2025-04-25 10:15:00,,2029-04-25 10:14:00,BOSTON BROWNSTONE AIRBN,AirBnB,45 Hemenway ST,Boston,MA,2115,42.345375,-71.08975399999997,boston brownstone airbn,,True,0.9671232876712329,1,Hynes Convention Center,484.8884039971173
2016-12-19 15:17:00,4/7/25 10:13,2029-04-07 09:20:00,Boston Burger Company,Restaurant,1100 Boylston ST,Boston,MA,2115,42.346842,-71.088506,boston burger company,,True,9.32054794520548,1,Hynes Convention Center,183.2220389992612
2016-09-15 13:23:00,5/28/21 12:47,2025-05-28 12:22:00,Boston Cab Dispatch,Taxi Dispatch,0 Huntington AV,Boston,MA,2115,42.33898083857285,-71.09448205610875,boston cab dispatch,,False,8.7013698630137,1,Museum of Fine Arts,129.30903336987143
2013-09-12 00:00:00,8/22/25 13:05,2029-08-22 11:58:00,BOSTON CENTER FOR ORAL HEALTH,DENTIST,400 Commonwealth AV,Boston,MA,2115,42.348467,-71.091091,boston center for oral health,,True,12.594520547945205,1,Hynes Convention Center,418.555137001168
2025-09-17 13:34:00,,2029-09-17 13:29:00,Boston Children's Ambulance,Hospital,300 Longwood AV,Boston,MA,2115,42.337322,-71.10551800000002,boston childrens ambulance,,True,0.5698630136986301,1,Fenwood Road,408.9995909976613
2015-03-10 00:00:00,2/16/23 9:33,2027-02-16 09:30:00,BOSTON CHILDREN'S HOSPITAL,HOSPITAL,300 Longwood AV,Boston,MA,2115,42.337322,-71.10551800000002,boston childrens hospital,,True,11.104109589041096,1,Fenwood Road,408.9995909976613
2025-09-17 13:35:00,,2029-09-17 13:32:00,Boston Children's Pharmacy,Pharmacy,283 Longwood AV,Boston,MA,2115,42.337735,-71.10465999999997,boston childrens pharmacy,,True,0.5698630136986301,1,Brigham Circle,397.4440469960461
2023-12-05 14:04:00,,2027-12-05 14:02:00,Boston Cyber Pros,IT Services,40 Hereford ST,Boston,MA,2115,42.349381,-71.08575200000001,boston cyber pros,,True,2.356164383561644,1,Hynes Convention Center,404.88848399856687
2020-02-05 12:49:00,,2024-02-05 12:48:00,Boston Grand Realty,Real Estate,115 Saint Stephen ST,Boston,MA,2115,42.341378,-71.08922899999999,boston grand realty,,False,4.0,3,Northeastern University,131.66653499837074
2021-02-11 13:51:00,,2025-02-11 13:50:00,Boston Grand Realty,real estate and management,10 Clearway ST,Boston,MA,2115,42.3455,-71.08632999999998,boston grand realty,,False,4.0,3,Hynes Convention Center,440.1106710020099
2025-02-06 15:30:00,,2029-02-06 15:27:00,Boston Grand Realty,Brokerage / Real Estate,24 Westland AV,Boston,MA,2115,42.343273,-71.08715000000001,boston grand realty,,True,1.180821917808219,3,Symphony,297.7774800021482
2016-02-24 00:00:00,4/10/24 15:25,2028-04-10 15:22:00,BOSTON HERITAGE REALTY,REAL ESTATE AGENCY,2 Symphony RD,Boston,MA,2115,42.34262,-71.08688999999998,boston heritage realty,,True,10.142465753424657,1,Symphony,211.2220109988328
2016-10-04 11:18:00,,,Boston House Of Pizza,Pizza Restaurant,305 Huntington AV,Boston,MA,2115,42.341274,-71.087336,boston house of pizza,,False,,1,Northeastern University,323.99967600147124
2024-09-23 14:38:00,,2028-09-23 14:35:00,Boston Infinity Stone,Retail,393 Massachusetts AV,Boston,MA,2115,42.341035,-71.08396399999998,boston infinity stone,,True,1.5534246575342465,1,Massachusetts Avenue,33.66663300263344
2019-01-15 12:25:00,,2023-01-15 12:24:00,Boston Luxury Beds,Online Mattress Retail,292 Newbury ST,Boston,MA,2115,42.348811,-71.08464200000003,boston luxury beds,,False,4.0,1,Hynes Convention Center,464.8884239962954
2023-08-07 13:25:00,,2027-08-07 13:21:00,Boston Management Group,Real Estate Management,58 Gainsborough ST,Boston,MA,2115,42.341847,-71.08736099999999,boston management group,,True,2.684931506849315,1,Symphony,349.44409499881056
2015-09-17 00:00:00,9/13/19 13:53,2023-09-13 11:05:00,BOSTON OMAHA HOLDINGS,INVESTMENT HOLDING COMPANY,292 Newbury ST,Boston,MA,2115,42.348811,-71.08464200000003,boston omaha holdings,,False,7.994520547945205,1,Hynes Convention Center,464.8884239962954
2020-11-13 10:39:00,9/27/24 16:34,2028-09-27 16:33:00,Boston Orthodontics,Dental Office,396 Commonwealth AV,Boston,MA,2115,42.348617,-71.090531,boston orthodontics,,True,5.416438356164384,1,Hynes Convention Center,372.9996270001294
2020-01-10 13:10:00,12/18/23 15:17,2027-12-18 11:38:00,Boston orthotics & Prosthetics,Orthotics & Prostthetics,300 Longwood AV,Boston,MA,2115,42.337322,-71.10551800000002,boston orthotics  prosthetics,,True,6.260273972602739,2,Fenwood Road,408.9995909976613
2020-01-15 12:38:00,,2024-01-15 12:03:00,Boston Orthotics & Prosthetics,Orthotics & Prosthetics,330 Brookline AV,Boston,MA,2115,42.34128,-71.10468000000003,boston orthotics  prosthetics,,False,4.0,2,Fenway,448.55510699647954
2019-02-22 15:24:00,2/22/23 12:03,2027-02-22 11:56:00,Boston Rose Flower Shop,Florist,225 Massachusetts AV,Boston,MA,2115,42.344422,-71.08664799999997,boston rose flower shop,,True,7.142465753424657,1,Symphony,369.6662969974924
2019-03-29 12:47:00,5/16/23 11:23,2027-05-16 11:22:00,Boston Smile Design,Dental Lab,396 Commonwealth AV,Boston,MA,2115,42.348617,-71.090531,boston smile design,,True,7.046575342465753,1,Hynes Convention Center,372.9996270001294
2021-04-08 12:11:00,6/4/25 15:53,2029-06-04 13:44:00,Boston Symphony Orchestra,orchestra,301 Massachusetts AV,Boston,MA,2115,42.342843,-71.08568200000002,boston symphony orchestra,,True,5.016438356164383,1,Symphony,86.88880200326336
2017-09-15 15:12:00,9/2/25 14:05,2029-09-02 14:01:00,Boston Threading,Threading Shop Owner,302 Newbury ST,Boston,MA,2115,42.348674,-71.08500800000002,boston threading,,True,8.580821917808219,1,Hynes Convention Center,408.99959099845074
2015-04-29 00:00:00,4/13/23 12:33,2027-04-13 12:31:00,BOSTON UNION REALTY,REAL ESTATE OFFICE,79 Westland AV,Boston,MA,2115,42.344075,-71.08904999999999,boston union realty,,True,10.967123287671233,1,Northeastern University,444.77733300207007
2025-04-28 15:32:00,,2029-04-28 15:31:00,Boston Vape N Smoke,Smoke Shop,309 Huntington AV,Boston,MA,2115,42.34111,-71.08739300000002,boston vape n smoke,,True,0.958904109589041,1,Northeastern University,299.4441449987297
2025-03-19 10:10:00,,2029-03-19 10:03:00,Boston Vital Massage,Mobile Massage Therapy,73 Hemenway ST,Boston,MA,2115,42.344581,-71.09002800000002,boston vital massage,,True,1.0684931506849316,1,Northeastern University,540.666125997611
2019-01-25 12:28:00,,2023-01-25 11:37:00,Boston Yoga Union,Yoga Studio,1112 Boylston ST,Boston,MA,2115,42.34679,-71.08870999999999,boston yoga union,,False,4.0,1,Hynes Convention Center,211.6664549992896
2015-09-15 00:00:00,,2019-09-15 00:00:00,BOSTONI BARBER SHOP,BARBERSHOP,314 Newbury ST,Boston,MA,2115,42.348631,-71.08533399999999,bostoni barber shop,,False,4.002739726027397,2,Hynes Convention Center,367.9996320009108
2016-01-04 00:00:00,,2020-01-04 00:00:00,BOSTONI BARBER SHOP,,314 Newbury ST,Boston,MA,2115,42.348631,-71.08533399999999,bostoni barber shop,,False,4.002739726027397,2,Hynes Convention Center,367.9996320009108
2025-01-27 12:30:00,,2029-01-27 12:29:00,Bostonian Pizza,Pizza Restaurant,350 Longwood AV,Boston,MA,2115,42.338622,-71.10726799999998,bostonian pizza,,True,1.2082191780821918,1,Longwood,632.7771450019003
2019-03-25 14:25:00,,2023-03-25 14:23:00,Bostonselltics,Online Ticket Broker,375 Commonwealth AV,Boston,MA,2115,42.349489,-71.08938999999998,bostonselltics,,False,4.0,1,Hynes Convention Center,343.1107679982214
2020-01-23 15:15:00,1/30/24 12:58,2028-01-30 08:40:00,BOURBON STREET CAFE,Fast food restaurant,350 Longwood AV,Boston,MA,2115,42.338622,-71.10726799999998,bourbon street cafe,,True,6.2246575342465755,1,Longwood,632.7771450019003
2021-09-23 13:18:00,,2025-09-23 13:16:00,Brainy Architect,Consulting,12 Hemenway ST,Boston,MA,2115,42.346407,-71.08902799999998,brainy architect,,False,4.0,1,Hynes Convention Center,289.555265998433
2017-03-20 14:47:00,3/22/22 11:53,2026-03-22 11:03:00,BRANDY MELVILLE,Retail Clothing Business,284 Newbury ST,Boston,MA,2115,42.348943,-71.084273,brandy melville,,False,9.008219178082191,1,Hynes Convention Center,520.5550350002276
2024-04-23 13:38:00,,2028-04-23 13:36:00,BRIDGE CARE AND HEALTH,Home Health Agency,361 Newbury ST,Boston,MA,2115,42.348336,-71.08797300000003,bridge care and health,,True,1.9726027397260273,1,Hynes Convention Center,57.55549800468965
2022-04-06 09:47:00,,2026-04-06 09:46:00,Bristol Recording & Voice Studios,Recording Studio,238 Huntington AV,Boston,MA,2115,42.342947,-71.084181,bristol recording  voice studios,,False,4.0,1,Symphony,126.1109849997653
2022-05-17 13:59:00,,2026-05-17 13:58:00,BRUMALIA MEDIA GROUP,MARKETING,361 Newbury ST,Boston,MA,2115,42.348336,-71.08797300000003,brumalia media group,,True,3.9095890410958902,1,Hynes Convention Center,57.55549800468965
2025-06-26 16:46:00,,2029-06-26 15:44:00,Bubble Bath Back Bay,Restaurant,408 Newbury ST,Boston,MA,2115,42.347948,-71.088704,bubble bath back bay,,True,0.7972602739726027,1,Hynes Convention Center,95.6665710016284
2025-01-16 14:22:00,,2029-01-16 14:20:00,BUJI Design,Retail,324 Newbury ST,Boston,MA,2115,42.348446,-71.08604500000001,buji design,,True,1.2383561643835617,1,Hynes Convention Center,268.4441759988375
2016-07-26 10:35:00,9/11/25 10:41,2029-09-11 10:40:00,Bukowski Tavern,Restaurant,50 Dalton ST,Boston,MA,2115,42.347213,-71.08541000000002,bukowski tavern,,True,9.72054794520548,1,Hynes Convention Center,351.9996479963059
2020-09-17 11:08:00,,2024-09-17 11:06:00,By Shani,nail salon/studio,92 Massachusetts AV,Boston,MA,2115,42.34842,-71.087874,by shani,,False,4.0,1,Hynes Convention Center,62.33327099973236
2019-01-15 13:21:00,3/1/23 14:50,2027-03-01 14:50:00,Cafe G,Restaurant,25 Evans WY,Boston,MA,2115,42.338315,-71.09903300000002,cafe g,,True,7.2465753424657535,1,Longwood Medical Area,265.88862299818425
2022-01-20 13:02:00,12/23/25 10:59,2029-12-23 10:57:00,Cafe Sauvage,Restaurant,25 Massachusetts AV,Boston,MA,2115,42.350501,-71.08953099999997,cafe sauvage,,True,4.23013698630137,1,Hynes Convention Center,471.2217509968846
2015-03-30 00:00:00,3/6/23 11:40,2027-03-06 11:38:00,CAFFE BENE,CAFE,333 Massachusetts AV,Boston,MA,2115,42.342372,-71.08480299999997,caffe bene,,True,11.04931506849315,1,Symphony,63.111048003295096
2024-12-19 15:29:00,,2028-12-19 15:11:00,CAFFE NERO,Coffee Shop,114 New Edgerly RD,Boston,MA,2115,42.343579,-71.08659999999998,caffe nero,,True,1.3150684931506849,6,Symphony,270.6663959979639
2018-02-23 16:17:00,2/1/24 9:39,2028-02-01 09:35:00,CAFFE NERO,COFFEE CAFE,1100 Boylston ST,Boston,MA,2115,42.346842,-71.088506,caffe nero,,True,8.139726027397261,6,Hynes Convention Center,183.2220389992612
2014-10-03 00:00:00,9/24/18 15:29,2022-09-24 15:03:00,CAHOOTS,GRAPHIC DESIGN,30 Fenway,Boston,MA,2115,42.345609,-71.09015999999997,cahoots,,False,7.980821917808219,1,Hynes Convention Center,503.9994959962359
2022-01-21 11:13:00,,2026-01-21 11:11:00,"CALLOWAY GRAPHIX, PRINTING, MARKETING","GRAPHICS, PRINTING AND MARKETING",361 Newbury ST,Boston,MA,2115,42.348336,-71.08797300000003,calloway graphix printing marketing,,False,4.0,1,Hynes Convention Center,57.55549800468965
2022-04-07 12:53:00,,2026-04-07 12:50:00,Capital Bleu,Consultant,361 Newbury ST,Boston,MA,2115,42.348336,-71.08797300000003,capital bleu,,False,4.0,1,Hynes Convention Center,57.55549800468965
2015-10-21 00:00:00,12/30/19 16:35,2023-12-30 15:56:00,CAPPY'S LAUNDROMAT,LAUNDROMAT,90 Westland AV,Boston,MA,2115,42.34376,-71.08973000000003,cappys laundromat,,False,8.197260273972603,1,Northeastern University,451.999548003573
2025-07-10 14:12:00,,2029-07-10 14:11:00,Cappy's Pizza & Subs,Restaurant,82 Westland AV,Boston,MA,2115,42.343728,-71.08958200000001,cappys pizza  subs,,True,0.7589041095890411,1,Northeastern University,431.9995680003827
2023-09-01 09:39:00,,2027-09-01 09:34:00,Carbon Health,Human Medical Practice,400 FENWAY,BOSTON,MA,2115,42.340398,-71.101629,carbon health,,True,2.6164383561643834,3,Longwood Medical Area,673.7771039994402
2020-08-31 13:43:00,9/30/24 14:48,2028-09-30 10:58:00,CareerMode,career consulting,177 Huntington AV,Boston,MA,2115,42.344856,-71.08281599999998,careermode,,True,5.619178082191781,1,Prudential,203.7775739986804
2016-10-03 11:50:00,3/31/25 10:52,2029-03-31 10:49:00,Carl J Shapiro Instutie f/Education & Research at Harvard Medical School,Education & Research,330 Brookline AV,Boston,MA,2115,42.34128,-71.10468000000003,carl j shapiro instutie feducation  research at harvard medical school,,True,9.531506849315068,1,Fenway,448.55510699647954
2014-09-15 00:00:00,8/8/22 11:45,2026-08-08 10:53:00,CARR & ASSOCIATES,DENTAL OFFICE,68 New Edgerly RD,Boston,MA,2115,42.343578533871145,-71.08659993857145,carr  associates,,True,11.586301369863014,1,Symphony,270.6077785704078
2015-03-18 00:00:00,,2016-02-11 00:00:00,CARUCCI GROUP,REAL ESTATE,316 Newbury ST,Boston,MA,2115,42.348612,-71.08541200000002,carucci group,,False,0.9041095890410958,1,Hynes Convention Center,357.2218649981214
2022-08-08 11:46:00,,2026-08-08 11:44:00,Casa Romero,Restaurant,30 Gloucester ST,Boston,MA,2115,42.349438,-71.084565,casa romero,,True,3.682191780821918,1,Hynes Convention Center,543.1105680001237
2015-09-25 00:00:00,8/16/23 11:28,2027-08-16 11:25:00,CHARLEY PHILLY STEAKS,RESTAURANT,350 Longwood AV,Boston,MA,2115,42.338622,-71.10726799999998,charley philly steaks,,True,10.558904109589042,1,Longwood,632.7771450019003
2023-11-30 15:15:00,,2027-11-30 15:14:00,CHEWMAI,ONLINE RETAIL,74 Fenway,Boston,MA,2115,42.342747,-71.09091699999999,chewmai,,True,2.3698630136986303,1,Northeastern University,395.2218269992881
2025-05-07 12:42:00,,2029-05-07 12:33:00,CHI CHA SAN CHEN,Restaurant,408 Newbury ST,Boston,MA,2115,42.347948,-71.088704,chi cha san chen,,True,0.9342465753424658,1,Hynes Convention Center,95.6665710016284
2021-09-28 12:39:00,9/8/25 16:26,2029-09-08 16:24:00,CHIBUZO DUNUN,Entertainment,34 Westland AV,Boston,MA,2115,42.343337,-71.08753100000001,chibuzo dunun,,True,4.542465753424658,1,Symphony,347.2218750020527
2014-04-18 00:00:00,,2015-10-01 00:00:00,CHINESE MIRCH BOSTON,RESTAURANT,251 Massachusetts AV,Boston,MA,2115,42.343843,-71.08634599999999,chinese mirch boston,,False,1.4547945205479451,1,Symphony,271.77750599989554
2023-01-17 15:09:00,,2027-01-17 15:07:00,Chris Cleanout & Demo,Labor,307 Huntington AV,Boston,MA,2115,42.34125,-71.0874,chris cleanout  demo,,True,3.2383561643835614,1,Northeastern University,314.221908000894
2020-10-23 13:17:00,10/16/24 11:18,2028-10-16 08:28:00,Christian Science Practitioner,healing through prayer,334 Massachusetts AV,Boston,MA,2115,42.342604,-71.08417199999997,christian science practitioner,,True,5.473972602739726,1,Symphony,107.44433700268254
2019-10-18 12:36:00,10/13/23 15:18,2027-10-13 15:16:00,"Christie Thanasack, LMHC",Psychotherapy Practice,361 Newbury ST,Boston,MA,2115,42.348336,-71.08797300000003,christie thanasack lmhc,,True,6.49041095890411,1,Hynes Convention Center,57.55549800468965
2016-02-08 00:00:00,10/31/24 15:06,2028-10-31 15:04:00,CHRISTOPHER CHAUN,CLOTHING DESIGN,263 Huntington AV,Boston,MA,2115,42.342149,-71.086074,christopher chaun,,True,10.186301369863013,1,Symphony,172.88871600008656
2025-06-20 11:50:00,,2029-06-20 11:48:00,Chromesthesia- Color Hearing,Education,447 Marlborough ST,Boston,MA,2115,42.349942,-71.09050300000001,chromesthesia color hearing,,True,0.8136986301369863,1,Hynes Convention Center,517.1105940018185
2023-04-28 09:08:00,,2027-04-28 08:24:00,Citizen Construction,Construction,46 Saint Stephen ST,Boston,MA,2115,42.342228,-71.08680300000003,citizen construction,,True,2.9616438356164383,1,Symphony,245.11086600406307
2024-05-16 12:44:00,,2028-05-16 11:37:00,citizenM Back Bay Hotel,Hotel,408 Newbury ST,Boston,MA,2115,42.347948,-71.088704,citizenm back bay hotel,,True,1.9095890410958904,1,Hynes Convention Center,95.6665710016284
2026-02-26 10:01:00,,2030-02-26 09:59:00,City Liquor and Smoke Shop,Package Store,45 Massachusetts AV,Boston,MA,2115,42.349901,-71.08926400000001,city liquor and smoke shop,,True,0.12602739726027398,1,Hynes Convention Center,374.88851400246585
2022-08-03 12:04:00,,2026-08-03 11:59:00,City Smoke,Smoke Shop,324 Newbury ST,Boston,MA,2115,42.348446,-71.08604500000001,city smoke,,True,3.695890410958904,2,Hynes Convention Center,268.4441759988375
2015-07-06 00:00:00,8/31/23 9:21,2027-08-31 09:15:00,CITYSCAPES INTERNATIONAL REALTY GROUP,REAL ESTATE OFFICE,316 Newbury ST,Boston,MA,2115,42.348612,-71.08541200000002,cityscapes international realty group,,True,10.780821917808218,1,Hynes Convention Center,357.2218649981214
2015-08-06 00:00:00,,2016-01-19 00:00:00,CLEAN GREEN COOKING,MARKETING,263 Huntington AV,Boston,MA,2115,42.342149,-71.086074,clean green cooking,,False,0.4547945205479452,1,Symphony,172.88871600008656
2015-08-31 00:00:00,,2019-08-31 00:00:00,CLIO RESTAURANT,RESTAURANT,370 Commonwealth AV,Boston,MA,2115,42.348687,-71.08874700000001,clio restaurant,,False,4.002739726027397,1,Hynes Convention Center,182.5553730017338
2021-04-21 15:20:00,4/11/25 15:27,2029-04-11 12:24:00,Cloverkey,Hospital Gift Shop,300 Longwood AV,Boston,MA,2115,42.337322,-71.10551800000002,cloverkey,,True,4.980821917808219,1,Fenwood Road,408.9995909976613
2022-08-23 10:28:00,,2026-08-23 10:25:00,Clutter Erase,Consulting Services,11 New Whitney ST,Boston,MA,2115,42.335036,-71.10932600000001,clutter erase,,True,3.6410958904109587,1,Mission Park,200.7775770023072
2019-05-08 14:09:00,6/29/23 11:14,2027-06-29 11:04:00,Coco Leaf,Cafe/Bakery,303 Newbury ST,Boston,MA,2115,42.349014,-71.085466,coco leaf,,True,6.936986301369863,1,Hynes Convention Center,395.88849299997344
2019-10-07 12:22:00,,2023-10-07 11:36:00,Coin Cloud,Virtual Currency Kiosk Operatror,95 Westland AV,Boston,MA,2115,42.344084,-71.08947899999998,coin cloud,,False,4.0,2,Northeastern University,460.11065099809474
2023-04-05 10:14:00,,2027-04-05 10:05:00,COLLEGE CONVENIENCE,Convenience Store,281 Huntington AV,Boston,MA,2115,42.341987,-71.08645999999999,college convenience,,True,3.0246575342465754,1,Symphony,233.77754399872885
2013-09-18 00:00:00,,2015-08-05 00:00:00,COMMONWEALTH COURT GUEST HOUSE,LODGING HOUSE,284 Commonwealth AV,Boston,MA,2115,42.349709,-71.08456799999999,commonwealth court guest house,,False,1.8794520547945206,1,Hynes Convention Center,572.8883160007333
2022-12-29 14:15:00,,2026-12-29 14:14:00,Commonwealth Dental Group,Dental Office,400 Commonwealth AV,Boston,MA,2115,42.348467,-71.091091,commonwealth dental group,,True,3.2904109589041095,1,Hynes Convention Center,418.555137001168
2020-05-26 13:48:00,6/25/24 15:36,2028-06-25 12:21:00,ConsumerEXP,marketing,650 Huntington AV,Mission Hill,MA,2115,42.335227,-71.10036300000002,consumerexp,,True,5.884931506849315,1,Longwood Medical Area,148.11096300106405
2018-11-05 15:55:00,,2022-11-05 15:51:00,Copley Media Group,Marketing and Consulting,251 Huntington AV,Boston,MA,2115,42.342448,-71.085917,copley media group,,False,4.0,1,Symphony,122.22210000010988
2022-03-15 13:46:00,,2026-03-15 12:51:00,Corporate Housing Solutions,Rentals,177 Huntington AV,Boston,MA,2115,42.344856,-71.08281599999998,corporate housing solutions,,False,4.0,1,Prudential,203.7775739986804
2017-03-15 15:20:00,,,CROSSROAD PUB,BAR/RESTAURANT,495 Beacon ST,Boston,MA,2115,42.350586,-71.08976100000001,crossroad pub,,False,,1,Hynes Convention Center,506.22171600167815
2019-06-14 11:46:00,7/19/23 10:19,2027-07-19 10:07:00,CRYOHUB,Cryotherapy,316 Newbury ST,Boston,MA,2115,42.348612,-71.08541200000002,cryohub,,True,6.835616438356165,1,Hynes Convention Center,357.2218649981214
2022-02-08 15:31:00,2/4/26 13:47,2030-02-04 11:28:00,CSPS,Publisher,210 Massachusetts AV,Boston,MA,2115,42.345115,-71.08590700000002,csps,,True,4.178082191780822,1,Symphony,364.3329690030628
2017-02-07 13:44:00,12/4/24 15:26,2028-12-04 15:21:00,CVS / Pharmacy #2971,Pharmacy,350 Longwood AV,Boston,MA,2115,42.338622,-71.10726799999998,cvs  pharmacy 2971,,True,9.183561643835617,1,Longwood,632.7771450019003
2013-08-08 00:00:00,8/15/25 9:37,2029-08-16 08:05:00,CVS/PHARMACY #1259,RETAIL PHARMACY,231 Massachusetts AV,Boston,MA,2115,42.344321,-71.086592,cvspharmacy 1259,,True,12.69041095890411,1,Symphony,352.2218700004818
2013-08-08 00:00:00,8/18/25 7:53,2029-08-15 07:53:00,CVS/PHARMACY #524,RETAIL PHARMACY,350 Longwood AV,Boston,MA,2115,42.338622,-71.10726799999998,cvspharmacy 524,,True,12.69041095890411,1,Longwood,632.7771450019003
2024-04-17 15:47:00,,2028-04-17 14:49:00,Dandelion Massage Boston,Massage Therapy,400 Commonwealth AV,Boston,MA,2115,42.348467,-71.091091,dandelion massage boston,,True,1.989041095890411,1,Hynes Convention Center,418.555137001168
2024-09-27 16:34:00,,2028-09-27 16:33:00,Dani's Queer Bar,Restaurant,909 Boylston ST,Boston,MA,2115,42.348386,-71.08430399999997,danis queer bar,,True,1.5424657534246575,1,Hynes Convention Center,455.2217670025431
2014-12-18 00:00:00,2/14/19 13:07,2023-02-14 11:28:00,DARA'S WINE & SPIRITS,LIQUOR PACKAGE STORE,750 Huntington AVE,Boston,MA,2115,42.33355,-71.10561999999999,daras wine  spirits,,False,8.164383561643836,1,Fenwood Road,21.444422998753943
2024-07-19 12:21:00,,2028-07-19 12:11:00,David S. Guiness,antique Dealer,30 Dalton ST,Boston,MA,2115,42.345962,-71.08461199999999,david s guiness,,True,1.7342465753424658,1,Prudential,367.5551879996645
2025-06-04 16:17:00,,2029-06-04 16:13:00,DELUXE RUSSIAN NAILS,Salon Owner,305 Newbury ST,Boston,MA,2115,42.348979,-71.08544999999998,deluxe russian nails,,True,0.8575342465753425,1,Hynes Convention Center,393.7773840021455
2024-12-04 13:00:00,,2028-12-04 12:58:00,demandDrive,Consulting company,177 Huntington AV,Boston,MA,2115,42.344856,-71.08281599999998,demanddrive,,True,1.356164383561644,1,Prudential,203.7775739986804
2025-09-22 16:46:00,,2029-09-22 16:44:00,Dental Designs of Boston,Dental Office,388 Commonwealth AV,Boston,MA,2115,42.348602,-71.09000000000003,dental designs of boston,,True,0.5561643835616439,1,Hynes Convention Center,312.333021004084
2014-03-19 00:00:00,3/8/18 12:55,2022-03-08 11:36:00,DEPARTMENT OF ANESTHESIA,MEDICAL SERVICES,75 Francis ST,Boston,MA,2115,42.336164,-71.10695099999998,department of anesthesia,,False,7.975342465753425,1,Fenwood Road,405.9995939973406
2014-03-19 00:00:00,3/8/18 12:55,2022-03-08 11:37:00,DEPARTMENT OF DERMATOLOGY,MEDICAL SERVICES,75 Francis ST,Boston,MA,2115,42.336164,-71.10695099999998,department of dermatology,,False,7.975342465753425,1,Fenwood Road,405.9995939973406
2014-03-19 00:00:00,3/8/18 12:54,2022-03-08 11:38:00,DEPARTMENT OF EMERGENCY MEDICINE,MEDICAL SERVICES,75 Francis ST,Boston,MA,2115,42.336164,-71.10695099999998,department of emergency medicine,,False,7.975342465753425,1,Fenwood Road,405.9995939973406
2014-03-19 00:00:00,3/8/18 13:21,2022-03-08 11:40:00,DEPARTMENT OF MEDICINE,MEDICAL SERVICES,75 Francis ST,Boston,MA,2115,42.336164,-71.10695099999998,department of medicine,,False,7.975342465753425,1,Fenwood Road,405.9995939973406
2014-03-19 00:00:00,3/8/18 13:03,2022-03-08 11:42:00,DEPARTMENT OF NEUROLOGY,MEDICAL SERVICES,75 Francis ST,Boston,MA,2115,42.336164,-71.10695099999998,department of neurology,,False,7.975342465753425,1,Fenwood Road,405.9995939973406
2014-03-19 00:00:00,3/8/18 13:04,2022-03-08 11:44:00,DEPARTMENT OF NEUROSURGERY,MEDICAL SERVICES,75 Francis ST,Boston,MA,2115,42.336164,-71.10695099999998,department of neurosurgery,,False,7.975342465753425,1,Fenwood Road,405.9995939973406
2014-03-19 00:00:00,3/8/18 13:17,2022-03-08 11:46:00,DEPARTMENT OF NEWBORN MEDICINE,MEDICAL SERVICES,75 Francis ST,Boston,MA,2115,42.336164,-71.10695099999998,department of newborn medicine,,False,7.975342465753425,1,Fenwood Road,405.9995939973406
2014-03-19 00:00:00,3/8/18 13:03,2022-03-08 11:48:00,DEPARTMENT OF OB/GYN,MEDICAL SERVICES,75 Francis ST,Boston,MA,2115,42.336164,-71.10695099999998,department of obgyn,,False,7.975342465753425,1,Fenwood Road,405.9995939973406
2014-03-19 00:00:00,3/8/18 13:00,2022-03-08 11:50:00,DEPARTMENT OF ORTHOPEDICS,MEDICAL SERVICES,75 Francis ST,Boston,MA,2115,42.336164,-71.10695099999998,department of orthopedics,,False,7.975342465753425,1,Fenwood Road,405.9995939973406
2014-03-19 00:00:00,3/8/18 13:01,2022-03-08 11:52:00,DEPARTMENT OF PATHOLOGY,MEDICAL SERVICES,75 Francis ST,Boston,MA,2115,42.336164,-71.10695099999998,department of pathology,,False,7.975342465753425,1,Fenwood Road,405.9995939973406
2014-03-19 00:00:00,3/8/18 12:59,2022-03-08 11:54:00,DEPARTMENT OF PRIMARY CARE,MEDICAL SERVICES,75 Francis ST,Boston,MA,2115,42.336164,-71.10695099999998,department of primary care,,False,7.975342465753425,1,Fenwood Road,405.9995939973406
2014-03-19 00:00:00,3/8/18 12:58,2022-03-08 11:56:00,DEPARTMENT OF PSYCHIATRY,MEDICAL SERVICES,75 Francis ST,Boston,MA,2115,42.336164,-71.10695099999998,department of psychiatry,,False,7.975342465753425,1,Fenwood Road,405.9995939973406
2014-03-19 00:00:00,3/8/18 13:00,2022-03-08 11:58:00,DEPARTMENT OF RADIATION ONCOLOGY,MEDICAL SERVICES,75 Francis ST,Boston,MA,2115,42.336164,-71.10695099999998,department of radiation oncology,,False,7.975342465753425,1,Fenwood Road,405.9995939973406
2014-03-19 00:00:00,3/8/18 12:57,2022-03-08 11:59:00,DEPARTMENT OF RADIOLOGY,MEDICAL SERVICES,75 Francis ST,Boston,MA,2115,42.336164,-71.10695099999998,department of radiology,,False,7.975342465753425,1,Fenwood Road,405.9995939973406
2014-03-19 00:00:00,3/8/18 13:02,2022-03-08 12:02:00,"DEPARTMENT OF RHEUMATOLOGY, ALLERGY AND IMMUNOLOGY",MEDICAL SERVICES,75 Francis ST,Boston,MA,2115,42.336164,-71.10695099999998,department of rheumatology allergy and immunology,,False,7.975342465753425,1,Fenwood Road,405.9995939973406
2014-03-19 00:00:00,3/8/18 12:56,2022-03-08 12:04:00,DEPARTMENT OF SURGERY,MEDICAL SERVICES,75 Francis ST,Boston,MA,2115,42.336164,-71.10695099999998,department of surgery,,False,7.975342465753425,1,Fenwood Road,405.9995939973406
2016-11-22 12:07:00,2/28/25 13:49,2029-02-28 12:01:00,DESIGN KYO,interior design & decoration,42 Saint Stephen ST,Boston,MA,2115,42.342319,-71.08669099999997,design kyo,,True,9.394520547945206,1,Symphony,222.5553329970616
2019-06-26 10:29:00,9/29/25 12:02,2029-09-29 11:57:00,Deuxave,Restaurant/Bar,371 Commonwealth AV,Boston,MA,2115,42.349449,-71.08904100000001,deuxave,,True,6.802739726027397,1,Hynes Convention Center,299.8885890015551
2016-04-25 00:00:00,9/11/24 14:02,2028-09-11 11:48:00,DHC DESIGN,ARCHITECT,333 Commonwealth AV,Boston,MA,2115,42.349861,-71.087513,dhc design,,True,9.975342465753425,1,Hynes Convention Center,262.55529299949467
2020-02-05 11:16:00,7/16/25 12:16,2029-07-16 12:14:00,DHCI Real Estate Group,Real Estate Office,316 Newbury ST,Boston,MA,2115,42.348612,-71.08541200000002,dhci real estate group,,True,6.189041095890411,1,Hynes Convention Center,357.2218649981214
2016-11-21 11:46:00,11/17/20 11:22,2024-11-17 11:19:00,Dick Blick Retail,Retail Art Supplies,333 Massachusetts AV,Boston,MA,2115,42.342372,-71.08480299999997,dick blick retail,,False,7.991780821917808,1,Symphony,63.111048003295096
2017-10-27 13:19:00,11/19/21 10:47,2025-11-19 09:23:00,Diesel,Fashion Retail,339 Newbury ST,Boston,MA,2115,42.348641,-71.086727,diesel,,False,8.065753424657535,1,Hynes Convention Center,214.3331190004518
2013-10-18 00:00:00,1/22/26 10:30,2030-01-22 08:30:00,DILLON'S,RESTAURANT,955 Boylston ST,Boston,MA,2115,42.347961,-71.085894,dillons,,True,12.495890410958904,1,Hynes Convention Center,231.3331020001635
2022-09-06 13:23:00,,2026-09-06 13:17:00,DJ Management,Short Term Rental,14 Cumberland ST,Boston,MA,2115,42.34374,-71.08192200000002,dj management,,True,3.6027397260273974,2,Prudential,228.44421600350972
2022-09-06 13:23:00,,2026-09-06 13:15:00,DJ Management,Short Term Rental,14 Cumberland ST,Boston,MA,2115,42.34374,-71.08192200000002,dj management,,True,3.6027397260273974,2,Prudential,228.44421600350972
2018-04-19 14:45:00,,2022-04-19 14:44:00,Dolphin Microsystems,IT Consulting,390 Commonwealth AV,Boston,MA,2115,42.348576,-71.09037000000001,dolphin microsystems,,False,4.0,1,Hynes Convention Center,350.55520500153176
2025-05-19 12:05:00,,2029-05-19 11:40:00,Don't Tell Aunty,Restaurant and Bar,1080 Boylston ST,Boston,MA,2115,42.346927,-71.08802100000003,dont tell aunty,,True,0.9013698630136986,1,Hynes Convention Center,119.88876900284302
2018-04-04 14:36:00,3/22/22 14:41,2026-03-22 14:36:00,Dos Diablos,Restaurant & Bar,52 Gainsborough ST,Boston,MA,2115,42.34176,-71.08736099999999,dos diablos,,False,7.96986301369863,1,Symphony,359.11075199887887
2024-03-05 10:43:00,,2028-03-05 10:38:00,Down Under School of Yoga,Yoga Studio,1112 Boylston ST,Boston,MA,2115,42.34679,-71.08870999999999,down under school of yoga,,True,2.106849315068493,1,Hynes Convention Center,211.6664549992896
2018-06-07 15:03:00,,2022-06-07 13:36:00,DR. TRACY MURPHY,DENTIST,328 Newbury ST,Boston,MA,2115,42.348406,-71.08620200000001,dr tracy murphy,,False,4.0,1,Hynes Convention Center,246.5553089980477
2020-08-26 14:41:00,,2024-08-26 14:36:00,Dragonfly Commerce,Acquisition and Dev. of Brands,177 Huntington AV,Boston,MA,2115,42.344856,-71.08281599999998,dragonfly commerce,,False,4.0,1,Prudential,203.7775739986804
2023-01-20 16:03:00,,2027-01-20 13:59:00,Dunkin Donuts,Quick Service Retail,330 Brookline AV,Boston,MA,2115,42.34128,-71.10468000000003,dunkin donuts,,True,3.23013698630137,17,Fenway,448.55510699647954
2019-06-25 09:44:00,8/4/23 14:54,2027-08-04 14:02:00,Dunkin Donuts,Coffee & Donuts,360 Huntington AV,Boston,MA,2115,42.338998,-71.08728500000001,dunkin donuts,,True,6.8054794520547945,17,Northeastern University,348.7774289997043
2019-06-25 09:44:00,8/4/23 14:54,2027-08-04 13:55:00,Dunkin Donuts,Coffee & Donuts,115 Forsyth ST,Boston,MA,2115,42.337505,-71.09013600000003,dunkin donuts,,True,6.8054794520547945,17,Ruggles,162.99983700294783
2014-06-30 00:00:00,1/20/23 16:03,2027-01-20 14:09:00,DUNKIN DONUTS,QUICK SERVICE RETAIL,350 Longwood AV,Boston,MA,2115,42.338622,-71.10726799999998,dunkin donuts,,True,11.797260273972602,17,Longwood,632.7771450019003
2020-02-28 10:33:00,,2024-02-28 10:30:00,Egan Sustainability Consulting,Sustainability consulting,411 Marlborough ST,Boston,MA,2115,42.350287,-71.08897100000002,egan sustainability consulting,,False,4.0,1,Hynes Convention Center,385.22183700242994
2025-09-15 13:44:00,,2029-09-15 13:42:00,El Barco,Resturant,50A Dalton ST,Boston,MA,2115,42.347065,-71.085643,el barco,,True,0.5753424657534246,1,Hynes Convention Center,342.5552129988345
2023-03-07 13:45:00,,2027-03-07 13:38:00,El Jefe's Taqueria Of Northeastern,Restaurant,269 Huntington AV,Boston,MA,2115,42.342179,-71.08623999999998,el jefes taqueria of northeastern,,True,3.1041095890410957,1,Symphony,187.9998119974618
2015-06-22 00:00:00,8/18/23 12:43,2027-08-18 11:24:00,EMACK AND BOLIO'S,ICE CREAM,290 Newbury ST,Boston,MA,2115,42.348832,-71.08456799999999,emack and bolios,,True,10.819178082191781,1,Hynes Convention Center,475.4439690012249
2017-11-03 14:44:00,11/9/21 14:49,2025-11-09 13:54:00,Ember Creative,Design,358 Commonwealth AV,Boston,MA,2115,42.348833,-71.08786700000002,ember creative,,False,8.01917808219178,1,Hynes Convention Center,108.99989099796566
2025-03-17 14:39:00,,2029-03-17 13:35:00,Encore,Audio Visual Equipment Rental Services,1 Dalton ST,Boston,MA,2115,42.345818,-71.08411100000001,encore,,True,1.073972602739726,8,Prudential,295.88859300139075
2016-01-08 00:00:00,1/4/24 11:42,2028-01-04 11:39:00,ENGEL & VOLKERS BOSTON,REAL ESTATE,46 Gloucester ST,Boston,MA,2115,42.348777,-71.08415100000002,engel  volkers boston,,True,10.271232876712329,2,Hynes Convention Center,515.6661509975705
2015-12-30 00:00:00,,2019-12-30 00:00:00,ENGEL & VOLKERS METRO BOSTON,REAL ESTATE SALES & LEASING,46 Gloucester ST,Boston,MA,2115,42.348777,-71.08415100000002,engel  volkers metro boston,,False,4.002739726027397,1,Hynes Convention Center,515.6661509975705
2022-08-16 12:43:00,,2026-08-16 12:42:00,Enovis Surgi-Care,Sales,364 Brookline AV,Boston,MA,2115,42.338588,-71.10624100000001,enovis surgicare,,True,3.66027397260274,1,Fenwood Road,596.4438480012626
2022-04-14 15:06:00,,2026-04-14 15:04:00,Eva,Restaurant,279A Newbury ST,Boston,MA,2115,42.349289,-71.08436699999999,eva,,True,4.0,1,Hynes Convention Center,548.5550070013782
2023-02-27 09:59:00,,2027-02-27 09:57:00,Evolve Chiropractic & Wellness,Fitness & Wellness,30 Fenway,Boston,MA,2115,42.345609,-71.09015999999997,evolve chiropractic  wellness,,True,3.126027397260274,1,Hynes Convention Center,503.9994959962359
2022-04-27 10:36:00,,2026-04-27 10:35:00,ezzie + co.,Legal + Consulting Services,230 Newton ST,Boston,MA,2115,42.344158,-71.08029499999998,ezzie  co,,True,3.9643835616438357,1,Prudential,312.555243001944
2024-08-13 14:40:00,,2028-08-13 14:36:00,F & P Mechanical,Mechanical Contractor,361 Newbury ST,Boston,MA,2115,42.348336,-71.08797300000003,f  p mechanical,,True,1.6657534246575343,1,Hynes Convention Center,57.55549800468965
2019-02-28 14:23:00,,2023-02-28 14:20:00,Fanny Dupuis Photography,Photography,27H Massachusetts AV,Boston,MA,2115,42.350415,-71.08963599999998,fanny dupuis photography,,False,4.0,1,Hynes Convention Center,473.33285999866
2024-09-23 15:29:00,,2028-09-23 15:27:00,Farmer's Horse Coffee,Restaurant,374 Massachusetts AV,Boston,MA,2115,42.341906,-71.083346,farmers horse coffee,,True,1.5534246575342465,1,Massachusetts Avenue,199.1109120001992
2013-07-29 00:00:00,,2015-09-03 00:00:00,FELICIA'S COSMETICS,RETAIL STORE,314 Newbury ST,Boston,MA,2115,42.348631,-71.08533399999999,felicias cosmetics,,False,2.0986301369863014,1,Hynes Convention Center,367.9996320009108
2024-04-26 15:56:00,,2028-04-26 15:14:00,Fengate Properties,Apartment Rental,48 Fenway,Boston,MA,2115,42.345002,-71.09036600000002,fengate properties,,True,1.9643835616438357,1,Northeastern University,584.554971002068
2023-06-16 11:15:00,,2027-06-16 11:12:00,Fensgate Properties Realty Trust,Residential Rental,48 Fenway,Boston,MA,2115,42.345002,-71.09036600000002,fensgate properties realty trust,,True,2.8273972602739725,1,Northeastern University,584.554971002068
2023-03-20 10:51:00,,2027-03-20 10:50:00,Fenway Financial Consultants,Accounting Services,51 Saint Stephen ST,Boston,MA,2115,42.342341,-71.08724699999999,fenway financial consultants,,True,3.0684931506849313,1,Symphony,281.8886069996312
2025-08-29 10:35:00,,2029-08-29 10:34:00,Fenway Forward,Community Organization,70 Burbank ST,Boston,MA,2115,42.34436,-71.08901000000003,fenway forward,,True,0.6219178082191781,1,Northeastern University,480.8884079977424
2020-04-09 14:18:00,4/10/24 15:25,2028-04-10 15:23:00,Fenway Property Solutions,property management,327 Huntington AV,Boston,MA,2115,42.340955,-71.08816999999999,fenway property solutions,,True,6.013698630136986,1,Northeastern University,195.88869300201853
2018-12-12 15:25:00,12/1/22 11:18,2026-12-01 10:59:00,Five Guys,Fast Food,263 Huntington AV,Boston,MA,2115,42.342149,-71.086074,five guys,,True,7.33972602739726,1,Symphony,172.88871600008656
2018-09-25 13:25:00,3/4/24 17:22,2028-03-04 11:52:00,Fjallraven,Retail Sales - Outdoor Clothing,330 Newbury ST,Boston,MA,2115,42.348387,-71.086277,fjallraven,,True,7.553424657534246,2,Hynes Convention Center,236.11087500073265
2026-01-06 15:23:00,,2030-01-06 15:07:00,FLOUR BAKERY + CAFE,Restaurant/Cafe,30 Dalton ST,Boston,MA,2115,42.345962,-71.08461199999999,flour bakery  cafe,,True,0.26575342465753427,3,Prudential,367.5551879996645
2014-05-20 00:00:00,6/2/22 10:26,2026-06-02 10:25:00,FLUTEFX,MUSICAL INSTRUMENT REPAIR,73 Hemenway ST,Boston,MA,2115,42.344581,-71.09002800000002,flutefx,,True,11.90958904109589,1,Northeastern University,540.666125997611
2025-10-15 11:42:00,,2029-10-15 11:41:00,Fontaine Wellness,Wellness Consulting Services,292 Newbury ST,Boston,MA,2115,42.348811,-71.08464200000003,fontaine wellness,,True,0.4931506849315068,1,Hynes Convention Center,464.8884239962954
2018-01-29 14:43:00,3/10/26 13:20,2030-03-10 13:15:00,Forbes Real Estate,Real Estate,411 Beacon ST,Boston,MA,2115,42.351542,-71.08595400000002,forbes real estate,,True,8.208219178082192,1,Hynes Convention Center,622.5549329984977
2016-06-24 14:37:00,8/8/24 12:48,2028-08-08 12:46:00,Forsyth Dental Hygiene Clinic,Univertiy Dental,179 Longwood AV,Boston,MA,2115,42.33653,-71.101406,forsyth dental hygiene clinic,,True,9.808219178082192,1,Longwood Medical Area,219.22200299916145
2015-12-04 00:00:00,11/21/23 9:52,2027-11-21 09:47:00,FORTY DALTON,HOTEL RESTAURANT,40 Dalton ST,Boston,MA,2115,42.346422,-71.08506499999999,forty dalton,,True,10.367123287671232,1,Symphony,415.99958399893575
2021-08-27 13:11:00,8/27/25 14:13,2029-08-27 14:12:00,Forward Spine And Sport,Health Care Services,400 Commonwealth AV,Boston,MA,2115,42.348467,-71.091091,forward spine and sport,,True,4.63013698630137,1,Hynes Convention Center,418.555137001168
2023-05-19 11:23:00,,2027-05-19 11:22:00,Four Seaons Hotel One Dalton,Full Service Hotel,1 Dalton ST,Boston,MA,2115,42.345818,-71.08411100000001,four seaons hotel one dalton,,True,2.904109589041096,1,Prudential,295.88859300139075
2019-05-22 11:37:00,6/2/23 16:09,2027-06-02 16:06:00,Four Seasons Boston at One Dalton,Full Service Hotel,1 Dalton ST,Boston,MA,2115,42.345818,-71.08411100000001,four seasons boston at one dalton,,True,6.898630136986301,1,Prudential,295.88859300139075
2024-02-07 10:24:00,,2028-02-07 10:23:00,Frame Advisors,Advisory Services,352 Commonwealth AV,Boston,MA,2115,42.348893,-71.087647,frame advisors,,True,2.180821917808219,1,Hynes Convention Center,140.11097099915634
2024-10-22 13:01:00,,2028-10-22 12:13:00,Free People Movement #6052,Clothing retail,333 Newbury ST,Boston,MA,2115,42.348679,-71.08647300000001,free people movement 6052,,True,1.473972602739726,1,Hynes Convention Center,246.7775309982761
2024-10-16 11:19:00,,2028-10-16 11:17:00,Friends of the Back Bay Fens,Environmental Advocacy,120 Norway ST,Boston,MA,2115,42.34503,-71.08889999999997,friends of the back bay fens,,True,1.4904109589041097,1,Hynes Convention Center,428.3329049962188
2013-08-13 00:00:00,7/22/25 13:26,2029-07-22 13:24:00,FRIENDS PLACE,SPECIALTY STORE,450 Brookline AV,Boston,MA,2115,42.337556,-71.107641,friends place,,True,12.676712328767124,1,Fenwood Road,637.3326959998726
2025-01-15 12:47:00,,2029-01-15 12:46:00,GalaxyNexus Software,Software Development,45 Westland AV,Boston,MA,2115,42.343916,-71.08804700000002,galaxynexus software,,True,1.2410958904109588,1,Hynes Convention Center,457.33287600195
2022-09-02 14:12:00,,2026-09-02 10:58:00,Gemelli Tax & Accounting,Tax Prep/Accounting,150 Huntington AV,Boston,MA,2115,42.344976,-71.08185000000003,gemelli tax  accounting,,True,3.6136986301369864,1,Prudential,83.11102800411692
2025-09-30 12:22:00,,2029-09-30 12:22:00,George Howell Coffee,Cafe,400 Newbury ST,Boston,MA,2115,42.347723,-71.08860199999998,george howell coffee,,True,0.5342465753424658,2,Hynes Convention Center,95.99990399762883
2023-01-13 14:46:00,,2027-01-13 14:26:00,Gerald butler Short Term Rental,Short Term Rental,28 Edgerly RD,Boston,MA,2115,42.345698,-71.08767999999998,gerald butler short term rental,,True,3.249315068493151,1,Hynes Convention Center,268.11084300204755
2024-08-05 16:38:00,,2028-08-05 16:38:00,Glenn Dunne,STR 546475,8 Symphony RD,Boston,MA,2115,42.342661,-71.08739600000001,glenn dunne,,True,1.6876712328767123,1,Symphony,262.8886260018111
2018-09-20 14:57:00,,2022-09-20 14:52:00,Global Insights,Management Consulting,30 Dalton ST,Boston,MA,2115,42.345962,-71.08461199999999,global insights,,False,4.0,1,Prudential,367.5551879996645
2019-11-21 14:47:00,11/8/23 11:48,2027-11-08 10:48:00,GNC Church Park #5904,Vitamin Store,225 Massachusetts AV,Boston,MA,2115,42.344422,-71.08664799999997,gnc church park 5904,,True,6.397260273972603,1,Symphony,369.6662969974924
2022-04-21 12:38:00,,2026-04-21 12:34:00,GND Cleaning Services,Cleaning Services,54 Fenwood RD,Boston,MA,2115,42.334986,-71.10783700000002,gnd cleaning services,,True,3.9808219178082194,1,Mission Park,349.5552059977406
2013-09-25 00:00:00,9/22/25 10:48,2029-09-22 10:38:00,GREENHOUSE REALTY,Apartment Rentals,150 Huntington AV,Boston,MA,2115,42.344976,-71.08185000000003,greenhouse realty,,True,12.558904109589042,1,Prudential,83.11102800411692
2019-02-22 15:19:00,2/22/23 12:03,2027-02-22 11:58:00,Gyroscope,Restaurant,305 Huntington AV,Boston,MA,2115,42.341274,-71.087336,gyroscope,,True,7.142465753424657,1,Northeastern University,323.99967600147124
2015-03-10 00:00:00,5/3/23 14:31,2027-05-03 11:56:00,H&R BLOCK,TAX PREPARATION SERVICES,205 Massachusetts AV,Boston,MA,2115,42.344802,-71.08683500000001,hr block,,True,11.104109589041096,2,Symphony,432.6662340018575
2012-10-09 00:00:00,,2013-09-24 00:00:00,HAIGH CONSULTING,CONSULTING,396 Marlborough ST,Boston,MA,2115,42.350108,-71.088008,haigh consulting,,False,0.958904109589041,1,Hynes Convention Center,258.3330750006809
2021-10-19 13:53:00,9/30/25 15:34,2029-09-30 15:32:00,Haju Kitchen,Restaurant,175 Massachusetts AV,Boston,MA,2115,42.345849,-71.08727699999997,haju kitchen,,True,4.484931506849315,1,Hynes Convention Center,296.11081500240863
2019-05-06 09:27:00,,2023-05-06 09:24:00,Hannah Rose Photography,Photography,129 Saint Botolph ST,Boston,MA,2115,42.344139,-71.08204899999998,hannah rose photography,,False,4.0,1,Prudential,198.2220239992854
2014-03-26 00:00:00,2/16/18 12:56,2022-02-16 12:55:00,HARRISON PROPERTIES,REAL ESTATE,16 Parker Hill AV,Boston,MA,2115,42.332503,-71.109329,harrison properties,,False,7.901369863013699,1,Mission Park,92.11101900034193
2016-04-21 00:00:00,5/22/24 15:30,2028-05-22 15:28:00,HATCH HAUS DESIGN,GRAPHIC DESIGN,21 Cumberland ST,Boston,MA,2115,42.34331,-71.08182099999999,hatch haus design,,True,9.986301369863014,1,Prudential,264.999734999639
2015-12-16 00:00:00,3/6/24 16:11,2028-02-09 16:08:00,HAVIER DAIVON ENTERTAINMENT,ENTERTAINMENT,150 Massachusetts AV,Boston,MA,2115,42.34667,-71.08717999999999,havier daivon entertainment,,True,10.334246575342465,1,Hynes Convention Center,215.66645100024343
2015-07-20 00:00:00,9/20/23 15:28,2027-09-20 13:01:00,HBCS,BILLING OF HOSP & PHYS ACCTS REC,330 Brookline AV,Boston,MA,2115,42.34128,-71.10468000000003,hbcs,,True,10.742465753424657,1,Fenway,448.55510699647954
2024-03-01 13:39:00,,2028-03-01 13:37:00,Heal Yourself & Love Yourself,Non Profit,72 Westland AV,Boston,MA,2115,42.34358,-71.08922999999999,heal yourself  love yourself,,True,2.117808219178082,1,Northeastern University,376.44406799853846
2018-05-10 15:36:00,3/17/26 14:47,2030-03-17 14:45:00,HEALTHNEIQUE ENTERPRISES,DEVELOP VARIOUS KITS,33 Symphony RD,Boston,MA,2115,42.34308,-71.088124,healthneique enterprises,,True,7.931506849315069,1,Symphony,384.5551710001656
2020-02-18 13:35:00,5/28/24 15:52,2028-05-28 15:51:00,Higginson Boston Rental,Short Term Rental,36 Edgerly RD,Boston,MA,2115,42.345444,-71.08758699999998,higginson boston rental,,True,6.153424657534247,1,Hynes Convention Center,306.66636000102216
2021-01-28 10:11:00,,2025-01-28 10:10:00,Hilton Boston Back Bay,hotel,40 Dalton ST,Boston,MA,2115,42.346422,-71.08506499999999,hilton boston back bay,,False,4.0,1,Symphony,415.99958399893575
2023-12-18 15:20:00,,2027-12-18 11:54:00,HISSHO SUSHI,Wholesale sushi vendor,500 Huntington AV,Boston,MA,2115,42.338166,-71.09381200000001,hissho sushi,,True,2.3205479452054796,3,Museum of Fine Arts,113.22210899914796
2022-05-16 12:58:00,,2026-05-16 11:25:00,HISSHO SUSHI inside MassArt Eat Cafe- The Colleges Of The Fenway,Wholesale Sushi Vendor,625 Huntington AV,Boston,MA,2115,42.336311,-71.10037399999999,hissho sushi inside massart eat cafe the colleges of the fenway,,True,3.9123287671232876,1,Longwood Medical Area,80.22214199798931
2019-03-08 11:04:00,,2023-03-08 11:02:00,Historic Boston Crime Tours,Tour Company,650 Huntington AV,Mission Hill,MA,2115,42.335227,-71.10036300000002,historic boston crime tours,,False,4.0,1,Longwood Medical Area,148.11096300106405
2026-02-19 15:52:00,,2030-02-19 13:49:00,Hoka,Retail,337 Newbury ST,Boston,MA,2115,42.348692,-71.08666700000003,hoka,,True,0.14520547945205478,1,Hynes Convention Center,226.66643999615587
2025-05-21 10:21:00,,2029-05-21 10:20:00,Homie Property Management,Technology,402 Marlborough ST,Boston,MA,2115,42.350044,-71.088259,homie property management,,True,0.8958904109589041,1,Hynes Convention Center,279.11083199953896
2018-10-23 11:32:00,,2022-10-23 11:31:00,Honest Trading Post,Online Retail,376 Riverway,Boston,MA,2115,42.332971,-71.11163299999998,honest trading post,,False,4.0,1,Riverway,158.66650800125657
2024-04-12 15:38:00,,2028-04-12 15:34:00,Hope Support Foundation,Basic Necessities for the Needy,361 Newbury ST,Boston,MA,2115,42.348336,-71.08797300000003,hope support foundation,,True,2.0027397260273974,1,Hynes Convention Center,57.55549800468965
2018-06-18 10:42:00,12/1/22 11:24,2026-12-01 10:52:00,HORIZON Data Science Applications,Consulting,159 Saint Botolph ST,Boston,MA,2115,42.343464,-71.08283599999999,horizon data science applications,,True,7.824657534246575,1,Symphony,332.99966700085423
2025-04-17 16:15:00,,2029-04-17 16:13:00,HOTWORX,Fitness Studio,189 Massachusetts AV,Boston,MA,2115,42.345379,-71.087111,hotworx,,True,0.989041095890411,1,Hynes Convention Center,366.77741100004914
2016-01-25 00:00:00,3/17/25 15:47,2029-03-17 15:28:00,HUB GUITAR,GUITAR INSTRUCTION,236 Huntington AV,Boston,MA,2115,42.34296,-71.08415000000002,hub guitar,,True,10.224657534246575,1,Symphony,130.99986899689594
2021-01-21 14:10:00,2/25/25 15:54,2029-02-25 15:46:00,HUNTINGTON MARKET,CONVENIENCE STORE,818 Huntington AV,Boston,MA,2115,42.33308,-71.10807999999997,huntington market,,True,5.227397260273973,1,Mission Park,154.9998450018296
2020-04-09 14:18:00,4/10/24 15:26,2028-04-10 15:18:00,Huntington Property Services,property management,327 Huntington AV,Boston,MA,2115,42.340955,-71.08816999999999,huntington property services,,True,6.013698630136986,1,Northeastern University,195.88869300201853
2025-10-21 12:41:00,,2029-10-21 12:39:00,Huntington Salon Barbershop,Hair Salon,333 Huntington AV,Boston,MA,2115,42.340889,-71.08847700000001,huntington salon barbershop,,True,0.4767123287671233,1,Northeastern University,154.4442899992848
2015-06-22 00:00:00,6/21/23 16:41,2027-06-21 14:44:00,IBS CAPITAL,INVESTMENT MANAGER,31 Saint Germain ST,Boston,MA,2115,42.345631,-71.08576600000004,ibs capital,,True,10.819178082191781,1,Symphony,405.999594004446
2017-07-07 13:25:00,5/29/25 10:26,2029-05-29 10:26:00,Ichiban Yakitori Sushi House,Asian Restaurant,14 Westland AV,Boston,MA,2115,42.343225,-71.08675299999999,ichiban yakitori sushi house,,True,8.772602739726027,1,Symphony,248.3330849990857
2022-07-14 13:25:00,,2026-07-14 13:10:00,Icon,Communications Aid Technology,177 Huntington AV,Boston,MA,2115,42.344856,-71.08281599999998,icon,,True,3.750684931506849,1,Prudential,203.7775739986804
2023-02-17 15:16:00,,2027-02-17 15:14:00,IdeaForward,Consulting,30 Dalton ST,Boston,MA,2115,42.345962,-71.08461199999999,ideaforward,,True,3.1534246575342464,1,Prudential,367.5551879996645
2023-02-06 09:44:00,,2027-02-06 09:39:00,Infushon,Online Infusion Services Management,32 Francis ST,Boston,MA,2115,42.33497,-71.10649000000001,infushon,,True,3.1835616438356165,1,Fenwood Road,222.1108890005521
2019-04-03 15:13:00,4/14/23 15:44,2027-04-14 15:43:00,Irene Smalls,Marketing Sales,2 Durham ST,Boston,MA,2115,42.344175,-71.081074,irene smalls,,True,7.032876712328767,1,Prudential,224.1108869994501
2023-10-27 15:44:00,,2027-10-27 15:43:00,Istanbul Doner Burrito,Restaurant,350 Longwood AV,Boston,MA,2115,42.338622,-71.10726799999998,istanbul doner burrito,,True,2.463013698630137,2,Longwood,632.7771450019003
2024-11-04 13:04:00,,2028-11-04 13:03:00,Istanbul Doner Burrito,Restaurant,350 Longwood AV,Boston,MA,2115,42.338622,-71.10726799999998,istanbul doner burrito,,True,1.4383561643835616,2,Longwood,632.7771450019003
2021-10-06 12:59:00,,2025-10-06 12:58:00,iTaV Logistics,Logistics,80 Fenwood RD,Boston,MA,2115,42.335946,-71.10942599999998,itav logistics,,False,4.0,1,Mission Park,312.9996869992429
2024-10-24 12:47:00,,2028-10-24 12:34:00,It's So Mari,Online Retail Sale (Custom Products),835 Huntington AV,Boston,MA,2115,42.334073,-71.10919899999999,its so mari,,True,1.4684931506849315,1,Mission Park,96.7776810004021
2023-09-29 15:32:00,,2027-09-29 15:29:00,J. Money Entertainment,Promotion Services and Management Services,361 Newbury ST,Boston,MA,2115,42.348336,-71.08797300000003,j money entertainment,,True,2.5397260273972604,1,Hynes Convention Center,57.55549800468965
2014-07-31 00:00:00,6/9/22 15:45,2026-06-09 15:35:00,J.P. LICKS,ICE CREAM/YOGURT CAFE,1106 Boylston ST,Boston,MA,2115,42.346833,-71.08855199999999,jp licks,,True,11.712328767123287,3,Hynes Convention Center,189.3331439996219
2015-07-01 00:00:00,8/15/19 14:08,2023-08-15 11:56:00,JACK CRONIN & ASSOCIATES,CONSULTING,419 Beacon ST,Boston,MA,2115,42.351452,-71.086343,jack cronin  associates,,False,8.128767123287671,1,Hynes Convention Center,569.3327640002364
2018-06-06 08:51:00,5/16/22 9:41,2026-05-16 09:40:00,Jacques Amar Coiffure,Salon,175 Huntington AV,Boston,MA,2115,42.345082,-71.08269000000001,jacques amar coiffure,,True,7.857534246575343,1,Prudential,164.66650200268737
2021-08-12 13:04:00,8/5/25 14:18,2029-08-05 14:15:00,Janey Construction Management,Construction Management,236 Huntington AV,Boston,MA,2115,42.34296,-71.08415000000002,janey construction management,,True,4.671232876712328,1,Symphony,130.99986899689594
2020-05-01 10:45:00,,2024-05-01 10:43:00,Jayla's Obsessions,hair extensions,177 Huntington AV,Boston,MA,2115,42.344856,-71.08281599999998,jaylas obsessions,,False,4.0,1,Prudential,203.7775739986804
2018-03-30 09:13:00,2/2/26 16:05,2030-02-02 13:51:00,jdw357 Consulting,Consulting,221 Massachusetts AV,Boston,MA,2115,42.34448,-71.08681999999999,jdw357 consulting,,True,8.043835616438356,1,Symphony,395.2218269992881
2015-01-22 00:00:00,2/10/23 13:58,2027-02-10 13:52:00,JING GONG CONSTRUCTION CO.,CONSTRUCTION,99 Norway ST,Boston,MA,2115,42.345384,-71.08822299999997,jing gong construction co,,True,11.232876712328768,1,Hynes Convention Center,313.7774639964897
2015-08-10 00:00:00,8/7/23 9:11,2027-08-07 09:09:00,JNYANI,Online Retail,48 Burbank ST,Boston,MA,2115,42.344187,-71.08824199999998,jnyani,,True,10.684931506849315,1,Hynes Convention Center,448.8884399980065
2016-07-05 14:16:00,5/25/21 11:33,2025-05-25 11:33:00,John Tile & Marble,Tile & Marble,52 Francis ST,Boston,MA,2115,42.335606,-71.10748899999999,john tile  marble,,False,8.89041095890411,1,Fenwood Road,403.7773739982142
2023-01-26 11:29:00,,2027-01-26 11:22:00,Johnson Paint,Paint and Supplies Retail,355 Newbury ST,Boston,MA,2115,42.34844,-71.08757200000002,johnson paint,,True,3.213698630136986,1,Hynes Convention Center,98.11101299703576
2015-01-20 00:00:00,12/28/18 13:39,2022-12-28 11:31:00,JOHNSON PAINT COMPANY,RETAIL SALES,355 Newbury ST,Boston,MA,2115,42.34844,-71.08757200000002,johnson paint company,,False,7.942465753424657,1,Hynes Convention Center,98.11101299703576
2018-09-17 15:41:00,,2022-09-17 15:14:00,JORDAN DOWNING PHD,THERAPY,36 Gloucester ST,Boston,MA,2115,42.349266,-71.084451,jordan downing phd,,False,4.0,1,Hynes Convention Center,536.6661299998151
2022-10-25 13:47:00,,2026-10-25 13:42:00,JOVIAL CELLOS,MUSICAL INSTRUMENTS,236 Huntington AV,Boston,MA,2115,42.34296,-71.08415000000002,jovial cellos,,True,3.4684931506849317,1,Symphony,130.99986899689594
2021-09-20 11:44:00,9/17/25 14:24,2029-09-17 14:23:00,Juba Transportation,Livery,50 New Whitney ST,Boston,MA,2115,42.333497,-71.10997900000001,juba transportation,,True,4.564383561643836,1,Mission Park,78.22214400145984
2019-03-01 08:55:00,,2023-03-01 08:54:00,JUUL,Electronics,334 Newbury ST,Boston,MA,2115,42.348279,-71.08648299999999,juul,,False,4.0,1,Hynes Convention Center,201.22202100118503
2022-04-29 11:20:00,,2026-04-29 11:02:00,KAAD HOME CARE,NON-MEDICAL HOME CARE,361 Newbury ST,Boston,MA,2115,42.348336,-71.08797300000003,kaad home care,,True,3.958904109589041,1,Hynes Convention Center,57.55549800468965
2023-01-09 14:33:00,,2027-01-09 14:28:00,KDSAP,COMMUNITY OUTREACH AND EDUCATION,221 Longwood AV,Boston,MA,2115,42.337142,-71.102215,kdsap,,True,3.26027397260274,1,Brigham Circle,344.2218779993635
2018-02-06 14:34:00,,2022-02-06 13:09:00,Keen Independent Research,Economic and Market Research,21 Fenwood RD,Boston,MA,2115,42.334511,-71.106379,keen independent research,,False,4.0,1,Fenwood Road,158.77761900018655
2025-10-20 10:04:00,,2029-10-20 10:03:00,Kelly Engineering Solutions,Engineering Consultants,79 Gainsborough ST,Boston,MA,2115,42.34247,-71.08803,kelly engineering solutions,,True,0.4794520547945205,1,Symphony,354.5552010009066
2015-08-17 00:00:00,8/8/23 14:23,2027-08-08 14:21:00,KELLY'S UNDERGROUND DOG GROOMING,DOG GROOMER,248 Newton ST,Boston,MA,2115,42.344528,-71.08075300000002,kellys underground dog grooming,,True,10.665753424657535,1,Prudential,220.5553349981636
2024-01-12 11:10:00,,2028-01-12 11:09:00,Ki Talent Collective,Artist Management,46 Westland AV,Boston,MA,2115,42.343418,-71.08795600000002,ki talent collective,,True,2.252054794520548,1,Symphony,403.4440410030032
2023-01-09 14:33:00,,2027-01-09 14:27:00,KIDNEY DISEASE SCREENING AND AWARENESS PROGRAM,COMMUNITY OUTREACH AND EDUCATION,221 Longwood AV,Boston,MA,2115,42.337142,-71.102215,kidney disease screening and awareness program,,True,3.26027397260274,1,Brigham Circle,344.2218779993635
2025-12-30 15:45:00,,2029-12-30 15:39:00,King's,Bowling Alley and Restaurant,50A Dalton ST,Boston,MA,2115,42.347065,-71.085643,kings,,True,0.28493150684931506,1,Hynes Convention Center,342.5552129988345
2018-10-03 13:06:00,,2022-10-03 11:54:00,KNOWN,Designer,49 Massachusetts AV,Boston,MA,2115,42.349764,-71.08922100000001,known,,False,4.0,1,Hynes Convention Center,354.888534001644
2019-09-26 12:32:00,,2023-09-26 12:30:00,Kosumosu,Beauty Aid Retail,330 Newbury ST,Boston,MA,2115,42.348387,-71.086277,kosumosu,,False,4.0,1,Hynes Convention Center,236.11087500073265
2020-10-26 15:06:00,10/8/24 16:33,2028-10-08 15:20:00,Kowa Ophthalmic Research Laboratories,Research,3 Blackfan CI,Boston,MA,2115,42.33904,-71.10427099999998,kowa ophthalmic research laboratories,,True,5.465753424657534,1,Brigham Circle,547.2216750023761
2020-02-21 14:52:00,,2024-02-21 14:49:00,Krasi,Restaurant,48 Gloucester ST,Boston,MA,2115,42.348689,-71.084068,krasi,,False,4.0,1,Hynes Convention Center,515.1105959997627
2013-12-27 00:00:00,1/6/26 11:38,2030-01-06 11:35:00,KUNG FU TEA,Tea House,334 Massachusetts AV,Boston,MA,2115,42.342604,-71.08417199999997,kung fu tea,,True,12.304109589041095,1,Symphony,107.44433700268254
2020-08-04 13:15:00,9/3/24 9:55,2028-09-03 09:53:00,Kyazimba Learning,Online and in-person learning coach,73 Hemenway ST,Boston,MA,2115,42.344581,-71.09002800000002,kyazimba learning,,True,5.693150684931507,1,Northeastern University,540.666125997611
2017-04-12 10:39:00,6/9/25 12:36,2029-06-09 12:35:00,Laughing Monk Cafe,Restaurant,737 Huntington AV,Boston,MA,2115,42.334069,-71.10552899999999,laughing monk cafe,,True,9.008219178082191,1,Fenwood Road,46.33328700065388
2019-11-14 10:09:00,,2023-11-14 10:07:00,Laundro Magic Coin-Op Laundromat,Laundromat,59 Westland AV,Boston,MA,2115,42.34394,-71.08830999999998,laundro magic coinop laundromat,,False,4.0,1,Hynes Convention Center,483.8884049972736
2021-06-15 10:23:00,6/9/25 11:08,2029-06-09 11:07:00,Legacy Homes and Estates,Real Estate,361 Newbury ST,Boston,MA,2115,42.348336,-71.08797300000003,legacy homes and estates,,True,4.83013698630137,1,Hynes Convention Center,57.55549800468965
2025-03-21 10:10:00,,2029-03-21 10:09:00,LEONIZA,Consulting,63 New Whitney ST,Boston,MA,2115,42.333707,-71.11040100000002,leoniza,,True,1.063013698630137,1,Mission Park,148.44429600259093
2018-06-08 12:51:00,8/10/22 14:27,2026-08-10 11:37:00,Letters Foundation,Charitable Foundation,292 Newbury ST,Boston,MA,2115,42.348811,-71.08464200000003,letters foundation,,True,7.852054794520548,1,Hynes Convention Center,464.8884239962954
2023-05-11 12:35:00,,2027-05-11 12:34:00,Level 1,Retail,304 Newbury ST,Boston,MA,2115,42.348692,-71.08510899999999,level 1,,True,2.926027397260274,1,Hynes Convention Center,399.7773780012078
2022-05-18 15:14:00,,2026-05-18 15:13:00,Liberare Bookkeeping,Bookkeeping,149 Massachusetts AV,Boston,MA,2115,42.34667,-71.08767999999998,liberare bookkeeping,,True,3.9068493150684933,1,Hynes Convention Center,160.11095100155717
2022-04-05 15:23:00,,2026-04-05 15:20:00,Lighten Digital Media,Commercial Advertising,15 Edgerly RD,Boston,MA,2115,42.34599,-71.08817899999997,lighten digital media,,False,4.0,1,Hynes Convention Center,241.55531399646063
2015-10-26 00:00:00,11/18/24 15:47,2028-11-18 12:13:00,LINSCOTT GROUP,ONLINE MARKETING,263 Huntington AV,Boston,MA,2115,42.342149,-71.086074,linscott group,,True,10.473972602739726,1,Symphony,172.88871600008656
2019-02-12 10:28:00,,2023-02-12 10:26:00,LipsSealedEnt,Entertainment,100 Norway ST,Boston,MA,2115,42.34503,-71.08812,lipssealedent,,False,4.0,1,Hynes Convention Center,341.66632500028925
2019-12-17 15:51:00,12/15/23 10:21,2027-12-15 10:18:00,Lipstick,Fashion/Retail,293 Newbury ST,Boston,MA,2115,42.349138,-71.085083,lipstick,,True,6.326027397260274,1,Hynes Convention Center,452.22177000064346
2022-09-12 14:53:00,,2026-09-12 11:28:00,Little Whale Oyster Bar,Restaurant,314 Newbury ST,Boston,MA,2115,42.348631,-71.08533399999999,little whale oyster bar,,True,3.5863013698630137,1,Hynes Convention Center,367.9996320009108
2015-05-13 00:00:00,,2015-12-01 00:00:00,LIYTE DEVELOPMENT STRATEGIES,CONSULTING,450 Parker ST,Boston,MA,2115,42.338254,-71.09186599999998,liyte development strategies,,False,0.5534246575342465,1,Museum of Fine Arts,339.22188300251344
2025-10-28 15:14:00,,2029-10-28 15:13:00,Loa's Shop,Aesthetician,409 Beacon ST,Boston,MA,2115,42.351561,-71.085869,loas shop,,True,0.4575342465753425,1,Hynes Convention Center,634.1104769993235
2018-05-10 10:12:00,6/13/22 12:29,2026-06-13 12:26:00,LONGWOOD BARBERSHOP,BARBER SHOP,342 Longwood AV,Boston,MA,2115,42.338216,-71.106561,longwood barbershop,,True,7.931506849315069,1,Fenwood Road,590.6660760000602
2019-12-24 09:30:00,,2023-12-24 09:30:00,Longwood Jewelry,Jeweler,350 Longwood AV,Boston,MA,2115,42.338622,-71.10726799999998,longwood jewelry,,False,4.002739726027397,1,Longwood,632.7771450019003
2016-01-11 00:00:00,1/17/20 14:14,2024-01-17 12:04:00,LONGWOOD OPTOMETRY,OPTOMETRY,342 Longwood AV,Boston,MA,2115,42.338216,-71.106561,longwood optometry,,False,8.021917808219179,1,Fenwood Road,590.6660760000602
2018-03-30 11:42:00,3/16/22 16:15,2026-03-16 11:30:00,Lorenzo Painting and Cleaning Services,Painting and Cleaning Services,65 Westland AV,Boston,MA,2115,42.34397,-71.08848,lorenzo painting and cleaning services,,False,7.964383561643835,1,Northeastern University,496.4439480003115
2020-04-06 16:24:00,7/19/24 14:36,2028-07-19 14:31:00,Love Art Sushi,Food,1 Haviland ST,Boston,MA,2115,42.346613,-71.08786199999997,love art sushi,,True,6.021917808219178,1,Hynes Convention Center,146.22207600267507
2019-12-17 15:51:00,12/15/23 10:21,2027-12-15 10:17:00,Lure,Fashion/Retail,306 Newbury ST,Boston,MA,2115,42.34867,-71.08518800000002,lure,,True,6.326027397260274,1,Hynes Convention Center,388.5551669979615
2022-03-16 12:50:00,,2026-03-16 12:50:00,Luxury Aesthetic Center,Aesthetic Spa,305 Newbury ST,Boston,MA,2115,42.348979,-71.08544999999998,luxury aesthetic center,,False,4.002739726027397,1,Hynes Convention Center,393.7773840021455
2016-02-24 00:00:00,4/10/24 15:26,2028-04-10 15:21:00,M & R MAINTENANCE SERVICES,REAL ESTATE AGENCY,327 Huntington AV,Boston,MA,2115,42.340955,-71.08816999999999,m  r maintenance services,,True,10.142465753424657,1,Northeastern University,195.88869300201853
2015-03-17 00:00:00,3/19/19 12:45,2023-03-19 12:44:00,M 3 TAILORED MENSWEAR,CUSTOM MENSWEAR,150 Huntington AV,Boston,MA,2115,42.344976,-71.08185000000003,m 3 tailored menswear,,False,8.01095890410959,1,Prudential,83.11102800411692
2020-03-10 12:39:00,4/17/24 13:27,2028-04-17 11:28:00,Madewell,Retail sales of apparel,325 Newbury ST,Boston,MA,2115,42.348795,-71.08623599999999,madewell,,True,6.095890410958904,1,Hynes Convention Center,285.9997140018835
2026-03-26 12:59:00,,2030-03-26 12:57:00,Mag Made This,Home Decor and Baskets,436 Marlborough ST,Boston,MA,2115,42.349687,-71.08993700000002,mag made this,,True,0.049315068493150684,1,Hynes Convention Center,425.8884630031799
2014-03-03 00:00:00,3/10/26 13:03,2030-03-10 13:02:00,MAID IN THE SHADE CLEANING,CLEANING SERVICES,30 Fenwood RD,Boston,MA,2115,42.3344,-71.10693000000003,maid in the shade cleaning,,True,12.123287671232877,1,Fenwood Road,207.66645900386217
2021-10-08 15:52:00,12/11/25 13:03,2029-12-11 13:03:00,Mamacita Mexican Comida,Restaurant,329 Huntington AV,Boston,MA,2115,42.340924,-71.08819,mamacita mexican comida,,True,4.515068493150685,1,Northeastern University,190.22203200132515
2023-10-30 10:39:00,,2027-10-30 10:37:00,MANHATTAN BAGEL & COFFEE CO,CAFE,147 Massachusetts AV,Boston,MA,2115,42.346662,-71.087649,manhattan bagel  coffee co,,True,2.4547945205479453,1,Hynes Convention Center,164.44427999930096
2018-10-10 14:26:00,,2022-10-10 14:25:00,MARCH VIII,ONLINE FASHINON APPAREL,177 Huntington AV,Boston,MA,2115,42.344856,-71.08281599999998,march viii,,False,4.0,1,Prudential,203.7775739986804
2018-05-31 15:44:00,,2022-05-31 15:43:00,Maria Cleaning Services,Cleaning Services,263 Huntington AV,Boston,MA,2115,42.342149,-71.086074,maria cleaning services,,False,4.0,1,Symphony,172.88871600008656
2021-06-11 12:17:00,,2025-06-11 12:16:00,Marina Skyes,Internet Sales,381 Commonwealth AV,Boston,MA,2115,42.349465,-71.08966199999998,marina skyes,,False,4.0,1,Hynes Convention Center,370.6662959981256
2020-01-22 13:25:00,,2024-01-22 13:24:00,Marteamo,Freelance Marketplace,177 Huntington AV,Boston,MA,2115,42.344856,-71.08281599999998,marteamo,,False,4.0,1,Prudential,203.7775739986804
2019-08-23 15:51:00,8/23/23 10:00,2027-08-23 09:40:00,Mass College of Health Sciences,University,179 Longwood AV,Boston,MA,2115,42.33653,-71.101406,mass college of health sciences,,True,6.6438356164383565,1,Longwood Medical Area,219.22200299916145
2019-08-23 15:50:00,8/23/23 10:00,2027-08-23 09:42:00,Mass College of Pharmacy,University,179 Longwood AV,Boston,MA,2115,42.33653,-71.101406,mass college of pharmacy,,True,6.6438356164383565,1,Longwood Medical Area,219.22200299916145
2019-08-23 15:51:00,8/23/23 10:00,2027-08-23 09:41:00,Mass College of Pharmacy and Health Sciences,University,179 Longwood AV,Boston,MA,2115,42.33653,-71.101406,mass college of pharmacy and health sciences,,True,6.6438356164383565,1,Longwood Medical Area,219.22200299916145
2020-09-18 13:41:00,12/27/24 14:35,2028-12-27 14:30:00,Mass De Cleaning Company,cleaning services,361 Newbury ST,Boston,MA,2115,42.348336,-71.08797300000003,mass de cleaning company,,True,5.5698630136986305,1,Hynes Convention Center,57.55549800468965
2019-08-23 15:51:00,8/23/23 10:00,2027-08-23 09:46:00,Massachusetts College of Health Sciences,University,179 Longwood AV,Boston,MA,2115,42.33653,-71.101406,massachusetts college of health sciences,,True,6.6438356164383565,1,Longwood Medical Area,219.22200299916145
2019-08-23 15:51:00,,2023-08-23 14:11:00,Massachusetts College of Pharmacy,University,179 Longwood AV,Boston,MA,2115,42.33653,-71.101406,massachusetts college of pharmacy,,False,4.0,1,Longwood Medical Area,219.22200299916145
2019-08-23 15:51:00,8/23/23 10:00,2027-08-23 09:43:00,Massachusetts College of Pharmacy and Allied Health Sciences,University,179 Longwood AV,Boston,MA,2115,42.33653,-71.101406,massachusetts college of pharmacy and allied health sciences,,True,6.6438356164383565,1,Longwood Medical Area,219.22200299916145
2019-08-23 15:51:00,8/23/23 10:00,2027-08-23 09:48:00,Massachusetts College of Pharmacy and Health Sciences,University,179 Longwood AV,Boston,MA,2115,42.33653,-71.101406,massachusetts college of pharmacy and health sciences,,True,6.6438356164383565,1,Longwood Medical Area,219.22200299916145
2016-03-11 00:00:00,2/25/20 12:22,2024-02-25 10:26:00,MASSACHUSETTS LANDMARK REALTY ADVISORS,REGISTERED INVESTMENT ADVISORS,21 Saint Germain ST,Boston,MA,2115,42.345705,-71.08614699999998,massachusetts landmark realty advisors,,False,7.964383561643835,1,Hynes Convention Center,437.6662290010761
2023-02-13 12:48:00,,2027-02-13 12:47:00,Master Consulting,IT Consulting,80 Fenwood RD,Boston,MA,2115,42.335946,-71.10942599999998,master consulting,,True,3.164383561643836,1,Mission Park,312.9996869992429
2014-06-30 00:00:00,6/23/22 10:01,2026-06-23 09:59:00,MCDONALD'S,RESTAURANT,340 Longwood AV,Boston,MA,2115,42.338197,-71.10648100000003,mcdonalds,,True,11.797260273972602,1,Fenwood Road,579.6660870033584
2019-08-23 15:51:00,8/23/23 10:00,2027-08-23 09:47:00,MCP,University,179 Longwood AV,Boston,MA,2115,42.33653,-71.101406,mcp,,True,6.6438356164383565,1,Longwood Medical Area,219.22200299916145
2019-08-23 15:51:00,8/23/23 10:00,2027-08-23 09:46:00,MCP University,University,179 Longwood AV,Boston,MA,2115,42.33653,-71.101406,mcp university,,True,6.6438356164383565,1,Longwood Medical Area,219.22200299916145
2025-08-07 14:46:00,,2029-08-07 14:44:00,Mellora Books,Bookkeeping Services,361 Newbury ST,Boston,MA,2115,42.348336,-71.08797300000003,mellora books,,True,0.6821917808219178,1,Hynes Convention Center,57.55549800468965
2017-12-18 12:52:00,12/31/25 10:37,2029-12-31 10:36:00,Michelle Yarde Day Care,Day care,31 Fenwood RD,Boston,MA,2115,42.334685,-71.10662000000002,michelle yarde day care,,True,8.323287671232876,1,Fenwood Road,204.88868400219096
2019-03-12 15:37:00,,2023-03-12 15:37:00,Midwood & Co.,Real Estate,361 Newbury ST,Boston,MA,2115,42.348336,-71.08797300000003,midwood  co,,False,4.002739726027397,1,Hynes Convention Center,57.55549800468965
2021-03-29 15:05:00,4/10/25 14:15,2029-04-10 13:33:00,Mie Higgshimoto,Hair Salon,316 Newbury ST,Boston,MA,2115,42.348612,-71.08541200000002,mie higgshimoto,,True,5.043835616438356,1,Hynes Convention Center,357.2218649981214
2022-09-21 13:20:00,,2026-09-21 13:17:00,MIGHTY STARTUP,ACCOUNTING SERVICES,177 Huntington AV,Boston,MA,2115,42.344856,-71.08281599999998,mighty startup,,True,3.5616438356164384,1,Prudential,203.7775739986804
2015-02-05 00:00:00,1/27/23 9:29,2027-01-27 08:31:00,MIHM CUTANEOUS PATHOLOGY CONSULTATIVE SERVICE,MEDICAL,41 Avenue Louis Pasteur,Boston,MA,2115,42.339165,-71.10234700000001,mihm cutaneous pathology consultative service,,True,11.194520547945206,1,Brigham Circle,554.3327789986331
2017-11-03 14:27:00,1/20/26 14:08,2030-01-20 13:14:00,Mikyoung Kim Design,Landscape Architecture,100 Massachusetts AV,Boston,MA,2115,42.348311,-71.08802600000001,mikyoung kim design,,True,8.446575342465753,1,Hynes Convention Center,60.6666060023613
2017-05-26 11:26:00,,,Mini Ruby Contemporary Childrenswear,Retail,292 Newbury ST,Boston,MA,2115,42.348811,-71.08464200000003,mini ruby contemporary childrenswear,,False,,1,Hynes Convention Center,464.8884239962954
2020-04-06 16:24:00,7/19/24 14:36,2028-07-19 14:32:00,Momo No Yume,Food/ consulting,1 Haviland ST,Boston,MA,2115,42.346613,-71.08786199999997,momo no yume,,True,6.021917808219178,1,Hynes Convention Center,146.22207600267507
2020-09-22 12:45:00,,2024-09-22 12:44:00,Monde Beauty,online retail store,30 Dalton ST,Boston,MA,2115,42.345962,-71.08461199999999,monde beauty,,False,4.0,1,Prudential,367.5551879996645
2021-10-14 10:20:00,10/8/25 14:21,2029-10-08 14:17:00,Mother Juice,Restaurant,291 Newbury ST,Boston,MA,2115,42.349155,-71.08500600000002,mother juice,,True,4.498630136986302,2,Hynes Convention Center,462.6662039979585
2018-04-03 11:27:00,,2022-04-03 11:22:00,MSH VENTURES,HOLDING COMPANY,100 Massachusetts AV,Boston,MA,2115,42.348311,-71.08802600000001,msh ventures,,False,4.0,1,Hynes Convention Center,60.6666060023613
2024-12-30 15:47:00,,2028-12-30 15:41:00,Mumbai Spice,Restaurant,251 Massachusetts AV,Boston,MA,2115,42.343843,-71.08634599999999,mumbai spice,,True,1.284931506849315,1,Symphony,271.77750599989554
2022-08-16 13:37:00,,2026-08-16 13:34:00,Nana's Hairbraiding,Hairbraiding Salon,901 Huntington AV,Boston,MA,2115,42.332149,-71.112191,nanas hairbraiding,,True,3.66027397260274,1,Riverway,56.44438800038952
2026-01-30 15:23:00,,2030-01-30 14:43:00,Nancy Elliot Short Term Rental,Short Term Rental,106 Saint Stephen ST,Boston,MA,2115,42.34123,-71.08857,nancy elliot short term rental,,True,0.2,1,Northeastern University,181.999818000768
2022-06-23 13:06:00,,2026-06-23 13:05:00,New Beginning Multi Service,Online Office Multiservice,6 Kempton ST,Boston,MA,2115,42.334287,-71.10814099999999,new beginning multi service,,True,3.808219178082192,1,Mission Park,238.1108730012096
2013-07-23 00:00:00,12/22/22 9:44,2026-12-22 09:31:00,NEWBURY COMICS,RETAIL SALES,332 Newbury ST,Boston,MA,2115,42.348283,-71.08631300000002,newbury comics,,True,12.734246575342466,1,Hynes Convention Center,220.5553349981636
2024-12-20 14:08:00,,2028-12-20 14:07:00,Newbury Health Spa,Bodyworks,297 Newbury ST,Boston,MA,2115,42.34913,-71.08524799999998,newbury health spa,,True,1.3123287671232877,1,Hynes Convention Center,432.99956700259486
2019-10-22 13:57:00,,2023-10-22 13:56:00,No Fake Flowers,Online/ Communications,263 Huntington AV,Boston,MA,2115,42.342149,-71.086074,no fake flowers,,False,4.0,1,Symphony,172.88871600008656
2018-06-22 09:25:00,6/3/22 15:45,2026-06-03 14:31:00,NO. 284,LODGING HOUSE,284 Commonwealth AV,Boston,MA,2115,42.349709,-71.08456799999999,no 284,,True,7.813698630136987,1,Hynes Convention Center,572.8883160007333
2024-03-06 13:33:00,,2028-03-06 10:54:00,Norrona,Retail,349 Newbury ST,Boston,MA,2115,42.34848,-71.08720399999999,norrona,,True,2.1041095890410957,1,Hynes Convention Center,143.44430100179338
2016-03-14 00:00:00,4/24/24 15:02,2028-04-24 11:32:00,NORTHEASTERN UNIVERSITY BOOKSTORE #656,RETAIL COLLEGE BOOKSTORE,360 Huntington AV,Boston,MA,2115,42.338998,-71.08728500000001,northeastern university bookstore 656,,True,10.09041095890411,1,Northeastern University,348.7774289997043
2023-12-04 15:38:00,,2027-12-04 15:01:00,Notary Active,Legal Services,361 Newbury ST,Boston,MA,2115,42.348336,-71.08797300000003,notary active,,True,2.3589041095890413,1,Hynes Convention Center,57.55549800468965
2021-09-15 15:06:00,,2025-09-15 15:03:00,Note the Nuance,Consulting,179 Saint Botolph ST,Boston,MA,2115,42.343156,-71.08320900000001,note the nuance,,False,4.0,1,Symphony,257.33307599846864
2015-03-20 00:00:00,3/6/23 14:12,2027-03-06 11:46:00,"OFFICE OF THE PUBLISHER'S AGENT, MARY BAKER EDDY'S WRITINGS",CHURCH,204 Massachusetts AV,Boston,MA,2115,42.345184,-71.08618100000001,office of the publishers agent mary baker eddys writings,,True,11.076712328767123,1,Symphony,402.44404200237005
2025-06-05 15:08:00,,2029-06-05 15:06:00,OG Serv Safe Barista,Consulting,32 Gloucester ST,Boston,MA,2115,42.349386,-71.08451100000002,og serv safe barista,,True,0.8547945205479452,1,Hynes Convention Center,543.3327899979837
2018-06-22 09:51:00,,2022-06-22 09:50:00,OJ Fit,Personal Trainer,177 Huntington AV,Boston,MA,2115,42.344856,-71.08281599999998,oj fit,,False,4.0,1,Prudential,203.7775739986804
2016-03-31 00:00:00,5/28/24 10:09,2028-05-28 10:08:00,OJEE'S,HAIR SALON,88 Massachusetts AV,Boston,MA,2115,42.348712,-71.08820700000001,ojees,,True,10.043835616438356,1,Hynes Convention Center,125.333208001729
2024-04-25 13:04:00,,2028-04-25 12:34:00,Old Flame Project,Fine Art,292 Newbury ST,Boston,MA,2115,42.348811,-71.08464200000003,old flame project,,True,1.9671232876712328,1,Hynes Convention Center,464.8884239962954
2024-03-19 13:54:00,,2028-03-19 13:52:00,Omi Korean Grill,Restaurant,261 Huntington AV,Boston,MA,2115,42.342055,-71.08645000000001,omi korean grill,,True,2.0684931506849313,1,Symphony,225.1108860016623
2019-04-11 10:01:00,,2023-04-11 09:59:00,Omikaprint,Online Retail,650 Huntington AV,Mission Hill,MA,2115,42.335227,-71.10036300000002,omikaprint,,False,4.0,1,Longwood Medical Area,148.11096300106405
2025-06-12 15:15:00,,2029-06-12 15:13:00,ONYX Sports Physical Therapy,Physical Therapy,400 Commonwealth AV,Boston,MA,2115,42.348467,-71.091091,onyx sports physical therapy,,True,0.8356164383561644,1,Hynes Convention Center,418.555137001168
2025-04-28 12:19:00,,2029-04-28 12:17:00,OP Specialty Bracing,Custom Orthotics / Prosthetics,300 Longwood AV,Boston,MA,2115,42.337322,-71.10551800000002,op specialty bracing,,True,0.958904109589041,1,Fenwood Road,408.9995909976613
2015-12-11 00:00:00,11/15/23 13:47,2027-11-15 13:46:00,OPERA PLACE STUDIO,PHOTOGRAPHY,331 Huntington AV,Boston,MA,2115,42.3409,-71.08838700000001,opera place studio,,True,10.347945205479451,1,Northeastern University,165.6665009993731
2016-01-25 00:00:00,3/5/24 16:14,2028-03-05 16:07:00,OPTIMINDHEALTH,PSYCHIATRIC SERVICES,361 Newbury ST,Boston,MA,2115,42.348336,-71.08797300000003,optimindhealth,,True,10.224657534246575,1,Hynes Convention Center,57.55549800468965
2022-08-25 09:22:00,,2026-08-25 09:19:00,Origin Financial,Financial Wellness Services & Products & related activities,177 Huntington AV,Boston,MA,2115,42.344856,-71.08281599999998,origin financial,,True,3.6356164383561644,1,Prudential,203.7775739986804
2015-09-10 00:00:00,8/8/24 12:58,2028-08-08 12:56:00,ORPHEUS,MUSIC STORE,362 Commonwealth AV,Boston,MA,2115,42.348785,-71.08820100000003,orpheus,,True,10.6,1,Hynes Convention Center,132.77764500346038
2017-08-02 13:48:00,3/4/26 16:42,2030-01-06 14:46:00,O'Trafford Dental Spacialists,Special Dental Office,388 Commonwealth AV,Boston,MA,2115,42.348602,-71.09000000000003,otrafford dental spacialists,,True,8.7013698630137,1,Hynes Convention Center,312.333021004084
2017-06-27 13:52:00,8/12/25 10:46,2029-07-10 00:00:00,Owed to Nature,Photography & Jewelry,381 Marlborough ST,Boston,MA,2115,42.350668,-71.087628,owed to nature,,True,8.8,1,Hynes Convention Center,339.4441050003734
2013-02-04 00:00:00,,2015-03-23 00:00:00,P S NAILS & SPA,NAILS & SPA,34 Gloucester ST,Boston,MA,2115,42.349328,-71.08448199999998,p s nails  spa,,False,2.128767123287671,2,Hynes Convention Center,540.1105710021716
2015-03-23 00:00:00,5/16/19 12:10,2015-03-23 00:00:00,P S NAILS & SPA,NAILS BEAUTY SALON,34 Gloucester ST,Boston,MA,2115,42.349328,-71.08448199999998,p s nails  spa,,False,0.0,2,Hynes Convention Center,540.1105710021716
2017-09-15 12:58:00,8/7/25 15:21,2029-08-07 11:54:00,Pad Thai Cafe,Thai Restaurant,6 Hemenway ST,Boston,MA,2115,42.346637,-71.08903099999998,pad thai cafe,,True,8.580821917808219,1,Hynes Convention Center,264.3330689973747
2024-06-26 16:43:00,,2028-06-26 16:40:00,Panera Bread,Bakery/Cafe,300 Longwood AV,Boston,MA,2115,42.337322,-71.10551800000002,panera bread,,True,1.7972602739726027,2,Fenwood Road,408.9995909976613
2023-01-26 13:41:00,,2027-01-26 11:29:00,PANERA BREAD,BAKERY/CAFE,75 Francis ST,Boston,MA,2115,42.336164,-71.10695099999998,panera bread,,True,3.213698630136986,2,Fenwood Road,405.9995939973406
2017-07-11 14:09:00,7/24/25 13:03,2029-07-24 13:01:00,Papa's Pizza Company,Food and Beverage,682 Huntington AVE,Boston,MA,2115,42.334854,-71.10244,papas pizza company,,True,8.761643835616438,1,Brigham Circle,64.9999349993156
2017-06-09 11:22:00,6/24/25 8:08,2029-06-24 07:08:00,Pappas & Pappas,Employment Agency,177 Huntington AV,Boston,MA,2115,42.344856,-71.08281599999998,pappas  pappas,,True,8.849315068493151,1,Prudential,203.7775739986804
2019-06-24 11:02:00,,2023-06-24 10:59:00,Paradigm Catastrophic Care Management,Case Management Services,177 Huntington AV,Boston,MA,2115,42.344856,-71.08281599999998,paradigm catastrophic care management,,False,4.0,1,Prudential,203.7775739986804
2021-01-29 10:06:00,1/20/26 12:10,2030-01-20 12:10:00,Parker & Co,UNKNOWN,344 Commonwealth AV,Boston,MA,2115,42.348973,-71.087355,parker  co,,True,5.205479452054795,1,Hynes Convention Center,181.4442629998021
2015-08-14 00:00:00,8/12/19 15:26,2023-08-12 15:25:00,PASTORAL MENTORS,CONSULTING,4 Charlesgate,Boston,MA,2115,42.350114,-71.09133199999997,pastoral mentors,,False,8.0,1,Kenmore,555.7772220036707
2015-03-17 00:00:00,4/25/23 11:47,2027-04-25 10:32:00,PATAGONIA,OUTDOOR CLOTHING RETAILER,346 Newbury ST,Boston,MA,2115,42.34821,-71.08698500000003,patagonia,,True,11.084931506849315,1,Hynes Convention Center,137.77763999715253
2022-01-11 15:20:00,,2026-01-11 13:11:00,Pathogenz,online merchandise retail,361 Newbury ST,Boston,MA,2115,42.348336,-71.08797300000003,pathogenz,,False,4.0,1,Hynes Convention Center,57.55549800468965
2023-05-02 12:35:00,,2027-05-02 12:35:00,Pat's Place,Catering Services,682 Huntington AVE,Boston,MA,2115,42.334854,-71.10244,pats place,,True,2.9506849315068493,2,Brigham Circle,64.9999349993156
2021-03-09 13:51:00,2/20/25 12:30,2029-02-20 12:29:00,Pat's Place,Catering/Delivery Service,15 Francis ST,Boston,MA,2115,42.335051,-71.10454099999998,pats place,,True,5.098630136986301,2,Brigham Circle,85.99991399761268
2026-02-27 11:37:00,,2030-02-27 11:31:00,Pavement Coffeehouse,Cafe,286 Newbury ST,Boston,MA,2115,42.348887,-71.08441299999998,pavement coffeehouse,,True,0.1232876712328767,3,Hynes Convention Center,498.77727900152576
2026-02-27 11:37:00,,2030-02-27 11:28:00,Pavement Coffeehouse,Cafe,44 Gainsborough ST,Boston,MA,2115,42.341633,-71.08697999999998,pavement coffeehouse,,True,0.1232876712328767,3,Symphony,330.88855799828934
2026-02-27 11:37:00,,2030-02-27 11:34:00,Pavement Coffeehouse,Cafe,1096 Boylston ST,Boston,MA,2115,42.346864,-71.08841899999999,pavement coffeehouse,,True,0.1232876712328767,3,Hynes Convention Center,171.11093999904858
2018-06-04 12:51:00,,2022-06-04 12:49:00,Payne Group,Consulting,359 Newbury ST,Boston,MA,2115,42.348373,-71.087831,payne group,,False,4.0,1,Hynes Convention Center,61.88882700085447
2016-02-18 00:00:00,2/27/24 13:52,2028-02-27 13:35:00,PENGUIN,CAFE,735 Huntington AV,Boston,MA,2115,42.334063,-71.10539499999999,penguin,,True,10.158904109589042,1,Fenwood Road,60.555495001062845
2014-11-26 00:00:00,12/14/22 13:29,2026-12-14 13:28:00,PERSONAL PET CARE,PET SITTING,73 Hemenway ST,Boston,MA,2115,42.344581,-71.09002800000002,personal pet care,,True,11.389041095890411,1,Northeastern University,540.666125997611
2022-02-03 13:51:00,,2026-02-03 11:36:00,Physiotivity,Massage Therapy,285 Newbury ST,Boston,MA,2115,42.349181,-71.08475199999998,physiotivity,,False,4.0,1,Hynes Convention Center,493.7772840023072
2024-04-03 12:43:00,,2028-04-03 12:41:00,"Piedras Preciosas ""Faszhar""",Events,149 Hemenway ST,Boston,MA,2115,42.34198,-71.09075000000001,piedras preciosas faszhar,,True,2.0273972602739727,1,Northeastern University,291.44415300155896
2021-12-16 12:25:00,,2025-12-16 12:20:00,Planet Fitness,Fitness Center,361 Newbury ST,Boston,MA,2115,42.348336,-71.08797300000003,planet fitness,,False,4.0,2,Hynes Convention Center,57.55549800468965
2019-12-13 09:54:00,12/27/23 14:55,2027-12-27 10:52:00,Playa Bowls,Restaurant,277 Huntington AV,Boston,MA,2115,42.34205,-71.08639,playa bowls,,True,6.336986301369863,2,Symphony,218.9997809997225
2018-05-16 13:23:00,,2022-05-16 13:22:00,Pocket Grooves media,Video Production Agency,100 Massachusetts AV,Boston,MA,2115,42.348311,-71.08802600000001,pocket grooves media,,False,4.0,1,Hynes Convention Center,60.6666060023613
2018-11-13 12:21:00,10/24/22 15:47,2026-10-24 13:21:00,POKE BAR & KITCHEN,RESTAURANT,313 Huntington AV,Boston,MA,2115,42.341139,-71.08768399999997,poke bar  kitchen,,True,7.419178082191781,1,Northeastern University,270.3330630043319
2021-01-22 14:52:00,12/30/24 15:57,2028-12-30 12:28:00,POPLAR TREE MEDIA,MEDIA AND PR,14 Durham ST,Boston,MA,2115,42.343954,-71.08074799999997,poplar tree media,,True,5.2246575342465755,1,Prudential,284.88860400310983
2014-09-23 00:00:00,9/21/18 9:06,2022-09-21 09:05:00,PORTER ENTERPRISES,SELLING BOOKS,33 Edgerly RD,Boston,MA,2115,42.345558,-71.087964,porter enterprises,,False,8.0,1,Hynes Convention Center,265.6664010003243
2016-03-18 00:00:00,3/15/24 10:21,2028-03-15 10:17:00,POST HOSPITALITY GROUP,Real Estate Investments,46 Gloucester ST,Boston,MA,2115,42.348777,-71.08415100000002,post hospitality group,,True,10.07945205479452,1,Hynes Convention Center,515.6661509975705
2021-08-17 12:35:00,,2025-08-17 11:18:00,Pressed,jucie food retail store,288 Newbury ST,Boston,MA,2115,42.348822,-71.084476,pressed,,False,4.0,1,Hynes Convention Center,484.5550710003273
2025-09-26 15:04:00,,2029-09-26 15:03:00,Pressed Juicery,Retail,288 Newbury ST,Boston,MA,2115,42.348822,-71.084476,pressed juicery,,True,0.5452054794520548,1,Hynes Convention Center,484.5550710003273
2018-07-03 12:52:00,8/4/22 9:59,2026-08-04 09:44:00,Primula Health,Phychology,292 Newbury ST,Boston,MA,2115,42.348811,-71.08464200000003,primula health,,True,7.7835616438356166,1,Hynes Convention Center,464.8884239962954
2022-03-21 16:11:00,,2026-03-21 16:10:00,Pringle Professional Development Advisory,Advisory Services,52 Fenway,Boston,MA,2115,42.34486,-71.09038900000002,pringle professional development advisory,,False,4.0,1,Northeastern University,571.3327620015027
2017-04-03 12:19:00,,,Prudential Lyons Group Real Estate,Real Estate,323 Newbury ST,Boston,MA,2115,42.348835,-71.086251,prudential lyons group real estate,,False,,1,Hynes Convention Center,288.7774889996073
2015-03-20 00:00:00,3/6/23 14:11,2027-03-06 11:50:00,"PUBLISHER, THE WRITINGS OF MARY BAKER EDDY",CHURCH,204 Massachusetts AV,Boston,MA,2115,42.345184,-71.08618100000001,publisher the writings of mary baker eddy,,True,11.076712328767123,1,Symphony,402.44404200237005
2022-03-31 14:19:00,,2026-03-31 14:16:00,Puma Run House,Retail Shoe Outlet,292 Newbury ST,Boston,MA,2115,42.348811,-71.08464200000003,puma run house,,False,4.0,1,Hynes Convention Center,464.8884239962954
2025-09-08 12:57:00,,2029-09-08 12:39:00,Qdoba Mexican Eats,fast casual Restaurant,279 Massachusetts AV,Boston,MA,2115,42.343647,-71.08636100000001,qdoba mexican eats,,True,0.5945205479452055,1,Symphony,251.66641500172275
2016-10-27 10:55:00,,,QDOBA MEXICAN GRILL,RESTAURANT,393 Huntington AV,Boston,MA,2115,42.339777,-71.09088300000002,qdoba mexican grill,,False,,1,Northeastern University,88.11102300254603
2019-08-26 12:12:00,8/8/23 14:24,2027-08-08 14:09:00,RAISON D'ETRE TRAVEL,Travel Service,361 Newbury ST,Boston,MA,2115,42.348336,-71.08797300000003,raison detre travel,,True,6.635616438356164,1,Hynes Convention Center,57.55549800468965
2017-05-16 13:45:00,,,REALLOOK 360,3D Holding/ Real Estate Photography,291 Saint Botolph ST,Boston,MA,2115,42.340463,-71.08688899999999,reallook 360,,False,,1,Northeastern University,283.5552720025287
2025-08-05 14:41:00,,2029-08-05 14:39:00,Rebecca Rivers Interiors,Interior Design,6 Gloucester ST,Boston,MA,2115,42.351335,-71.085421,rebecca rivers interiors,,True,0.6876712328767123,1,Hynes Convention Center,658.7771190002055
2019-07-18 12:45:00,,2023-07-18 12:43:00,Rebecca Storage Mass,Shipping,207 Massachusetts AV,Boston,MA,2115,42.344817,-71.08694100000002,rebecca storage mass,,False,4.0,1,Symphony,446.1106650034407
2025-05-29 14:20:00,,2029-05-29 14:15:00,Rebel Without A Pause,books,316 Huntington AV,Boston,MA,2115,42.340653,-71.08728000000002,rebel without a pause,,True,0.873972602739726,1,Northeastern University,261.2219609989136
2023-10-03 11:01:00,,2027-10-03 10:55:00,REDCON SECURITY,Security systems and guards,361 Newbury ST,Boston,MA,2115,42.348336,-71.08797300000003,redcon security,,True,2.5287671232876714,1,Hynes Convention Center,57.55549800468965
2018-08-27 10:53:00,,2022-08-27 10:53:00,RedWhite,Vegan Take Out Restaurant,294 Newbury ST,Boston,MA,2115,42.348793,-71.08471400000002,redwhite,,False,4.002739726027397,1,Hynes Convention Center,454.8884339978582
2018-04-30 15:30:00,5/11/22 13:12,2026-05-11 11:15:00,REFORMATION,RETAIL CLOTHING & GOODS,342 Newbury ST,Boston,MA,2115,42.348206,-71.08674400000001,reformation,,True,7.958904109589041,1,Hynes Convention Center,164.11094699856355
2020-01-22 13:22:00,,2024-01-22 13:20:00,Regus Insurance,Insurance Agent,287 Newbury ST,Boston,MA,2115,42.349195,-71.08485100000001,regus insurance,,False,4.0,1,Hynes Convention Center,484.3328489985199
2025-10-02 16:00:00,,2029-10-02 15:58:00,REPREZENTU,Consulting,72 Westland AV,Boston,MA,2115,42.34358,-71.08922999999999,reprezentu,,True,0.5287671232876713,1,Northeastern University,376.44406799853846
2021-11-02 15:02:00,1/12/26 16:21,2030-01-12 16:19:00,Retro Ricky,Shoe E-Commerce,142 Hemenway ST,Boston,MA,2115,42.34206,-71.09021999999999,retro ricky,,True,4.446575342465754,1,Northeastern University,241.44420299832012
2022-06-01 14:23:00,,2026-06-01 14:23:00,Revolution Health Kitchen,Restaurant,150 Huntington AV,Boston,MA,2115,42.344976,-71.08185000000003,revolution health kitchen,,True,3.8684931506849316,2,Prudential,83.11102800411692
2014-06-19 00:00:00,6/12/18 12:35,2022-06-12 12:33:00,REVOLUTION HEALTH KITCHEN,"QUICK SERVE RESTAURANT, JUICE BAR",150 Huntington AV,Boston,MA,2115,42.344976,-71.08185000000003,revolution health kitchen,,False,7.986301369863014,2,Prudential,83.11102800411692
2017-09-07 13:11:00,8/28/25 11:09,2029-08-28 11:07:00,RICK WALKERS,RETAIL,306 Newbury ST,Boston,MA,2115,42.34867,-71.08518800000002,rick walkers,,True,8.602739726027398,1,Hynes Convention Center,388.5551669979615
2025-07-15 12:35:00,,2029-07-15 12:34:00,RimaSiri Massage Studio,Massage Studio,361 Newbury ST,Boston,MA,2115,42.348336,-71.08797300000003,rimasiri massage studio,,True,0.7452054794520548,1,Hynes Convention Center,57.55549800468965
2017-06-01 14:17:00,4/30/25 9:32,2029-04-30 09:28:00,Rittners School,School,345 Marlborough ST,Boston,MA,2115,42.351132,-71.08590200000003,rittners school,,True,8.871232876712329,1,Hynes Convention Center,582.777194996293
2018-07-26 15:53:00,,2022-07-26 15:51:00,RJ Scalzi and Sons,Vinyl Siding,175 Saint Botolph ST,Boston,MA,2115,42.343237,-71.08311100000003,rj scalzi and sons,,False,4.0,1,Symphony,277.2219449964131
2022-12-05 15:08:00,,2026-12-05 14:57:00,Rooted In Roxbury,Marijuana Retailer,331 Newbury ST,Boston,MA,2115,42.348728,-71.08641799999998,rooted in roxbury,,True,3.356164383561644,1,Hynes Convention Center,258.3330750022598
2016-01-14 00:00:00,1/14/20 16:10,2024-01-14 16:08:00,ROOTS MUSIC MANAGEMENT,ARTIST MANAGEMENT,189 Massachusetts AV,Boston,MA,2115,42.345379,-71.087111,roots music management,,False,8.005479452054795,1,Hynes Convention Center,366.77741100004914
2026-02-03 15:27:00,,2030-02-03 15:18:00,Rosa y Marigold,Restaurant,400 Newbury ST,Boston,MA,2115,42.347723,-71.08860199999998,rosa y marigold,,True,0.18904109589041096,1,Hynes Convention Center,95.99990399762883
2020-03-13 10:35:00,,2024-03-13 10:34:00,Rose Garden Clothing,Retail (E-Commerce),361 Newbury ST,Boston,MA,2115,42.348336,-71.08797300000003,rose garden clothing,,False,4.0,1,Hynes Convention Center,57.55549800468965
2020-07-02 13:02:00,,2024-07-02 12:54:00,Rosebud Calligraphy,Calligraphy,292 Newbury ST,Boston,MA,2115,42.348811,-71.08464200000003,rosebud calligraphy,,False,4.0,1,Hynes Convention Center,464.8884239962954
2020-02-27 12:06:00,,2024-02-27 11:20:00,Rosewood Land Properties,Real Estate,292 Newbury ST,Boston,MA,2115,42.348811,-71.08464200000003,rosewood land properties,,False,4.0,1,Hynes Convention Center,464.8884239962954
2014-08-27 00:00:00,8/10/22 10:19,2026-08-10 10:18:00,RUBY'S NAIL SALON AND SPA,NAILS & SPA,301 Massachusetts AV,Boston,MA,2115,42.342843,-71.08568200000002,rubys nail salon and spa,,True,11.638356164383561,1,Symphony,86.88880200326336
2013-07-26 00:00:00,,2017-07-26 00:00:00,RUGBY,,342 Newbury ST,Boston,MA,2115,42.348206,-71.08674400000001,rugby,,False,4.002739726027397,1,Hynes Convention Center,164.11094699856355
2023-05-12 14:15:00,,2027-05-12 14:13:00,Ruta Laukien Short Term Rental,STR,294 Commonwealth AV,Boston,MA,2115,42.349619,-71.08496300000002,ruta laukien short term rental,,True,2.9232876712328766,1,Hynes Convention Center,518.9994809978391
2021-11-23 12:28:00,3/2/26 12:47,2030-03-02 12:45:00,Saigon Fusion,Restaurant,201 Massachusetts AV,Boston,MA,2115,42.345087,-71.08697899999999,saigon fusion,,True,4.389041095890411,1,Hynes Convention Center,413.8884750011078
2022-12-13 11:22:00,,2026-12-13 11:20:00,Sail Consulting,Consulting,407 Marlborough ST,Boston,MA,2115,42.350422,-71.08874000000003,sail consulting,,True,3.334246575342466,1,Hynes Convention Center,374.55518100409694
2015-07-13 00:00:00,7/11/19 14:51,2023-07-11 14:48:00,SAKURA JAPAN,FAST FOOD SERVICES,350 Longwood AV,Boston,MA,2115,42.338622,-71.10726799999998,sakura japan,,False,8.0,1,Longwood,632.7771450019003
2022-09-27 14:40:00,,2026-09-27 14:38:00,SALESFORCE RECRUITING USA,STAFFING AGENCY,12 Saint Germain ST,Boston,MA,2115,42.345983,-71.08644600000002,salesforce recruiting usa,,True,3.5452054794520547,1,Hynes Convention Center,373.55518199714777
2024-10-23 10:08:00,,2028-10-23 10:06:00,Sal's Barbershop,Barbershop,303 Huntington AV,Boston,MA,2115,42.34131,-71.08728000000002,sals barbershop,,True,1.4712328767123288,1,Northeastern University,334.2218879985579
2016-04-27 00:00:00,10/20/22 12:46,2026-10-20 12:42:00,SANTOUKA,RESTAURANT,66 Hereford ST,Boston,MA,2115,42.348466,-71.08533399999999,santouka,,True,9.96986301369863,1,Hynes Convention Center,349.6663170014075
2022-03-08 15:19:00,,2026-03-08 15:15:00,SC Funding Group,Property Loan Funding,361 Newbury ST,Boston,MA,2115,42.348336,-71.08797300000003,sc funding group,,False,4.0,1,Hynes Convention Center,57.55549800468965
2015-03-26 00:00:00,12/19/24 12:32,2028-12-19 12:28:00,SELECT OYSTER BAR,RESTAURANT,50 Gloucester ST,Boston,MA,2115,42.348638,-71.08403699999997,select oyster bar,,True,11.06027397260274,1,Hynes Convention Center,512.8883760037943
2025-07-16 12:42:00,,2029-07-16 12:23:00,SEV Laser,Medical Services,296 Newbury ST,Boston,MA,2115,42.348775,-71.08478100000002,sev laser,,True,0.7424657534246575,2,Hynes Convention Center,445.4439989980184
2025-09-24 09:42:00,,2029-09-24 09:36:00,SEV Laser,Medical Services,296 Newbury ST,Boston,MA,2115,42.348775,-71.08478100000002,sev laser,,True,0.5506849315068493,2,Hynes Convention Center,445.4439989980184
2020-01-22 10:29:00,,2024-01-22 10:28:00,"Shah""s Halal Food",Restaurant,1124 Boylston ST,Boston,MA,2115,42.346738,-71.08893899999998,shahs halal food,,False,4.0,1,Hynes Convention Center,242.88864599783125
2022-06-23 15:42:00,,2026-06-23 10:35:00,ShipNation,pack & ship Mailbox rentals,90 Massachusetts AV,Boston,MA,2115,42.348661,-71.08817899999997,shipnation,,True,3.808219178082192,1,Hynes Convention Center,116.55543899704804
2016-03-14 00:00:00,4/24/24 15:01,2028-04-24 11:34:00,SIMMONS COLLEGE BOOKSTORE #635,RETAIL COLLEGE BOOKSTORE,300 Fenway,Boston,MA,2115,42.339255,-71.099988,simmons college bookstore 635,,True,10.09041095890411,1,Longwood Medical Area,364.4440799988348
2025-08-14 16:10:00,,2029-08-14 16:09:00,Simple & Elegant,Florist,103 Norway ST,Boston,MA,2115,42.34543,-71.088457,simple  elegant,,True,0.663013698630137,1,Hynes Convention Center,334.66633200059374
2015-03-16 00:00:00,4/25/24 12:24,2028-04-25 12:21:00,SIR JACK'S,RETAIL & OTHER SERVICES,292 Newbury ST,Boston,MA,2115,42.348811,-71.08464200000003,sir jacks,,True,11.087671232876712,1,Hynes Convention Center,464.8884239962954
2015-12-21 00:00:00,2/14/24 14:33,2028-02-14 10:37:00,SKIN SPA,AESTHETICS AND MASSAGE SPA,284 Newbury ST,Boston,MA,2115,42.348943,-71.084273,skin spa,,True,10.32054794520548,1,Hynes Convention Center,520.5550350002276
2018-03-30 13:20:00,,2022-03-30 13:19:00,Sky Ledgers,Accounting Services,650 Huntington AV,Mission Hill,MA,2115,42.335227,-71.10036300000002,sky ledgers,,False,4.0,1,Longwood Medical Area,148.11096300106405
2024-11-27 16:01:00,,2028-11-27 15:59:00,SleepWiseHealth,Educational Health and Wellness,2 Durham ST,Boston,MA,2115,42.344175,-71.081074,sleepwisehealth,,True,1.3753424657534246,1,Prudential,224.1108869994501
2025-08-04 11:06:00,,2029-08-04 11:01:00,Small Fortune Music Group,Music Artist Management & Publishing,59 Westland AV,Boston,MA,2115,42.34394,-71.08830999999998,small fortune music group,,True,0.6904109589041096,1,Hynes Convention Center,483.8884049972736
2023-10-31 11:43:00,,2027-10-31 11:42:00,SmartOffice,Online Office Supplies,4 Albemarle ST,Boston,MA,2115,42.342536,-71.082649,smartoffice,,True,2.452054794520548,1,Symphony,284.2219379984771
2025-04-15 14:45:00,,2029-04-15 14:42:00,Sobhian Productions,Music Production,511 Beacon ST,Boston,MA,2115,42.350426,-71.090303,sobhian productions,,True,0.9945205479452055,1,Hynes Convention Center,548.6661180010976
2022-03-10 15:04:00,2/19/26 15:39,2030-02-19 13:55:00,Sodexo @ East End Cafe,Cafe,364 Brookline AV,Boston,MA,2115,42.338588,-71.10624100000001,sodexo  east end cafe,,True,4.095890410958904,1,Fenwood Road,596.4438480012626
2013-09-27 00:00:00,,2015-07-31 00:00:00,SODEXO AT DANA FARBER,FOOD SERVICE MGT,450 Brookline AV,Boston,MA,2115,42.337556,-71.107641,sodexo at dana farber,,False,1.841095890410959,1,Fenwood Road,637.3326959998726
2017-10-24 13:44:00,10/10/25 16:15,2029-10-10 13:16:00,Sodexso @ Dona Farber,Food Service Management,450 Brookline AV,Boston,MA,2115,42.337556,-71.107641,sodexso  dona farber,,True,8.473972602739726,1,Fenwood Road,637.3326959998726
2019-09-16 12:33:00,9/12/23 10:57,2027-09-12 10:56:00,Solar Lashes & Nails Spa,Lashes & Nails,150 Huntington AV,Boston,MA,2115,42.344976,-71.08185000000003,solar lashes  nails spa,,True,6.578082191780822,1,Prudential,83.11102800411692
2019-08-27 10:23:00,,2023-08-27 10:22:00,Solar Nails,Nail Salon,150 Huntington AV,Boston,MA,2115,42.344976,-71.08185000000003,solar nails,,False,4.0,1,Prudential,83.11102800411692
2015-05-18 00:00:00,6/6/23 14:54,2027-06-06 14:52:00,SOMERSET HALL PRESS,PUBLISHER,416 Commonwealth AV,Boston,MA,2115,42.348622,-71.09103199999998,somerset hall press,,True,10.915068493150685,1,Hynes Convention Center,429.2217929987115
2020-03-04 15:48:00,4/1/24 15:29,2028-04-01 15:27:00,SONSIE,RESTAURANT,327 Newbury ST,Boston,MA,2115,42.348767,-71.08621700000003,sonsie,,True,6.112328767123287,1,Hynes Convention Center,284.9997149965134
2023-08-21 14:14:00,,2027-08-21 11:45:00,Spaces Co-Working,Execuite Suites Rental,361 Newbury ST,Boston,MA,2115,42.348336,-71.08797300000003,spaces coworking,,True,2.6465753424657534,1,Hynes Convention Center,57.55549800468965
2021-09-24 13:40:00,,2025-09-24 12:11:00,Spagnola Sanitation & Disposal Services,Cleaning & Trash Removal,177 Huntington AV,Boston,MA,2115,42.344856,-71.08281599999998,spagnola sanitation  disposal services,,False,4.0,1,Prudential,203.7775739986804
2017-04-21 12:40:00,8/15/25 15:45,2029-08-15 15:43:00,Spyglass Books,Walking Tours/Children's books,221 Massachusetts AV,Boston,MA,2115,42.34448,-71.08681999999999,spyglass books,,True,8.983561643835616,1,Symphony,395.2218269992881
2021-03-23 12:56:00,3/4/25 16:53,2029-03-04 15:59:00,StageCoach Improv,improv for business,100 Saint Botolph ST,Boston,MA,2115,42.344607,-71.080871,stagecoach improv,,True,5.06027397260274,1,Prudential,198.6664679989528
2014-07-15 00:00:00,9/7/22 11:22,2026-09-01 11:58:00,STARBUCKS COFFEE #7224,RETAIL/CAFE,364 Brookline AV,Boston,MA,2115,42.338588,-71.10624100000001,starbucks coffee 7224,,True,11.756164383561643,1,Fenwood Road,596.4438480012626
2014-07-15 00:00:00,9/1/22 13:42,2026-09-01 13:00:00,STARBUCKS COFFEE #7804,RETAIL/CAFE,283 Longwood AV,Boston,MA,2115,42.337735,-71.10465999999997,starbucks coffee 7804,,True,11.756164383561643,1,Brigham Circle,397.4440469960461
2014-07-15 00:00:00,9/1/22 13:42,2026-09-01 12:14:00,STARBUCKS COFFEE #872,RETAIL/CAFE,350 Newbury ST,Boston,MA,2115,42.34816,-71.08717200000001,starbucks coffee 872,,True,11.756164383561643,1,Hynes Convention Center,111.44433299889944
2024-10-31 16:15:00,,2028-10-31 16:13:00,Stephalinda Services,Consulting Services,80 Fenwood RD,Boston,MA,2115,42.335946,-71.10942599999998,stephalinda services,,True,1.4493150684931506,1,Mission Park,312.9996869992429
2017-08-09 12:29:00,2/9/26 14:40,2030-02-09 13:04:00,Storitel,Consulting,416 Commonwealth AV,Boston,MA,2115,42.348622,-71.09103199999998,storitel,,True,8.682191780821919,1,Hynes Convention Center,429.2217929987115
2016-03-16 00:00:00,1/29/24 12:39,2028-01-29 12:38:00,STYLE YOUR THREADS,FASHION CONSULTING,292 Newbury ST,Boston,MA,2115,42.348811,-71.08464200000003,style your threads,,True,10.084931506849315,1,Hynes Convention Center,464.8884239962954
2025-07-24 14:14:00,,2029-07-24 14:12:00,Subway,Restaurant,393 Massachusetts AV,Boston,MA,2115,42.341035,-71.08396399999998,subway,,True,0.7205479452054795,4,Massachusetts Avenue,33.66663300263344
2024-12-04 10:08:00,,2028-12-04 10:06:00,Summit Global Consulting,Cosulting Firm,364 Riverway,Boston,MA,2115,42.333239,-71.11147900000003,summit global consulting,,True,1.356164383561644,1,Riverway,205.55534999577085
2019-08-14 12:14:00,,2023-08-14 11:04:00,Super Tutor,Education,359 Newbury ST,Boston,MA,2115,42.348373,-71.087831,super tutor,,False,4.0,1,Hynes Convention Center,61.88882700085447
2019-08-14 12:13:00,,2023-08-14 11:02:00,Super Tutoring,Education,359 Newbury ST,Boston,MA,2115,42.348373,-71.087831,super tutoring,,False,4.0,1,Hynes Convention Center,61.88882700085447
2025-12-16 13:06:00,,2029-12-16 13:04:00,Support Savvy Consulting,"AI Consulting, Training and Tool Development",5 Durham ST,Boston,MA,2115,42.343866,-71.08129200000002,support savvy consulting,,True,0.3232876712328767,1,Prudential,234.2219879976068
2013-11-20 00:00:00,12/11/25 9:43,2029-12-11 09:41:00,SUPREME PIZZA & SUB SHOP,PIZZA & SUB SHOP,177B Massachusetts AV,Boston,MA,2115,42.34577,-71.08733999999998,supreme pizza  sub shop,,True,12.405479452054795,1,Hynes Convention Center,297.88859100107817
2017-07-20 13:55:00,7/6/21 12:33,2025-07-06 10:57:00,Symphony Market,Retail,291 Huntington AV,Boston,MA,2115,42.341522,-71.08681100000001,symphony market,,False,7.964383561643835,2,Symphony,324.4441200019281
2024-10-10 10:21:00,,2028-10-10 10:17:00,Symphony Market,Convenience Store,291 Huntington AV,Boston,MA,2115,42.341522,-71.08681100000001,symphony market,,True,1.5068493150684932,2,Symphony,324.4441200019281
2019-10-04 14:49:00,9/21/23 14:16,2027-09-21 12:07:00,Symphony Place,Short-Term Rental,43 Saint Stephen ST,Boston,MA,2115,42.342498,-71.08705700000002,symphony place,,True,6.528767123287671,1,Symphony,243.3330900022356
2024-10-10 10:22:00,,2028-10-10 10:20:00,Symphony Smoke Shop,Smoke Shop,293 Huntington AV,Boston,MA,2115,42.341457,-71.08689099999998,symphony smoke shop,,True,1.5068493150684932,1,Symphony,340.5552149983576
2025-01-17 11:41:00,,2029-01-17 11:39:00,Symphony Suites,Short Term Rental,58 Burbank ST,Boston,MA,2115,42.344275,-71.08865400000002,symphony suites,,True,1.2356164383561643,1,Hynes Convention Center,484.8884040018542
2018-01-11 13:57:00,3/5/26 11:48,2030-03-05 11:48:00,Symphony Sushi,Restaurant,45 Gainsborough ST,Boston,MA,2115,42.34199,-71.08708100000001,symphony sushi,,True,8.257534246575343,1,Symphony,302.44414200141887
2024-07-29 13:52:00,,2028-07-29 13:51:00,Tao's,Cosmetic Retail,334 Newbury ST,Boston,MA,2115,42.348279,-71.08648299999999,taos,,True,1.7068493150684931,1,Hynes Convention Center,201.22202100118503
2018-08-30 13:29:00,6/30/23 14:09,2027-06-28 00:00:00,Tatte Bakery + Cafe,Bakery + Cafe,369 Huntington AV,Boston,MA,2115,42.340346,-71.09066100000001,tatte bakery  cafe,,True,7.624657534246575,3,Northeastern University,99.9999000009512
2020-07-07 14:57:00,8/7/24 14:21,2028-08-07 14:18:00,TBaar,Tea cafe,754 Huntington AVE,Mission Hill,MA,2115,42.333487,-71.10572400000001,tbaar,,True,5.76986301369863,1,Fenwood Road,28.44441600081793
2021-03-29 15:06:00,,2025-03-29 11:57:00,Technology Transitions,Consulting,492 Beacon ST,Boston,MA,2115,42.351257,-71.08925799999997,technology transitions,,False,4.0,1,Hynes Convention Center,524.888363997182
2018-11-29 12:30:00,,2022-11-29 12:28:00,Tecisa J Boutique,Online Retail,150 Saint Botolph ST,Boston,MA,2115,42.343206,-71.08248900000001,tecisa j boutique,,False,4.0,1,Symphony,342.88854599878243
2016-11-01 11:11:00,,,Tedeschi Food Shops #37369,Convenience Store,141 Massachusetts AV,Boston,MA,2115,42.346822,-71.08772999999997,tedeschi food shops 37369,,False,,1,Hynes Convention Center,137.6665290029595
2015-08-07 00:00:00,,2019-08-07 00:00:00,TEDESCHI FOOD SHOPS #65,,141 Massachusetts AV,Boston,MA,2115,42.346822,-71.08772999999997,tedeschi food shops 65,,False,4.002739726027397,2,Hynes Convention Center,137.6665290029595
2012-09-07 00:00:00,,2016-09-07 00:00:00,TEDESCHI FOOD SHOPS (#65),RETAIL CONVENIENCE STORE,141 Massachusetts AV,Boston,MA,2115,42.346822,-71.08772999999997,tedeschi food shops 65,,False,4.002739726027397,2,Hynes Convention Center,137.6665290029595
2021-05-20 14:28:00,6/18/25 13:28,2029-06-18 13:26:00,TGI Investment,investments,12 Mission Park DR,Boston,MA,2115,42.333904,-71.10804200000001,tgi investment,,True,4.901369863013699,1,Mission Park,206.55534899798303
2025-12-30 15:45:00,,2029-12-30 15:36:00,The 88 Club,Bowling Alley and Restaurant,50A Dalton ST,Boston,MA,2115,42.347065,-71.085643,the 88 club,,True,0.28493150684931506,1,Hynes Convention Center,342.5552129988345
2021-04-22 10:51:00,,2025-04-22 10:49:00,The All Seeing Eye Security Services,unarmed guard services,7 Blackwood ST,Boston,MA,2115,42.342823,-71.08260100000001,the all seeing eye security services,,False,4.0,1,Symphony,287.8886009986935
2025-09-15 11:47:00,,2029-09-15 11:46:00,The Beauty Studio,Eyebrow Threading,197A Massachusetts AV,Boston,MA,2115,42.345233,-71.08704599999999,the beauty studio,,True,0.5753424657534246,1,Hynes Convention Center,390.221832000859
2024-06-26 11:24:00,,2028-06-26 11:19:00,The Boston Art Corps,Designer,373 Commonwealth AV,Boston,MA,2115,42.349509,-71.089245,the boston art corps,,True,1.7972602739726027,1,Hynes Convention Center,329.22189300091827
2018-04-13 12:33:00,,2022-04-13 12:32:00,The Boston Green Project,Non-Profit,292 Newbury ST,Boston,MA,2115,42.348811,-71.08464200000003,the boston green project,,False,4.0,1,Hynes Convention Center,464.8884239962954
2018-04-13 12:33:00,,2022-04-13 12:29:00,The Boston Saving Lives Project,Non-Profit,292 Newbury ST,Boston,MA,2115,42.348811,-71.08464200000003,the boston saving lives project,,False,4.0,1,Hynes Convention Center,464.8884239962954
2018-09-17 12:51:00,9/26/22 11:09,2026-09-26 11:09:00,The Charlesgate Alliance,Non-Profit,423 Marlborough ST,Boston,MA,2115,42.35013,-71.08947,the charlesgate alliance,,True,7.575342465753424,1,Hynes Convention Center,423.2217990012282
2022-02-08 15:31:00,2/4/26 13:47,2030-02-04 11:24:00,The Christian Science Monitor,Publisher,210 Massachusetts AV,Boston,MA,2115,42.345115,-71.08590700000002,the christian science monitor,,True,4.178082191780822,1,Symphony,364.3329690030628
2022-02-08 15:31:00,2/4/26 13:46,2030-02-04 11:10:00,The Christian Science Publishing Society,Publisher,210 Massachusetts AV,Boston,MA,2115,42.345115,-71.08590700000002,the christian science publishing society,,True,4.178082191780822,1,Symphony,364.3329690030628
2014-02-06 00:00:00,2/19/26 13:13,2030-02-19 13:12:00,THE CORNER TAVERN,RESTAURANT,33 Massachusetts AV,Boston,MA,2115,42.35029,-71.08951000000002,the corner tavern,,True,12.191780821917808,1,Hynes Convention Center,445.4439990027554
2015-08-31 00:00:00,10/5/23 14:49,2027-10-05 14:42:00,THE ELIOT HOTEL,HOTEL,370 Commonwealth AV,Boston,MA,2115,42.348687,-71.08874700000001,the eliot hotel,,True,10.627397260273973,1,Hynes Convention Center,182.5553730017338
2020-04-21 11:12:00,,2024-04-21 11:09:00,THE FIDDLEHEADS,Music group,1088 Boylston ST,Boston,MA,2115,42.346857,-71.08824099999998,the fiddleheads,,False,4.0,1,Hynes Convention Center,152.11095899807046
2014-08-11 00:00:00,8/12/22 14:58,2026-08-12 14:50:00,THE HOLISTIC ORGANIZER,PROF ORGANIZING & WELLNESS,650 Huntington AV,Mission Hill,MA,2115,42.335227,-71.10036300000002,the holistic organizer,,True,11.682191780821919,1,Longwood Medical Area,148.11096300106405
2025-05-02 12:18:00,,2029-05-02 12:16:00,The Informed Frontier,Consulting / Advisory Services,445 Beacon ST,Boston,MA,2115,42.351142,-71.08747599999998,the informed frontier,,True,0.947945205479452,1,Hynes Convention Center,408.9995910023982
2023-06-14 14:16:00,,2027-06-14 14:12:00,THE INN AT LONGWOOD MEDICAL,HOTEL LODGING,342 Longwood AV,Boston,MA,2115,42.338216,-71.106561,the inn at longwood medical,,True,2.8328767123287673,1,Fenwood Road,590.6660760000602
2014-02-28 00:00:00,6/22/22 14:57,2026-06-22 14:50:00,THE ISOSCELES GROUP,CONSULTING,353 Newbury ST,Boston,MA,2115,42.348423,-71.08743800000002,the isosceles group,,True,12.131506849315068,1,Hynes Convention Center,111.11099999737256
2014-01-06 00:00:00,12/11/25 15:04,2029-12-11 14:01:00,THE JIMMY FUND,Cancer Institute/Hospital,450 Brookline AV,Boston,MA,2115,42.337556,-71.107641,the jimmy fund,,True,12.276712328767124,2,Fenwood Road,637.3326959998726
2018-03-16 15:49:00,,2022-03-16 15:48:00,The Jimmy Fund,Cancer Institute Hospital,450 Brookline AV,Boston,MA,2115,42.337556,-71.107641,the jimmy fund,,False,4.0,2,Fenwood Road,637.3326959998726
2018-02-23 10:58:00,,2022-02-23 10:45:00,The Journee Network,Management Consulting,30 Symphony RD,Boston,MA,2115,42.342792,-71.088214,the journee network,,False,4.0,1,Symphony,362.55519300044585
2019-09-11 12:50:00,,2023-09-11 10:51:00,The Law Office of Danielle Simone Bart,Law Office,177 Huntington AV,Boston,MA,2115,42.344856,-71.08281599999998,the law office of danielle simone bart,,False,4.0,1,Prudential,203.7775739986804
2015-01-16 00:00:00,1/12/23 11:23,2027-01-12 10:52:00,THE MARY BAKER EDDY COLLECTION,CHURCH,204 Massachusetts AV,Boston,MA,2115,42.345184,-71.08618100000001,the mary baker eddy collection,,True,11.24931506849315,1,Symphony,402.44404200237005
2022-02-08 15:31:00,2/4/26 13:41,2030-02-04 11:16:00,The Mary Baker Eddy Library,Library Services & Exhibits,210 Massachusetts AV,Boston,MA,2115,42.345115,-71.08590700000002,the mary baker eddy library,,True,4.178082191780822,1,Symphony,364.3329690030628
2016-09-19 10:59:00,,,The Mary Baker Eddy Library f/the Betterment of Humanity,Library/Gift Shop,200 Massachusetts AV,Boston,MA,2115,42.345207,-71.08617700000002,the mary baker eddy library fthe betterment of humanity,,False,,1,Symphony,404.555151003356
2025-08-08 09:53:00,,2029-08-08 09:51:00,The Midtown Hotel,Hotel,220 Huntington AV,Boston,MA,2115,42.343459,-71.08369099999999,the midtown hotel,,True,0.6794520547945205,2,Symphony,237.44420700131377
2015-11-02 00:00:00,11/18/19 10:03,2023-11-18 10:02:00,THE MIDTOWN HOTEL,HOTEL,220 Huntington AV,Boston,MA,2115,42.343459,-71.08369099999999,the midtown hotel,,False,8.04931506849315,2,Symphony,237.44420700131377
2019-04-12 16:02:00,,2023-04-12 15:43:00,The North Face #014,Retail Apparel Store,326 Newbury ST,Boston,MA,2115,42.348379,-71.08610199999998,the north face 014,,False,4.0,1,Hynes Convention Center,254.6664120020434
2025-06-12 15:15:00,,2029-06-12 15:10:00,The Oncologic Athlete,Physical Therapy,400 Commonwealth AV,Boston,MA,2115,42.348467,-71.091091,the oncologic athlete,,True,0.8356164383561644,1,Hynes Convention Center,418.555137001168
2018-04-13 12:33:00,,2022-04-13 12:30:00,The Saving Lives Project,Non-Profit,292 Newbury ST,Boston,MA,2115,42.348811,-71.08464200000003,the saving lives project,,False,4.0,1,Hynes Convention Center,464.8884239962954
2015-03-20 00:00:00,3/6/23 14:13,2027-03-06 11:46:00,THE WRITINGS OF MARY BAKER EDDY,CHURCH,204 Massachusetts AV,Boston,MA,2115,42.345184,-71.08618100000001,the writings of mary baker eddy,,True,11.076712328767123,1,Symphony,402.44404200237005
2022-05-06 12:56:00,,2026-05-06 12:54:00,Thomas B Miller,Short Term Rental,386 Commonwealth AV,Boston,MA,2115,42.348586,-71.08986400000003,thomas b miller,,True,3.9397260273972603,1,Hynes Convention Center,295.4441490040918
2019-10-15 14:06:00,5/24/24 12:11,2028-05-24 12:09:00,Thornton's Restaurant,Restaurant,150 Huntington AV,Boston,MA,2115,42.344976,-71.08185000000003,thorntons restaurant,,True,6.498630136986302,1,Prudential,83.11102800411692
2019-07-05 14:03:00,7/31/23 15:39,2027-07-31 13:45:00,Title Boxing Club,Boxing Club,338 Newbury ST,Boston,MA,2115,42.348298,-71.086637,title boxing club,,True,6.778082191780822,1,Hynes Convention Center,186.22203600037128
2025-09-22 17:11:00,,2029-09-22 11:19:00,TITTLE BOXING CLUB NEWBURY STREET,Fitness Studio,338 Newbury ST,Boston,MA,2115,42.348298,-71.086637,tittle boxing club newbury street,,True,0.5561643835616439,1,Hynes Convention Center,186.22203600037128
2016-04-11 00:00:00,8/15/24 14:21,2028-08-15 10:59:00,TJ MAXX #1447,RETAIL - FAMILY APPAREL,360 Newbury ST,Boston,MA,2115,42.348038,-71.08765299999999,tj maxx 1447,,True,10.013698630136986,1,Hynes Convention Center,44.4444000014754
2022-04-25 09:36:00,3/24/26 14:51,2030-03-24 14:48:00,Tori Japan,Restaurant,1110 Boylston ST,Boston,MA,2115,42.346814,-71.08862799999997,tori japan,,True,3.96986301369863,1,Hynes Convention Center,199.88868899665644
2014-08-01 00:00:00,7/11/22 15:38,2026-07-11 12:53:00,TOWN'S NAILS & SKIN SALON,NAILS & SALON,336 Newbury ST,Boston,MA,2115,42.348346,-71.08651399999997,towns nails  skin salon,,True,11.70958904109589,1,Hynes Convention Center,205.22201700371787
2017-10-31 16:01:00,10/28/25 13:50,2029-10-28 11:20:00,Trader Joe's #510,Retail Grocery,899 Boylston ST,Boston,MA,2115,42.348445,-71.08410100000003,trader joes 510,,True,8.454794520547946,1,Hynes Convention Center,484.3328489961514
2019-01-11 11:42:00,,2023-01-11 11:32:00,Trendmill,Online Advertising Solutions,177 Huntington AV,Boston,MA,2115,42.344856,-71.08281599999998,trendmill,,False,4.0,1,Prudential,203.7775739986804
2013-12-02 00:00:00,11/19/25 15:44,2029-11-19 12:33:00,TRIDENT BOOKSELLERS & CAFE,RETAIL & FOOD SERVICE,338 Newbury ST,Boston,MA,2115,42.348298,-71.086637,trident booksellers  cafe,,True,12.372602739726027,1,Hynes Convention Center,186.22203600037128
2025-09-09 13:03:00,,2029-09-09 13:02:00,Tulloch Group,Property Services (Non Construction),316 Huntington AV,Boston,MA,2115,42.340653,-71.08728000000002,tulloch group,,True,0.5917808219178082,1,Northeastern University,261.2219609989136
2018-04-04 14:36:00,3/22/22 14:41,2026-03-22 14:38:00,Two Saints Tavern,Restaurant & Bar,52 Gainsborough ST,Boston,MA,2115,42.34176,-71.08736099999999,two saints tavern,,False,7.96986301369863,1,Symphony,359.11075199887887
2023-12-27 14:47:00,,2027-12-27 13:27:00,UGG,Retail Store,344 Newbury ST,Boston,MA,2115,42.348181,-71.08684900000003,ugg,,True,2.2958904109589042,1,Hynes Convention Center,149.66651699634718
2015-08-31 00:00:00,10/5/23 14:48,2027-10-05 14:43:00,UNI,RESTAURANT,370 Commonwealth AV,Boston,MA,2115,42.348687,-71.08874700000001,uni,,True,10.627397260273973,1,Hynes Convention Center,182.5553730017338
2015-09-14 00:00:00,8/29/23 14:11,2027-08-29 14:08:00,UNIVERSITY HOUSE OF PIZZA,RESTAURANT,452 Huntington AV,Boston,MA,2115,42.338553,-71.09281799999997,university house of pizza,,True,10.58904109589041,1,Museum of Fine Arts,266.6664000041155
2015-08-03 00:00:00,3/6/24 13:28,2028-03-06 11:44:00,UPS STORE 0348,RETAIL,292 Newbury ST,Boston,MA,2115,42.348811,-71.08464200000003,ups store 0348,,True,10.704109589041096,1,Hynes Convention Center,464.8884239962954
2019-03-08 09:03:00,,2023-03-08 09:03:00,Urban Identifier,Consulting,409 Marlborough ST,Boston,MA,2115,42.350389,-71.08887300000004,urban identifier,,False,4.002739726027397,1,Hynes Convention Center,385.66628100446576
2019-08-26 16:30:00,,2023-08-26 16:20:00,Urban Outfiitters,Retail Clothing,899 Boylston ST,Boston,MA,2115,42.348445,-71.08410100000003,urban outfiitters,,False,4.0,1,Hynes Convention Center,484.3328489961514
2023-10-05 09:56:00,,2027-10-05 09:42:00,Urban Outfitters #9,Clothing Sales,361 Newbury ST,Boston,MA,2115,42.348336,-71.08797300000003,urban outfitters 9,,True,2.5232876712328767,1,Hynes Convention Center,57.55549800468965
2017-05-22 11:41:00,,,Urbane Galore 81,Blog/E-Commerce,292 Newbury ST,Boston,MA,2115,42.348811,-71.08464200000003,urbane galore 81,,False,,1,Hynes Convention Center,464.8884239962954
2025-10-16 11:52:00,,2029-10-16 11:50:00,Use Creations,General Services / Procurment,361 Newbury ST,Boston,MA,2115,42.348336,-71.08797300000003,use creations,,True,0.4904109589041096,1,Hynes Convention Center,57.55549800468965
2018-02-13 11:03:00,,2022-02-13 11:02:00,USMLE Pro Tutors,Tutoring Agency,107 Avenue Louis Pasteur,Boston,MA,2115,42.33764,-71.10417000000001,usmle pro tutors,,False,4.0,1,Brigham Circle,402.88848599966894
2016-02-01 00:00:00,1/18/24 15:11,2028-01-18 14:52:00,V TANGLEWOOD STUDIO,TAX PREPARER,174 Saint Botolph ST,Boston,MA,2115,42.342677,-71.083193,v tanglewood studio,,True,10.205479452054794,1,Symphony,208.1109029995821
2015-02-27 00:00:00,2/23/23 10:54,2027-02-23 10:52:00,VAGABOND ENTERTAINMENT,ART & ENTERTAINMENT,70 Park DR,Boston,MA,2115,42.341941,-71.09488599999997,vagabond entertainment,,True,11.134246575342466,1,Museum of Fine Arts,458.6662079962152
2024-03-29 16:46:00,,2028-03-29 16:43:00,Vange's None Medical Homecare Agency,Non Medical Staffing Agency,361 Newbury ST,Boston,MA,2115,42.348336,-71.08797300000003,vanges none medical homecare agency,,True,2.041095890410959,1,Hynes Convention Center,57.55549800468965
2024-04-30 13:57:00,,2028-04-30 13:31:00,Veya,e-Commerce,177 Huntington AV,Boston,MA,2115,42.344856,-71.08281599999998,veya,,True,1.9534246575342467,1,Prudential,203.7775739986804
2014-07-25 00:00:00,5/4/18 11:27,2022-05-04 10:23:00,VIGO REMITTANCE,MONEY TRANSFER MACHINE,150 Huntington AV,Boston,MA,2115,42.344976,-71.08185000000003,vigo remittance,,False,7.780821917808219,4,Prudential,83.11102800411692
2019-12-06 13:00:00,,2023-12-06 12:58:00,Villa Luisa,Restaurant,316 Newbury ST,Boston,MA,2115,42.348612,-71.08541200000002,villa luisa,,False,4.0,1,Hynes Convention Center,357.2218649981214
2022-05-04 14:09:00,,2026-05-04 14:08:00,vipticketconsignment.com,Ticket Resale,375 Commonwealth AV,Boston,MA,2115,42.349489,-71.08938999999998,vipticketconsignmentcom,,True,3.9452054794520546,1,Hynes Convention Center,343.1107679982214
2015-08-24 00:00:00,10/27/25 16:16,2029-10-27 15:52:00,VIRTUOSITY MUSICAL INSTRUMENTS,RETAIL,234 Huntington AV,Boston,MA,2115,42.342991,-71.08431200000001,virtuosity musical instruments,,True,10.646575342465754,1,Symphony,116.44432799811806
2014-09-22 00:00:00,,2015-07-27 00:00:00,VISELLI SANTORO SALON,HAIR SALON,297 Newbury ST,Boston,MA,2115,42.34913,-71.08524799999998,viselli santoro salon,,False,0.8438356164383561,1,Hynes Convention Center,432.99956700259486
2016-12-01 14:16:00,9/10/25 8:48,2029-09-10 08:47:00,Viyada Thai Spa,Spa,336 Newbury ST,Boston,MA,2115,42.348346,-71.08651399999997,viyada thai spa,,True,9.36986301369863,1,Hynes Convention Center,205.22201700371787
2015-06-09 00:00:00,8/10/23 14:47,2027-08-10 14:45:00,WALKING BOSTON,WALKING TOURS,221 Massachusetts AV,Boston,MA,2115,42.34448,-71.08681999999999,walking boston,,True,10.854794520547944,1,Symphony,395.2218269992881
2013-09-30 00:00:00,10/20/25 16:39,2029-10-20 14:58:00,WARSHAUER & SANTAMARIA,DENTAL OFFICE,396 Commonwealth AV,Boston,MA,2115,42.348617,-71.090531,warshauer  santamaria,,True,12.545205479452054,1,Hynes Convention Center,372.9996270001294
2021-12-08 09:58:00,,2025-12-08 09:57:00,Weather Guard Roofing,Roofing Contractor,359 Newbury ST,Boston,MA,2115,42.348373,-71.087831,weather guard roofing,,False,4.0,1,Hynes Convention Center,61.88882700085447
2022-08-09 14:43:00,,2026-08-09 14:42:00,Webstudio Boston,Internet Design/Marketing/Development,361 Newbury ST,Boston,MA,2115,42.348336,-71.08797300000003,webstudio boston,,True,3.6794520547945204,1,Hynes Convention Center,57.55549800468965
2016-08-26 11:48:00,9/10/24 16:27,2028-09-10 15:30:00,Wendy's,Fast Food Restaurant,150 Massachusetts AV,Boston,MA,2115,42.34667,-71.08717999999999,wendys,,True,9.635616438356164,1,Hynes Convention Center,215.66645100024343
2013-12-20 00:00:00,12/3/25 13:14,2029-12-03 10:50:00,WHOLE FOODS MARKET,GROCERY STORE,15 Westland AV,Boston,MA,2115,42.343893,-71.087267,whole foods market,,True,12.323287671232876,1,Symphony,379.6662870006665
2024-02-20 10:49:00,,2028-02-20 10:45:00,WILD DUCK FOOD MARKET,food market,362 Commonwealth AV,Boston,MA,2115,42.348785,-71.08820100000003,wild duck food market,,True,2.1452054794520548,1,Hynes Convention Center,132.77764500346038
2023-02-10 11:02:00,,2027-02-10 11:01:00,WILD DUCK SMOKE SHOP,Smoke Shop,90 A Massachusetts AV,Boston,MA,2115,41.54910757577113,-70.56364761612622,wild duck smoke shop,,True,3.1726027397260275,1,Braintree,121812.52353209356
2017-09-20 13:41:00,6/24/25 8:38,2029-06-24 07:18:00,WinnResidential - St Botolph,Property Management,351 Massachusetts AV,Boston,MA,2115,42.34193,-71.08416,winnresidential  st botolph,,True,8.567123287671233,1,Massachusetts Avenue,114.55544099972909
2022-12-28 16:01:00,,2026-12-28 15:59:00,With A Twist New England,Mobile Bartending,361 Newbury ST,Boston,MA,2115,42.348336,-71.08797300000003,with a twist new england,,True,3.293150684931507,1,Hynes Convention Center,57.55549800468965
2020-07-24 10:18:00,,2024-07-24 10:17:00,Work Skirt,online job search engine,355 Massachusetts AV,Boston,MA,2115,42.34186,-71.08402999999998,work skirt,,False,4.0,1,Massachusetts Avenue,117.99988200208556
2015-02-02 00:00:00,2/4/19 13:32,2023-02-04 12:25:00,WWW.ENTRYONLY.COM,REAL ESTATE,292 Newbury ST,Boston,MA,2115,42.348811,-71.08464200000003,wwwentryonlycom,,False,8.01095890410959,1,Hynes Convention Center,464.8884239962954
2024-07-30 10:25:00,,2028-07-30 10:23:00,Yard-Aid,Landscape,400 Marlborough ST,Boston,MA,2115,42.350065,-71.08817499999998,yardaid,,True,1.704109589041096,1,Hynes Convention Center,272.1108389982645
2014-04-08 00:00:00,3/13/26 15:41,2030-03-13 15:40:00,YE OLDE BOSTON TOURS,WALKING TOURS,292 Newbury ST,Boston,MA,2115,42.348811,-71.08464200000003,ye olde boston tours,,True,12.024657534246575,1,Hynes Convention Center,464.8884239962954
2023-10-20 10:30:00,,2027-10-20 10:25:00,YGF MALATANG,CAFE/RESTAURANT,137 Massachusetts AV,Boston,MA,2115,42.346987,-71.087808,ygf malatang,,True,2.4821917808219176,1,Hynes Convention Center,110.66655600007368
2025-02-07 15:51:00,,2029-02-07 15:48:00,Ziggy Billy,Online Tutoring Services,40 Fenwood RD,Boston,MA,2115,42.33461,-71.10725000000002,ziggy billy,,True,1.178082191780822,1,Fenwood Road,266.5552890020275
2024-04-24 15:11:00,,2028-04-24 13:35:00,Zuma,Restaurant,1 Dalton ST,Boston,MA,2115,42.345818,-71.08411100000001,zuma,,True,1.9698630136986301,1,Prudential,295.88859300139075
2022-12-05 14:54:00,,2026-12-05 14:53:00,1 ONSLOW TERRACE,Short Term Rental,1 Onslow TE,South Boston,MA,2127,42.33365,-71.03201999999999,1 onslow terrace,,True,3.356164383561644,1,Andrew,3236.774541000742
2023-01-27 15:17:00,,2027-01-27 15:16:00,110 Tudor,Short Term Rental,110 Tudor ST,South Boston,MA,2127,42.336447,-71.05318299999999,110 tudor,,True,3.210958904109589,1,Broadway,1106.5544490010172
2026-03-16 14:48:00,,2030-03-16 14:47:00,13 Emmet Condo,Short-Term Rental,13 Emmet ST,South Boston,MA,2127,42.337021,-71.03862400000003,13 emmet condo,,True,0.07671232876712329,1,Broadway,2660.441783996863
2022-08-30 13:36:00,,2026-08-30 13:21:00,131 N STREET,SHORT TERM RENTAL,131 N ST,South Boston,MA,2127,42.333793,-71.031385,131 n street,,True,3.621917808219178,1,Andrew,3323.218898999601
2023-02-16 15:25:00,,2027-02-16 11:56:00,142 WEST EIGHTH STREET,SHORT TERM RENTAL,142 Eighth ST,South Boston,MA,2127,42.334897,-71.05344400000001,142 west eighth street,,True,3.1561643835616437,1,Andrew,994.887893997942
2022-09-26 14:11:00,,2026-09-26 14:07:00,148 W9th Apt 4 Rental,Short Term Rental,148 Ninth ST,South Boston,MA,2127,42.334441,-71.05377099999998,148 w9th apt 4 rental,,True,3.547945205479452,1,Andrew,907.887981001275
2019-09-30 11:46:00,9/8/23 2:27,2027-09-07 15:22:00,169 I Street Air BnB,Short term Rental,169 I ST,South Boston,MA,2127,42.332385,-71.04003899999998,169 i street air bnb,,True,6.53972602739726,1,Andrew,2205.2200170022147
2020-01-17 16:06:00,,2024-01-17 14:21:00,173 West Seventh Rental,Short Term Rental,173 Seventh ST,South Boston,MA,2127,42.334725,-71.05171999999999,173 west seventh rental,,False,4.0,1,Andrew,1167.3321660007296
2024-04-11 15:48:00,,2028-04-11 10:47:00,18 GATES STR,SHORT TERM RENTAL,18 Gates ST,South Boston,MA,2127,42.333473,-71.04807499999998,18 gates str,,True,2.0054794520547947,1,Andrew,1433.220789001282
2019-09-26 15:47:00,,2023-09-26 15:44:00,21 Plus Shop,Smoke Shop,100 Dorchester ST,South Boston,MA,2127,42.33526,-71.04572999999999,21 plus shop,,False,4.0,1,Andrew,1892.331441000323
2024-05-22 11:39:00,,2028-05-22 10:38:00,232 Dorchester St,SHORT TERM RENTAL,232 Dorchester ST,South Boston,MA,2127,42.332826,-71.05084699999998,232 dorchester st,,True,1.893150684931507,1,Andrew,1053.3322800019662
2024-09-12 14:37:00,,2028-09-12 14:37:00,273 Dorchester AirBnB,STR,273 Dorchester ST,South Boston,MA,2127,42.332347,-71.05222000000003,273 dorchester airbnb,,True,1.5835616438356164,1,Andrew,847.5547079957036
2023-10-18 11:45:00,,2027-10-18 11:42:00,277 W Third St #2 Rental,STR,277 Third ST,South Boston,MA,2127,42.337948,-71.04760799999997,277 w third st 2 rental,,True,2.4876712328767123,1,Broadway,1559.2206630036965
2024-03-01 15:44:00,,2028-03-01 15:41:00,"288 E ST, #3",Short Term Rental,288 E ST,South Boston,MA,2127,42.336927,-71.050566,288 e st 3,,True,2.117808219178082,1,Broadway,1343.998655999173
2023-01-09 15:08:00,,2027-01-09 15:06:00,365 Capital,Real Estate,11 Elkins ST,South Boston,MA,2127,42.339353,-71.03612900000002,365 capital,,True,3.26027397260274,1,Broadway,2678.552876997717
2019-08-06 11:39:00,9/14/23 9:49,2027-09-14 09:48:00,375 Silver Street Realty,Short Term Rental,375 Silver ST,South Boston,MA,2127,42.334924,-71.044962,375 silver street realty,,True,6.69041095890411,1,Andrew,1940.3313929999267
2019-02-01 14:57:00,,2023-02-01 14:57:00,3rd Street Salvage,Online Retail,580 Third ST,South Boston,MA,2127,42.336626,-71.036719,3rd street salvage,,False,4.002739726027397,1,Broadway,2915.9970839990306
2019-02-04 13:38:00,,2023-02-04 13:18:00,429 -2 Short Term Rental,Short Term Rental,429 Third ST,South Boston,MA,2127,42.336221,-71.04308500000002,429 2 short term rental,,False,4.0,1,Broadway,2253.6644129975384
2022-08-04 10:59:00,,2026-08-04 10:58:00,48 Telegraph,Short Term Rental,48 Telegraph ST,South Boston,MA,2127,42.333067,-71.04877099999999,48 telegraph,,True,3.6931506849315068,1,Andrew,1310.776467000944
2023-10-13 15:18:00,,2027-10-13 15:15:00,588 E 7th STR,Short Term Rental,588 Seventh ST,South Boston,MA,2127,42.33241,-71.036722,588 e 7th str,,True,2.5013698630136987,1,Andrew,2576.552979000236
2025-06-09 15:48:00,,2029-06-09 15:47:00,6 Bay State,STR,6 Bay State PL,South Boston,MA,2127,42.33778,-71.03793999999999,6 bay state,,True,0.8438356164383561,1,Broadway,2652.108459000533
2020-01-27 14:03:00,5/3/24 13:20,2028-05-03 11:11:00,60 P Street,Short Term Rental,60 P ST,South Boston,MA,2127,42.336302,-71.026722,60 p street,,True,6.213698630136986,1,Broadway,4062.773714998762
2019-05-29 14:46:00,4/12/23 15:06,2027-04-12 11:49:00,607 East Second Air Bnb,Short-Term Rental,599 Broadway,South Boston,MA,2127,42.33537,-71.04032000000001,607 east second air bnb,,True,6.879452054794521,1,Andrew,2505.6641609984194
2014-05-27 00:00:00,,2016-02-08 00:00:00,617 JUNK,JUNK REMOVAL,96 F ST,South Boston,MA,2127,42.335729,-71.04925700000001,617 junk,,False,1.704109589041096,1,Andrew,1552.5540029984224
2019-03-05 12:45:00,,2023-03-05 12:41:00,7 Eleven #33592J,Convenience Store,673 Broadway,South Boston,MA,2127,42.33543,-71.03762999999998,7 eleven 33592j,,False,4.0,1,Andrew,2811.219411002247
2025-08-20 13:41:00,,2029-08-20 13:40:00,750 Condo Association,Condo Association,750 Fourth ST,South Boston,MA,2127,42.334964,-71.034334,750 condo association,,True,0.6465753424657534,1,Andrew,3125.663540999422
2014-01-15 00:00:00,,2018-01-15 00:00:00,7-ELEVEN #33592A,CONVENIENCE STORE,673 Broadway,South Boston,MA,2127,42.33543,-71.03762999999998,7eleven 33592a,,False,4.002739726027397,1,Andrew,2811.219411002247
2026-03-23 16:25:00,,2030-03-23 10:14:00,7-Eleven 33568C,Retail Convenience Store,473 Broadway,South Boston,MA,2127,42.335551,-71.04611,7eleven 33568c,,True,0.057534246575342465,1,Andrew,1882.442562000026
2019-10-29 13:19:00,12/4/23 15:25,2027-12-04 12:43:00,7-Eleven 37492B,Retail Grocery Convenience Store,566 Dorchester AV,South Boston,MA,2127,42.330305,-71.05656699999997,7eleven 37492b,,True,6.46027397260274,1,Andrew,137.6665290029595
2022-05-09 10:35:00,,2026-05-09 10:31:00,816 E. FIFTH ST,Short Term Rental,816 Fifth ST,South Boston,MA,2127,42.334229,-71.02792199999999,816 e fifth st,,True,3.9315068493150687,1,Andrew,3756.4406880008455
2025-09-18 11:53:00,,2029-09-18 11:52:00,90 I St. Short Term Rental,Short-Term Rental,96 I ST,South Boston,MA,2127,42.334979,-71.03976599999999,90 i st short term rental,,True,0.5671232876712329,1,Andrew,2523.7752540008523
2023-12-11 12:34:00,,2027-12-11 12:32:00,98 Old Harbor St,Short Term Rental,98 Old Harbor ST,South Boston,MA,2127,42.331685,-71.04724599999997,98 old harbor st,,True,2.33972602739726,1,Andrew,1326.6653400026714
2022-01-04 15:20:00,,2026-01-04 15:17:00,A Chip A Chair Productions,Film Production,630 Broadway,South Boston,MA,2127,42.335744,-71.039243,a chip a chair productions,,False,4.0,1,Andrew,2666.88622199954
2022-09-01 11:48:00,,2026-09-01 11:46:00,A Spot of Therapy,Speech & Occupational Therapy,308 K ST,South Boston,MA,2127,42.333187,-71.03716600000001,a spot of therapy,,True,3.6164383561643834,1,Andrew,2613.552941998401
2015-04-25 00:00:00,,2019-04-25 00:00:00,A&M PROPERTY MANAGEMENT,WITHDRAWN (5/27/14),526 Fifth ST,South Boston,MA,2127,42.334161,-71.039376,am property management,,False,4.002739726027397,1,Andrew,2476.219745999337
2026-03-18 11:53:00,,2030-03-18 11:52:00,A.T. Property Services,Exterior Property Services,66 Orton Marotta WA,South Boston,MA,2127,42.338249,-71.055001,at property services,,True,0.07123287671232877,1,Broadway,704.3326289996651
2018-12-04 12:46:00,,2022-12-04 12:46:00,AB Construction,Construction,5 G ST,South Boston,MA,2127,42.336098,-71.044467,ab construction,,False,4.002739726027397,1,Broadway,2113.7756640001894
2024-02-09 16:18:00,,2028-02-09 16:17:00,ABACUS BUILDERS & GENERAL CONTRACTORS,General contractor,190 Old Colony AV,South Boston,MA,2127,42.333588,-71.05400700000001,abacus builders  general contractors,,True,2.175342465753425,1,Andrew,786.8881019980793
2026-01-21 16:36:00,,2030-01-21 16:32:00,Able Publishing,Literary/Media Publishing,320 D ST,South Boston,MA,2127,42.340972,-71.04964899999999,able publishing,,True,0.22465753424657534,1,Broadway,996.44344800112
2026-01-21 16:36:00,,2030-01-21 16:29:00,ABLE Records,Record Label,320 D ST,South Boston,MA,2127,42.340972,-71.04964899999999,able records,,True,0.22465753424657534,1,Broadway,996.44344800112
2023-08-03 15:22:00,,2027-08-03 14:13:00,AC3 MEDIA,PRODUCTION COMPANY,630 Broadway,South Boston,MA,2127,42.335744,-71.039243,ac3 media,,True,2.695890410958904,1,Andrew,2666.88622199954
2018-08-28 09:12:00,,2022-08-28 09:10:00,Acosta Real Estate,Residential Real Estate,816 Fifth ST,South Boston,MA,2127,42.334229,-71.02792199999999,acosta real estate,,False,4.0,1,Andrew,3756.4406880008455
2016-03-21 00:00:00,1/30/24 13:12,2028-01-30 13:09:00,ADVANCED HAIR DESIGN,HAIR SALON,487 Broadway,South Boston,MA,2127,42.33527,-71.04543999999999,advanced hair design,,True,10.07123287671233,1,Andrew,1925.664741001429
2020-07-24 10:08:00,7/25/24 14:44,2028-07-25 14:41:00,Advancing Agency,Consulting,125 B ST,South Boston,MA,2127,42.34128,-71.05307900000003,advancing agency,,True,5.723287671232876,1,Broadway,581.1105299973431
2014-10-17 00:00:00,12/5/22 11:00,2026-12-05 10:56:00,AG LUXURY PROPERTIES,REAL ESTATE SALES AND RENTALS,732 Broadway,South Boston,MA,2127,42.335868,-71.03605099999999,ag luxury properties,,True,11.498630136986302,1,Andrew,3035.3302980009075
2024-08-09 10:22:00,,2028-08-09 10:19:00,AG PARTNERS,Marketing and Sales,470 Broadway,South Boston,MA,2127,42.33561271913169,-71.03650826260878,ag partners,,True,1.6767123287671233,1,Andrew,2956.15887971687
2025-11-19 11:21:00,,2029-11-19 11:20:00,"Agavero, Guac & Margs",Restaurant,360 West Broadway,South Boston,MA,2127,42.338143,-71.04936499999997,agavero guac  margs,,True,0.3972602739726027,1,Broadway,1342.3319910033808
2020-07-08 13:52:00,,2024-07-08 13:51:00,AKS TAKEOUT,Fast Food Takeout,309 D ST,South Boston,MA,2127,42.33998,-71.04924,aks takeout,,False,4.0,1,Broadway,1152.109959000477
2022-01-20 10:37:00,,2026-01-20 10:31:00,Alchemista,Buy and Sell Food Products,1 Ellery ST,South Boston,MA,2127,42.33101,-71.05773599999998,alchemista,,False,4.0,1,Andrew,104.11100699767704
2017-01-26 15:27:00,8/14/25 12:54,2029-08-14 12:50:00,Alfredo's Italian Kitchen,Restaurant,243 Dorchester ST,South Boston,MA,2127,42.332874,-71.05127700000003,alfredos italian kitchen,,True,9.216438356164383,1,Andrew,1010.8878779962308
2021-04-01 14:44:00,,2025-04-01 14:41:00,All Covid PPE,Online retail,604A Dorchester AV,South Boston,MA,2127,42.329157,-71.05670099999998,all covid ppe,,False,4.0,1,Andrew,216.7775610021751
2024-07-22 11:08:00,,2028-07-22 11:06:00,ALMAS ALEGRE FAMILY CHILD CARE,Daycare,150 D ST,South Boston,MA,2127,42.336749,-71.05371100000002,almas alegre family child care,,True,1.726027397260274,1,Broadway,1014.332318997798
2023-12-14 13:52:00,,2027-12-14 13:51:00,alphai,AI/Technology,105 Third ST,South Boston,MA,2127,42.341156,-71.052751,alphai,,True,2.3315068493150686,1,Broadway,631.3327020000207
2016-08-11 13:15:00,,,Alrazzag Service,Livery Service,1 Douglas ST,South Boston,MA,2127,42.331055,-71.04292199999998,alrazzag service,,False,,1,Andrew,1737.1093740022122
2019-09-03 13:19:00,,2023-09-03 13:18:00,Al's Bottled Liquors,Retail Package Store,226 Broadway,South Boston,MA,2127,42.340048,-71.05229199999997,als bottled liquors,,False,4.0,1,Broadway,805.4436390033375
2021-06-28 11:19:00,,2025-06-28 11:16:00,ALWAYS EATIN,Contractor/Social Media Management,165 Third ST,South Boston,MA,2127,42.340007,-71.05082400000003,always eatin,,False,4.0,1,Broadway,973.110137996082
2019-06-03 15:46:00,,2023-06-03 15:42:00,Alzheimer's Medical Center,Herbal Medicine,236 Dorchester ST,South Boston,MA,2127,42.332542,-71.05130700000001,alzheimers medical center,,False,4.0,1,Andrew,970.6656959983062
2022-08-05 10:26:00,,2026-08-05 10:14:00,Amanda Driscoll Movement,Personal Training & Mindset,33 I ST,South Boston,MA,2127,42.336984,-71.04013500000002,amanda driscoll movement,,True,3.6904109589041094,1,Broadway,2496.664169997457
2013-05-01 00:00:00,,2014-12-18 00:00:00,AMERICAN CLEANERS,DRYCLEANERS,541 Broadway,South Boston,MA,2127,42.335317,-71.04243099999997,american cleaners,,False,1.632876712328767,1,Andrew,2265.2199570038906
2019-05-31 15:41:00,,2023-05-31 15:39:00,American Constable Service Associates,constable services,824 Third ST,South Boston,MA,2127,42.336824,-71.026726,american constable service associates,,False,4.0,1,Broadway,4004.329329000264
2018-12-13 10:08:00,12/13/22 11:39,2026-12-13 11:35:00,American Dry Cleaners,Dry Cleaners,541 Broadway,South Boston,MA,2127,42.335317,-71.04243099999997,american dry cleaners,,True,7.336986301369863,1,Andrew,2265.2199570038906
2016-01-12 00:00:00,11/1/23 12:03,2027-11-01 11:14:00,AMERICAN PROVISIONS,SPECIALTY SHOP,613 Broadway,South Boston,MA,2127,42.33538,-71.03982000000002,american provisions,,True,10.26027397260274,1,Andrew,2562.330770997459
2014-06-05 00:00:00,6/9/22 9:46,2026-06-09 09:44:00,AMRHEINS RESTAURANT,RESTAURANT,80 Broadway,South Boston,MA,2127,42.34192,-71.05524000000003,amrheins restaurant,,True,11.865753424657534,1,Broadway,269.88861899676965
2022-03-28 14:10:00,,2026-03-28 14:07:00,Amy The Dogwalker & Other Pet Services,Dog Walker and Pet Services,759 Broadway,South Boston,MA,2127,42.335454,-71.03500300000002,amy the dogwalker  other pet services,,False,4.0,1,Andrew,3105.7746719975303
2014-08-26 00:00:00,8/15/22 12:23,2026-08-15 12:20:00,AMY'S LAUNDROMAT,LAUNDROMAT,143 Dorchester ST,South Boston,MA,2127,42.334737,-71.04769099999999,amys laundromat,,True,11.64109589041096,1,Andrew,1616.3317170008238
2018-12-13 15:01:00,11/17/22 12:07,2026-11-17 11:53:00,Andrew Square House of Pizza,Pizzeria,395 Dorchester ST,South Boston,MA,2127,42.330061,-71.056576,andrew square house of pizza,,True,7.336986301369863,1,Andrew,130.22209199885964
2022-04-25 13:50:00,,2026-04-25 13:10:00,Andrew Square Liquors,Package Store,605 Dorchester AV,South Boston,MA,2127,42.328926,-71.057119,andrew square liquors,,True,3.96986301369863,1,Andrew,195.9998039993696
2023-10-05 09:59:00,,2027-10-05 09:59:00,Andrew Square Nails Spa,Nail Salon Owner,385 Dorchester AV,South Boston,MA,2127,42.334598,-71.05800099999999,andrew square nails spa,,True,2.5232876712328767,1,Andrew,532.2216899991938
2015-09-30 00:00:00,10/27/23 13:39,2027-10-27 12:46:00,"ANN MARIE MCLAUGHLIN, CFP",TAX RETURN PREPARER,184 Athens ST,South Boston,MA,2127,42.340068,-71.051511,ann marie mclaughlin cfp,,True,10.545205479452054,1,Broadway,889.9991099990706
2023-09-26 15:48:00,,2027-09-26 15:46:00,Annies Bakery And Cafe,Bakery & Cafe,753 Broadway,South Boston,MA,2127,42.335436,-71.03522700000002,annies bakery and cafe,,True,2.547945205479452,1,Andrew,3078.885809997522
2018-05-04 08:57:00,7/15/22 14:11,2026-07-15 14:09:00,Anzo Creative,Internet-Website Design,150 Dorchester AV,South Boston,MA,2127,42.341659,-71.056576,anzo creative,,True,7.947945205479452,1,Broadway,150.44429399912042
2015-09-25 00:00:00,11/16/23 11:47,2027-11-16 11:42:00,APPLEBEE'S NEIGHBORHOOD GRILL & BAR,RESTAURANT,205 Fifth ST,South Boston,MA,2127,42.335237,-71.05083100000002,applebees neighborhood grill  bar,,True,10.558904109589042,1,Andrew,1322.998676997718
2025-10-29 14:53:00,,2029-10-29 14:51:00,AR Host,Short Term Rental,354 Athens ST,South Boston,MA,2127,42.33691,-71.04656,ar host,,True,0.4547945205479452,2,Broadway,1790.99820899958
2024-01-18 12:52:00,,2028-01-18 12:51:00,AR Host,STR,121 F ST,South Boston,MA,2127,42.33623,-71.04819399999997,ar host,,True,2.2356164383561645,2,Broadway,1684.998315003514
2024-03-21 14:16:00,,2028-03-21 14:13:00,Armstrong Remodeling,Remodeling,60 Ellery ST,South Boston,MA,2127,42.32946575193187,-71.05822207820643,armstrong remodeling,,True,2.063013698630137,1,Andrew,139.4805576926162
2015-01-15 00:00:00,2/25/19 14:30,2023-02-25 14:25:00,ARTESIANIA,INTERIOR DESIGN,1612 Columbia RD,South Boston,MA,2127,42.329885,-71.03710899999999,artesiania,,False,8.117808219178082,1,Andrew,2312.7754650014585
2016-06-08 12:45:00,7/11/24 14:56,2028-07-11 11:23:00,Artist Operation,Design and Consultation,516 Second ST,South Boston,MA,2127,42.337385,-71.04192899999998,artist operation,,True,9.852054794520548,1,Broadway,2252.7755250021514
2025-08-29 11:49:00,,2029-08-29 11:47:00,Artistic Threading,Eyebrow threading,643 Broadway,South Boston,MA,2127,42.33542,-71.03877,artistic threading,,True,0.6219178082191781,1,Andrew,2683.4417609995844
2022-03-16 12:22:00,3/10/26 11:52,2030-03-10 11:50:00,Assembly Nail Bar,Nail Salon,315 Broadway,South Boston,MA,2127,42.338378,-71.05056300000001,assembly nail bar,,True,4.079452054794521,1,Broadway,1183.10992799879
2024-01-18 15:19:00,,2028-01-18 15:16:00,AT&T Authorized Retailer,Service Retail,366 Broadway,South Boston,MA,2127,42.33803,-71.04921999999999,att authorized retailer,,True,2.2356164383561645,1,Broadway,1370.99862900048
2023-02-02 10:38:00,,2027-02-02 10:35:00,ATHENS APARTMENT ONE,Short Term Rental,308 Athens ST,South Boston,MA,2127,42.337698,-71.04778299999998,athens apartment one,,True,3.1945205479452055,1,Broadway,1567.5539880016047
2020-02-21 16:12:00,,2024-02-21 15:48:00,Austin 158,Short Term Rental,205 E ST,South Boston,MA,2127,42.334402,-71.05275,austin 158,,False,4.0,1,Andrew,1016.99898299896
2026-03-06 13:14:00,,2030-03-06 13:13:00,Avant Garde Home,Social Media and Content Creator,580 Broadway,South Boston,MA,2127,42.3357,-71.04095999999998,avant garde home,,True,0.10410958904109589,1,Andrew,2471.219751001697
2019-10-02 14:16:00,,2023-10-02 14:15:00,Avelino Montes Worldwide,Online Retail,81 Orton-Marotta WY,South Boston,MA,2127,42.337822,-71.05488600000001,avelino montes worldwide,,False,4.0,1,Broadway,764.5547909984116
2022-03-09 15:49:00,3/16/26 10:59,2030-03-16 10:57:00,Azmera African Hairbraiding,Hair Braiding,163 Old Colony AV,South Boston,MA,2127,42.334034,-71.05503099999999,azmera african hairbraiding,,True,4.098630136986301,1,Andrew,722.6659440015369
2013-08-09 00:00:00,5/16/22 12:59,2026-05-16 11:17:00,B & 4TH STREET VARIETY,CONVENIENCE STORE,178 Fourth ST,South Boston,MA,2127,42.340298,-71.05475799999999,b  4th street variety,,True,12.687671232876712,1,Broadway,503.66616300102487
2015-05-27 00:00:00,5/23/19 10:04,2023-05-23 10:03:00,B FIT WITH SAMANTHA,FITNESS,17 Middle ST,South Boston,MA,2127,42.331334,-71.05479400000002,b fit with samantha,,False,7.994520547945205,1,Andrew,448.9995509977259
2019-10-15 13:56:00,9/27/23 12:17,2027-09-27 12:15:00,B Street STR,Short-Term Rental,147 B ST,South Boston,MA,2127,42.341952,-71.052347,b street str,,True,6.498630136986302,1,Broadway,587.7771900002485
2023-01-27 13:19:00,,2027-01-27 13:17:00,B/Spoke,Fitness Studio,54 Old Colony AV,South Boston,MA,2127,42.336578,-71.05597699999998,bspoke,,True,3.210958904109589,1,Broadway,781.5547740012812
2022-10-19 13:32:00,,2026-10-19 11:34:00,BADPUP PRODUCTIONS,EVENT PRODUCTION AND CONSULTING,185 Fifth ST,South Boston,MA,2127,42.336877,-71.05174,badpup productions,,True,3.484931506849315,1,Broadway,1219.1098920002694
2016-05-19 00:00:00,12/31/24 15:03,2028-12-31 14:55:00,BAILEY'S TOO,CONVENIENCE STORE,354 Broadway,South Boston,MA,2127,42.338171,-71.04942,baileys too,,True,9.90958904109589,1,Broadway,1333.1097779998222
2018-06-06 13:22:00,5/16/22 12:16,2026-05-16 12:12:00,Baltic Deli,Deli Shop,632 Dorchester AV,South Boston,MA,2127,42.328286,-71.05674999999997,baltic deli,,True,7.857534246575343,1,Andrew,308.1108030036912
2023-07-07 12:33:00,,2027-07-07 11:21:00,Banfield Pet Hospital #4041,Veterinary Services,9 Broadway,South Boston,MA,2127,42.34252,-71.05691000000002,banfield pet hospital 4041,,True,2.76986301369863,1,Broadway,17.66664899802852
2024-04-19 14:06:00,,2028-04-19 11:13:00,Bardo's Bar Pizza,Restaurant,10 Old Colony AV,South Boston,MA,2127,42.337806,-71.056555,bardos bar pizza,,True,1.9835616438356165,1,Broadway,580.888307999483
2025-03-12 13:17:00,,2029-03-12 13:16:00,Battista Bootcamp,Virtual Fitness App,105 Third ST,South Boston,MA,2127,42.341156,-71.052751,battista bootcamp,,True,1.0876712328767124,1,Broadway,631.3327020000207
2018-06-26 16:20:00,9/2/22 15:27,2026-09-02 14:16:00,Bay State Physical Therapy,Physical Therapy,470 Broadway,South Boston,MA,2127,42.33561271913169,-71.03650826260878,bay state physical therapy,,True,7.802739726027397,3,Andrew,2956.15887971687
2022-03-28 11:27:00,,2026-03-28 11:25:00,Bay State Renewables,Electrical Contractor,75 Gates ST,South Boston,MA,2127,42.331434,-71.04833500000001,bay state renewables,,False,4.0,1,Andrew,1177.7765999988342
2022-05-23 14:18:00,,2026-05-23 14:17:00,Bay View Liquors,Liquor Store,108 Dorchester ST,South Boston,MA,2127,42.335144,-71.04587700000002,bay view liquors,,True,3.893150684931507,1,Andrew,1863.1092479975207
2013-12-20 00:00:00,,2015-06-05 00:00:00,BAYSIDE FINANCIAL SERVICES,ACCOUNTING & TAX PREP,29 Farragut RD,South Boston,MA,2127,42.33727,-71.02544999999998,bayside financial services,,False,1.4575342465753425,1,Broadway,4096.551459002694
2016-07-11 08:58:00,,,Baystate Financial,Insurance & Financial,430 Broadway,South Boston,MA,2127,42.33561271913169,-71.03650826260878,baystate financial,,False,,4,Andrew,2956.15887971687
2026-03-17 11:11:00,,2030-03-17 09:58:00,BBJ Linen La Tavola Fine Linen Rental,Short Term Linen Rentals,423 Broadway,South Boston,MA,2127,42.33652,-71.04773,bbj linen la tavola fine linen rental,,True,0.07397260273972603,1,Broadway,1704.331628999703
2026-02-26 15:23:00,,2030-02-26 13:35:00,Bean Town Soft Wash,Soft Wash,371 Dorchester AV,South Boston,MA,2127,42.335629,-71.05805399999997,bean town soft wash,,True,0.12602739726027398,1,Andrew,652.6660139966867
2014-03-05 00:00:00,2/27/18 9:58,2022-02-27 09:37:00,BEANTOWN TROLLEY,SIGHTSEEING TROLLEY,210 Ninth ST,South Boston,MA,2127,42.333107,-71.05217199999998,beantown trolley,,False,7.989041095890411,1,Andrew,937.3323960011472
2026-02-05 11:30:00,,2030-02-05 11:29:00,Beauti Nail Bar,Nail Salon,360 West Broadway,South Boston,MA,2127,42.338143,-71.04936499999997,beauti nail bar,,True,0.18356164383561643,1,Broadway,1342.3319910033808
2023-08-09 15:28:00,,2027-08-09 15:27:00,BeLiv,Online retail,109 Dresser ST,South Boston,MA,2127,42.337394,-71.04433899999998,beliv,,True,2.6794520547945204,1,Broadway,1983.9980160017867
2025-11-13 14:10:00,,2029-11-13 14:08:00,Bell's Market,Market,236 Dorchester ST,South Boston,MA,2127,42.332542,-71.05130700000001,bells market,,True,0.4136986301369863,1,Andrew,970.6656959983062
2019-08-12 14:06:00,,2023-08-12 13:26:00,Bennett 170 Botton,Short Term Rental,170 Bolton ST,South Boston,MA,2127,42.339546,-71.04891299999997,bennett 170 botton,,False,4.0,1,Broadway,1236.6654300033154
2025-07-08 13:20:00,,2029-07-08 13:18:00,Bennett O'Donnell,Short Term Rental,524 Fifth ST,South Boston,MA,2127,42.334021,-71.03944999999999,bennett odonnell,,True,0.7643835616438356,1,Andrew,2452.441992000948
2019-07-26 15:47:00,,2023-07-26 15:45:00,Bettah Buttah,Personal Care,1410 Columbia RD,South Boston,MA,2127,42.330939,-71.043613,bettah buttah,,False,4.0,1,Andrew,1647.4427970004356
2025-04-23 12:15:00,,2029-04-23 10:17:00,BHD,General IT Support,803 Summer ST,South Boston,MA,2127,42.34009,-71.03579500000001,bhd,,True,0.9726027397260274,1,Broadway,2633.775143999452
2025-11-12 16:03:00,,2029-11-12 16:01:00,Billboardman,Marketing Agency,140 Third ST,South Boston,MA,2127,42.340399,-71.050929,billboardman,,True,0.41643835616438357,1,Broadway,917.8879710005016
2024-04-17 15:45:00,,2028-04-17 14:02:00,Black Rabbit Pictures,Production Company,535 First ST,South Boston,MA,2127,42.337885,-71.03852,black rabbit pictures,,True,1.989041095890411,1,Broadway,2575.9974239992703
2022-08-30 13:36:00,,2026-08-30 13:28:00,BLANCHARD ARCHITECTS,ARCHITECTURE FIRM,599 Broadway,South Boston,MA,2127,42.33537,-71.04032000000001,blanchard architects,,True,3.621917808219178,1,Andrew,2505.6641609984194
2023-02-14 11:51:00,,2027-02-14 11:49:00,BLESSED FAMILY DAY CARE,Day Care,37 Joyce Hayes WY,South Boston,MA,2127,42.337959,-71.05407100000002,blessed family day care,,True,3.1616438356164385,1,Broadway,839.8880489976913
2019-03-27 14:32:00,,2023-03-27 14:31:00,Blue Collar Coding,Freelance Web Services,904 Broadway,South Boston,MA,2127,42.33561271913169,-71.03650826260878,blue collar coding,,False,4.0,1,Andrew,2956.15887971687
2019-09-20 12:03:00,,2023-09-20 11:57:00,BN. Digital,C-Corp,728 Broadway,South Boston,MA,2127,42.335807,-71.03625999999997,bn digital,,False,4.0,1,Andrew,3005.330328003228
2021-02-08 15:26:00,1/22/25 13:40,2029-01-22 11:57:00,BOHDII BOUTIQUE,Retail,397 Broadway,South Boston,MA,2127,42.337087,-71.04857900000002,bohdii boutique,,True,5.178082191780822,1,Broadway,1546.998452998238
2024-03-04 10:47:00,,2028-03-04 10:45:00,Boston Babes Social Club,"Events, Retreats, Consulting",356 K ST,South Boston,MA,2127,42.331643,-71.037125,boston babes social club,,True,2.1095890410958904,1,Andrew,2446.5531089992364
2012-12-12 00:00:00,,2016-12-12 00:00:00,BOSTON BEACH VOLLEY BALL,WITHDRAWL (4/21/10),528 Third ST,South Boston,MA,2127,42.336574,-71.03856000000002,boston beach volley ball,,False,4.002739726027397,1,Broadway,2717.2195049979896
2023-09-05 15:15:00,,2027-09-05 15:13:00,Boston Beautox,Med Spa,423 Broadway,South Boston,MA,2127,42.33652,-71.04773,boston beautox,,True,2.6054794520547944,1,Broadway,1704.331628999703
2017-12-29 09:05:00,6/2/22 13:14,2026-06-02 13:11:00,Boston Business Partners,Business Consulting,917 Broadway,South Boston,MA,2127,42.3356,-71.02733999999998,boston business partners,,True,8.293150684931506,1,Andrew,3973.44047100167
2013-11-15 00:00:00,12/23/21 13:24,2025-12-23 10:48:00,BOSTON CASH REGISTER EXCHANGE,CASH REGISTER SYSTEMS,264 Broadway,South Boston,MA,2127,42.3388345649572,-71.05089270276682,boston cash register exchange,,False,12.112328767123287,1,Broadway,1095.7469349163368
2013-10-08 00:00:00,,2017-10-08 00:00:00,BOSTON CENTRAL KITCHEN EXPRESS,CATERING SERVICES,28 Damrell ST,South Boston,MA,2127,42.333461,-71.05555400000003,boston central kitchen express,,False,4.002739726027397,2,Andrew,600.8882879963575
2016-06-06 11:27:00,,,Boston Central Kitchen Express,Catering Servies,28 Damrell ST,South Boston,MA,2127,42.333461,-71.05555400000003,boston central kitchen express,,False,,2,Andrew,600.8882879963575
2016-06-06 00:00:00,,2020-06-06 00:00:00,BOSTON CENTRAL KITHCHEN EXPRESS,,28 Damrell ST,South Boston,MA,2127,42.333461,-71.05555400000003,boston central kithchen express,,False,4.002739726027397,1,Andrew,600.8882879963575
2020-08-27 13:58:00,8/6/24 13:26,2028-08-06 10:38:00,Boston Chiropractic and Physical Therapy,physical therapy and chiropractic office,377 Broadway,South Boston,MA,2127,42.337477,-71.04932400000001,boston chiropractic and physical therapy,,True,5.63013698630137,1,Broadway,1420.8874679984729
2023-12-12 15:41:00,,2027-12-12 15:36:00,Boston Civil,Civil Engineering/Land Planning,711 Broadway,South Boston,MA,2127,42.33542,-71.03692999999998,boston civil,,True,2.336986301369863,1,Andrew,2887.8860010013186
2021-07-16 09:37:00,,2025-07-16 09:36:00,BOSTON ELITE CONSULTANT,CONSULTING,24 Knowlton ST,South Boston,MA,2127,42.33216,-71.04966000000002,boston elite consultant,,False,4.0,1,Andrew,1111.2211109979194
2018-09-21 10:43:00,9/21/22 11:32,2026-09-21 11:31:00,Boston Finest Auto & BikeTeam,Auto Team / Club,227 Broadway,South Boston,MA,2127,42.339226,-71.05181399999998,boston finest auto  biketeam,,True,7.564383561643836,1,Broadway,949.887939002606
2018-10-15 13:27:00,,2022-10-15 12:50:00,BOSTON HOME INSPECTORS,HONE INPSECTOR,1326 Columbia RD,South Boston,MA,2127,42.330652,-71.04634399999998,boston home inspectors,,False,4.0,1,Andrew,1312.1097990023145
2024-01-05 11:10:00,,2028-01-05 11:08:00,BOSTON LASH,Lash extensions,661 Broadway,South Boston,MA,2127,42.33541,-71.03816,boston lash,,True,2.271232876712329,1,Andrew,2750.108360999429
2014-11-19 00:00:00,,2015-02-11 00:00:00,BOSTON LIQUOR GROUP,LIQUOR STORE,336 K ST,South Boston,MA,2127,42.332167,-71.03709100000003,boston liquor group,,False,0.23013698630136986,1,Andrew,2508.553046995863
2016-11-18 12:18:00,3/27/26 9:49,2030-03-27 09:47:00,Boston Lobster Company,Wholesale Lobster Distributor,345 First ST,South Boston,MA,2127,42.338647,-71.045841,boston lobster company,,True,9.405479452054795,1,Broadway,1677.8872110001514
2025-01-07 12:59:00,,2029-01-07 12:58:00,Boston Lock,Locksmith,673 Broadway,South Boston,MA,2127,42.33543,-71.03762999999998,boston lock,,True,1.263013698630137,1,Andrew,2811.219411002247
2021-07-20 09:57:00,9/29/25 10:34,2029-09-29 13:44:00,Boston Microgreens,Urban Farming,416 Broadway,South Boston,MA,2127,42.3369,-71.04743000000002,boston microgreens,,True,4.734246575342466,1,Broadway,1695.442748997671
2017-12-06 12:53:00,12/4/25 15:35,2029-12-04 10:37:00,Boston NAPS,"Prenatal, Postpartum, Newborn Lactation and Children's classes and support",384 Broadway,South Boston,MA,2127,42.337607,-71.04852,boston naps,,True,8.356164383561644,1,Broadway,1495.7762820004536
2018-02-28 15:05:00,,2022-02-28 15:03:00,Boston Navigation,Consulting,128 G ST,South Boston,MA,2127,42.331474,-71.04395699999998,boston navigation,,False,4.0,1,Andrew,1668.664998002119
2024-01-12 10:57:00,,2028-01-12 10:56:00,Boston Physical Therapy,Physical Therapy,377 Broadway,South Boston,MA,2127,42.337477,-71.04932400000001,boston physical therapy,,True,2.252054794520548,1,Broadway,1420.8874679984729
2023-11-16 14:03:00,,2027-11-16 14:02:00,Boston Pickleball Club,Mobile Fitness & Pickleball Facility,138 O ST,South Boston,MA,2127,42.333548,-71.028997,boston pickleball club,,True,2.408219178082192,1,Andrew,3561.329771999232
2025-08-07 14:02:00,,2029-08-07 14:01:00,Boston Seaport Home,Short Term Rental,259 Bolton ST,South Boston,MA,2127,42.337613,-71.04625699999997,boston seaport home,,True,0.6821917808219178,1,Broadway,1746.553809003631
2024-01-24 14:50:00,,2028-01-24 14:18:00,Boston Seaport Self Storage,Self Storage Facility,380 E ST,Boston,MA,2127,42.340897,-71.04655300000002,boston seaport self storage,,True,2.219178082191781,1,Broadway,1348.7764289981633
2020-07-24 14:20:00,4/24/24 12:33,2028-04-24 12:31:00,Boston Smoke Shop and Convenience,smoke shop and convenience,334 Dorchester ST,South Boston,MA,2127,42.330837,-71.05394100000001,boston smoke shop and convenience,,True,5.723287671232876,1,Andrew,488.5550669989127
2021-01-15 13:18:00,1/13/25 16:01,2029-01-13 12:56:00,Boston Speech Therapy,speech therapy,816 Fifth ST,South Boston,MA,2127,42.334229,-71.02792199999999,boston speech therapy,,True,5.243835616438356,1,Andrew,3756.4406880008455
2022-03-29 15:32:00,,2026-03-29 15:27:00,BOSTON WHOLESALE LOBSTER,SEAFOOD SALES,345 First ST,South Boston,MA,2127,42.338647,-71.045841,boston wholesale lobster,,False,4.0,1,Broadway,1677.8872110001514
2024-04-02 11:28:00,,2028-04-02 11:26:00,Bostons Groomer,Dog Grooming,548 Broadway,South Boston,MA,2127,42.33568,-71.04228,bostons groomer,,True,2.03013698630137,1,Andrew,2322.331010999439
2022-07-14 15:25:00,,2026-07-14 15:17:00,Boynton Insurance Group,Insurance,320 Third ST,South Boston,MA,2127,42.336967,-71.04551100000003,boynton insurance group,,True,3.750684931506849,1,Broadway,1901.2203209960387
2019-12-04 14:47:00,,2023-12-04 14:46:00,BQ & Associates,Short-Term Rental,102 D ST,South Boston,MA,2127,42.335375,-71.05515600000001,bq  associates,,False,4.0,1,Andrew,857.7769199983167
2026-03-10 11:31:00,,2030-03-10 11:30:00,Brancato Barber Co,Barber Shop,324 Broadway,South Boston,MA,2127,42.3388345649572,-71.05089270276682,brancato barber co,,True,0.09315068493150686,1,Broadway,1095.7469349163368
2022-05-11 15:18:00,,2026-05-11 15:16:00,Brian East Airbnb,Short-Term Rental,122 Ninth ST,South Boston,MA,2127,42.334934,-71.05444599999998,brian east airbnb,,True,3.926027397260274,1,Andrew,887.6657790010142
2024-11-25 16:08:00,,2028-11-25 16:06:00,BRILLIANT EARTH,Retail Jewelry Sale,254 E ST,South Boston,MA,2127,42.336071,-71.051557,brilliant earth,,True,1.3808219178082193,2,Broadway,1328.9986709999382
2015-10-19 00:00:00,9/18/23 13:30,2027-09-18 11:31:00,BRINGING UP BABY,RETAIL CHILDRENIS BOUTIQUE,663 Broadway,South Boston,MA,2127,42.33543,-71.03800000000001,bringing up baby,,True,10.493150684931507,1,Andrew,2770.108340998672
2019-05-06 15:30:00,4/27/23 12:58,2027-04-27 12:10:00,Brito Family Dental,Dental Office,272 Broadway,South Boston,MA,2127,42.3388345649572,-71.05089270276682,brito family dental,,True,6.942465753424657,1,Broadway,1095.7469349163368
2024-10-22 11:21:00,,2028-10-22 11:20:00,Broadway Golf Club,"Bar, Lounge",423 Broadway,South Boston,MA,2127,42.33652,-71.04773,broadway golf club,,True,1.473972602739726,1,Broadway,1704.331628999703
2020-04-07 10:57:00,,2024-04-07 10:46:00,Broadway Jiu-Jitsu and Fitness,Fitness,36 Broadway,South Boston,MA,2127,42.34269,-71.05628000000002,broadway jiujitsu and fitness,,False,4.0,1,Broadway,83.88880499820577
2025-05-30 12:59:00,,2029-05-30 12:55:00,Broadway Laundromat,laundromat,132 W BROADWAY,BOSTON,MA,2127,42.341037,-71.053992,broadway laundromat,,True,0.8712328767123287,1,Broadway,506.666160000556
2026-02-09 11:21:00,,2030-02-09 11:20:00,Browdolize Esthetics,Aesthetics Salon,405 First ST,South Boston,MA,2127,42.337821,-71.04452500000002,browdolize esthetics,,True,0.1726027397260274,1,Broadway,1915.886972997694
2019-10-17 15:02:00,11/30/23 14:09,2027-11-30 14:07:00,BRS Airbnb,Short Term rental,364 E ST,South Boston,MA,2127,42.339016,-71.04809,brs airbnb,,True,6.493150684931507,1,Broadway,1386.9986129995584
2014-11-28 00:00:00,12/19/22 15:21,2026-12-19 11:24:00,BSC GROUP,CONSULTING ENGINEERING,803 Summer ST,South Boston,MA,2127,42.34009,-71.03579500000001,bsc group,,True,11.383561643835616,1,Broadway,2633.775143999452
2017-06-12 12:28:00,11/3/21 15:41,2025-11-03 15:34:00,Btone Fitness,Fitness Studios,416 Broadway,South Boston,MA,2127,42.3369,-71.04743000000002,btone fitness,,False,8.4,2,Broadway,1695.442748997671
2022-03-24 09:39:00,,2026-03-24 09:37:00,Bucky Golf,Online Clothing Retail,9 Monks ST,South Boston,MA,2127,42.33271,-71.03273000000002,bucky golf,,False,4.0,1,Andrew,3053.441390997814
2025-11-13 10:58:00,,2029-11-13 10:57:00,Buda Sneakers,Retail,11 Broadway,South Boston,MA,2127,42.342384,-71.05674699999997,buda sneakers,,True,0.4136986301369863,1,Broadway,50.88883800257357
2016-03-10 00:00:00,2/28/20 13:24,2024-02-28 12:06:00,BURNS REALTY & INVESTMENTS,REAL ESTATE BROKERAGE,599 Broadway,South Boston,MA,2127,42.33537,-71.04032000000001,burns realty  investments,,False,7.975342465753425,1,Andrew,2505.6641609984194
2019-02-27 10:43:00,,2023-02-27 10:42:00,Buylyne Co.,Online Retail,9 M ST,South Boston,MA,2127,42.337845,-71.03360499999997,buylyne co,,False,4.0,1,Broadway,3126.5524290034937
2025-01-14 14:51:00,,2029-01-14 14:50:00,C to C Services,Consulting,320 D ST,South Boston,MA,2127,42.340972,-71.04964899999999,c to c services,,True,1.2438356164383562,1,Broadway,996.44344800112
2015-08-03 00:00:00,7/11/23 13:57,2027-07-11 13:54:00,C&G SERVICE,"GAS STATION, CONVENIENCE STORE",77 L ST,South Boston,MA,2127,42.335076,-71.03574200000003,cg service,,True,10.704109589041096,1,Andrew,2981.663684996663
2016-04-06 00:00:00,4/25/25 15:54,2029-04-25 15:53:00,CAFE PORTO BELLO,RESTAURANT,672 Broadway,South Boston,MA,2127,42.3358,-71.03762999999998,cafe porto bello,,True,10.027397260273972,1,Andrew,2852.330481001875
2018-02-23 16:17:00,12/14/23 10:40,2027-12-14 10:11:00,CAFFE NERO,COFFEE CAFE,327 W BROADWAY,SOUTH BOSTON,MA,2127,42.338238,-71.05038000000002,caffe nero,,True,8.139726027397261,6,Broadway,1218.9987809981817
2019-05-06 15:03:00,,2023-05-06 14:56:00,Cambria,Hotel Restaurant,6 Broadway,South Boston,MA,2127,42.343027,-71.05703,cambria,,False,4.0,1,Broadway,51.99994799976828
2025-03-14 13:21:00,,2029-03-14 13:18:00,Cambria Hotel,Hotel,6 Broadway,South Boston,MA,2127,42.343027,-71.05703,cambria hotel,,True,1.082191780821918,1,Broadway,51.99994799976828
2018-07-13 15:37:00,,2022-07-13 15:36:00,Campus Border,Real Estate,697 Sixth ST,South Boston,MA,2127,42.333,-71.03247799999997,campus border,,False,4.0,1,Andrew,3113.6635530028766
2022-07-26 11:35:00,,2026-07-26 11:31:00,Cannonball Cafe,Cafe,383 Dorchester AV,South Boston,MA,2127,42.33505,-71.05721399999999,cannonball cafe,,True,3.717808219178082,1,Andrew,592.9994070012746
2022-12-14 10:42:00,,2026-12-14 10:40:00,CANO'S BARBERSHOP,Barber,551 Dorchester AV,South Boston,MA,2127,42.330547,-71.05717099999998,canos barbershop,,True,3.3315068493150686,1,Andrew,97.44434700187688
2018-05-16 12:20:00,,2022-05-16 12:19:00,Cape Cod Bay Outfitters,Charter Fishing,228 E ST,South Boston,MA,2127,42.335496,-71.052233,cape cod bay outfitters,,False,4.0,1,Andrew,1195.9988039994073
2016-01-15 00:00:00,12/15/25 16:22,2029-12-15 14:38:00,Capo Restaurant & Supper Club,RESTAURANT,443 Broadway,South Boston,MA,2127,42.336076,-71.04701999999997,capo restaurant  supper club,,True,10.252054794520548,1,Broadway,1832.5537230028224
2019-06-27 15:07:00,6/5/23 12:48,2027-06-05 12:44:00,Caress Healthy Skin & Hair,hairdressing,499 Broadway,South Boston,MA,2127,42.33527,-71.04496,caress healthy skin  hair,,True,6.8,1,Andrew,1978.9980209994103
2022-07-28 14:12:00,,2026-07-28 14:08:00,Cartage America,COMMERCIAL MOVING,592 Third ST,South Boston,MA,2127,42.336635,-71.03616599999998,cartage america,,True,3.712328767123288,1,Broadway,2976.4414680019527
2025-05-23 13:08:00,,2029-05-23 12:51:00,Castle Island Brewing Company,Manufacturer of Beer,10 Old Colony AV,South Boston,MA,2127,42.337806,-71.056555,castle island brewing company,,True,0.8904109589041096,1,Broadway,580.888307999483
2017-07-10 13:19:00,6/26/25 15:05,2029-06-26 13:34:00,Castle Self Storage,Self Storage,39 Old Colony AV,South Boston,MA,2127,42.336566,-71.05638999999996,castle self storage,,True,8.764383561643836,1,Broadway,736.9992630040338
2023-05-02 11:37:00,,2027-05-02 11:34:00,CATHOLIC CHARITIES BOSTON,NON-PROFIT SOCIAL SERVICES,275 Broadway,South Boston,MA,2127,42.339003,-71.05154099999999,catholic charities boston,,True,2.9506849315068493,1,Broadway,1004.998995001625
2019-08-16 11:51:00,8/14/23 10:51,2027-08-14 10:40:00,ChainMail Communications,Multimedia Communications,55 William T Morrissey BLVD,Dorchester,MA,2127,42.317769,-71.05016799999999,chainmail communications,,True,6.663013698630137,1,JFK/UMass,523.5550320021273
2023-08-14 10:51:00,,2027-08-14 10:48:00,ChainMail Media,Multimedia productions,55 William T Morrissey BLVD,Dorchester,MA,2127,42.317769,-71.05016799999999,chainmail media,,True,2.665753424657534,1,JFK/UMass,523.5550320021273
2025-02-04 09:28:00,,2029-02-04 09:27:00,ChainMail Prints,Custom Apparel,55 William T Morrissey BLVD,Dorchester,MA,2127,42.317769,-71.05016799999999,chainmail prints,,True,1.1863013698630136,1,JFK/UMass,523.5550320021273
2018-02-16 16:15:00,,2022-02-16 16:14:00,Chapdelaine Consulting Services,consulting,10 A ST,South Boston,MA,2127,42.34088,-71.05680000000001,chapdelaine consulting services,,False,4.0,1,Broadway,212.11089899895697
2019-08-29 13:39:00,,2023-08-29 13:38:00,Chateau De Ombler,Short Term Rental,178 Fourth ST,South Boston,MA,2127,42.340298,-71.05475799999999,chateau de ombler,,False,4.0,1,Broadway,503.66616300102487
2018-04-06 15:00:00,6/2/22 13:14,2026-06-02 13:10:00,CHENEY CAPITAL PARTNERS,INVESTMENT,917 Broadway,South Boston,MA,2127,42.3356,-71.02733999999998,cheney capital partners,,True,8.024657534246575,1,Andrew,3973.44047100167
2019-10-30 11:03:00,12/22/23 13:19,2027-12-22 13:16:00,Cheung Realty,Short Term Rental,157 Third ST,South Boston,MA,2127,42.340143,-71.05109900000002,cheung realty,,True,6.457534246575342,1,Broadway,927.4435169976924
2022-09-23 10:11:00,,2026-09-22 13:43:00,Chilactes,Restaurant,69 L ST,South Boston,MA,2127,42.335233,-71.03521999999998,chilactes,,True,3.5561643835616437,1,Andrew,3057.108054001978
2022-10-03 13:22:00,,2026-10-03 11:20:00,Chiropractic & Sports Services of Boston,Chiropractic,14 Dorchester ST,South Boston,MA,2127,42.33701,-71.04342200000002,chiropractic  sports services of boston,,True,3.5287671232876714,1,Broadway,2128.553426997617
2016-02-17 00:00:00,1/31/24 10:17,2028-01-31 10:14:00,CHRISTINE ANNE LINNANE,YOGA/PUBLISHING COMPANY,133 M ST,South Boston,MA,2127,42.333415,-71.03344700000002,christine anne linnane,,True,10.161643835616438,1,Andrew,3052.108058997233
2022-01-10 14:38:00,1/8/26 16:00,2030-01-08 13:33:00,Cindy Kanter Bookkeeping Consultant,Bookkeeping,141 Dorchester AV,South Boston,MA,2127,42.342105,-71.05791599999998,cindy kanter bookkeeping consultant,,True,4.257534246575342,1,Broadway,162.8887259977019
2022-01-28 13:57:00,12/16/25 16:19,2029-12-16 16:03:00,Circle K 4707521,Convenience Store,14 Broadway,South Boston,MA,2127,42.3429,-71.05674999999997,circle k 4707521,,True,4.208219178082191,1,Broadway,54.999945004036384
2022-02-08 13:12:00,2/5/26 16:10,2030-02-05 12:50:00,Circle Strategies,HR Solutions,88 G ST,South Boston,MA,2127,42.332881,-71.04394100000002,circle strategies,,True,4.178082191780822,1,Andrew,1826.775950997673
2023-03-29 13:18:00,,2027-03-29 11:16:00,City Convenience & Smoke Shop,Convenience Store,301 Broadway,South Boston,MA,2127,42.338538,-71.05086399999999,city convenience  smoke shop,,True,3.043835616438356,1,Broadway,1131.8877570010056
2024-02-14 12:08:00,,2028-02-14 11:45:00,CITY LIQUOR & SMOKE SHOP,Liquor & smoke shop,259 Dorchester ST,South Boston,MA,2127,42.33253,-71.05187000000001,city liquor  smoke shop,,True,2.1616438356164385,1,Andrew,906.7768709985538
2023-10-12 15:46:00,,2027-10-12 13:59:00,CITY POINT BEHAVIORAL CONSULTING,APPLIED BEHAVIOR ANALYSIS,663 Seventh ST,South Boston,MA,2127,42.332163,-71.03384,city point behavioral consulting,,True,2.504109589041096,1,Andrew,2869.330464000008
2020-01-02 14:11:00,3/8/24 15:01,2028-03-08 14:59:00,City Point Plants,interior plantscaping,628 Third ST,South Boston,MA,2127,42.33667,-71.034561,city point plants,,True,6.282191780821917,1,Broadway,3150.8857380004806
2019-11-04 12:58:00,12/14/23 12:53,2027-12-14 11:21:00,City Spin Events,Entertainment,27 Farragut RD,South Boston,MA,2127,42.33729,-71.02538199999998,city spin events,,True,6.443835616438356,1,Broadway,4101.88478700186
2025-06-09 14:36:00,,2029-06-09 14:33:00,Cleanminexx,Cleaning Services,401 Broadway,South Boston,MA,2127,42.337,-71.04843,cleanminexx,,True,0.8438356164383561,1,Broadway,1573.2206489999296
2024-02-23 15:09:00,,2028-02-23 15:06:00,Clock Tavern,Bar,342 Broadway,South Boston,MA,2127,42.338328,-71.04972399999997,clock tavern,,True,2.136986301369863,2,Broadway,1281.8876070036165
2017-07-05 12:08:00,4/25/22 14:05,2026-04-25 11:19:00,Clock Tavern,Restaurant & Bar,327 W BROADWAY,SOUTH BOSTON,MA,2127,42.338238,-71.05038000000002,clock tavern,,True,8.778082191780822,2,Broadway,1218.9987809981817
2025-08-14 10:45:00,,2029-08-14 10:44:00,Clover Clubhouse,Community Center,368 Broadway,South Boston,MA,2127,42.33793,-71.04892000000001,clover clubhouse,,True,0.663013698630137,1,Broadway,1415.4430289987972
2018-03-22 13:06:00,,2022-03-22 13:04:00,Coffey Exchange,Consulting,378 K ST,South Boston,MA,2127,42.330897,-71.03710999999998,coffey exchange,,False,4.0,1,Andrew,2365.330968001404
2025-09-03 14:05:00,,2029-09-03 13:55:00,Common Craft,Restaurant,85 Damrell ST,South Boston,MA,2127,42.33284624275062,-71.05532888748945,common craft,,True,0.6082191780821918,1,Andrew,557.5944714232189
2023-01-25 10:17:00,,2027-01-25 10:16:00,COMMUNE HAIR,HAIR SALON,840 Summer ST,South Boston,MA,2127,42.33785,-71.03521999999998,commune hair,,True,3.2164383561643834,1,Broadway,2946.552609001624
2015-07-27 00:00:00,7/6/23 11:29,2027-07-06 11:28:00,COMPANY 1 COACH,LIVERY,94 F ST,South Boston,MA,2127,42.335689,-71.049305,company 1 coach,,True,10.723287671232876,1,Andrew,1542.7762349994243
2024-10-21 11:36:00,,2028-10-21 11:35:00,Compass YP,Networking Group,232 Gold ST,South Boston,MA,2127,42.336144,-71.04927099999998,compass yp,,True,1.4767123287671233,1,Broadway,1574.8873140028272
2022-04-22 11:18:00,,2026-04-22 11:15:00,COOP'S,FOOD MANUFACTURING,28 Damrell ST,South Boston,MA,2127,42.333461,-71.05555400000003,coops,,True,3.978082191780822,1,Andrew,600.8882879963575
2022-04-22 11:18:00,,2026-04-22 11:14:00,COOP'S MICROCREAMERY,FOOD MANUFACTURING,28 Damrell ST,South Boston,MA,2127,42.333461,-71.05555400000003,coops microcreamery,,True,3.978082191780822,2,Andrew,600.8882879963575
2018-05-03 10:35:00,,2022-05-03 10:34:00,Coop's MicroCreamery,Food Production,28 Damrell ST,South Boston,MA,2127,42.333461,-71.05555400000003,coops microcreamery,,False,4.0,2,Andrew,600.8882879963575
2019-10-28 13:45:00,11/13/23 12:24,2027-11-13 12:23:00,CORNER MARKET,CONVENIENCE STORE,104 Dorchester ST,South Boston,MA,2127,42.335235,-71.04573900000003,corner market,,True,6.463013698630137,1,Andrew,1888.55366699644
2018-05-18 10:37:00,,2022-05-18 10:36:00,Cranberry Cafe,Cafe,704 Broadway,South Boston,MA,2127,42.33579,-71.037239,cranberry cafe,,False,4.0,1,Andrew,2894.663771999996
2014-03-28 00:00:00,3/19/18 13:12,2022-03-19 12:05:00,CROSSFIT SOUTHIE,FITNESS FACILITY,385 Dorchester AV,South Boston,MA,2127,42.334598,-71.05800099999999,crossfit southie,,False,7.980821917808219,1,Andrew,532.2216899991938
2020-08-24 13:16:00,8/23/24 14:51,2028-08-23 14:50:00,Crossroads Mart,Convenient Store,673 Broadway,South Boston,MA,2127,42.33543,-71.03762999999998,crossroads mart,,True,5.638356164383562,1,Andrew,2811.219411002247
2018-05-29 13:27:00,7/13/22 11:14,2026-07-13 11:12:00,Cruztele Construction and Paintings,Home Improvement,20 General Lawrence J Logan WY,South Boston,MA,2127,42.32704,-71.05385999999999,cruztele construction and paintings,,True,7.879452054794521,1,Andrew,767.6658990016097
2019-12-16 09:54:00,11/27/23 11:30,2027-11-27 11:29:00,CSP Advisors,Consulting,9 Broadway,South Boston,MA,2127,42.34252,-71.05691000000002,csp advisors,,True,6.328767123287672,1,Broadway,17.66664899802852
2013-08-08 00:00:00,8/18/25 7:52,2029-08-18 07:52:00,CVS/PHARMACY # 979,RETAIL PHARMACY,423 Broadway,South Boston,MA,2127,42.33652,-71.04773,cvspharmacy  979,,True,12.69041095890411,1,Broadway,1704.331628999703
2026-01-20 14:17:00,,2030-01-20 14:03:00,CyberQP,Cybersecutiry SaaS,12 Linden ST,South Boston,MA,2127,42.33415,-71.045118,cyberqp,,True,0.2273972602739726,1,Andrew,1836.9981629994963
2014-09-17 00:00:00,9/21/22 14:31,2026-09-21 14:30:00,D & D TOWING,24 HOUR TOWING,1 Ellery ST,South Boston,MA,2127,42.33101,-71.05773599999998,d  d towing,,True,11.580821917808219,1,Andrew,104.11100699767704
2020-01-09 13:41:00,1/11/24 11:31,2028-01-08 00:00:00,D.H. Pace Company,Security Hardware,307 First ST,South Boston,MA,2127,42.339355,-71.04690199999999,dh pace company,,True,6.263013698630137,1,Broadway,1481.3318520013952
2023-05-16 13:43:00,,2027-05-16 13:42:00,Dacas Transportation,Delivery Service,48 Crowley-Rogers WY,South Boston,MA,2127,42.33894,-71.05267100000003,dacas transportation,,True,2.9123287671232876,1,Broadway,886.4435579962051
2019-03-01 13:34:00,,2023-03-01 13:33:00,DadBrunch,Event Planning,73 Old Harbor ST,South Boston,MA,2127,42.332345,-71.04764499999999,dadbrunch,,False,4.0,1,Andrew,1355.6653110005077
2018-07-30 14:05:00,,2022-07-30 14:02:00,DALEEN JORDAN HAIR,HAIR SALON,401 First ST,South Boston,MA,2127,42.337507,-71.04395099999999,daleen jordan hair,,False,4.0,1,Broadway,2014.5535410004327
2020-03-11 13:12:00,,2024-03-11 13:10:00,Daniel's Painting,Interior Painting,231 Broadway,South Boston,MA,2127,42.339226,-71.05181399999998,daniels painting,,False,4.0,1,Broadway,949.887939002606
2019-12-13 12:19:00,11/24/23 13:54,2027-11-24 11:40:00,Dark Star Management,Short Term Rental,15 Ward ST,South Boston,MA,2127,42.329891,-71.05505700000003,dark star management,,True,6.336986301369863,1,Andrew,317.8885709955841
2015-05-26 00:00:00,5/17/23 9:34,2027-05-16 00:00:00,DAVIS HAIRDRESSING,BOSTON,341 Broadway,South Boston,MA,2127,42.33804,-71.05007999999998,davis hairdressing,,True,10.893150684931507,1,Broadway,1274.3320590021658
2018-03-23 14:24:00,,2022-03-23 14:23:00,Davvid,DJ / Entertainment Services,1410 Columbia RD,South Boston,MA,2127,42.330939,-71.043613,davvid,,False,4.0,1,Andrew,1647.4427970004356
2021-06-03 10:08:00,7/11/25 12:38,2029-07-11 11:41:00,Dawn,Hair salon,283 Old Colony AV,South Boston,MA,2127,42.330328,-71.05290000000002,dawn,,True,4.863013698630137,1,Andrew,547.6661189973065
2022-10-04 15:05:00,,2026-10-04 15:03:00,DDL Consulting,Consulting Services,62 L ST,South Boston,MA,2127,42.336125,-71.03521999999998,ddl consulting,,True,3.526027397260274,1,Broadway,3138.2190840016706
2018-05-09 12:52:00,7/19/22 12:59,2026-07-19 10:47:00,Deirfiur Home,Home Furnishing Store,735 Broadway,South Boston,MA,2127,42.33561271913169,-71.03650826260878,deirfiur home,,True,7.934246575342466,1,Andrew,2956.15887971687
2023-01-27 12:28:00,,2027-01-27 10:47:00,DeKay Insurance Agency,Insurance Sales,651 Broadway,South Boston,MA,2127,42.33541,-71.03858000000002,dekay insurance agency,,True,3.210958904109589,1,Andrew,2703.441740997248
2024-01-31 13:21:00,,2028-01-31 13:07:00,DermHub,Healthcare/Teledermatology,447 Fourth ST,South Boston,MA,2127,42.335282,-71.047575,dermhub,,True,2.2,1,Andrew,1689.7760880001356
2020-02-03 14:04:00,4/29/24 16:26,2028-04-29 12:05:00,deVine,botanical beauty wellness,619 Broadway,South Boston,MA,2127,42.33561271913169,-71.03650826260878,devine,,True,6.1945205479452055,1,Andrew,2956.15887971687
2019-12-17 14:55:00,,2023-12-17 14:54:00,DEXTER,Short Term Rental,27 Dexter ST,South Boston,MA,2127,42.330466,-71.05807099999998,dexter,,False,4.0,1,Andrew,80.88880799867462
2023-03-28 11:46:00,,2027-03-28 11:46:00,DEXTERITY ENTERPRISE,Short Term Rental,29 Dexter ST,South Boston,MA,2127,42.330468,-71.05814199999998,dexterity enterprise,,True,3.0465753424657533,1,Andrew,88.99991099793333
2015-12-09 00:00:00,10/31/23 15:22,2027-10-31 11:17:00,DHL EXPRESS,FREIGHT & TRANSPORTATION SERVICES,420 E ST,Boston,MA,2127,42.341743,-71.04544699999997,dhl express,,True,10.353424657534246,1,Broadway,1377.6652890033854
2023-09-21 12:01:00,,2027-09-21 11:58:00,DHL Global Forwarding,Shipping Services,420 E ST,Boston,MA,2127,42.341743,-71.04544699999997,dhl global forwarding,,True,2.5616438356164384,1,Broadway,1377.6652890033854
2019-07-15 14:43:00,,2023-07-15 14:42:00,Diamond Dymes by Zertina,Online Retail,2 Bent CT,South Boston,MA,2127,42.330715,-71.04815000000002,diamond dymes by zertina,,False,4.0,1,Andrew,1118.443325997054
2015-03-02 00:00:00,5/23/19 10:19,2023-05-23 10:17:00,DIAZ EVENT,DECORATION,251 Monsignor Dennis F. O'Callaghan WY,South Boston,MA,2127,42.32763,-71.05509999999998,diaz event,,False,8.23013698630137,1,Andrew,564.3327690018073
2016-03-17 00:00:00,,2020-03-17 00:00:00,DIGITAL MEDIA/DIGITAL AVERTISING,DIGITAL MEDIA/DIGITAL ADVERTISING,19 Third ST,South Boston,MA,2127,42.342656,-71.05496,digital mediadigital avertising,,False,4.002739726027397,1,Broadway,226.77755100061228
2020-09-16 12:26:00,,2024-09-16 12:24:00,Diligent Contractors,Building Contractor,82 Broadway,South Boston,MA,2127,42.341907,-71.05521599999997,diligent contractors,,False,4.0,1,Broadway,273.9997260029694
2022-09-16 14:15:00,,2026-09-16 12:55:00,Dimond Rentals,STR,5 Emmet ST,South Boston,MA,2127,42.336799,-71.03858500000001,dimond rentals,,True,3.5753424657534247,1,Broadway,2689.4417549986465
2020-09-08 15:01:00,,2024-09-08 12:42:00,DiscountCreative,Software and Web design,646 Seventh ST,South Boston,MA,2127,42.332469,-71.03437400000001,discountcreative,,False,4.0,1,Andrew,2843.9971559984406
2021-02-11 14:18:00,1/31/25 14:59,2029-01-31 10:55:00,DLUXE NAIL BAR WEST,NAIL SALON,377 Broadway,South Boston,MA,2127,42.337477,-71.04932400000001,dluxe nail bar west,,True,5.16986301369863,1,Broadway,1420.8874679984729
2014-01-21 00:00:00,,2018-01-21 00:00:00,DOLLAR EXPRESS,CONVENIENCE STORE,626 Dorchester AV,South Boston,MA,2127,42.328471,-71.056691,dollar express,,False,4.002739726027397,1,Andrew,294.1108169995632
2018-09-13 12:58:00,9/1/22 14:02,2026-09-01 11:30:00,Dollface,Beauty/Service,546 Broadway,South Boston,MA,2127,42.33574,-71.04242999999997,dollface,,True,7.586301369863014,1,Andrew,2312.3310210033706
2025-08-29 14:33:00,,2029-08-29 14:30:00,Double The Risk XX,Online Retail,66 Orton Marotta WA,South Boston,MA,2127,42.338249,-71.055001,double the risk xx,,True,0.6219178082191781,1,Broadway,704.3326289996651
2016-11-17 11:56:00,12/12/24 11:48,2028-12-12 11:44:00,DOUGHBOY DONUTS & DELI,DONUT SHOP / DELI,220 Dorchester AV,South Boston,MA,2127,42.340124,-71.05678999999998,doughboy donuts  deli,,True,9.408219178082192,1,Broadway,297.22192500197184
2025-04-10 10:42:00,,2029-04-10 10:24:00,Draw 1 Constructors,Bridge & Rail Construction,339 Dorchester ST,South Boston,MA,2127,42.331003,-71.05454800000001,draw 1 constructors,,True,1.0082191780821919,1,Andrew,439.5551159986756
2025-04-10 10:43:00,,2029-04-10 10:42:00,Draw One Constructors,Bridge & Rail Construction,339 Dorchester ST,South Boston,MA,2127,42.331003,-71.05454800000001,draw one constructors,,True,1.0082191780821919,1,Andrew,439.5551159986756
2020-08-28 15:06:00,,2024-08-28 15:01:00,Drip Higher,Online Marketplace,840 Summer ST,South Boston,MA,2127,42.33785,-71.03521999999998,drip higher,,False,4.0,1,Broadway,2946.552609001624
2019-06-06 13:27:00,,2023-06-06 13:26:00,Dryer Vent Covers,Dryer Vent Covers,52 General Lawrence J Logan WY,South Boston,MA,2127,42.32813,-71.05532,dryer vent covers,,False,4.0,1,Andrew,484.33284900009886
2025-05-09 12:10:00,,2029-05-09 12:05:00,DS Cleaner and More,Cleaning Services,319 Eighth ST,South Boston,MA,2127,42.331077,-71.048225,ds cleaner and more,,True,0.9287671232876712,1,Andrew,1150.3321829994388
2013-12-30 00:00:00,3/12/26 16:21,2030-03-12 12:18:00,DUNKIN DONUTS,RETAIL FOOD,510 Southampton ST,South Boston,MA,2127,42.32975,-71.057434,dunkin donuts,,True,12.295890410958904,17,Andrew,69.44437499993684
2014-06-30 00:00:00,1/20/23 16:03,2027-01-20 14:22:00,DUNKIN DONUTS,QUICK SERVICE RETAIL,48 Broadway,South Boston,MA,2127,42.342447,-71.05596600000001,dunkin donuts,,True,11.797260273972602,17,Broadway,130.66653599852702
2013-12-30 00:00:00,3/12/26 16:20,2030-03-12 12:23:00,DUNKIN DONUTS,RETAIL FOOD,75 Old Colony AV,South Boston,MA,2127,42.335757,-71.05601000000001,dunkin donuts,,True,12.295890410958904,17,Andrew,805.3325279980916
2017-01-09 14:04:00,,,E & S A-1 Auto Service,Auto Repairs,40 B ST,South Boston,MA,2127,42.339507,-71.055904,e  s a1 auto service,,False,,1,Broadway,464.2217580003471
2015-12-11 00:00:00,2/6/20 13:53,2024-02-06 13:50:00,EAGLE FOODSERVICE EQUIPMENT AND SUPPLIES,RETAIL,163 Old Colony AV,South Boston,MA,2127,42.334034,-71.05503099999999,eagle foodservice equipment and supplies,,False,8.161643835616438,1,Andrew,722.6659440015369
2022-05-23 14:09:00,,2026-05-23 14:08:00,East Broadway Market,Convenience Store,869 Broadway,South Boston,MA,2127,42.335538,-71.02908200000002,east broadway market,,True,3.893150684931507,1,Andrew,3772.996226997732
2013-08-20 00:00:00,3/10/26 11:13,2030-03-10 11:11:00,EAST MEETS WEST CATERING,CATERING,212 Old Colony AV,South Boston,MA,2127,42.332844,-71.05356499999999,east meets west catering,,True,12.657534246575343,1,Andrew,753.3325800006917
2015-05-12 00:00:00,8/2/23 12:52,2027-08-02 12:26:00,EAST SIDE HAIR SALON,SALON,92 P ST,South Boston,MA,2127,42.335117,-71.02701100000002,east side hair salon,,True,10.931506849315069,1,Andrew,3956.329376997502
2021-09-10 11:58:00,8/15/25 16:28,2029-08-15 11:31:00,East Side Yoga And Fitness,Yoga Studio,584 Broadway,South Boston,MA,2127,42.33575,-71.04079000000002,east side yoga and fitness,,True,4.5917808219178085,1,Andrew,2495.664170997614
2018-07-30 16:24:00,10/4/22 15:40,2026-10-04 15:40:00,Eda LaPlaca Homeshare,Air B&B,521 Sixth ST,South Boston,MA,2127,42.332938,-71.03952200000003,eda laplaca homeshare,,True,7.7095890410958905,1,Andrew,2324.10878699574
2018-03-22 16:00:00,,2022-03-22 15:59:00,Egaal Transportation Company,Livery,289 Ninth ST,South Boston,MA,2127,42.330965,-71.05002100000002,egaal transportation company,,False,4.0,1,Andrew,938.3323949978328
2021-01-29 10:48:00,,2025-01-29 10:47:00,ElieAngie Best Cleaning,cleaning services,183 Broadway,South Boston,MA,2127,42.34005,-71.053114,elieangie best cleaning,,False,4.0,1,Broadway,713.8881750008034
2023-10-10 15:54:00,,2027-10-10 15:52:00,ELISSA CALDICOTT,Short Term Rental,0 F ST,South Boston,MA,2127,42.336055015576406,-71.04866401506428,elissa caldicott,,True,2.5095890410958903,1,Broadway,1652.2171654831025
2014-05-22 00:00:00,6/15/22 15:21,2026-06-15 15:15:00,ELLEN M FRITCH & ASSOCIATES,STENOGRAPHER/COURT REPORTING,363 Silver ST,South Boston,MA,2127,42.334891,-71.04546700000003,ellen m fritch  associates,,True,11.904109589041095,1,Andrew,1880.5536749961109
2021-09-09 11:41:00,9/3/25 15:15,2029-09-03 15:10:00,Emerson Automotive,Automotive Repair,420 Third ST,South Boston,MA,2127,42.336491,-71.043341,emerson automotive,,True,4.594520547945206,1,Broadway,2195.22002699983
2022-01-28 13:51:00,1/21/26 11:36,2030-01-21 11:35:00,Emme Lash and Brow,Lash Bar,216 Broadway,South Boston,MA,2127,42.34015,-71.05252000000002,emme lash and brow,,True,4.208219178082191,1,Broadway,768.7770089980149
2020-02-26 10:56:00,1/23/24 12:06,2028-01-23 12:04:00,EMO Health,Non-Profit/Advocacy Assistance,20 Fifth ST,South Boston,MA,2127,42.340247,-71.05623200000002,emo health,,True,6.131506849315069,1,Broadway,345.5552099975762
2022-03-31 15:32:00,,2026-03-31 15:29:00,Engel+Volkers South Boston,Real Estate Sales + Leasing,493 Broadway,South Boston,MA,2127,42.33528,-71.04518999999999,engelvolkers south boston,,False,4.0,1,Andrew,1954.553601000336
2015-01-12 00:00:00,10/25/22 15:16,2026-10-25 11:59:00,ENTERPRISE RENT-A-CAR,CAR RENTAL,230 Dorchester AV,South Boston,MA,2127,42.339831,-71.05690300000003,enterprise rentacar,,True,11.26027397260274,2,Broadway,317.22190499647775
2017-05-12 13:08:00,5/19/25 13:35,2029-05-19 13:34:00,Epinova Consulting,Software Development,8 Douglas ST,South Boston,MA,2127,42.330958,-71.04259300000001,epinova consulting,,True,8.926027397260274,1,Andrew,1762.88712599871
2020-06-19 12:56:00,,2024-06-19 12:54:00,Epoca Styles,Online retail,49 Crowley-Rogers WY,South Boston,MA,2127,42.339469,-71.05397099999999,epoca styles,,False,4.0,1,Broadway,683.221539000859
2023-10-23 15:01:00,,2027-10-23 11:22:00,ERAN BECHOR,STR,10 Wendeller ST,South Boston,MA,2127,42.328808,-71.05456400000003,eran bechor,,True,2.473972602739726,1,Andrew,492.999506996376
2024-04-29 16:47:00,,2028-04-29 11:32:00,Erin Griffin Speech Therapy,Speech Language Therapy,50 Ward ST,South Boston,MA,2127,42.328861,-71.054123,erin griffin speech therapy,,True,1.9561643835616438,1,Andrew,536.1105749988492
2021-09-10 15:33:00,12/5/25 15:48,2029-12-05 15:44:00,Esthetic Bean,Coffee shop,16 Preble ST,South Boston,MA,2127,42.329599,-71.05634700000002,esthetic bean,,True,4.5917808219178085,1,Andrew,206.9997929976504
2014-02-11 00:00:00,2/26/26 16:43,2030-02-26 15:30:00,ETHEL AND ANDY'S SANDWICH SHOP,TAKE OUT COFFEE SHOP,11 Elkins ST,South Boston,MA,2127,42.339353,-71.03612900000002,ethel and andys sandwich shop,,True,12.178082191780822,1,Broadway,2678.552876997717
2023-06-14 13:18:00,,2027-06-14 13:15:00,Ethos,School - Day Care,416 Broadway,South Boston,MA,2127,42.3369,-71.04743000000002,ethos,,True,2.8328767123287673,1,Broadway,1695.442748997671
2019-05-03 14:44:00,6/14/23 13:18,2027-06-14 13:16:00,Ethos Early Learning Center,school-day care,416 Broadway,South Boston,MA,2127,42.3369,-71.04743000000002,ethos early learning center,,True,6.950684931506849,1,Broadway,1695.442748997671
2018-02-20 13:30:00,,2022-02-20 13:27:00,Evans Consulting Group,Consulting,938 Broadway,South Boston,MA,2127,42.336,-71.02638000000002,evans consulting group,,False,4.0,1,Andrew,4124.551430997529
2025-07-11 12:13:00,,2029-07-11 12:12:00,EverGrow Solutions,Consulting,235 Old Colony AV,South Boston,MA,2127,42.331615,-71.05354499999999,evergrow solutions,,True,0.7561643835616438,1,Andrew,618.9993810011588
2024-06-13 16:38:00,,2028-06-13 12:46:00,EVOLVE POWER YOGA,YOGA STUDIO,416 Broadway,South Boston,MA,2127,42.3369,-71.04743000000002,evolve power yoga,,True,1.832876712328767,1,Broadway,1695.442748997671
2014-08-28 00:00:00,11/14/22 15:27,2026-11-14 12:32:00,EXECUTIVE CLEANERS,LAUNDRY & DRY CLEANER,85 L ST,South Boston,MA,2127,42.334517,-71.03558099999998,executive cleaners,,True,11.635616438356164,1,Andrew,2937.441507001732
2023-03-10 14:02:00,,2027-03-10 14:00:00,EXPAND,Marketing,69 Marine RD,South Boston,MA,2127,42.330468,-71.03651500000001,expand,,True,3.095890410958904,1,Andrew,2383.775393999047
2013-08-05 00:00:00,,2017-08-05 00:00:00,EXPRESS T &. DESIGN,SILK SCREEN PRINTING,10 Old Colony AV,South Boston,MA,2127,42.337806,-71.056555,express t  design,,False,4.002739726027397,1,Broadway,580.888307999483
2021-12-14 15:55:00,,2025-12-14 15:54:00,F & M Painting Co.,Interior Painting,66 Orton Marotta WA,South Boston,MA,2127,42.338249,-71.055001,f  m painting co,,False,4.0,1,Broadway,704.3326289996651
2026-02-17 15:43:00,,2030-02-17 15:38:00,F C Auto Consulting Services,Consulting Services,110 Mercer ST,South Boston,MA,2127,42.33056,-71.04980999999998,f c auto consulting services,,True,0.1506849315068493,1,Andrew,916.776861001728
2024-10-04 12:40:00,,2028-10-04 12:38:00,F45 Training Southie,Fitness Training Studio,235 Old Colony AV,South Boston,MA,2127,42.331615,-71.05354499999999,f45 training southie,,True,1.5232876712328767,1,Andrew,618.9993810011588
2024-01-05 11:15:00,,2028-01-05 11:14:00,Fairytale Maids Cleaning Service,Cleaning Services,235 Old Colony AV,South Boston,MA,2127,42.331615,-71.05354499999999,fairytale maids cleaning service,,True,2.271232876712329,1,Andrew,618.9993810011588
2017-09-28 09:19:00,12/1/25 12:08,2029-12-01 12:05:00,Fasignation,vinyl signs/calligraphy,614 Broadway,South Boston,MA,2127,42.33575,-71.03955000000002,fasignation,,True,8.545205479452054,1,Andrew,2633.441810997135
2020-09-11 13:53:00,9/23/24 16:11,2028-09-23 12:31:00,Feather & Waves Hair Boutique,Hair Salon,653 Broadway,South Boston,MA,2127,42.3354,-71.03849000000002,feather  waves hair boutique,,True,5.589041095890411,1,Andrew,2712.330620996912
2015-09-23 00:00:00,,2016-01-29 00:00:00,FIGARO BARBER SHOP,BARBER SHOP,346 Broadway,South Boston,MA,2127,42.33829,-71.04966000000002,figaro barber shop,,False,0.3506849315068493,2,Broadway,1293.220928997898
2016-01-19 00:00:00,11/6/25 14:28,2016-01-29 00:00:00,FIGARO BARBER SHOP,BARBER SHOP,346 Broadway,South Boston,MA,2127,42.33829,-71.04966000000002,figaro barber shop,,False,0.0273972602739726,2,Broadway,1293.220928997898
2014-04-08 00:00:00,4/22/22 13:48,2026-02-22 13:48:00,FINANCIAL REPORTING SERVICES,TAXES,653 Broadway,South Boston,MA,2127,42.3354,-71.03849000000002,financial reporting services,,False,11.884931506849314,1,Andrew,2712.330620996912
2018-02-20 12:09:00,,2022-02-20 12:06:00,First Ascent Marketing,Consultancy - Marketing,204 N ST,South Boston,MA,2127,42.331395,-71.03096499999998,first ascent marketing,,False,4.0,1,Andrew,3103.4413410018424
2023-11-15 13:07:00,,2027-11-15 12:53:00,Fitbalancedrd,Nutrition Counseling,335 E ST,South Boston,MA,2127,42.338187,-71.048631,fitbalancedrd,,True,2.410958904109589,1,Broadway,1418.9985810000835
2022-11-04 12:02:00,,2026-11-04 11:59:00,FITZPATRICK,Construction,170 Bolton ST,South Boston,MA,2127,42.339546,-71.04891299999997,fitzpatrick,,True,3.441095890410959,1,Broadway,1236.6654300033154
2015-06-29 00:00:00,8/13/19 16:27,2023-08-13 16:23:00,FJALLRAVEN,RETAIL SALES-OUTDOOR CLOTHING,205 Fifth ST,South Boston,MA,2127,42.335237,-71.05083100000002,fjallraven,,False,8.128767123287671,2,Andrew,1322.998676997718
2014-08-22 00:00:00,,2015-06-29 00:00:00,FJALLRAVEN USA,RETAIL,205 Fifth ST,South Boston,MA,2127,42.335237,-71.05083100000002,fjallraven usa,,False,0.852054794520548,1,Andrew,1322.998676997718
2018-07-13 15:24:00,,2022-07-13 15:23:00,Florentino Cleaning,Cleaning Services,8 Carmody CT,South Boston,MA,2127,42.330947,-71.04894100000001,florentino cleaning,,False,4.0,1,Andrew,1056.3322769983397
2023-04-28 14:09:00,,2027-04-28 14:07:00,Focus Physical Therapy and Wellness,Physical and Wellness,14 Dorchester ST,South Boston,MA,2127,42.33701,-71.04342200000002,focus physical therapy and wellness,,True,2.9616438356164383,1,Broadway,2128.553426997617
2015-11-09 00:00:00,11/14/19 14:29,2023-11-14 10:46:00,FOR THE TABLE,COOKING CLASSES,311 Emerson ST,South Boston,MA,2127,42.334389,-71.03406100000001,for the table,,False,8.01917808219178,1,Andrew,3092.108018998877
2024-12-06 12:55:00,,2028-12-06 12:53:00,Fourth Networks,Information Technology,26 Boston ST,South Boston,MA,2127,42.328561,-71.05746099999999,fourth networks,,True,1.3506849315068492,1,Andrew,198.55535700081228
2018-09-04 14:04:00,,2022-09-04 14:02:00,Fox & the Knife,Restaurant,28 Broadway,South Boston,MA,2127,42.342727,-71.05651899999998,fox  the knife,,False,4.0,1,Broadway,61.44438300197658
2021-12-16 15:05:00,11/17/25 10:58,2029-11-17 10:56:00,FRAME RESIDENTIAL,REAL ESTATE BROKERAGE,45 Third ST,South Boston,MA,2127,42.342059,-71.05429400000003,frame residential,,True,4.326027397260274,1,Broadway,359.55519599696726
2015-06-08 00:00:00,5/1/23 10:40,2027-05-01 10:39:00,FRANK A. KRAVITSKY-CONSTABLE CITY OF BOSTON,LEGAL PROCESS,202 Sixth ST,South Boston,MA,2127,42.335507,-71.05038100000002,frank a kravitskyconstable city of boston,,True,10.857534246575343,1,Andrew,1402.9985969978472
2013-08-07 00:00:00,,2015-01-30 00:00:00,FRANKLIN SOUTHIE,RESTAURANT,152 Dorchester AV,South Boston,MA,2127,42.341682,-71.05688399999997,franklin southie,,False,1.4821917808219178,1,Broadway,113.66655300355228
2018-06-28 13:25:00,6/15/22 15:18,2026-06-15 13:21:00,FRAN'S AUTO REPAIR,AUTO REPAIR & SALES,43 Preble ST,South Boston,MA,2127,42.329021,-71.05510200000003,frans auto repair,,True,7.7972602739726025,1,Andrew,409.5551459962586
2023-11-22 09:54:00,,2027-11-22 09:53:00,FRENCH FRY SHOP,Online Retail,244 Third ST,South Boston,MA,2127,42.338362,-71.04773599999999,french fry shop,,True,2.3917808219178083,1,Broadway,1498.9985010017922
2022-02-16 12:27:00,,2026-02-16 12:12:00,Fresh Boston,Retail Package Store,232 Old Colony AV,South Boston,MA,2127,42.332306,-71.05328199999997,fresh boston,,False,4.0,1,Andrew,724.9992750035407
2022-02-16 12:27:00,3/30/26 15:47,2030-03-30 12:23:00,Fresh SB,Food Service/Restaurant,232 Old Colony AV,South Boston,MA,2127,42.332306,-71.05328199999997,fresh sb,,True,4.156164383561644,1,Andrew,724.9992750035407
2022-05-04 12:52:00,,2026-05-04 12:50:00,From The Ground Up Health and Wellness Coaching,Virtual Health Coaching,16 National ST,South Boston,MA,2127,42.333902,-71.04657099999997,from the ground up health and wellness coaching,,True,3.9452054794520546,1,Andrew,1647.9983520029805
2015-01-07 00:00:00,4/6/23 15:19,2027-04-06 14:37:00,G4 PROPERTY MANAGEMENT,PROPERTY MANAGEMENT,771 Fourth ST,South Boston,MA,2127,42.334553,-71.032916,g4 property management,,True,11.273972602739725,1,Andrew,3237.552317999568
2026-01-13 15:20:00,,2030-01-13 15:17:00,Gabor Geczy Photography,Photography Services,1410 Columbia RD,South Boston,MA,2127,42.330939,-71.043613,gabor geczy photography,,True,0.2465753424657534,1,Andrew,1647.4427970004356
2013-01-17 00:00:00,,2013-04-29 00:00:00,GAELIC DAY SPA SALON,,389 Broadway,South Boston,MA,2127,42.33732,-71.04892000000001,gaelic day spa salon,,False,0.27945205479452057,2,Broadway,1483.2207389989946
2018-12-19 11:56:00,12/28/22 8:46,2026-12-28 08:44:00,Gaelic Day Spa Salon,Beauty Salon,389 Broadway,South Boston,MA,2127,42.33732,-71.04892000000001,gaelic day spa salon,,True,7.32054794520548,2,Broadway,1483.2207389989946
2018-10-12 12:11:00,10/17/22 15:11,2026-10-17 13:05:00,Galaxy Pharmacy,Pharmacy,534 Dorchester AV,South Boston,MA,2127,42.331077,-71.056761,galaxy pharmacy,,True,7.506849315068493,1,Andrew,201.88868700029133
2024-11-15 15:21:00,,2028-11-15 15:19:00,Galeb Optics,Optical Engineering,480 Broadway,South Boston,MA,2127,42.33561271913169,-71.03650826260878,galeb optics,,True,1.4082191780821918,1,Andrew,2956.15887971687
2025-11-18 13:53:00,,2029-11-18 09:07:00,Gather33A,Event Venue / Space Rental,33 A ST,South Boston,MA,2127,42.341203,-71.05607800000001,gather33a,,True,0.4,1,Broadway,256.44418799834443
2019-05-24 12:16:00,,2023-05-24 12:15:00,GCB Consulting,Consulting,66 L ST,South Boston,MA,2127,42.336008,-71.035212,gcb consulting,,False,4.0,1,Andrew,3144.107966999434
2014-03-27 00:00:00,4/19/18 14:16,2022-04-19 12:34:00,GENTLE DENTAL - SOUTH BOSTON,DENTAL PRACTICE,368 Broadway,South Boston,MA,2127,42.33793,-71.04892000000001,gentle dental  south boston,,False,8.068493150684931,1,Broadway,1415.4430289987972
2021-09-10 12:57:00,,2025-09-10 10:54:00,Ghost Tequila,Online Marketing,862 Second ST,South Boston,MA,2127,42.337592,-71.028684,ghost tequila,,False,4.0,1,Broadway,3701.440742999967
2018-09-07 12:27:00,8/22/22 15:19,2026-08-22 13:06:00,Gibson Sotheby's International Realty,Real Estate Brokerage,141 Dorchester AV,South Boston,MA,2127,42.342105,-71.05791599999998,gibson sothebys international realty,,True,7.602739726027397,2,Broadway,162.8887259977019
2019-05-17 10:25:00,5/26/23 13:57,2027-05-26 13:54:00,Gina Varvelli Studio,Aesthetician/Skincare,517 First ST,South Boston,MA,2127,42.338162449332,-71.03471987137647,gina varvelli studio,,True,6.912328767123288,1,Broadway,2967.4058427610453
2025-04-11 09:47:00,,2029-04-11 09:46:00,Girls in Real Life,Healthcare Workshop,831 E SECOND ST,SOUTH BOSTON,MA,2127,42.337287,-71.030081,girls in real life,,True,1.0054794520547945,1,Broadway,3580.107530999981
2025-02-04 09:28:00,,2029-02-04 09:22:00,Glamorous Booths,Photo Booths & Party Services,55 William T Morrissey BLVD,Dorchester,MA,2127,42.317769,-71.05016799999999,glamorous booths,,True,1.1863013698630136,1,JFK/UMass,523.5550320021273
2018-04-04 09:22:00,,2022-04-04 09:19:00,GLANBEHY MEDIA,MEDIA,352 K ST,South Boston,MA,2127,42.331762,-71.03711499999997,glanbehy media,,False,4.0,1,Andrew,2460.8864280025227
2016-08-31 12:06:00,,,Global Brand Vision,Retail Consulting,559 Second ST,South Boston,MA,2127,42.337055,-71.04076099999997,global brand vision,,False,,2,Broadway,2419.2198030027184
2014-04-02 00:00:00,,2015-01-06 00:00:00,GLOBAL BRAND VISION,TOUR OPERATOR,559 Second ST,South Boston,MA,2127,42.337055,-71.04076099999997,global brand vision,,False,0.7643835616438356,2,Broadway,2419.2198030027184
2019-04-17 11:41:00,4/28/23 13:21,2027-04-28 10:45:00,Gopuff,Convenience Store W/Delivery,371 Dorchester AV,South Boston,MA,2127,42.335629,-71.05805399999997,gopuff,,True,6.994520547945205,1,Andrew,652.6660139966867
2018-04-25 12:24:00,5/24/22 11:34,2026-05-24 11:33:00,Grand Sea Boston,Wholesale Retail,281 Second ST,South Boston,MA,2127,42.339557,-71.04862100000003,grand sea boston,,True,7.972602739726027,1,Broadway,1267.8876209971202
2016-01-08 00:00:00,1/4/24 12:52,2028-01-04 11:45:00,GRANT CONSULTING,CONSULTING,492 Broadway,South Boston,MA,2127,42.33562,-71.04503999999997,grant consulting,,True,10.271232876712329,1,Andrew,2008.9979910026168
2019-11-22 11:39:00,11/1/23 12:04,2027-11-01 11:01:00,Gray's Hall,Wine Bar,615 Broadway,South Boston,MA,2127,42.33561271913169,-71.03650826260878,grays hall,,True,6.394520547945206,1,Andrew,2956.15887971687
2019-01-04 13:20:00,,2023-01-04 13:19:00,Great Vibes Entertainnment,social & event Planning,35 Patterson WY,South Boston,MA,2127,42.330307,-71.05219999999997,great vibes entertainnment,,False,4.0,1,Andrew,623.1104880026215
2024-01-11 12:38:00,,2028-01-11 12:36:00,Grounding Technology,Online Products/Online Store,49 Old Harbor ST,South Boston,MA,2127,42.333184,-71.04762299999999,grounding technology,,True,2.254794520547945,1,Andrew,1451.331882001347
2024-04-05 13:00:00,,2028-04-05 12:59:00,Grove Property Group,Real Estate,423 Broadway,South Boston,MA,2127,42.33652,-71.04773,grove property group,,True,2.021917808219178,1,Broadway,1704.331628999703
2019-12-06 15:22:00,2/1/24 14:13,2028-02-01 14:12:00,Guery Short-Term Rental,Short-Term Rental,0 Gold ST,South Boston,MA,2127,42.33704183655313,-71.05087523575787,guery shortterm rental,,True,6.3561643835616435,1,Broadway,1296.8795574525832
2021-01-14 10:01:00,,2025-01-14 09:59:00,Gure Transportation,Transportation,199 Broadway,South Boston,MA,2127,42.339767,-71.05267300000003,gure transportation,,False,4.0,1,Broadway,794.3325389966526
2015-07-15 00:00:00,6/29/23 14:23,2027-06-29 11:10:00,H&R BLOCK,TAX PREPARATION SERVICES,850 Summer ST,South Boston,MA,2127,42.337511,-71.03506900000002,hr block,,True,10.756164383561643,2,Broadway,3000.996998997589
2021-09-22 12:42:00,12/23/25 12:21,2029-12-23 12:11:00,Habit,Retail boutique,703 Broadway,South Boston,MA,2127,42.33541,-71.03721999999999,habit,,True,4.558904109589041,1,Andrew,2854.5527010010014
2019-05-30 09:18:00,7/5/23 10:19,2027-07-05 10:16:00,Habitat Realty,Real Estate,816 Fifth ST,South Boston,MA,2127,42.334229,-71.02792199999999,habitat realty,,True,6.876712328767123,1,Andrew,3756.4406880008455
2020-08-17 13:31:00,11/6/24 16:35,2028-11-06 16:22:00,HAIR BY JENNIFER,COSMETOLOGY,92 P ST,South Boston,MA,2127,42.335117,-71.02701100000002,hair by jennifer,,True,5.657534246575342,1,Andrew,3956.329376997502
2025-09-23 15:38:00,,2029-09-23 15:37:00,Happy Path Digital,Digital Consulting,115 B ST,South Boston,MA,2127,42.341035,-71.05334800000003,happy path digital,,True,0.5534246575342465,1,Broadway,578.4438659969703
2022-07-08 12:27:00,,2026-07-08 12:26:00,Hard Card,Sports Card Collectables,400 K ST,South Boston,MA,2127,42.330172,-71.03704800000003,hard card,,True,3.767123287671233,1,Andrew,2291.664374996337
2025-10-15 10:56:00,,2029-10-15 10:55:00,Harry & Lou,Boutique,735 Broadway,South Boston,MA,2127,42.33561271913169,-71.03650826260878,harry  lou,,True,0.4931506849315068,1,Andrew,2956.15887971687
2018-04-20 13:38:00,7/8/22 15:13,2026-07-08 15:01:00,HAWKE Commercial Filmaking,Multimedia Production,516 Second ST,South Boston,MA,2127,42.337385,-71.04192899999998,hawke commercial filmaking,,True,7.986301369863014,1,Broadway,2252.7755250021514
2022-07-08 15:06:00,,2026-07-08 15:04:00,Hawke Commercial Photography,Photography,516 Second ST,South Boston,MA,2127,42.337385,-71.04192899999998,hawke commercial photography,,True,3.767123287671233,2,Broadway,2252.7755250021514
2024-03-14 14:36:00,,2028-03-14 14:35:00,Hawke Commercial Photography,Photography,516 Second ST,South Boston,MA,2127,42.337385,-71.04192899999998,hawke commercial photography,,True,2.0821917808219177,2,Broadway,2252.7755250021514
2023-01-12 09:14:00,,2027-01-12 09:13:00,Hayward and Sons,Property Maintenance,371 Dorchester AV,South Boston,MA,2127,42.335629,-71.05805399999997,hayward and sons,,True,3.252054794520548,1,Andrew,652.6660139966867
2015-01-20 00:00:00,1/16/19 11:49,2023-01-16 11:22:00,HEADLINES IMPRESSION & COMPANY,HAIR SALON (BOOTH RENTAL),205 Sixth ST,South Boston,MA,2127,42.33523,-71.05084499999998,headlines impression  company,,False,7.994520547945205,1,Andrew,1320.66534600203
2014-11-05 00:00:00,10/17/22 13:58,2026-10-17 12:23:00,HEADQUARTERS HAIR SALON,HAIR SALON,545 Broadway,South Boston,MA,2127,42.33561271913169,-71.03650826260878,headquarters hair salon,,True,11.446575342465753,1,Andrew,2956.15887971687
2024-05-17 13:42:00,,2028-05-17 13:38:00,Heather McGrath,Arts and Entertainment,516 Second ST,South Boston,MA,2127,42.337385,-71.04192899999998,heather mcgrath,,True,1.906849315068493,1,Broadway,2252.7755250021514
2022-01-27 13:33:00,3/5/26 15:40,2030-03-05 12:31:00,HELD FAMILIES,POSTPARTUM DOULA CERTIFIED LACTATION COUNSELOR,91 Old Harbor ST,South Boston,MA,2127,42.331696,-71.04763100000002,held families,,True,4.210958904109589,1,Andrew,1285.1098259970602
2019-07-15 08:50:00,,2023-07-15 08:45:00,Helping Hands,Online Retail,199 H ST,South Boston,MA,2127,42.330971,-71.04177300000003,helping hands,,False,4.0,1,Andrew,1855.4425889955608
2014-07-08 00:00:00,,2018-07-08 00:00:00,HESS 21517,RETAIL/GAS,151 Old Colony AV,South Boston,MA,2127,42.334409,-71.05532199999999,hess 21517,,False,4.002739726027397,1,Andrew,731.9992680008678
2013-09-17 00:00:00,,2015-07-16 00:00:00,HOLLYWOOD STAR NAILS & SPA,"FACIAL, NAIL & SPA SALON",643 Broadway,South Boston,MA,2127,42.33542,-71.03877,hollywood star nails  spa,,False,1.8273972602739725,1,Andrew,2683.4417609995844
2015-06-15 00:00:00,4/9/20 14:14,2024-04-09 10:16:00,HOMELIGHT BOSTON,ELECTRICAL CONTRACTOR,151 I ST,South Boston,MA,2127,42.332948,-71.04005000000001,homelight boston,,False,8.824657534246576,1,Andrew,2266.5532889989454
2018-07-19 12:54:00,,2022-07-19 12:52:00,Hook & Loop Fabrication Studio,Wood Working Fabrication,570 First ST,South Boston,MA,2127,42.338327,-71.03685100000001,hook  loop fabrication studio,,False,4.0,1,Broadway,2712.3306209984908
2017-03-20 13:23:00,3/18/25 14:36,2029-03-18 14:33:00,House of Hurwitz,Sale of party supplies,61 Dorchester ST,South Boston,MA,2127,42.336208,-71.04485399999999,house of hurwitz,,True,9.07123287671233,1,Broadway,2058.553497001451
2020-01-02 10:08:00,1/2/24 14:51,2028-01-02 11:51:00,House Of Ivy,Hair Salon,699 Broadway,South Boston,MA,2127,42.335792,-71.03754900000001,house of ivy,,True,6.282191780821917,1,Andrew,2860.441583997976
2014-02-13 00:00:00,3/30/26 15:48,2030-03-30 12:40:00,HUB LOCK & DOOR CLOSER,LOCKSMITH,281 Dorchester ST,South Boston,MA,2127,42.332209,-71.05249300000003,hub lock  door closer,,True,12.172602739726027,1,Andrew,801.8880869965245
2021-07-16 09:37:00,,2025-07-16 09:31:00,HUGHES & LOUIS INVESTING,PROPERTY INVESTMENT,24 Knowlton ST,South Boston,MA,2127,42.33216,-71.04966000000002,hughes  louis investing,,False,4.0,1,Andrew,1111.2211109979194
2021-05-28 14:12:00,6/2/25 16:52,2029-06-02 10:57:00,Hunter's,restaurant,110 Dorchester ST,South Boston,MA,2127,42.335139,-71.04595,hunters,,True,4.879452054794521,1,Andrew,1854.4425899988755
2024-12-02 11:41:00,,2028-12-02 11:40:00,iBeauty Lounge,Nails & Spa,592 Broadway,South Boston,MA,2127,42.335692,-71.04053799999997,ibeauty lounge,,True,1.3616438356164384,1,Andrew,2517.2197050031928
2015-02-25 00:00:00,3/27/23 12:55,2027-03-27 12:44:00,ILEX DESIGNS,FLORIST,850 Summer ST,South Boston,MA,2127,42.337511,-71.03506900000002,ilex designs,,True,11.139726027397261,1,Broadway,3000.996998997589
2019-11-13 14:56:00,,2023-11-13 09:36:00,ILG Guest Stay,Short Term Rental,247 Fifth ST,South Boston,MA,2127,42.335612,-71.04975999999999,ilg guest stay,,False,4.0,1,Andrew,1483.6651830002409
2023-11-21 09:27:00,,2027-11-21 07:51:00,ILG Music and Media,Music/Media,247 Fifth ST,South Boston,MA,2127,42.335612,-71.04975999999999,ilg music and media,,True,2.3945205479452056,1,Andrew,1483.6651830002409
2023-12-04 14:49:00,,2027-12-04 14:47:00,Imported Foods,Wholesale,474 Dorchester AV,South Boston,MA,2127,42.332458,-71.056266,imported foods,,True,2.3589041095890413,1,Andrew,410.3329230006108
2021-03-22 15:13:00,8/5/25 16:26,2029-08-05 15:44:00,In Good Company Shop,Home Decor Shop,653 Broadway,South Boston,MA,2127,42.3354,-71.03849000000002,in good company shop,,True,5.063013698630137,1,Andrew,2712.330620996912
2018-01-31 13:37:00,3/3/26 11:16,2030-03-03 08:18:00,Indresano Studios,Photography and Video,33 A ST,South Boston,MA,2127,42.341203,-71.05607800000001,indresano studios,,True,8.202739726027398,1,Broadway,256.44418799834443
2015-09-03 00:00:00,2/20/24 16:18,2028-02-20 16:16:00,INDULGE DAY SPA,SKIN & BODYCARE,637 Broadway,South Boston,MA,2127,42.33561271913169,-71.03650826260878,indulge day spa,,True,10.61917808219178,1,Andrew,2956.15887971687
2021-07-16 09:37:00,,2025-07-16 09:34:00,IN-HOUSE PRODUCTION GROUP,MEDIA,24 Knowlton ST,South Boston,MA,2127,42.33216,-71.04966000000002,inhouse production group,,False,4.0,1,Andrew,1111.2211109979194
2014-03-11 00:00:00,2/11/26 9:36,2030-02-11 09:34:00,INNER HARBOR JEWELERS,JEWELRY WATCH REPAIR,705 Broadway,South Boston,MA,2127,42.33541,-71.03714000000002,inner harbor jewelers,,True,12.101369863013698,1,Andrew,2863.4415809975067
2026-01-23 10:13:00,,2030-01-23 10:11:00,In-Place Remodeling,Home Improvement Contractor,240 E ST,South Boston,MA,2127,42.335727,-71.05195300000003,inplace remodeling,,True,0.2191780821917808,1,Andrew,1252.7765249965869
2018-06-06 10:38:00,,2022-06-06 10:37:00,Integrity Protection Service,Security Firm,551 Dorchester AV,South Boston,MA,2127,42.330547,-71.05717099999998,integrity protection service,,False,4.0,1,Andrew,97.44434700187688
2017-07-12 14:33:00,11/25/25 11:45,2029-11-25 11:44:00,Interactive Construction,Residential Construction,9 M ST,South Boston,MA,2127,42.337845,-71.03360499999997,interactive construction,,True,8.758904109589041,1,Broadway,3126.5524290034937
2022-11-21 15:39:00,,2026-11-21 14:19:00,Ionic Development Company,Real Estate Developing/Consulting,71 Broadway,South Boston,MA,2127,42.34173,-71.05579,ionic development company,,True,3.3945205479452056,1,Broadway,229.8886589998629
2020-01-27 12:51:00,,2024-01-27 12:50:00,J & J Services,Maintenance,143 Dorchester ST,South Boston,MA,2127,42.334737,-71.04769099999999,j  j services,,False,4.0,1,Andrew,1616.3317170008238
2014-07-14 00:00:00,8/24/18 12:12,2022-08-24 11:51:00,"J RYAN SOLUTIONS,",EDUCATIONAL/TECHNOLOGY CONSULT,171 M ST,South Boston,MA,2127,42.332049,-71.03344800000002,j ryan solutions,,False,8.117808219178082,1,Andrew,2900.2193219970227
2023-05-05 15:43:00,,2027-05-05 15:40:00,J.A.C.E. Designs,Home Decor,713 Fifth ST,South Boston,MA,2127,42.333859,-71.03155700000002,jace designs,,True,2.9424657534246577,1,Andrew,3311.441132996968
2015-09-16 00:00:00,10/13/23 11:16,2027-10-13 11:15:00,JACKIE'S LITTLE HOUSE DAY CARE,CHILD CARE,141 Broadway,South Boston,MA,2127,42.340727,-71.05420300000003,jackies little house day care,,True,10.583561643835617,1,Broadway,517.6661489964685
2024-08-30 15:10:00,,2028-08-30 15:09:00,James Hanley,Cleaning Services,881 First ST,South Boston,MA,2127,42.338057,-71.028073,james hanley,,True,1.6191780821917807,1,Broadway,3717.662948999274
2022-05-23 14:09:00,,2026-05-23 14:08:00,Jamie's Variety,Convenience Store with Beer&Wine,113 H ST,South Boston,MA,2127,42.333942,-71.04169100000001,jamies variety,,True,3.893150684931507,1,Andrew,2194.6644719980745
2022-03-03 15:29:00,2/13/26 13:17,2030-02-13 12:16:00,JANICE IWAMA,CONSULTING,14 Barnard PL,South Boston,MA,2127,42.336732,-71.03932600000002,janice iwama,,True,4.115068493150685,1,Broadway,2614.552940998245
2018-08-09 12:53:00,1/6/23 14:53,2027-01-06 14:51:00,JAS PRODUCTION,ENTERTAINMENT,100 Dorchester ST,South Boston,MA,2127,42.33526,-71.04572999999999,jas production,,True,7.682191780821918,1,Andrew,1892.331441000323
2014-11-24 00:00:00,11/23/18 8:54,2022-11-23 08:52:00,JAVA HOUSE,COFFEE SHOP,541 Broadway,South Boston,MA,2127,42.335317,-71.04243099999997,java house,,False,8.002739726027396,1,Andrew,2265.2199570038906
2020-01-16 13:34:00,,2024-01-16 13:33:00,Jazize Photography,Photography,168 Seventh ST,South Boston,MA,2127,42.334892,-71.051493,jazize photography,,False,4.0,1,Andrew,1211.10990000073
2023-11-30 15:50:00,,2027-11-30 15:48:00,JEFF SWAIN AIRBNB,SHORT TERM RENTAL,4 Jason TE,South Boston,MA,2127,42.331612,-71.04458699999998,jeff swain airbnb,,True,2.3698630136986303,1,Andrew,1613.998386001978
2013-11-25 00:00:00,,2014-11-24 00:00:00,JENNIFER RILEY,CONSULTING - CH227 SEC5A,442 Fourth ST,South Boston,MA,2127,42.335585,-71.04744700000003,jennifer riley,,False,0.9972602739726028,1,Andrew,1737.6649289960726
2022-01-12 14:12:00,12/22/25 13:31,2029-12-22 13:28:00,Jenso Custom Homes,GENERAL CONTRACTING,621 First ST,South Boston,MA,2127,42.337935,-71.03460000000001,jenso custom homes,,True,4.252054794520548,1,Broadway,3005.996993998386
2023-08-02 12:26:00,,2027-08-02 11:01:00,Jess Klein Studio,Interior Design Studio,110 K ST,South Boston,MA,2127,42.338579,-71.03732100000002,jess klein studio,,True,2.6986301369863015,1,Broadway,2632.108478997344
2023-11-27 10:23:00,,2027-11-27 10:19:00,JHOANKA & CO,Fashion design,503 Second ST,South Boston,MA,2127,42.336899,-71.043248,jhoanka  co,,True,2.378082191780822,1,Broadway,2160.220061998984
2017-09-28 11:02:00,9/23/25 11:20,2029-09-23 11:18:00,Jill Hoffmeister Jewelry,Jewelry Wholesale/Resale,590 Eighth ST,South Boston,MA,2127,42.331594,-71.03803900000003,jill hoffmeister jewelry,,True,8.545205479452054,1,Andrew,2339.5532159970107
2016-01-20 00:00:00,2/14/24 12:08,2028-02-14 11:21:00,JIMMY'S KORNER,PACKAGE STORE,143 P ST,South Boston,MA,2127,42.333363,-71.027311,jimmys korner,,True,10.238356164383562,1,Andrew,3728.107382999747
2013-08-12 00:00:00,10/7/25 15:07,2029-10-07 15:07:00,JIM'S VARIETY,CONVENIENCE STORE,258 Fifth ST,South Boston,MA,2127,42.335484,-71.04909600000002,jims variety,,True,12.67945205479452,1,Andrew,1543.2206789975126
2025-08-20 13:59:00,,2029-08-20 13:56:00,Joe St. Pierre Photography,Photography,366 Broadway,South Boston,MA,2127,42.33803,-71.04921999999999,joe st pierre photography,,True,0.6465753424657534,1,Broadway,1370.99862900048
2014-07-24 00:00:00,11/14/22 15:44,2026-11-14 11:41:00,JOHN CARTER FIRE ESCAPE SERVICES,FIRE ESCAPES,70 G ST,South Boston,MA,2127,42.333611,-71.04402299999998,john carter fire escape services,,True,11.73150684931507,1,Andrew,1898.775879001421
2014-12-17 00:00:00,,2018-12-17 00:00:00,JOIE,RETAIL SALE OF APPAREL & ACCESSORIES,141 Sixth ST,South Boston,MA,2127,42.336535,-71.05287699999997,joie,,False,4.002739726027397,1,Broadway,1130.776647003811
2023-09-25 13:22:00,,2027-09-25 13:20:00,JoJo Brows Skin Makeup,Beauty Salon,509 First ST,South Boston,MA,2127,42.33795,-71.039308,jojo brows skin makeup,,True,2.5506849315068494,1,Broadway,2481.219740999345
2015-12-21 00:00:00,11/29/19 13:40,2023-11-29 13:40:00,JONATHAN MARSH REAL ESTATE,REAL ESTATE,636 Dorchester AV,South Boston,MA,2127,42.328119,-71.05669,jonathan marsh real estate,,False,7.945205479452055,1,Andrew,333.33299999922315
2022-03-22 10:28:00,,2026-03-22 09:57:00,JOSEPH & ROBERT ALVARADO,SHORT TERM RENTAL,550 Dorchester AV,South Boston,MA,2127,42.330587,-71.05674099999999,joseph  robert alvarado,,False,4.0,1,Andrew,149.66651700108412
2022-05-24 12:48:00,,2026-05-24 12:44:00,Joseph's Bakery,Bakery,258 K ST,South Boston,MA,2127,42.334545,-71.03720800000002,josephs bakery,,True,3.8904109589041096,1,Andrew,2759.7750179971285
2024-06-17 12:54:00,,2028-06-17 12:53:00,Joy Lee,Short Term Rental,674 Broadway,South Boston,MA,2127,42.33579,-71.03757000000002,joy lee,,True,1.821917808219178,1,Andrew,2857.886030998112
2018-10-23 14:51:00,10/24/22 15:41,2026-10-24 13:47:00,JP LICKS,ICE CREAM PARTOR,376 West Broadway,South Boston,MA,2127,42.337817,-71.04875400000003,jp licks,,True,7.476712328767123,3,Broadway,1446.442997996321
2019-07-22 15:09:00,,2023-07-22 15:07:00,JS Rentals,Short Term Rentals,209 Second ST,South Boston,MA,2127,42.340963,-71.05081200000001,js rentals,,False,4.0,1,Broadway,868.2213539987897
2020-01-08 12:27:00,1/3/24 12:46,2028-01-03 12:44:00,K & 8th Street Market,Beer & Wine/Grocery,362 K ST,South Boston,MA,2127,42.331349,-71.03706399999999,k  8th street market,,True,6.265753424657534,1,Andrew,2420.66424600144
2025-03-04 13:32:00,,2029-03-04 13:31:00,K + D Airbnb,Airbnb,13 Pacific ST,South Boston,MA,2127,42.333861,-71.045681,k  d airbnb,,True,1.1095890410958904,1,Andrew,1742.3315909992907
2018-05-04 11:14:00,,2022-05-04 11:13:00,K Street Candlles,Online Manufacturing,308 K ST,South Boston,MA,2127,42.333187,-71.03716600000001,k street candlles,,False,4.0,1,Andrew,2613.552941998401
2016-08-11 15:52:00,6/30/20 14:23,2024-06-30 14:21:00,Kae & Co. Consulting,Consulting,9 Liberty PL,South Boston,MA,2127,42.328848,-71.05361900000003,kae  co consulting,,False,7.887671232876713,1,Andrew,593.554961996714
2024-06-05 11:21:00,,2028-06-05 11:16:00,KARPP,CONSTRUCTION MATERIALS,480 First ST,South Boston,MA,2127,42.338677,-71.04044299999998,karpp,,True,1.8547945205479452,1,Broadway,2274.331059002204
2023-11-06 14:32:00,,2027-11-06 14:31:00,Karve Spa,Day Spa,416 Broadway,South Boston,MA,2127,42.3369,-71.04743000000002,karve spa,,True,2.4356164383561643,2,Broadway,1695.442748997671
2019-10-03 12:08:00,,2023-10-03 12:06:00,Karve Spa,Day Spa,416 Broadway,South Boston,MA,2127,42.3369,-71.04743000000002,karve spa,,False,4.0,2,Broadway,1695.442748997671
2018-10-19 12:03:00,11/30/22 13:06,2026-11-30 13:04:00,Kate Hadden Design Co.,Web & Graphic Design,847 Fourth ST,South Boston,MA,2127,42.334723,-71.02958699999999,kate hadden design co,,True,7.487671232876712,1,Andrew,3626.3297070001263
2020-03-25 11:18:00,,2024-03-25 11:16:00,Kayla Mehr Fitness,online/mobile personal training,9 Atlantic ST,South Boston,MA,2127,42.334238,-71.04638899999998,kayla mehr fitness,,False,4.0,1,Andrew,1705.5538500021437
2025-05-07 15:23:00,,2029-05-07 14:10:00,KB Bookkeeping Plus,Bookkeeping,1306 Columbia RD,South Boston,MA,2127,42.330616,-71.04705899999999,kb bookkeeping plus,,True,0.9342465753424658,1,Andrew,1228.6654380006182
2023-07-18 14:52:00,,2027-07-18 14:47:00,Kelly Antonucci Group,Real Estate,825 Fourth ST,South Boston,MA,2127,42.334672,-71.03061100000002,kelly antonucci group,,True,2.73972602739726,1,Andrew,3506.885381996951
2018-12-12 12:27:00,12/19/22 16:03,2026-12-19 14:16:00,Kennard Architects,Architectural Services,141 Dorchester AV,South Boston,MA,2127,42.342105,-71.05791599999998,kennard architects,,True,7.33972602739726,1,Broadway,162.8887259977019
2020-01-31 12:36:00,,2024-01-31 12:35:00,Kingdom Racing,Horse Racing,715 Fourth ST,South Boston,MA,2127,42.334576,-71.03598399999998,kingdom racing,,False,4.0,1,Andrew,2899.219323001126
2015-05-28 00:00:00,5/28/19 9:27,2023-05-28 09:22:00,KING'S & QUEEN'S CUSTOM DESIGNS,ONLINE RETAIL,180 Monsignor Dennis F. O'Callaghan WY,South Boston,MA,2127,42.326407,-71.05564099999998,kings  queens custom designs,,False,8.005479452054795,1,Andrew,640.1104710015437
2019-11-25 13:34:00,11/13/23 12:37,2027-11-13 12:35:00,KLS Hair Studio,Hair Salon,537 First ST,South Boston,MA,2127,42.33781,-71.03829999999999,kls hair studio,,True,6.3863013698630136,1,Broadway,2608.77516900099
2016-02-29 00:00:00,3/4/24 17:30,2028-03-04 13:43:00,KUBY COMMUNICATIONS,PUBLIC RELATIONS,320 D ST,South Boston,MA,2127,42.340972,-71.04964899999999,kuby communications,,True,10.128767123287671,1,Broadway,996.44344800112
2014-04-16 00:00:00,4/1/22 15:29,2026-04-01 12:52:00,L STREET DINER AND PIZZERIA,RESTAURANT,108 L ST,South Boston,MA,2127,42.334053,-71.03509200000002,l street diner and pizzeria,,False,11.967123287671233,1,Andrew,2940.219281997088
2024-03-12 09:28:00,,2028-03-12 09:20:00,L Street Tavern,Tavern,658 Eighth ST,South Boston,MA,2127,42.331637,-71.035461,l street tavern,,True,2.0876712328767124,1,Andrew,2630.7751469999203
2025-11-07 12:26:00,,2029-11-07 12:23:00,LAND OF PIZZA,PIZZA SHOP,445 Broadway,South Boston,MA,2127,42.336049,-71.046876,land of pizza,,True,0.4301369863013699,1,Broadway,1851.5537039998533
2021-12-07 13:55:00,,2025-12-07 13:44:00,Landlord,Landlord,11 Elkins ST,South Boston,MA,2127,42.339353,-71.03612900000002,landlord,,False,4.0,1,Broadway,2678.552876997717
2015-12-30 00:00:00,5/29/20 13:58,2024-05-29 13:47:00,LAPELS DRY CLEANING,DRY CLEANING,54 Old Colony AV,South Boston,MA,2127,42.336578,-71.05597699999998,lapels dry cleaning,,False,8.419178082191781,2,Broadway,781.5547740012812
2019-04-04 14:54:00,4/21/23 17:00,2026-04-20 00:00:00,Lash Season,Aesthetics,481 Broadway,South Boston,MA,2127,42.33527,-71.04563000000002,lash season,,True,7.03013698630137,1,Andrew,1904.5536509978865
2025-04-09 10:31:00,,2029-04-09 10:30:00,Law Office of Julia R Sauve,Law Office,25 Story ST,South Boston,MA,2127,42.333308,-71.043207,law office of julia r sauve,,True,1.010958904109589,1,Andrew,1955.775822000408
2020-05-22 14:03:00,,2024-05-22 12:25:00,Law Office Of Michael A. Hammer,Law Office,320 D ST,South Boston,MA,2127,42.340972,-71.04964899999999,law office of michael a hammer,,False,4.0,1,Broadway,996.44344800112
2021-01-19 12:39:00,,2025-01-19 12:37:00,Law Office of Michael P. Welsh,Law Office,339 Broadway,South Boston,MA,2127,42.3388345649572,-71.05089270276682,law office of michael p welsh,,False,4.0,1,Broadway,1095.7469349163368
2023-06-29 13:49:00,,2027-06-29 13:46:00,Layla's American Tavern,Restaurant,332 Broadway,South Boston,MA,2127,42.338415,-71.04987599999998,laylas american tavern,,True,2.791780821917808,1,Broadway,1255.3320780019772
2018-09-12 09:21:00,,2022-09-12 09:20:00,Lazy Jack Supply,Retail - Home Goods,111 Marine RD,South Boston,MA,2127,42.3305,-71.03451999999999,lazy jack supply,,False,4.0,1,Andrew,2608.997391001218
2016-04-15 00:00:00,1/25/24 15:42,2028-01-25 15:39:00,LEDUCQ,Administrative Services,19 Third ST,South Boston,MA,2127,42.342656,-71.05496,leducq,,True,10.002739726027396,1,Broadway,226.77755100061228
2017-06-21 11:50:00,,,Lee Chen's Restaurant,Restaurant,475 Broadway,South Boston,MA,2127,42.33555,-71.04611,lee chens restaurant,,False,,1,Andrew,1882.331450999517
2015-02-05 00:00:00,2/21/23 10:42,2027-02-21 10:41:00,LEE'S CLEANING SERVICES,CLEANING,8 Joyce Hayes WY,South Boston,MA,2127,42.337719,-71.05537099999998,lees cleaning services,,True,11.194520547945206,1,Broadway,722.11038900215
2018-03-23 13:02:00,,2022-03-23 12:14:00,Leg Up Marketing & Communications,Marketing/PR Agency,795 Fifth ST,South Boston,MA,2127,42.333902,-71.02875799999998,leg up marketing  communications,,False,4.0,1,Andrew,3627.2185950018297
2024-12-18 14:22:00,,2028-12-18 14:21:00,Lejit,Retail Apparell,517 Eighth ST,South Boston,MA,2127,42.331267,-71.04070100000001,lejit,,True,1.3178082191780822,1,Andrew,2007.44243699786
2024-12-18 14:22:00,,2028-12-18 14:20:00,Lejit Branding,Retail Apparell,517 Eighth ST,South Boston,MA,2127,42.331267,-71.04070100000001,lejit branding,,True,1.3178082191780822,1,Andrew,2007.44243699786
2024-12-18 14:22:00,,2028-12-18 14:18:00,Lejit Branding Company,Retail Apparell,517 Eighth ST,South Boston,MA,2127,42.331267,-71.04070100000001,lejit branding company,,True,1.3178082191780822,1,Andrew,2007.44243699786
2021-12-20 12:15:00,12/16/25 11:43,2029-12-16 11:41:00,Lenox Sophia,Restaurant,87 A ST,South Boston,MA,2127,42.342431,-71.054618,lenox sophia,,True,4.315068493150685,1,Broadway,282.2219399995791
2016-06-06 11:19:00,,,Leteat.com,Catering Services,28 Damrell ST,South Boston,MA,2127,42.333461,-71.05555400000003,leteatcom,,False,,4,Andrew,600.8882879963575
2016-06-06 11:33:00,,2024-06-22 14:23:00,Leteat.com,Catering Services,28 Damrell ST,South Boston,MA,2127,42.333461,-71.05555400000003,leteatcom,,False,8.04931506849315,4,Andrew,600.8882879963575
2013-10-08 00:00:00,,2017-10-08 00:00:00,LETEAT.COM,CATERING SERVICES,28 Damrell ST,South Boston,MA,2127,42.333461,-71.05555400000003,leteatcom,,False,4.002739726027397,4,Andrew,600.8882879963575
2016-06-06 00:00:00,,2020-06-06 00:00:00,LETEAT.COM,,28 Damrell ST,South Boston,MA,2127,42.333461,-71.05555400000003,leteatcom,,False,4.002739726027397,4,Andrew,600.8882879963575
2014-09-11 00:00:00,10/17/22 12:18,2026-10-17 12:17:00,LETICIA LIMO SERVICES,LIVERY,20 General Lawrence J Logan WY,South Boston,MA,2127,42.32704,-71.05385999999999,leticia limo services,,True,11.597260273972603,1,Andrew,767.6658990016097
2022-12-19 12:45:00,,2026-12-19 12:44:00,Level Up Meal Prep,Delivery,604A Dorchester AV,South Boston,MA,2127,42.329157,-71.05670099999998,level up meal prep,,True,3.317808219178082,1,Andrew,216.7775610021751
2019-03-05 12:16:00,4/12/23 10:41,2027-04-12 10:36:00,LexRx,NP Business Office,395 Broadway,South Boston,MA,2127,42.33719,-71.04876000000002,lexrx,,True,7.112328767123287,1,Broadway,1515.4429289981697
2019-10-08 15:56:00,,2023-10-08 15:55:00,LightFlex Studios,Photography,566 Sixth ST,South Boston,MA,2127,42.333231,-71.03795300000002,lightflex studios,,False,4.0,1,Andrew,2530.9974689976184
2023-03-01 14:46:00,,2027-03-01 14:43:00,Lilahs Crystals & Tarot,Retail,376 West Broadway,South Boston,MA,2127,42.337817,-71.04875400000003,lilahs crystals  tarot,,True,3.1205479452054794,1,Broadway,1446.442997996321
2021-05-17 15:25:00,,2025-05-17 15:25:00,lilawesomeboutique,clothing boutique,43 General Lawrence J Logan WY,South Boston,MA,2127,42.328362,-71.05440199999998,lilawesomeboutique,,False,4.002739726027397,1,Andrew,560.5549950018712
2024-04-04 15:47:00,,2028-04-04 15:46:00,Lili Latin Dance,Dance Studio,423 Broadway,South Boston,MA,2127,42.33652,-71.04773,lili latin dance,,True,2.0246575342465754,1,Broadway,1704.331628999703
2015-10-02 00:00:00,3/12/26 9:39,2030-03-09 09:39:00,LINCOLN TAVERN & RESTAURANT,FULL SERVICE RESTAURANT,425 Broadway,South Boston,MA,2127,42.336319,-71.04763600000001,loln tavern  restaurant,,True,10.53972602739726,1,Broadway,1737.1093739982648
2024-07-03 15:20:00,,2028-07-03 14:29:00,Link Health,Community Engagement,12 Mohawk ST,South Boston,MA,2127,42.328724,-71.05548699999997,link health,,True,1.7780821917808218,1,Andrew,399.7773780027868
2024-02-14 12:08:00,,2028-02-14 11:54:00,LIQUOR & WINE GALLERY,Liquor Store,605 Broadway,South Boston,MA,2127,42.33561271913169,-71.03650826260878,liquor  wine gallery,,True,2.1616438356164385,1,Andrew,2956.15887971687
2014-11-21 00:00:00,1/13/23 14:31,2027-01-13 14:30:00,LIRIANO'S TAX SERVICE,TAX SERVICES,35 Patterson WY,South Boston,MA,2127,42.330307,-71.05219999999997,lirianos tax service,,True,11.402739726027397,1,Andrew,623.1104880026215
2014-06-04 00:00:00,5/11/22 13:03,2026-05-11 11:18:00,LISA NAIL SALON,NAIL & SKIN CARE,746 Broadway,South Boston,MA,2127,42.33561271913169,-71.03650826260878,lisa nail salon,,True,11.868493150684932,1,Andrew,2956.15887971687
2017-03-20 13:23:00,3/18/25 14:36,2029-03-18 14:31:00,Little Jack Horner,Novelty Sales,61 Dorchester ST,South Boston,MA,2127,42.336208,-71.04485399999999,little jack horner,,True,9.07123287671233,1,Broadway,2058.553497001451
2021-10-07 15:37:00,,2025-10-07 15:35:00,Liv Charron Events,wedding/event planning,339 K ST,South Boston,MA,2127,42.33208,-71.03749700000003,liv charron events,,False,4.0,1,Andrew,2453.7753239960025
2018-03-02 16:42:00,1/26/23 12:13,2027-01-26 12:13:00,LIVE LONGER GET FIT,PERSONAL TRAINING,323 Dorchester AV,South Boston,MA,2127,42.336913,-71.058135,live longer get fit,,True,8.12054794520548,1,Broadway,764.1103469987441
2020-10-13 15:41:00,10/4/24 15:40,2028-10-04 15:39:00,LIZ ON E,BEAUTY SALON,661 Broadway,South Boston,MA,2127,42.33541,-71.03816,liz on e,,True,5.501369863013698,1,Andrew,2750.108360999429
2014-03-20 00:00:00,1/27/26 16:46,2030-01-27 15:55:00,LOCAL 149,RESTAURANT,149 P ST,South Boston,MA,2127,42.333108,-71.02731799999998,local 149,,True,12.076712328767123,1,Andrew,3698.996301002191
2014-12-29 00:00:00,2/10/23 16:14,2027-02-08 12:00:00,LOCO TAQUERIA & OYSTER BAR,RESTAURANT,412 Broadway,South Boston,MA,2127,42.337039,-71.04768999999999,loco taqueria  oyster bar,,True,11.2986301369863,1,Broadway,1651.1094600014414
2015-04-02 00:00:00,6/6/19 14:24,2023-06-06 14:20:00,LOGRASSO'S BARBER SHOP,BARBER SHOP,331 Broadway,South Boston,MA,2127,42.3388345649572,-71.05089270276682,lograssos barber shop,,False,8.183561643835617,1,Broadway,1095.7469349163368
2023-06-23 12:08:00,,2027-06-23 12:07:00,Lori Hosea Studio,Hair Salon,621 First ST,South Boston,MA,2127,42.337935,-71.03460000000001,lori hosea studio,,True,2.808219178082192,1,Broadway,3005.996993998386
2020-06-26 14:09:00,11/14/24 15:34,2028-11-14 13:15:00,Louie Styles,barbershop,100 Dorchester ST,South Boston,MA,2127,42.33526,-71.04572999999999,louie styles,,True,5.8,1,Andrew,1892.331441000323
2020-05-19 11:49:00,,2024-05-19 11:47:00,Love Child,Floral studio + Event venue,313 E ST,South Boston,MA,2127,42.337587,-71.04939000000002,love child,,False,4.0,1,Broadway,1401.3319319981078
2019-11-12 13:02:00,11/6/23 15:44,2027-11-06 13:00:00,Love Realty,Short Term Rental,532 Eighth ST,South Boston,MA,2127,42.331514,-71.040235,love realty,,True,6.421917808219178,1,Andrew,2086.664579999953
2021-01-08 11:48:00,3/28/25 12:38,2029-03-28 12:35:00,LU LU GREEN BEVERAGE,Juice retail,246A Broadway,South Boston,MA,2127,42.339686,-71.051512,lu lu green beverage,,True,5.263013698630137,1,Broadway,932.33240099956
2018-09-14 12:52:00,4/28/23 13:25,2027-04-28 13:24:00,Luck Wellness,Yoga Studio,516 Second ST,South Boston,MA,2127,42.337385,-71.04192899999998,luck wellness,,True,7.583561643835616,1,Broadway,2252.7755250021514
2017-07-19 11:14:00,9/1/22 13:21,2026-09-01 13:03:00,LUCKY STAR BUS,BUS TRANSPORTATION,38 Damrell ST,South Boston,MA,2127,42.332993,-71.05516799999998,lucky star bus,,True,8.73972602739726,1,Andrew,591.7771860019919
2019-07-26 10:15:00,9/1/23 14:01,2027-09-01 13:58:00,Lucy Family Daycare,Family Daycare,78 Seventh ST,South Boston,MA,2127,42.336629,-71.05415099999999,lucy family daycare,,True,6.720547945205479,1,Broadway,978.7767990007228
2023-05-17 12:27:00,,2027-05-17 12:24:00,Luisa Fernandez Designs,Deigns Sole Proprietorship,235 Broadway,South Boston,MA,2127,42.339226,-71.05181399999998,luisa fernandez designs,,True,2.9095890410958902,1,Broadway,949.887939002606
2021-01-08 11:10:00,3/28/25 12:38,2029-03-28 12:36:00,Lulu Green Cafe Bakery Juice Bar,Cafe,246A Broadway,South Boston,MA,2127,42.339686,-71.051512,lulu green cafe bakery juice bar,,True,5.263013698630137,1,Broadway,932.33240099956
2025-03-25 15:43:00,,2029-03-25 15:40:00,Lumen et Logos,Book Publishing,582 Fourth ST,South Boston,MA,2127,42.334805,-71.04139499999997,lumen et logos,,True,1.0520547945205478,1,Andrew,2323.442121003739
2025-01-21 14:39:00,,2029-01-21 14:38:00,Lunita Family Daycare,Daycare,7 Orton Marotta WA,South Boston,MA,2127,42.338589,-71.05596100000002,lunita family daycare,,True,1.2246575342465753,1,Broadway,559.8883289972385
2022-02-15 10:15:00,,2026-02-15 10:06:00,Luxe Home Interiors,Boutique Store,754 Broadway,South Boston,MA,2127,42.335857,-71.03525300000001,luxe home interiors,,False,4.0,1,Andrew,3122.774654998032
2015-07-20 00:00:00,6/25/19 13:08,2023-06-25 13:07:00,LYDON EXTERIORS,HOME IMPROVEMENT,139 Ninth ST,South Boston,MA,2127,42.334426,-71.05418800000001,lydon exteriors,,False,7.936986301369863,1,Andrew,859.888028998513
2018-12-17 14:39:00,,2022-12-17 14:38:00,M & G Handyman Service,Handyman Service,163 Orton Marotta WA,South Boston,MA,2127,42.337071,-71.053697,m  g handyman service,,False,4.0,1,Broadway,980.110130999725
2015-10-22 00:00:00,12/13/19 16:31,2023-12-13 16:30:00,MA PLUME CALLIGRAPHY,CALLIGRAPHY SERVICES,610 Broadway,South Boston,MA,2127,42.33575,-71.03965,ma plume calligraphy,,False,8.147945205479452,1,Andrew,2622.330710999924
2020-06-25 09:24:00,6/11/24 16:00,2028-06-11 15:56:00,Maddox Builders,Carpenter,855 Fifth ST,South Boston,MA,2127,42.333935,-71.026025,maddox builders,,True,5.802739726027397,1,Andrew,3934.5516209988
2025-12-02 11:01:00,,2029-12-02 11:00:00,Madelyn Pilates,Mobile Pilates,821 Fifth ST,South Boston,MA,2127,42.333914,-71.02769799999999,madelyn pilates,,True,0.36164383561643837,1,Andrew,3746.3295870011098
2021-09-07 13:13:00,,2025-09-07 13:11:00,Malik Abbas Limo and Taxi Service,transportation,20 General Lawrence J Logan WY,South Boston,MA,2127,42.32704,-71.05385999999999,malik abbas limo and taxi service,,False,4.0,1,Andrew,767.6658990016097
2022-06-21 11:03:00,,2026-06-21 11:01:00,Mara May,Online Retail,208 Seventh ST,South Boston,MA,2127,42.334137,-71.050321,mara may,,True,3.813698630136986,1,Andrew,1257.443186999805
2016-06-07 00:00:00,6/30/20 10:27,2024-06-30 10:25:00,MARRS GROUP,CONSULTING/RECRUITING,320 D ST,South Boston,MA,2127,42.340972,-71.04964899999999,marrs group,,False,8.068493150684931,1,Broadway,996.44344800112
2013-03-14 00:00:00,,2017-03-14 00:00:00,MARY KAY BEATY CONSULTANT,,524 Sixth ST,South Boston,MA,2127,42.333219,-71.03931399999999,mary kay beaty consultant,,False,4.002739726027397,1,Andrew,2378.4420660006704
2013-03-14 00:00:00,,2017-03-14 00:00:00,MARY KAY BEAUTY CONSULTANT,INDEPENDENT BEAUTY CONSULTANT,524 Sixth ST,South Boston,MA,2127,42.333219,-71.03931399999999,mary kay beauty consultant,,False,4.002739726027397,2,Andrew,2378.4420660006704
2016-06-21 12:26:00,,,Mary Kay Beauty Consultant,Independent Beauty Consultant,524 Sixth ST,South Boston,MA,2127,42.333219,-71.03931399999999,mary kay beauty consultant,,False,,2,Andrew,2378.4420660006704
2019-10-07 13:34:00,,2023-10-07 13:32:00,Mass Maids,Cleaning Business,236 Dorchester ST,South Boston,MA,2127,42.332542,-71.05130700000001,mass maids,,False,4.0,1,Andrew,970.6656959983062
2023-12-07 14:52:00,,2027-12-07 14:51:00,MassMicro,Produce Farm,67 G ST,South Boston,MA,2127,42.333736,-71.044419,massmicro,,True,2.350684931506849,1,Andrew,1868.6647979992845
2018-10-05 16:07:00,10/5/22 13:51,2026-10-05 10:33:00,McColl RE Consultants,Real Estate Consulting,314 K ST,South Boston,MA,2127,42.332941,-71.03717,mccoll re consultants,,True,7.526027397260274,1,Andrew,2585.775191999058
2019-12-09 13:25:00,,2023-12-09 10:10:00,McGlynn Associates,Contract Furnture,60 K ST,South Boston,MA,2127,42.339553,-71.037372,mcglynn associates,,False,4.0,1,Broadway,2518.219703999089
2015-12-17 00:00:00,1/18/24 12:52,2028-01-18 12:50:00,MCGOO'S PIZZA,RESTAURANT,479 Broadway,South Boston,MA,2127,42.33546,-71.04601000000002,mcgoos pizza,,True,10.331506849315069,1,Andrew,1883.442560996712
2015-06-30 00:00:00,,2015-12-17 00:00:00,MCGOO'S PIZZERIA,RESTAURANT,479 Broadway,South Boston,MA,2127,42.33546,-71.04601000000002,mcgoos pizzeria,,False,0.4657534246575342,1,Andrew,1883.442560996712
2015-06-30 00:00:00,,2015-12-17 00:00:00,MCGOOSTA,RESTAURANT,479 Broadway,South Boston,MA,2127,42.33546,-71.04601000000002,mcgoosta,,False,0.4657534246575342,1,Andrew,1883.442560996712
2025-04-07 12:47:00,,2029-04-07 12:46:00,MCM Properties,Real Estate,948 Broadway,South Boston,MA,2127,42.33604,-71.02591999999999,mcm properties,,True,1.0164383561643835,1,Andrew,4180.106931000952
2025-04-11 12:47:00,,2029-04-11 12:47:00,Meek Oak,Art Sale,40 Baxter ST,South Boston,MA,2127,42.33618,-71.05450100000002,meek oak,,True,1.0054794520547945,1,Broadway,989.7767879982144
2025-05-05 15:30:00,,2029-05-05 15:28:00,Mei Mei Dumplings,Cafe,58 Old Colony AV,South Boston,MA,2127,42.33636,-71.05584599999997,mei mei dumplings,,True,0.9397260273972603,1,Broadway,820.3325130028527
2023-04-21 15:27:00,,2027-04-21 11:40:00,Melinda Acupuncture,Acupuncture,632 Broadway,South Boston,MA,2127,42.33575,-71.03917000000001,melinda acupuncture,,True,2.9808219178082194,1,Andrew,2675.663990997905
2020-04-13 15:07:00,4/16/24 12:23,2028-04-16 12:21:00,MelOPhoto,Photography,148 F ST,South Boston,MA,2127,42.33718,-71.04757000000001,melophoto,,True,6.002739726027397,1,Broadway,1648.7761289994378
2016-03-11 00:00:00,2/29/24 16:22,2028-02-29 16:07:00,METRO ENERGY,DELIVERY OF #2 FUEL OIL,641 Broadway,South Boston,MA,2127,42.33561271913169,-71.03650826260878,metro energy,,True,10.098630136986301,1,Andrew,2956.15887971687
2019-07-30 09:19:00,,2023-07-30 09:17:00,Miah and Jaydens Magic Garden,Family Day Care,157 Broadway,South Boston,MA,2127,42.34036,-71.05365,miah and jaydens magic garden,,False,4.0,1,Broadway,619.888268999704
2021-03-08 14:56:00,4/14/25 15:48,2029-04-14 14:21:00,Michael Co,Home Staging,24 F ST,South Boston,MA,2127,42.333931,-71.051376,michael co,,True,5.101369863013699,1,Andrew,1117.3322159990696
2023-04-26 09:18:00,,2027-04-26 09:17:00,Micro Plant Studio,Florist,365 Broadway,South Boston,MA,2127,42.3388345649572,-71.05089270276682,micro plant studio,,True,2.967123287671233,1,Broadway,1095.7469349163368
2022-08-01 12:17:00,,2026-08-01 12:16:00,Milton Pediatric Speech and Language,Speech-Language Therapy,275 Old Colony AV,South Boston,MA,2127,42.330623,-71.05300299999999,milton pediatric speech and language,,True,3.7013698630136984,1,Andrew,568.9994310010779
2025-05-28 14:01:00,,2029-05-28 13:58:00,Minis & More,Vending Machine,6 Orton Marotta WA,South Boston,MA,2127,42.33869,-71.05569000000003,minis  more,,True,0.8767123287671232,1,Broadway,578.7771989969182
2022-04-25 11:26:00,,2026-04-25 11:25:00,Mister A Barber Shop,Barber Shop,400 Dorchester ST,South Boston,MA,2127,42.329717,-71.05666200000002,mister a barber shop,,True,3.96986301369863,1,Andrew,158.88872999753755
2019-07-23 13:58:00,,2023-07-23 13:57:00,MLLG PROPERTIES,SHORT TERM RENTAL,123 G ST,South Boston,MA,2127,42.331725,-71.04431799999998,mllg properties,,False,4.0,1,Andrew,1656.442788002187
2014-10-02 00:00:00,11/21/22 9:22,2026-11-21 09:21:00,MMMAC & CHEESE,FAST FOOD,210 Ninth ST,South Boston,MA,2127,42.333107,-71.05217199999998,mmmac  cheese,,True,11.53972602739726,1,Andrew,937.3323960011472
2016-10-31 13:32:00,3/9/26 12:00,2030-03-09 11:59:00,Moko Japanese Restaurant,Restaurant,674 Broadway,South Boston,MA,2127,42.33579,-71.03757000000002,moko japanese restaurant,,True,9.454794520547946,1,Andrew,2857.886030998112
2023-07-13 15:32:00,,2027-07-13 15:25:00,Monarc Properties,Real Estate Sales & Rentals,728 Broadway,South Boston,MA,2127,42.335807,-71.03625999999997,monarc properties,,True,2.7534246575342465,1,Andrew,3005.330328003228
2020-10-26 14:50:00,12/12/24 14:22,2028-12-12 13:47:00,Mone Law,Attroney,49 Marine RD,South Boston,MA,2127,42.330484,-71.037709,mone law,,True,5.465753424657534,1,Andrew,2252.886635998713
2021-03-29 14:50:00,,2025-03-29 11:26:00,Montgomery Wilshire Capital,Real Estate Agent & Appraiser,520 Broadway,South Boston,MA,2127,42.33568,-71.04345,montgomery wilshire capital,,False,4.0,1,Andrew,2192.331140999229
2015-01-30 00:00:00,4/10/23 15:09,2027-04-10 14:45:00,MOONSHINE 152,RESTAURANT,152 Dorchester AV,South Boston,MA,2127,42.341682,-71.05688399999997,moonshine 152,,True,11.210958904109589,1,Broadway,113.66655300355228
2015-03-18 00:00:00,,2019-03-18 00:00:00,MORAN DOCKWALKER SERVICES,SERVICES: MARINE ADVISORS,11 Elkins ST,South Boston,MA,2127,42.339353,-71.03612900000002,moran dockwalker services,,False,4.002739726027397,1,Broadway,2678.552876997717
2023-05-02 10:46:00,,2027-05-02 10:44:00,Mr. A Barber Shop,Barber Shop,601 Broadway,South Boston,MA,2127,42.3354,-71.04019499999998,mr a barber shop,,True,2.9506849315068493,1,Andrew,2522.8863660015177
2022-03-11 13:43:00,,2026-03-11 13:42:00,Murphy's Law,Restaurant,837 Summer ST,South Boston,MA,2127,42.338023,-71.035684,murphys law,,False,4.0,1,Broadway,2875.7749019995267
2021-08-09 13:58:00,8/4/25 17:11,2029-08-04 13:49:00,MW HAIR STUDIO,HAIR SALON,401 First ST,South Boston,MA,2127,42.337507,-71.04395099999999,mw hair studio,,True,4.67945205479452,1,Broadway,2014.5535410004327
2023-02-23 13:32:00,,2027-02-23 13:31:00,My 1st Letters Home Daycare,Home Daycare,33 B ST,South Boston,MA,2127,42.339043,-71.05559800000003,my 1st letters home daycare,,True,3.136986301369863,1,Broadway,549.7772279967133
2018-07-10 11:00:00,8/31/22 12:58,2026-08-31 12:56:00,MY DINER,RESTAURANT,455 Eighth ST,South Boston,MA,2127,42.331231,-71.042869,my diner,,True,7.764383561643836,1,Andrew,1762.553793000341
2024-08-16 13:10:00,,2028-08-16 13:09:00,Mysa Nail Bar,Nail Salon,746 Broadway,South Boston,MA,2127,42.33561271913169,-71.03650826260878,mysa nail bar,,True,1.6575342465753424,1,Andrew,2956.15887971687
2021-09-21 15:05:00,11/18/25 11:32,2029-11-18 10:51:00,MYSTRYDE,Fitness,850 Summer ST,South Boston,MA,2127,42.337511,-71.03506900000002,mystryde,,True,4.561643835616438,1,Broadway,3000.996998997589
2023-10-12 10:25:00,,2027-10-12 10:24:00,Nail Nooky,Nail Salon,515 First ST,South Boston,MA,2127,42.337891,-71.03905600000002,nail nooky,,True,2.504109589041096,1,Broadway,2515.775261998155
2020-10-06 13:22:00,11/4/24 16:01,2028-11-04 14:02:00,NAILD IT,nail salon,663 Broadway,South Boston,MA,2127,42.33543,-71.03800000000001,naild it,,True,5.52054794520548,1,Andrew,2770.108340998672
2015-12-07 00:00:00,2/16/24 11:39,2028-02-16 11:38:00,NANA'S FAMILY CHILD CARE,CHILD CARE,40 Linsky-Barry CT,South Boston,MA,2127,42.33812,-71.05356999999998,nanas family child care,,True,10.35890410958904,1,Broadway,877.6657890017875
2020-11-27 14:52:00,12/24/24 13:14,2028-12-24 12:48:00,NAPS,PRENATAL & POSTPARTUM CONSULTING & EDUCATION,395 Broadway,South Boston,MA,2127,42.33719,-71.04876000000002,naps,,True,5.3780821917808215,1,Broadway,1515.4429289981697
2023-08-18 14:16:00,,2027-08-18 14:16:00,NATIVE SUN,RETAIL,538 First ST,South Boston,MA,2127,42.338307,-71.03809100000001,native sun,,True,2.654794520547945,1,Broadway,2576.7752009988853
2013-04-01 00:00:00,,2014-07-28 00:00:00,NATURAL NAILS AND SKIN SALON,BEAUTY SALON,469 Broadway,South Boston,MA,2127,42.33565,-71.04622999999998,natural nails and skin salon,,False,1.3232876712328767,1,Andrew,1880.1092310019696
2017-10-30 15:08:00,9/16/25 15:43,2029-09-16 15:42:00,Need Signs Will Paint,Sign Advertising,516 Second ST,South Boston,MA,2127,42.337385,-71.04192899999998,need signs will paint,,True,8.457534246575342,1,Broadway,2252.7755250021514
2025-02-27 14:55:00,,2029-02-27 14:53:00,Neighborhood Collections,Online Retail,745 Sixth ST,South Boston,MA,2127,42.33296,-71.030236,neighborhood collections,,True,1.1232876712328768,1,Andrew,3358.329974999377
2015-04-27 00:00:00,5/17/23 13:33,2027-05-17 10:53:00,NEW ENGLAND CONSTABLES,PROCESS SERVING,77 L ST,South Boston,MA,2127,42.335076,-71.03574200000003,new england constables,,True,10.972602739726028,1,Andrew,2981.663684996663
2024-06-05 11:21:00,,2028-06-05 11:15:00,NEW ENGLAND GYPSUM,CONSTRUCTION MATERIALS,480 First ST,South Boston,MA,2127,42.338677,-71.04044299999998,new england gypsum,,True,1.8547945205479452,1,Broadway,2274.331059002204
2018-11-26 16:21:00,2/13/23 16:41,2027-02-13 13:48:00,NextHome Titletown,Real Estate Brokerage,100 A ST,South Boston,MA,2127,42.342861,-71.05468400000001,nexthome titletown,,True,7.383561643835616,1,Broadway,280.22194199910217
2021-06-28 14:34:00,,2025-06-28 13:12:00,Nicholas Tornaritis,Short Term Rental,619 Third ST,South Boston,MA,2127,42.33636,-71.034922,nicholas tornaritis,,False,4.0,1,Broadway,3145.2190770005764
2024-10-23 13:06:00,,2028-10-23 13:05:00,Nico's Short Term Rental,Short Term Rental,145 Sixth ST,South Boston,MA,2127,42.336457,-71.052771,nicos short term rental,,True,1.4712328767123288,1,Broadway,1151.2210709987737
2020-06-22 16:07:00,,2024-06-22 16:07:00,Nina Gallant Photography,photography services,516 Second ST,South Boston,MA,2127,42.337385,-71.04192899999998,nina gallant photography,,False,4.002739726027397,1,Broadway,2252.7755250021514
2024-06-05 11:21:00,,2028-06-05 11:17:00,NORTH AMERICAN DOOR & HARDWARE,CONSTRUCTION MATERIALS,480 First ST,South Boston,MA,2127,42.338677,-71.04044299999998,north american door  hardware,,True,1.8547945205479452,1,Broadway,2274.331059002204
2013-08-08 00:00:00,12/16/22 10:18,2026-12-16 09:27:00,NORTON LILLY INTERNATIONAL,SHIP AGENT,840 Summer ST,South Boston,MA,2127,42.33785,-71.03521999999998,norton lilly international,,True,12.69041095890411,1,Broadway,2946.552609001624
2025-02-20 15:00:00,,2029-02-20 14:33:00,Norton Lilly International U.S,Ship Agent,840 Summer ST,South Boston,MA,2127,42.33785,-71.03521999999998,norton lilly international us,,True,1.1424657534246576,1,Broadway,2946.552609001624
2021-01-28 10:40:00,1/23/25 14:14,2029-01-23 14:12:00,NS Butler Services,administrative services,291 Emerson ST,South Boston,MA,2127,42.334347,-71.034851,ns butler services,,True,5.208219178082191,1,Andrew,2999.6636669993763
2025-10-16 10:59:00,,2029-10-16 10:58:00,Nurture South Boston,Salon,127 L ST,South Boston,MA,2127,42.33335,-71.03544,nurture south boston,,True,0.4904109589041096,1,Andrew,2823.4416210006
2020-09-21 12:19:00,1/10/25 7:58,2028-12-24 00:00:00,Nuture by Naps,Education/Consulting,724 Second ST,South Boston,MA,2127,42.337499,-71.03436299999998,nuture by naps,,True,5.561643835616438,1,Broadway,3080.7746970014373
2024-03-19 13:10:00,,2028-03-19 13:09:00,Obelisk Group,Construction Consulting,154 Eighth ST,South Boston,MA,2127,42.334475,-71.05269699999997,obelisk group,,True,2.0684931506849313,1,Andrew,1030.9989690030882
2023-08-29 11:44:00,,2027-08-29 11:41:00,Occupational Safety & Maritime Consultants,Consulting,400 Dorchester ST,South Boston,MA,2127,42.329717,-71.05666200000002,occupational safety  maritime consultants,,True,2.6246575342465754,1,Andrew,158.88872999753755
2020-01-31 10:07:00,1/23/24 14:31,2028-01-23 14:30:00,Ochoa For Hair,Hair salon,423 Broadway,South Boston,MA,2127,42.33652,-71.04773,ochoa for hair,,True,6.2027397260273975,1,Broadway,1704.331628999703
2026-02-12 14:31:00,,2030-02-12 14:29:00,Off Brand Signs,Sign Painting/ Art,516 Second ST,South Boston,MA,2127,42.337385,-71.04192899999998,off brand signs,,True,0.1643835616438356,1,Broadway,2252.7755250021514
2026-03-13 09:21:00,,2030-03-13 09:19:00,Offscript Golf Club,Golf Membership Program,444 Eighth ST,South Boston,MA,2127,42.33149,-71.04310599999997,offscript golf club,,True,0.08493150684931507,1,Andrew,1764.9982350036432
2026-03-06 11:44:00,,2030-03-06 11:43:00,Oh Honey Bakeshop,Residential Retail Kitchen / Bakery,758 Third ST,South Boston,MA,2127,42.336759,-71.02940100000001,oh honey bakeshop,,True,0.10410958904109589,1,Broadway,3714.3296189990056
2024-02-26 11:21:00,,2028-02-26 11:17:00,OJC Artisan of Sound,Audio Branding,69 Thomas PK,South Boston,MA,2127,42.332278,-71.04436699999997,ojc artisan of sound,,True,2.128767123287671,1,Andrew,1712.442732003699
2023-06-08 11:01:00,,2027-06-08 11:00:00,Old Harbor Market,Convenience Store,334 Eighth ST,South Boston,MA,2127,42.331325,-71.04758800000002,old harbor market,,True,2.8493150684931505,1,Andrew,1248.6654179974926
2019-06-24 12:31:00,6/20/23 12:26,2027-06-20 12:24:00,Olivia's Rentals,Short Term Rentals,19 Ward ST,South Boston,MA,2127,42.329814,-71.05497100000002,olivias rentals,,True,6.808219178082192,1,Andrew,335.9996639972274
2025-06-05 11:21:00,,2029-06-05 11:19:00,Ollie's Closet,Pet Supplies and Accessories,1410 Columbia RD,South Boston,MA,2127,42.330939,-71.043613,ollies closet,,True,0.8547945205479452,1,Andrew,1647.4427970004356
2014-05-07 00:00:00,5/10/18 14:03,2022-05-10 13:59:00,OLYMPIC HOUSE OF PIZZA,RESTAURANT,655A Broadway,South Boston,MA,2127,42.3354,-71.03838999999999,olympic house of pizza,,False,8.013698630136986,1,Andrew,2723.4417210004385
2019-12-06 15:55:00,,2023-12-06 15:54:00,On The Edge Nutrition,Smoothie and Juice Bar,283 Old Colony AV,South Boston,MA,2127,42.330328,-71.05290000000002,on the edge nutrition,,False,4.0,1,Andrew,547.6661189973065
2023-03-08 12:02:00,,2027-03-08 12:01:00,On The Move Physical Therapy and Wellness,Mobile Physical Therapy,46 Mercer ST,South Boston,MA,2127,42.331943,-71.04886599999998,on the move physical therapy and wellness,,True,3.1013698630136988,1,Andrew,1175.3321580026372
2024-04-26 15:40:00,,2028-04-26 15:38:00,One One Nine Studio,Creative Studio,516 Second ST,South Boston,MA,2127,42.337385,-71.04192899999998,one one nine studio,,True,1.9643835616438357,1,Broadway,2252.7755250021514
2021-08-27 13:18:00,8/25/25 15:44,2029-08-25 15:42:00,One Wick Away,Candle Business (Retail),39 Marine RD,South Boston,MA,2127,42.330491,-71.03805699999998,one wick away,,True,4.63013698630137,1,Andrew,2214.9977850020023
2024-03-05 11:43:00,,2028-03-05 11:41:00,Only Hair,Hair Salon,658 Broadway,South Boston,MA,2127,42.33579,-71.03809000000001,only hair,,True,2.106849315068493,1,Andrew,2800.1083109987203
2022-04-11 10:40:00,3/24/26 15:55,2030-03-24 14:15:00,order,Organization Consultant,88 G ST,South Boston,MA,2127,42.332881,-71.04394100000002,order,,True,4.008219178082192,1,Andrew,1826.775950997673
2022-10-28 12:39:00,,2026-10-28 12:36:00,Ottavios Barbershop,Barbershop,377 First ST,South Boston,MA,2127,42.338229,-71.04488500000002,ottavios barbershop,,True,3.4602739726027396,1,Broadway,1830.5537249976087
2022-12-01 09:45:00,,2026-12-01 09:44:00,Overhead Door Company of Boston,"Sell, service and install doors",9 Third ST,South Boston,MA,2127,42.342877,-71.05526099999997,overhead door company of boston,,True,3.367123287671233,1,Broadway,217.88867100331728
2024-07-30 14:33:00,,2028-07-30 14:31:00,P&T Systas Laundromat,Laundromat,360 West Broadway,South Boston,MA,2127,42.338143,-71.04936499999997,pt systas laundromat,,True,1.704109589041096,1,Broadway,1342.3319910033808
2014-02-19 00:00:00,3/5/26 10:21,2030-01-13 10:20:00,P. S. GOURMET COFFEE,COFFEE SHOP,106 Dorchester ST,South Boston,MA,2127,42.335245,-71.04585299999997,p s gourmet coffee,,True,12.156164383561643,1,Andrew,1876.998123003509
2025-11-12 16:42:00,,2029-11-12 16:40:00,PAMIFE GOODS,Online Retail,55 Fifth ST,South Boston,MA,2127,42.339616,-71.05586199999999,pamife goods,,True,0.41643835616438357,1,Broadway,456.77732100098416
2025-11-12 16:42:00,,2029-11-12 16:39:00,Pamife Studio,Online Retail,55 Fifth ST,South Boston,MA,2127,42.339616,-71.05586199999999,pamife studio,,True,0.41643835616438357,1,Broadway,456.77732100098416
2015-08-27 00:00:00,9/11/23 11:50,2027-09-11 11:48:00,PAN ASIA,RESTAURANT,720 Broadway,South Boston,MA,2127,42.335787,-71.03637000000003,pan asia,,True,10.638356164383561,1,Andrew,2990.8858979962743
2020-02-26 12:04:00,,2024-02-26 12:02:00,Papa Grande,Food Truck,40 Third ST,South Boston,MA,2127,42.342321,-71.05383599999999,papa grande,,False,4.0,1,Broadway,381.3329520011955
2025-06-27 16:58:00,,2029-06-27 16:14:00,PARK CITY,RESTAURANT,383 Dorchester AV,South Boston,MA,2127,42.33505,-71.05721399999999,park city,,True,0.7945205479452054,2,Andrew,592.9994070012746
2025-06-24 10:12:00,,2029-06-24 10:11:00,Park City,Restaurant,383 Dorchester AV,South Boston,MA,2127,42.33505,-71.05721399999999,park city,,True,0.8027397260273973,2,Andrew,592.9994070012746
2022-05-19 14:42:00,,2026-05-19 14:23:00,Pasek Security,Security Hardware,307 First ST,South Boston,MA,2127,42.339355,-71.04690199999999,pasek security,,True,3.904109589041096,1,Broadway,1481.3318520013952
2022-05-03 12:28:00,,2026-05-03 12:27:00,Pastel Nail Studio,Nail Salon,11 Broadway,South Boston,MA,2127,42.342384,-71.05674699999997,pastel nail studio,,True,3.947945205479452,1,Broadway,50.88883800257357
2015-02-04 00:00:00,4/28/23 10:22,2027-04-28 10:20:00,PAT FALCO STUDIO,ARTIST,516 Second ST,South Boston,MA,2127,42.337385,-71.04192899999998,pat falco studio,,True,11.197260273972603,1,Broadway,2252.7755250021514
2016-12-06 15:17:00,,,Pat's Kitchen,Restuarant,402 Broadway,South Boston,MA,2127,42.337288,-71.04804999999999,pats kitchen,,False,,1,Broadway,1583.4428610009636
2016-12-13 12:51:00,2/4/21 12:08,2025-02-04 12:05:00,Paul Swartz,Consulting,50 H ST,South Boston,MA,2127,42.336617,-71.04141199999998,paul swartz,,False,8.147945205479452,1,Broadway,2395.5531600024697
2017-02-27 15:25:00,6/13/25 13:53,2029-06-13 13:52:00,PEPPA POT PARTIES,EVENT PLANNER,9 Saint Casimir ST,South Boston,MA,2127,42.339674,-71.05287399999997,peppa pot parties,,True,9.128767123287671,1,Broadway,782.3325510024755
2025-03-11 13:04:00,,2029-03-11 13:02:00,Perez Psychology,Virtual Therapy/Counseling,134 Ninth ST,South Boston,MA,2127,42.334667,-71.054081,perez psychology,,True,1.0904109589041096,1,Andrew,898.5546570003651
2019-10-07 12:01:00,,2023-10-07 11:59:00,Perfect Fit For College,Independent Educational Consultant,621 First ST,South Boston,MA,2127,42.337935,-71.03460000000001,perfect fit for college,,False,4.0,1,Broadway,3005.996993998386
2016-03-01 00:00:00,10/16/24 13:16,2028-10-16 12:59:00,PERKINS POST,VETERANS CLUB,859 Fourth ST,South Boston,MA,2127,42.334685,-71.02905599999997,perkins post,,True,10.126027397260273,1,Andrew,3681.107430003145
2017-02-16 13:13:00,9/29/25 13:54,2029-09-29 13:52:00,Perry DiNatale Realty,Real Estate Brokerage,91 N ST,South Boston,MA,2127,42.335205,-71.03144800000001,perry dinatale realty,,True,9.158904109589042,1,Andrew,3473.107637998545
2021-01-15 13:37:00,,2025-01-15 13:35:00,Peter Welch's Gym,gymnasium,371 Dorchester AV,South Boston,MA,2127,42.335629,-71.05805399999997,peter welchs gym,,False,4.0,1,Andrew,652.6660139966867
2023-05-10 11:04:00,,2027-05-10 11:03:00,Petula's,Restaurant,81 L ST,South Boston,MA,2127,42.334669,-71.035552,petulas,,True,2.9287671232876713,1,Andrew,2957.5525979999047
2025-06-27 13:13:00,,2029-06-27 13:12:00,PILATES SPORTS CLUB,Fitness Studio,366 Broadway,South Boston,MA,2127,42.33803,-71.04921999999999,pilates sports club,,True,0.7945205479452054,1,Broadway,1370.99862900048
2025-04-29 14:32:00,,2029-04-29 14:31:00,Pinkman Automation & Controls,Online Retail,309 Old Colony AV,South Boston,MA,2127,42.3296,-71.05290600000001,pinkman automation  controls,,True,0.9561643835616438,1,Andrew,589.2216329989702
2019-01-31 10:40:00,,2023-01-31 10:40:00,Pizzeria 260,Pizzeria,260 Broadway,South Boston,MA,2127,42.339361,-71.051424,pizzeria 260,,False,4.002739726027397,1,Broadway,978.2212440005466
2022-01-31 11:27:00,,2026-01-31 11:25:00,PKL,Restaurant / Lounge / Rec. Game,64 C ST,South Boston,MA,2127,42.337083,-71.05579499999999,pkl,,False,4.0,1,Broadway,745.6659210011004
2022-01-24 11:16:00,,2026-01-24 11:15:00,Play Haven Pediatrics Therapy,Speech-language pathology,217 D ST,South Boston,MA,2127,42.337863,-71.05176499999999,play haven pediatrics therapy,,False,4.0,1,Broadway,1106.7766710012456
2025-02-13 10:08:00,,2029-02-13 10:07:00,Playa Bowls,Restaurant,471 Broadway,South Boston,MA,2127,42.33556,-71.0462,playa bowls,,True,1.1616438356164382,2,Andrew,1873.4425709998536
2022-07-15 11:38:00,,2026-07-15 11:36:00,PLEASURE BAY WELLNESS,TELEHEALTH-MENTAL HEATH COUNSELING,41 Farragut RD,South Boston,MA,2127,42.336877,-71.025396,pleasure bay wellness,,True,3.747945205479452,1,Broadway,4146.218075999669
2023-03-21 15:12:00,,2027-03-21 15:10:00,PM Entertainment,"Events, Entertainment and Promotion",12 Henry Sterling SQ,South Boston,MA,2127,42.327009,-71.05490099999997,pm entertainment,,True,3.0657534246575344,1,Andrew,655.4437890030949
2022-03-24 15:05:00,,2026-03-24 11:23:00,POGAT PRODUCTIONS,PHYSICAL AND DIGITAL PRODUCTIONS,178 H ST,South Boston,MA,2127,42.331764,-71.041267,pogat productions,,False,4.0,1,Andrew,1999.775777999058
2024-07-16 14:06:00,,2028-07-16 13:58:00,Precious M Cleaners & Laundromat,Laundromat,481 Broadway,South Boston,MA,2127,42.33527,-71.04563000000002,precious m cleaners  laundromat,,True,1.7424657534246575,1,Andrew,1904.5536509978865
2018-01-17 11:11:00,2/4/22 15:14,2026-02-04 15:13:00,Precious M Laundromat,Laundromat,481 Broadway,South Boston,MA,2127,42.33527,-71.04563000000002,precious m laundromat,,False,8.054794520547945,1,Andrew,1904.5536509978865
2022-05-31 13:27:00,,2026-05-31 13:26:00,Prestige Worldwide,Resale/Dropshipping,103 Eighth ST,South Boston,MA,2127,42.335477,-71.054641,prestige worldwide,,True,3.871232876712329,1,Andrew,926.3324069989188
2017-11-15 15:48:00,3/3/22 15:31,2026-03-03 11:30:00,Prime Storage Boston,Self Storage Retail,135 Old Colony AV,South Boston,MA,2127,42.335221,-71.05573700000002,prime storage boston,,False,8.2986301369863,1,Andrew,776.1103349968688
2019-12-31 16:04:00,1/26/24 16:00,2028-01-26 15:58:00,Proveri Software,Software,34 Ward ST,South Boston,MA,2127,42.329461,-71.054237,proveri software,,True,6.287671232876712,1,Andrew,456.7773209994052
2016-12-01 09:42:00,11/7/25 10:57,2029-11-07 10:56:00,Publico,Restaurant,11 Dorchester ST,South Boston,MA,2127,42.337343,-71.04352399999999,publico,,True,9.36986301369863,1,Broadway,2080.220142001223
2025-08-22 13:06:00,,2029-08-22 11:53:00,Puppysphere,Puppy Yoga Studio,423 Broadway,South Boston,MA,2127,42.33652,-71.04773,puppysphere,,True,0.6410958904109589,1,Broadway,1704.331628999703
2025-10-24 13:54:00,,2029-10-24 13:49:00,PureSight Pro Clean,Cleaning Company,933 Second ST,South Boston,MA,2127,42.337255,-71.02585499999998,puresight pro clean,,True,0.4684931506849315,1,Broadway,4053.21816900236
2019-04-16 15:01:00,,2023-04-16 12:48:00,Purple Shell Bar & Restaurant,Full Service Rerstaurant/Lounge,11 Broadway,South Boston,MA,2127,42.342384,-71.05674699999997,purple shell bar  restaurant,,False,4.0,1,Broadway,50.88883800257357
2025-04-03 14:11:00,,2029-04-03 14:10:00,Purple Zebra Coaching,Coaching,9 Broadway,South Boston,MA,2127,42.34252,-71.05691000000002,purple zebra coaching,,True,1.0273972602739727,1,Broadway,17.66664899802852
2021-12-10 14:28:00,2/24/26 11:52,2030-02-24 11:51:00,Qoran Boutique,Online Retail,10A Flaherty WY,South Boston,MA,2127,42.338997,-71.054441,qoran boutique,,True,4.342465753424658,1,Broadway,683.443761000298
2025-05-14 11:14:00,,2029-05-14 11:12:00,QXO,Distribution of roofing materials and complementary building products,280 First ST,South Boston,MA,2127,42.340407,-71.047481,qxo,,True,0.915068493150685,1,Broadway,1300.109810999453
2022-03-28 15:11:00,,2026-03-28 12:22:00,R & A Rentals,Short Term Rental,182 Ninth ST,South Boston,MA,2127,42.333699,-71.05294300000003,r  a rentals,,False,4.0,1,Andrew,917.4435269968868
2018-06-06 10:47:00,,2022-06-06 10:46:00,R. Clark,Consulting,462 Sixth ST,South Boston,MA,2127,42.333152,-71.042077,r clark,,False,4.0,1,Andrew,2063.9979359987583
2021-06-14 10:20:00,6/17/25 10:30,2029-06-17 10:28:00,R. Marciniak Consulting,Consulting,55 Broadway,South Boston,MA,2127,42.34196,-71.05613,r marciniak consulting,,True,4.832876712328767,1,Broadway,166.55538900028685
2023-10-20 12:32:00,,2027-10-20 12:30:00,RADIATE WELLNESS,WELLNESS,906 Broadway,South Boston,MA,2127,42.33596,-71.02795000000003,radiate wellness,,True,2.4821917808219176,1,Andrew,3945.662720996011
2019-09-05 13:10:00,,2023-09-05 13:08:00,Ramsure Movers,Residential and Specialty Moving,25 Dorchester ST,South Boston,MA,2127,42.336907,-71.04402099999999,ramsure movers,,False,4.0,1,Broadway,2073.442371001756
2018-05-25 16:19:00,,2022-05-25 16:18:00,Rar3br33d Universe,Online Retail,326 Dorchester ST,South Boston,MA,2127,42.330981,-71.053696,rar3br33d universe,,False,4.0,1,Andrew,531.7772459995265
2024-03-14 12:48:00,,2028-03-14 12:46:00,RE/MAX REALTY PLUS,Real Estate,738 Broadway,South Boston,MA,2127,42.33561271913169,-71.03650826260878,remax realty plus,,True,2.0821917808219177,1,Andrew,2956.15887971687
2022-03-18 16:04:00,2/27/26 14:58,2030-02-27 14:51:00,Red Line Pizza,Pizza Shop,582 Dorchester AV,South Boston,MA,2127,42.329936,-71.05676199999999,red line pizza,,True,4.073972602739726,1,Andrew,123.44432100097154
2019-05-31 11:46:00,9/19/23 9:01,2027-09-19 08:43:00,Regan's Motivated Fitness,Fitness,315 Broadway,South Boston,MA,2127,42.338378,-71.05056300000001,regans motivated fitness,,True,6.873972602739726,1,Broadway,1183.10992799879
2019-04-30 09:14:00,,2023-04-30 09:13:00,RehabCare,healthcare services,804 Seventh ST,South Boston,MA,2127,42.33267,-71.02795800000001,rehabcare,,False,4.0,1,Andrew,3579.218642998278
2021-03-16 11:45:00,4/17/25 12:58,2029-04-17 12:57:00,Reilly Communications,Consulting,546 Broadway,South Boston,MA,2127,42.33574,-71.04242999999997,reilly communications,,True,5.079452054794521,1,Andrew,2312.3310210033706
2017-06-09 15:06:00,,,Reliable & Professional Courrier Services,Courrier Services,81 Orton-Marotta WY,South Boston,MA,2127,42.337822,-71.05488600000001,reliable  professional courrier services,,False,,1,Broadway,764.5547909984116
2025-02-03 12:58:00,,2029-02-03 12:56:00,Resh&Co.,Wedding Planning,14 Broadway,South Boston,MA,2127,42.3429,-71.05674999999997,reshco,,True,1.189041095890411,1,Broadway,54.999945004036384
2023-06-20 15:59:00,,2027-06-20 13:53:00,Residence Inn by Marriott Boston Downtown/Seaport,Hotel,370 Congress ST,Boston,MA,2127,42.350433,-71.04768899999999,residence inn by marriott boston downtownseaport,,True,2.8164383561643835,1,South Station,1043.4434010016696
2015-11-16 00:00:00,11/4/19 14:39,2023-11-04 14:19:00,RETAIL SALES,SALE OF PAINT & RELATED PRODUCTS,435 Broadway,South Boston,MA,2127,42.33622,-71.04732000000001,retail sales,,False,7.972602739726027,1,Broadway,1783.2204389986905
2019-07-24 11:39:00,,2023-07-24 11:38:00,Revel,entertainment,157 N ST,South Boston,MA,2127,42.332815,-71.03139899999996,revel,,False,4.0,1,Andrew,3212.9967870031423
2022-02-09 10:41:00,,2026-02-09 10:40:00,RICHARD'S CLEANING,Cleaning Services,1 Costello CI,South Boston,MA,2127,42.339844,-71.05319600000001,richards cleaning,,False,4.0,1,Broadway,727.665938998387
2024-11-27 16:06:00,,2028-11-27 16:04:00,Ripple Response Media,Social Media Marketing,16 Earl ST,South Boston,MA,2127,42.33403,-71.054392,ripple response media,,True,1.3753424657534246,1,Andrew,793.2214289986684
2020-07-23 10:58:00,7/23/24 12:19,2028-07-23 08:58:00,Rise & Glow,Beauty Salon,423 Broadway,South Boston,MA,2127,42.33652,-71.04773,rise  glow,,True,5.726027397260274,2,Broadway,1704.331628999703
2024-06-12 11:57:00,,2028-06-12 11:56:00,Rise & Glow,Beauty Salon,423 Broadway,South Boston,MA,2127,42.33652,-71.04773,rise  glow,,True,1.8356164383561644,2,Broadway,1704.331628999703
2022-05-31 12:21:00,,2026-05-31 12:19:00,RK CAB,TAXI,141 Dorchester AV,South Boston,MA,2127,42.342105,-71.05791599999998,rk cab,,True,3.871232876712329,1,Broadway,162.8887259977019
2024-08-12 14:09:00,,2028-08-12 14:07:00,ROBERT N. KARPP COMPANY,BUILDING MATERIALS DISTRIBUTOR,480 First ST,South Boston,MA,2127,42.338677,-71.04044299999998,robert n karpp company,,True,1.6684931506849314,1,Broadway,2274.331059002204
2024-10-04 13:59:00,,2028-10-04 13:56:00,Robin Adams Design,Interior Design and Architecture,794 Seventh ST,South Boston,MA,2127,42.332669,-71.02855,robin adams design,,True,1.5232876712328767,1,Andrew,3513.3298200004174
2019-05-13 10:53:00,5/11/23 15:04,2027-05-11 12:57:00,Rock Spot Climbing,Indoor Rock Climbing,10 Old Colony AV,South Boston,MA,2127,42.337806,-71.056555,rock spot climbing,,True,6.923287671232877,1,Broadway,580.888307999483
2022-08-19 15:06:00,,2026-08-19 14:07:00,Rockland Trust,Banking & Financial Services,708 Broadway,South Boston,MA,2127,42.33581,-71.03704399999998,rockland trust,,True,3.652054794520548,3,Andrew,2918.552637002052
2022-08-19 15:06:00,,2026-08-19 13:46:00,Rockland Trust,Banking & Financial Services,501 Southampton ST,South Boston,MA,2127,42.329408,-71.05756200000002,rockland trust,,True,3.652054794520548,3,Andrew,93.22212899753664
2022-08-19 15:06:00,,2026-08-19 14:11:00,Rockland Trust,Banking & Financial Services,430 Broadway,South Boston,MA,2127,42.33561271913169,-71.03650826260878,rockland trust,,True,3.652054794520548,3,Andrew,2956.15887971687
2014-04-10 00:00:00,2/12/26 15:26,2030-02-12 15:05:00,ROGERSON ORTHOTICS AND PROSTHETICS,PROSTHETICS,483 Southampton ST,South Boston,MA,2127,42.329547,-71.05817400000001,rogerson orthotics and prosthetics,,True,12.01917808219178,1,Andrew,125.11098600150056
2021-08-10 13:36:00,,2025-08-10 13:34:00,Rolling Lakes Engineering,Engineering sales consultant,377 First ST,South Boston,MA,2127,42.338229,-71.04488500000002,rolling lakes engineering,,False,4.0,1,Broadway,1830.5537249976087
2014-04-15 00:00:00,7/27/22 14:34,2026-07-27 11:07:00,RONDOS FOOD ENTERPRISE,FAST FOOD,134 Broadway,South Boston,MA,2127,42.34107,-71.05400099999997,rondos food enterprise,,True,12.005479452054795,1,Broadway,501.9994980028644
2019-07-26 15:00:00,8/28/23 13:06,2027-08-28 09:37:00,Ross Place Airbnb,Airbnb,2 Ross PL,South Boston,MA,2127,42.33373,-71.02857,ross place airbnb,,True,6.720547945205479,1,Andrew,3628.9963709997096
2019-11-07 14:49:00,11/13/23 13:07,2027-11-13 13:02:00,Rotary Liquors,Liquors Store,295 Old Colony AV,South Boston,MA,2127,42.329915,-71.052974,rotary liquors,,True,6.435616438356164,1,Andrew,546.6661199990417
2013-08-12 00:00:00,11/21/25 16:55,2029-11-21 16:53:00,ROTARY VARIETY,CONVENIENCE STORE,309 Old Colony AV,South Boston,MA,2127,42.3296,-71.05290600000001,rotary variety,,True,12.67945205479452,1,Andrew,589.2216329989702
2015-10-06 00:00:00,,2015-11-10 00:00:00,ROZA LYONS,RESTAURANT,709 Broadway,South Boston,MA,2127,42.33542,-71.03700000000003,roza lyons,,False,0.0958904109589041,2,Andrew,2880.108230995692
2015-11-10 00:00:00,10/13/23 13:55,2015-11-10 00:00:00,ROZA LYONS,RESTAURANT,709 Broadway,South Boston,MA,2127,42.33542,-71.03700000000003,roza lyons,,False,0.0,2,Andrew,2880.108230995692
2018-08-10 09:32:00,,2022-08-10 09:30:00,RRogers Real Estate,Real Estate,190 I ST,South Boston,MA,2127,42.331762,-71.03967599999999,rrogers real estate,,False,4.0,1,Andrew,2176.33115700094
2020-10-19 12:53:00,11/12/24 13:53,2028-11-12 13:50:00,Rudis Realty,Real Estate Brokerage,26 Boston ST,South Boston,MA,2127,42.328561,-71.05746099999999,rudis realty,,True,5.484931506849315,1,Andrew,198.55535700081228
2023-03-03 15:30:00,,2027-03-03 15:18:00,Run Like a BOS,Running Coach/Personal Trainer Online,224 Seventh ST,South Boston,MA,2127,42.333887,-71.04989599999999,run like a bos,,True,3.115068493150685,1,Andrew,1276.8876120004504
2021-08-09 11:22:00,7/28/25 17:15,2029-07-28 13:54:00,Russell Cellular,Cellular Retail,416 Broadway,South Boston,MA,2127,42.3369,-71.04743000000002,russell cellular,,True,4.67945205479452,1,Broadway,1695.442748997671
2022-10-18 12:39:00,,2026-10-18 12:33:00,RYDER,COMMERCIAL RENTAL/LEASING,280 First ST,South Boston,MA,2127,42.340407,-71.047481,ryder,,True,3.4876712328767123,1,Broadway,1300.109810999453
2021-03-05 12:29:00,4/1/25 12:53,2029-04-01 12:45:00,Ryder Transportation Services,renting/leasing,280 First ST,South Boston,MA,2127,42.340407,-71.047481,ryder transportation services,,True,5.109589041095891,1,Broadway,1300.109810999453
2022-12-15 12:15:00,,2026-12-15 12:14:00,S&F Autobody,Autobody Shop,503 Second ST,South Boston,MA,2127,42.336899,-71.043248,sf autobody,,True,3.328767123287671,1,Broadway,2160.220061998984
2023-03-16 16:00:00,,2027-03-16 15:58:00,SAINT GEORGE ALBANIAN ORTHODOX CATHERDRAL,NON-PROFIT CHURCH,523 Broadway,South Boston,MA,2127,42.33511,-71.04352,saint george albanian orthodox catherdral,,True,3.0794520547945203,1,Andrew,2121.2201009995524
2024-11-13 10:58:00,,2028-11-13 10:57:00,Saint George Hair Studio,Hair Salon,314 Second ST,South Boston,MA,2127,42.339057,-71.047301,saint george hair studio,,True,1.4136986301369863,1,Broadway,1470.1096409997278
2014-12-18 00:00:00,,2018-12-18 00:00:00,SAINT MICHAEL BOTANICA #2,WHOLESALE & RETAIL - CH BUS LOC 2/12/15,210 Ninth ST,South Boston,MA,2127,42.333107,-71.05217199999998,saint michael botanica 2,,False,4.002739726027397,1,Andrew,937.3323960011472
2016-08-03 14:02:00,9/15/20 14:29,2024-09-15 14:28:00,Sal e Mare,Retail,41 Swallow ST,South Boston,MA,2127,42.333567,-71.02953200000002,sal e mare,,False,8.123287671232877,1,Andrew,3503.9964959979284
2020-10-02 14:28:00,,2024-10-02 11:55:00,Salon 120 West,Hair Salon,120 Broadway,South Boston,MA,2127,42.341368,-71.05454900000001,salon 120 west,,False,4.0,1,Broadway,407.999591998607
2023-12-04 11:22:00,,2027-12-04 11:18:00,SALON HUE,Salon,359 Broadway,South Boston,MA,2127,42.3388345649572,-71.05089270276682,salon hue,,True,2.3589041095890413,1,Broadway,1095.7469349163368
2019-04-01 16:27:00,,2023-04-01 16:26:00,Santiago's Cleaning,Cleaning Services,251 Monsignor Dennis F. O'Callaghan WY,South Boston,MA,2127,42.32763,-71.05509999999998,santiagos cleaning,,False,4.0,1,Andrew,564.3327690018073
2019-09-05 14:44:00,,2023-09-05 11:58:00,SARAH KALAUSKAS,Short Term Rental,168 Sixth ST,South Boston,MA,2127,42.336286,-71.05199700000003,sarah kalauskas,,False,4.0,1,Broadway,1256.220965996575
2022-03-09 14:32:00,,2026-03-09 11:05:00,Sarah R Mercurio,Consulting,563 Seventh ST,South Boston,MA,2127,42.332129,-71.03797600000001,sarah r mercurio,,False,4.0,1,Andrew,2405.997593998206
2024-03-13 10:53:00,,2028-03-13 10:51:00,SAWYER SOLUTIONS,Home Improvement,365 E ST,South Boston,MA,2127,42.338854,-71.04788300000001,sawyer solutions,,True,2.084931506849315,1,Broadway,1427.998571998677
2026-02-13 11:43:00,,2030-02-13 11:42:00,Scooter Pros Boston,Mobile Scooter and Moped repair,6 Orton Marotta WA,South Boston,MA,2127,42.33869,-71.05569000000003,scooter pros boston,,True,0.16164383561643836,1,Broadway,578.7771989969182
2019-02-06 09:47:00,3/17/23 12:52,2027-03-17 11:57:00,Seaport MedSpa,Medical Aesthetics,536 Broadway,South Boston,MA,2127,42.33567,-71.04291,seaport medspa,,True,7.186301369863013,1,Andrew,2251.219970998973
2024-01-02 14:47:00,,2028-01-02 14:45:00,Self CenteRX,Aesthetic Salon,654 Broadway,South Boston,MA,2127,42.33578,-71.03820000000002,self centerx,,True,2.2794520547945205,1,Andrew,2786.774990997646
2025-11-05 15:42:00,,2029-11-05 15:41:00,Self-Mastery Alliance,Online Coaching Services,45 Third ST,South Boston,MA,2127,42.342059,-71.05429400000003,selfmastery alliance,,True,0.43561643835616437,1,Broadway,359.55519599696726
2019-03-05 10:50:00,,2023-03-05 10:48:00,Seth B Minkin,Art Gallery,840 Summer ST,South Boston,MA,2127,42.33785,-71.03521999999998,seth b minkin,,False,4.0,1,Broadway,2946.552609001624
2019-03-07 11:47:00,,2023-03-07 11:45:00,Shag Loft,Hair Salon,840 Summer ST,South Boston,MA,2127,42.33785,-71.03521999999998,shag loft,,False,4.0,1,Broadway,2946.552609001624
2021-08-25 15:29:00,9/19/25 12:58,2029-09-19 12:51:00,Shamrock Pub,Restaurant,501 Eighth ST,South Boston,MA,2127,42.331253,-71.04127199999999,shamrock pub,,True,4.635616438356164,1,Andrew,1942.442502000123
2019-03-14 15:37:00,3/10/23 14:02,2027-03-10 14:00:00,Shannon Baillie Short Term Rental,Short Term Rental,167 Dorchester ST,South Boston,MA,2127,42.334256,-71.048769,shannon baillie short term rental,,True,7.087671232876712,1,Andrew,1443.1096680007895
2024-05-30 15:30:00,,2028-05-30 15:28:00,Sharmarke Shirwa,Livery,26 Knowlton ST,South Boston,MA,2127,42.33211,-71.04966000000002,sharmarke shirwa,,True,1.8712328767123287,1,Andrew,1105.665560997735
2022-08-31 09:01:00,,2026-08-31 08:59:00,Shayne Perkins LMT,Massage & Bodywork,14 Dorchester ST,South Boston,MA,2127,42.33701,-71.04342200000002,shayne perkins lmt,,True,3.6191780821917807,1,Broadway,2128.553426997617
2020-07-14 13:00:00,7/1/24 13:06,2028-07-01 13:05:00,SHE IS SOFIE JAMES SALON,Hair Salon,707 Broadway,South Boston,MA,2127,42.33541,-71.03706999999997,she is sofie james salon,,True,5.750684931506849,1,Andrew,2871.2193510031334
2021-11-18 14:14:00,11/12/25 16:20,2029-11-12 15:42:00,SHINE ON BOSTON,CLEANING,190 Old Colony AV,South Boston,MA,2127,42.333588,-71.05400700000001,shine on boston,,True,4.402739726027397,1,Andrew,786.8881019980793
2023-02-22 11:15:00,,2027-02-22 11:13:00,Shy Bird,Restaurant,12 Old Colony AV,South Boston,MA,2127,42.337671,-71.05660599999999,shy bird,,True,3.1397260273972605,1,Broadway,590.2216320011823
2025-12-30 12:59:00,,2029-12-30 12:57:00,Si Cara,Restaurant,401 Broadway,South Boston,MA,2127,42.337,-71.04843,si cara,,True,0.28493150684931506,1,Broadway,1573.2206489999296
2023-06-13 13:03:00,,2027-06-13 12:36:00,Sidewalk Cafe,Restaurant,764 Fourth ST,South Boston,MA,2127,42.334973,-71.033548,sidewalk cafe,,True,2.835616438356164,2,Andrew,3213.9967859998283
2018-08-23 14:41:00,,2022-08-23 12:38:00,SIDEWALK CAFE,RESTAURANT,764 Eighth ST,South Boston,MA,2127,42.331707,-71.03076299999998,sidewalk cafe,,False,4.0,2,Andrew,3160.552395002128
2025-07-21 14:33:00,,2029-07-21 14:32:00,Sign Center Boston,Sign Company,60 K ST,South Boston,MA,2127,42.339553,-71.037372,sign center boston,,True,0.7287671232876712,1,Broadway,2518.219703999089
2023-11-09 13:38:00,,2027-11-09 13:36:00,Signature Improvement,Maintenance Services,916 Broadway,South Boston,MA,2127,42.33596,-71.02747999999997,signature improvement,,True,2.4273972602739726,1,Andrew,3997.884891003114
2021-11-02 13:31:00,,2025-11-02 13:29:00,Silver Rat Studios,Software,552 Dorchester AV,South Boston,MA,2127,42.330587,-71.05674099999999,silver rat studios,,False,4.0,1,Andrew,149.66651700108412
2020-10-15 13:12:00,,2024-10-15 13:11:00,Simply Admire Boutique,online clothing boutique,41 General Lawrence J Logan WY,South Boston,MA,2127,42.328059,-71.05451099999999,simply admire boutique,,False,4.0,1,Andrew,582.1105290003447
2020-08-28 11:40:00,10/31/24 12:14,2028-10-31 12:13:00,Sim's Barber Lab,Barbershop,116 Broadway,South Boston,MA,2127,42.341406,-71.05460800000003,sims barber lab,,True,5.627397260273972,1,Broadway,397.2218249966071
2015-04-06 00:00:00,12/7/23 12:22,2027-12-07 12:18:00,SK DUGBAZAH ENTERPRISE,USED CAR DEALERSHIP,43 A ST,South Boston,MA,2127,42.341297,-71.05589099999997,sk dugbazah enterprise,,True,11.03013698630137,1,Broadway,266.77751100304545
2024-06-25 15:09:00,,2028-06-25 15:08:00,SKA Beauty,Beauty Salon,36 Broadway,South Boston,MA,2127,42.34269,-71.05628000000002,ska beauty,,True,1.8,1,Broadway,83.88880499820577
2017-08-07 11:15:00,8/4/25 12:24,2029-08-04 12:23:00,Sky Nail & Spa,Nail Salon,447 Broadway,South Boston,MA,2127,42.335997,-71.04684199999997,sky nail  spa,,True,8.687671232876712,2,Andrew,1850.664816002887
2013-01-07 00:00:00,,2013-11-15 00:00:00,SKY NAIL & SPA,WITHDRAWN 11/15/2013,447 Broadway,South Boston,MA,2127,42.335997,-71.04684199999997,sky nail  spa,,False,0.8547945205479452,2,Andrew,1850.664816002887
2018-01-02 13:02:00,5/26/22 15:17,2026-05-26 15:15:00,Slevin Construction Services,Construction,360 Second ST,South Boston,MA,2127,42.338473,-71.04636700000003,slevin construction services,,True,8.282191780821918,1,Broadway,1638.7761389962636
2024-05-08 10:59:00,,2028-05-08 10:58:00,SMALL VICTORIES,Restaurant,400 Dorchester ST,South Boston,MA,2127,42.329717,-71.05666200000002,small victories,,True,1.9315068493150684,1,Andrew,158.88872999753755
2015-05-21 00:00:00,6/22/23 14:14,2027-06-22 14:13:00,SMARTWATCH TECHNOLOGIES,TECHNOLOGY,846 Fifth ST,South Boston,MA,2127,42.334302,-71.02640300000002,smartwatch technologies,,True,10.906849315068493,1,Andrew,3933.329399997938
2024-01-03 10:46:00,,2028-01-03 10:30:00,Social Hour Salon,Hair Salon,658 Broadway,South Boston,MA,2127,42.33579,-71.03809000000001,social hour salon,,True,2.276712328767123,1,Andrew,2800.1083109987203
2017-05-11 15:42:00,,,Social Wines,Wine Retail Shop,52 Broadway,South Boston,MA,2127,42.342447,-71.05596600000001,social wines,,False,,1,Broadway,130.66653599852702
2013-09-27 00:00:00,9/2/25 16:37,2029-09-02 14:07:00,SODEXO AT P&G FOOD,FOOD SERVICE MGT,1 Gillette PK,South Boston,MA,2127,42.343815,-71.05688900000001,sodexo at pg food,,True,12.553424657534247,1,Broadway,141.22208099871955
2022-05-25 11:21:00,,2026-05-25 11:18:00,Solar Flare,Online Retail,8 Lovis ST,South Boston,MA,2127,42.336882,-71.05116499999997,solar flare,,True,3.8876712328767122,1,Broadway,1282.4431620030034
2013-03-11 00:00:00,,2014-01-06 00:00:00,SOLAR NAILS SALON,NAILS SALON,636 Dorchester AV,South Boston,MA,2127,42.328119,-71.05669,solar nails salon,,False,0.8246575342465754,1,Andrew,333.33299999922315
2024-11-22 15:46:00,,2028-11-22 15:40:00,Soleil Tan and Spa,Salon,673 Broadway,South Boston,MA,2127,42.33543,-71.03762999999998,soleil tan and spa,,True,1.389041095890411,1,Andrew,2811.219411002247
2025-10-24 13:54:00,,2029-10-24 13:52:00,Solstice Outdoor Furniture,Online Retail Ecommerce,933 Second ST,South Boston,MA,2127,42.337255,-71.02585499999998,solstice outdoor furniture,,True,0.4684931506849315,1,Broadway,4053.21816900236
2024-02-06 12:01:00,,2028-02-06 11:14:00,Sorted,"Unpacking Services-Home Organizing Services, Space Optimization Svcs.",794 Seventh ST,South Boston,MA,2127,42.332669,-71.02855,sorted,,True,2.1835616438356165,1,Andrew,3513.3298200004174
2024-12-13 15:54:00,,2028-12-13 15:53:00,SOUND EXPERIENCE,Arts Studio,510 Second ST,South Boston,MA,2127,42.337431,-71.042733,sound experience,,True,1.3315068493150686,1,Broadway,2158.3311749998056
2016-02-26 00:00:00,2/12/24 16:57,2028-02-12 16:50:00,SOUTH BOSTON APOTHECARY,NATURAL HOME AND BATH,677 Eighth ST,South Boston,MA,2127,42.331267,-71.03421100000003,south boston apothecary,,True,10.136986301369863,1,Andrew,2728.5528269962188
2019-01-30 12:33:00,,2023-01-30 12:32:00,South Boston Barbershop,Barbershop,149 Dorchester ST,South Boston,MA,2127,42.334573,-71.048068,south boston barbershop,,False,4.0,2,Andrew,1556.2206659994283
2014-10-23 00:00:00,,2016-01-19 00:00:00,SOUTH BOSTON BARBERSHOP,BARBERSHOP,149 Dorchester ST,South Boston,MA,2127,42.334573,-71.048068,south boston barbershop,,False,1.2410958904109588,2,Andrew,1556.2206659994283
2020-10-28 14:11:00,11/12/24 15:35,2028-11-12 13:14:00,South Boston Books,Online Retail,230 M ST,South Boston,MA,2127,42.330307,-71.033007,south boston books,,True,5.46027397260274,1,Andrew,2755.6639109996136
2014-05-15 00:00:00,3/6/26 16:12,2030-03-06 10:43:00,SOUTH BOSTON CHECK CASHING,CHECK CASHING,309 Old Colony AV,South Boston,MA,2127,42.3296,-71.05290600000001,south boston check cashing,,True,11.923287671232877,1,Andrew,589.2216329989702
2018-03-28 16:27:00,,2022-03-28 16:23:00,South Boston Chronicle,Newspaper,241 Monsignor Dennis F. O'Callaghan WY,South Boston,MA,2127,42.327319,-71.055161,south boston chronicle,,False,4.0,1,Andrew,592.1105189995714
2020-02-18 13:24:00,,2024-02-18 12:05:00,South Boston Custom IC Design,Consulting,50 Middle ST,South Boston,MA,2127,42.331829,-71.05588899999998,south boston custom ic design,,False,4.0,1,Andrew,382.3329510018288
2018-11-14 13:06:00,12/16/22 12:10,2026-12-15 11:31:00,South Boston Dental Associates,Dental practice,29 Farragut RD,South Boston,MA,2127,42.33727,-71.02544999999998,south boston dental associates,,True,7.416438356164384,1,Broadway,4096.551459002694
2021-11-10 16:06:00,,2025-11-10 11:40:00,South Boston Family Dental,Dental Office,591 Broadway,South Boston,MA,2127,42.33561271913169,-71.03650826260878,south boston family dental,,False,4.0,1,Andrew,2956.15887971687
2018-07-26 13:25:00,10/11/22 15:19,2026-10-11 12:42:00,South Boston Lithuanian Citizens' Assocation,Non-profit Association,368 Broadway,South Boston,MA,2127,42.33793,-71.04892000000001,south boston lithuanian citizens assocation,,True,7.720547945205479,1,Broadway,1415.4430289987972
2025-08-05 09:40:00,,2029-08-05 09:38:00,South Boston Market,Grocery Store,636 Dorchester AV,South Boston,MA,2127,42.328119,-71.05669,south boston market,,True,0.6876712328767123,1,Andrew,333.33299999922315
2023-03-21 10:37:00,,2027-03-21 10:36:00,South Boston Vending,Vending Machines,125 F ST,South Boston,MA,2127,42.336332,-71.04810900000001,south boston vending,,True,3.0657534246575344,1,Broadway,1683.109427998809
2013-11-13 00:00:00,,2015-09-28 00:00:00,SOUTH OCEAN CHINESE RESTAURANT,RESTAURANT,720 Broadway,South Boston,MA,2127,42.335787,-71.03637000000003,south ocean chinese restaurant,,False,1.873972602739726,1,Andrew,2990.8858979962743
2013-08-30 00:00:00,7/14/25 12:31,2029-07-14 12:27:00,SOUTHIE AUTO SERVICE,AUTO REPAIR,175 Old Colony AV,South Boston,MA,2127,42.333802,-71.054712,southie auto service,,True,12.63013698630137,1,Andrew,732.3326010000262
2024-05-09 15:32:00,,2028-05-09 15:31:00,SOUTHIE GAS,GAS STATION,79 Broadway,South Boston,MA,2127,42.34149,-71.05543999999998,southie gas,,True,1.9287671232876713,1,Broadway,295.44414900251286
2018-12-14 13:10:00,8/2/23 15:08,2027-08-02 15:05:00,Southie Liquors,Liquor Store,399 Broadway,South Boston,MA,2127,42.33706,-71.04853000000003,southie liquors,,True,7.3342465753424655,1,Broadway,1555.4428889966553
2022-03-29 14:20:00,3/10/26 11:52,2030-03-10 11:48:00,SOUTHIE NAILS AND SPA,NAIL SALON,150 Broadway,South Boston,MA,2127,42.34069,-71.05344300000002,southie nails and spa,,True,4.043835616438356,1,Broadway,606.2216159978924
2019-05-06 13:03:00,,2023-05-06 12:46:00,Southie Paws,Dog Walking Service,11 Brewster ST,South Boston,MA,2127,42.331775,-71.040549,southie paws,,False,4.0,1,Andrew,2080.7756969998204
2021-04-30 14:08:00,7/8/25 14:56,2029-07-08 14:44:00,Southie Wine & Spirits,liquor store,474 Eighth ST,South Boston,MA,2127,42.331519,-71.04207200000002,southie wine  spirits,,True,4.956164383561644,1,Andrew,1883.1092279975533
2024-02-14 12:08:00,,2028-02-14 11:29:00,SOUTHIES FOOD EMPORIUM,Convenience store,735 Sixth ST,South Boston,MA,2127,42.333018,-71.03134599999998,southies food emporium,,True,2.1616438356164385,1,Andrew,3241.441203001592
2017-03-06 11:57:00,12/16/21 12:44,2025-12-16 12:41:00,SOUTHIE'S OWN,RETAIL,396 Broadway,South Boston,MA,2127,42.33741,-71.04822999999999,southies own,,False,8.786301369863013,1,Broadway,1549.8873390012077
2013-09-05 00:00:00,,2015-07-06 00:00:00,SPA CHRISTINE,BEAUTY CARE,699 Broadway,South Boston,MA,2127,42.335792,-71.03754900000001,spa christine,,False,1.832876712328767,1,Andrew,2860.441583997976
2021-06-08 11:35:00,,2025-06-08 11:29:00,Sparta Restaurant and Consulting,Consulting,199 H ST,South Boston,MA,2127,42.330971,-71.04177300000003,sparta restaurant and consulting,,False,4.0,1,Andrew,1855.4425889955608
2019-11-07 16:25:00,,2023-11-07 16:23:00,Spaulding Group,Entertainment Services,320 D ST,South Boston,MA,2127,42.340972,-71.04964899999999,spaulding group,,False,4.0,1,Broadway,996.44344800112
2015-07-09 00:00:00,,2015-09-02 00:00:00,SPEEDWAY #2509,RETAIL CONVENIENCE STORE,151 Old Colony AV,South Boston,MA,2127,42.334409,-71.05532199999999,speedway 2509,,False,0.1506849315068493,2,Andrew,731.9992680008678
2015-09-02 00:00:00,5/16/24 12:49,2015-09-02 00:00:00,SPEEDWAY #2509,RETAIL CONVENIENCE STORE,151 Old Colony AV,South Boston,MA,2127,42.334409,-71.05532199999999,speedway 2509,,False,0.0,2,Andrew,731.9992680008678
2022-10-14 11:59:00,,2026-10-14 11:58:00,Speedy Towing,Towing,270 Monsignor Dennis F. O'Callaghan WY,South Boston,MA,2127,42.327897,-71.05535099999997,speedy towing,,True,3.4986301369863013,1,Andrew,506.777271002644
2024-09-09 16:31:00,,2028-09-09 13:24:00,SPESSO Travel,TRAVEL CONSULTANT,495 Fourth ST,South Boston,MA,2127,42.334408,-71.04539299999999,spesso travel,,True,1.5917808219178082,1,Andrew,1835.109276001108
2023-08-10 15:28:00,,2027-08-10 14:08:00,SPRING JOY,FREELANCE PRODUCER,798A Third ST,South Boston,MA,2127,42.336888,-71.02793300000002,spring joy,,True,2.6767123287671235,1,Broadway,3863.107247997597
2025-03-04 10:57:00,,2029-03-04 10:53:00,Spruce Skin,Med Spa,381 Broadway,South Boston,MA,2127,42.337456,-71.04915299999999,spruce skin,,True,1.1095890410958904,1,Broadway,1442.2207800006652
2025-09-22 12:52:00,,2029-09-22 12:51:00,Stack Plus Co.,Construction,555 Second ST,South Boston,MA,2127,42.337039,-71.04108100000002,stack plus co,,True,0.5561643835616439,1,Broadway,2385.4420589979973
2025-10-01 16:22:00,,2029-10-01 15:48:00,Stapleton Floral,Florist,635 Broadway,South Boston,MA,2127,42.33561271913169,-71.03650826260878,stapleton floral,,True,0.5315068493150685,1,Andrew,2956.15887971687
2016-10-28 12:21:00,11/28/22 12:12,2026-11-28 11:56:00,Starbucks Coffee,Coffee Shop,749 Broadway,South Boston,MA,2127,42.33541,-71.03562,starbucks coffee,,True,9.463013698630137,1,Andrew,3032.330301000587
2017-02-27 12:10:00,11/28/22 12:12,2026-11-28 11:52:00,Starbucks Coffee #16764,Retail Cafe',11 Broadway,South Boston,MA,2127,42.342384,-71.05674699999997,starbucks coffee 16764,,True,9.128767123287671,1,Broadway,50.88883800257357
2024-04-24 12:05:00,,2028-04-24 12:02:00,Station News 2,Convenience Store,573 Dorchester AV,South Boston,MA,2127,42.32988,-71.05718000000002,station news 2,,True,1.9698630136986301,1,Andrew,83.22213899752046
2014-01-17 00:00:00,12/1/25 16:15,2029-12-01 15:41:00,STATS BAR & GRILLE,RESTAURANT,77 Dorchester ST,South Boston,MA,2127,42.335763,-71.045297,stats bar  grille,,True,12.246575342465754,1,Andrew,1996.33133699907
2020-03-19 13:27:00,5/1/24 14:09,2028-05-01 11:28:00,Stefanov Architects,Architecture,93 F ST,South Boston,MA,2127,42.335532,-71.04905200000002,stefanov architects,,True,6.071232876712329,1,Andrew,1553.442890997757
2023-05-01 15:35:00,,2027-05-01 13:18:00,Steven Hill,Short Term Rental,101 D ST,South Boston,MA,2127,42.335247,-71.05488300000002,steven hill,,True,2.9534246575342467,1,Andrew,873.8880149979041
2020-05-05 11:43:00,,2024-05-05 11:41:00,Steven Rodich Creative Services,Advertising,154 Second ST,South Boston,MA,2127,42.342159,-71.052031,steven rodich creative services,,False,4.0,1,Broadway,599.8882889996717
2015-12-17 00:00:00,1/17/20 15:05,2024-01-17 15:04:00,STEVE'S HANDYMAN SERVICE,HANDYMAN SERVICES,94 B ST,South Boston,MA,2127,42.340601,-71.05437999999998,steves handyman service,,False,8.09041095890411,1,Broadway,511.999488002091
2015-06-09 00:00:00,6/26/23 10:55,2027-06-26 10:04:00,STOP & SHOP SUPERMARKET #053,SUPERMARKET,713 Broadway,South Boston,MA,2127,42.335294,-71.036651,stop  shop supermarket 053,,True,10.854794520547944,1,Andrew,2904.8859839986617
2025-04-01 15:31:00,,2029-04-01 15:30:00,Stretch and Stride Therapies,Horse Massage Therapy,624 Second ST,South Boston,MA,2127,42.337398,-71.03828399999998,stretch and stride therapies,,True,1.0328767123287672,1,Broadway,2656.3306770025056
2015-04-16 00:00:00,3/6/23 12:27,2027-03-06 12:26:00,SUNNY FLORISTS,FLORIST,9 Broadway,South Boston,MA,2127,42.34252,-71.05691000000002,sunny florists,,True,11.002739726027396,1,Broadway,17.66664899802852
2022-07-13 14:31:00,,2026-07-13 13:02:00,Sunrise Mental Health Coaching,Life Coaching,2 Bay State PL,South Boston,MA,2127,42.337884,-71.03794199999999,sunrise mental health coaching,,True,3.7534246575342465,1,Broadway,2640.3306930010585
2014-01-14 00:00:00,8/27/25 14:45,2029-08-27 12:29:00,SUPERSHINE AUTO WASH,CARWASH,39 Old Colony AV,South Boston,MA,2127,42.336566,-71.05638999999996,supershine auto wash,,True,12.254794520547945,1,Broadway,736.9992630040338
2018-10-17 14:51:00,,2022-10-17 14:48:00,SWEAT FIXX,FITNESS,323 Dorchester AV,South Boston,MA,2127,42.336913,-71.058135,sweat fixx,,False,4.0,1,Broadway,764.1103469987441
2021-06-24 11:46:00,,2025-06-24 11:45:00,Sweet Essentials,Retail Boutique,159 Old Colony AV,South Boston,MA,2127,42.33433,-71.05504200000001,sweet essentials,,False,4.0,1,Andrew,754.3325789981669
2022-06-17 11:59:00,,2026-06-17 11:53:00,TACO BELL,Restaurant,449 Broadway,South Boston,MA,2127,42.335937,-71.04678999999999,taco bell,,True,3.824657534246575,1,Andrew,1849.775928001184
2024-01-12 13:02:00,,2028-01-12 13:00:00,"Tara Lashes, Brows and Nail Spa",Beauty Salon,746 Broadway,South Boston,MA,2127,42.33561271913169,-71.03650826260878,tara lashes brows and nail spa,,True,2.252054794520548,1,Andrew,2956.15887971687
2019-02-28 13:53:00,,2023-02-28 11:58:00,TATA Residence,Short Term Rental Housing,1 Atlantic ST,South Boston,MA,2127,42.334535,-71.04643499999997,tata residence,,False,4.0,1,Andrew,1733.4427110027852
2023-10-24 10:05:00,,2027-10-24 10:05:00,Tatte Bakery & Cafe,Bakery & Cafe,60 Old Colony AV,South Boston,MA,2127,42.336245,-71.05552499999999,tatte bakery  cafe,,True,2.4712328767123286,3,Broadway,868.7769090013345
2015-08-07 00:00:00,,2019-08-07 00:00:00,TEDESCHI FOOD SHOPS #35,,555 Broadway,South Boston,MA,2127,42.335343,-71.04196100000001,tedeschi food shops 35,,False,4.002739726027397,2,Andrew,2320.331012998173
2015-08-07 00:00:00,,2019-08-07 00:00:00,TEDESCHI FOOD SHOPS #37357,CONVENIENCE STORE,555 Broadway,South Boston,MA,2127,42.335343,-71.04196100000001,tedeschi food shops 37357,,False,4.002739726027397,1,Andrew,2320.331012998173
2012-09-07 00:00:00,,2016-09-07 00:00:00,TEDESCHI FOOD SHOPS (#29),RETAIL CONVENIENCE STORE,405 Broadway,South Boston,MA,2127,42.336904,-71.04830099999998,tedeschi food shops 29,,False,4.002739726027397,1,Broadway,1598.2206240023386
2012-09-07 00:00:00,,2016-09-07 00:00:00,TEDESCHI FOOD SHOPS (#35),RETAIL CONVENIENCE STORE,555 Broadway,South Boston,MA,2127,42.335343,-71.04196100000001,tedeschi food shops 35,,False,4.002739726027397,2,Andrew,2320.331012998173
2017-05-16 10:41:00,,,TEDESCHI'S FOOD SHOP #402,CONVENIENCE STORE,566 Dorchester AV,South Boston,MA,2127,42.330305,-71.05656699999997,tedeschis food shop 402,,False,,1,Andrew,137.6665290029595
2016-05-11 00:00:00,5/12/20 14:27,2024-05-12 14:26:00,TEKLA HEALTHCARE INVESTORS,MA BUSINESS TRUST REGISTERED,19 Third ST,South Boston,MA,2127,42.342656,-71.05496,tekla healthcare investors,,False,8.008219178082191,1,Broadway,226.77755100061228
2016-05-12 00:00:00,5/12/20 14:33,2024-05-12 14:33:00,TEKLA HEALTHCARE OPPORTUNITIES FUND,MA BUSINESS TRUST REGISTERED,19 Third ST,South Boston,MA,2127,42.342656,-71.05496,tekla healthcare opportunities fund,,False,8.005479452054795,1,Broadway,226.77755100061228
2016-05-11 00:00:00,5/12/20 14:21,2024-05-12 14:19:00,TEKLA LIFE SCIENCES INVESTORS,MA BUSINESS TRUST REGISTERED,19 Third ST,South Boston,MA,2127,42.342656,-71.05496,tekla life sciences investors,,False,8.008219178082191,1,Broadway,226.77755100061228
2016-05-11 00:00:00,5/12/20 14:31,2024-05-12 14:30:00,TEKLA WORLD HEALTHCARE FUND,MA BUSINESS TRUST REGISTERED,19 Third ST,South Boston,MA,2127,42.342656,-71.05496,tekla world healthcare fund,,False,8.008219178082191,1,Broadway,226.77755100061228
2022-12-02 14:31:00,,2026-12-02 14:26:00,Telegraph Hill Kitchen & Bar,Restaurant,289 Dorchester ST,South Boston,MA,2127,42.332043,-71.052771,telegraph hill kitchen  bar,,True,3.3643835616438356,1,Andrew,752.5548029987079
2018-10-25 13:58:00,,2022-10-25 13:55:00,Telegraph Street Productions,Video Production,26 Telegraph ST,South Boston,MA,2127,42.33308,-71.049733,telegraph street productions,,False,4.0,1,Andrew,1205.3321279995278
2017-12-19 11:43:00,11/6/25 15:53,2029-11-06 09:42:00,Thai Herbal Therapy,Spa/Body wORKS,620 Broadway,South Boston,MA,2127,42.335739,-71.03940399999999,thai herbal therapy,,True,8.32054794520548,1,Andrew,2648.441796000317
2022-07-21 12:28:00,,2026-07-21 12:25:00,THAI SPA WEST BROADWAY,massage therapy/bodywork,150 Broadway,South Boston,MA,2127,42.34069,-71.05344300000002,thai spa west broadway,,True,3.7315068493150685,1,Broadway,606.2216159978924
2019-10-11 13:00:00,,2023-10-11 12:59:00,The Babe Cave,Beauty Services,653 Broadway,South Boston,MA,2127,42.3354,-71.03849000000002,the babe cave,,False,4.0,1,Andrew,2712.330620996912
2019-07-01 13:47:00,6/30/23 14:34,2027-06-30 14:31:00,The Boston Bailey B&B,Air BNB,101 P ST,South Boston,MA,2127,42.334502,-71.02729699999998,the boston bailey bb,,True,6.789041095890411,1,Andrew,3856.218366002358
2017-04-07 11:34:00,,,The Boston Beer Garden,BAr,734 Broadway,South Boston,MA,2127,42.335812,-71.03605900000002,the boston beer garden,,False,,1,Andrew,3028.219193996756
2022-03-24 10:39:00,,2026-03-24 10:37:00,The Cart Tender,Mobile Bartender,151 Sixth ST,South Boston,MA,2127,42.336402,-71.052707,the cart tender,,False,4.0,1,Broadway,1164.4432800001284
2020-02-24 13:02:00,,2024-02-24 13:00:00,The CLT Method,Beauty Salon/Spa,632 Broadway,South Boston,MA,2127,42.33575,-71.03917000000001,the clt method,,False,4.0,1,Andrew,2675.663990997905
2014-11-05 00:00:00,,2015-02-27 00:00:00,THE DAILY SQUEEZE,JUICE BAR,359 Broadway,South Boston,MA,2127,42.3388345649572,-71.05089270276682,the daily squeeze,,False,0.31232876712328766,1,Broadway,1095.7469349163368
2025-08-19 14:40:00,,2029-08-19 14:26:00,The Essex,Restaurant,6 Broadway,South Boston,MA,2127,42.343027,-71.05703,the essex,,True,0.6493150684931507,1,Broadway,51.99994799976828
2016-08-16 15:36:00,,,The Fuzzy Den,Pet Sitting/Dog Training,607 Dorchester AV,South Boston,MA,2127,42.32889,-71.05712,the fuzzy den,,False,,1,Andrew,199.8886889998144
2023-03-08 12:01:00,,2027-03-08 11:59:00,The Gallery Liquor & Wine,Package Store,605 Broadway,South Boston,MA,2127,42.33561271913169,-71.03650826260878,the gallery liquor  wine,,True,3.1013698630136988,1,Andrew,2956.15887971687
2022-03-11 13:11:00,,2026-03-11 10:47:00,The Galley Diner,Restaurant,11 P ST,South Boston,MA,2127,42.33778,-71.02743099999998,the galley diner,,False,4.0,2,Broadway,3819.7739580020007
2014-03-20 00:00:00,3/20/18 12:21,2022-03-20 12:18:00,THE GALLEY DINER,RESTAURANT,11 P ST,South Boston,MA,2127,42.33778,-71.02743099999998,the galley diner,,False,8.005479452054795,2,Broadway,3819.7739580020007
2018-07-11 15:25:00,,2022-07-11 15:24:00,The Gauntlet Combat Shootout,Fundraising Coordinator,34 Mitchell ST,South Boston,MA,2127,42.332111,-71.052954,the gauntlet combat shootout,,False,4.0,1,Andrew,739.7770379993891
2015-02-11 00:00:00,2/14/24 12:08,2028-02-14 11:19:00,THE LIQUOR & WINE EMPORIUM,LIQUOR STORE,336 K ST,South Boston,MA,2127,42.332167,-71.03709100000003,the liquor  wine emporium,,True,11.178082191780822,1,Andrew,2508.553046995863
2019-06-11 14:21:00,,2023-06-11 14:19:00,The Lotus Leaf,Moblie Massage Therapy,286 Bolton ST,South Boston,MA,2127,42.337195,-71.04530799999998,the lotus leaf,,False,4.0,1,Broadway,1898.4425460022624
2015-07-13 00:00:00,1/5/21 11:30,2025-01-05 10:04:00,THE LUXURY BOX,BARBER SHOP,649 Broadway,South Boston,MA,2127,42.33542,-71.03866,the luxury box,,False,9.490410958904109,1,Andrew,2695.663971000306
2015-06-03 00:00:00,7/3/23 15:06,2027-07-03 14:15:00,THE PARAMOUNT,RESTAURANT,667 Broadway,South Boston,MA,2127,42.33542,-71.03786000000002,the paramount,,True,10.871232876712329,1,Andrew,2784.5527709969406
2022-12-15 12:41:00,,2026-12-15 12:38:00,The Point Clothing Lounge,Men's Retail Clothing,135 Emerson ST,South Boston,MA,2127,42.335364,-71.03951,the point clothing lounge,,True,3.328767123287671,1,Andrew,2594.997404998669
2019-02-28 12:37:00,,2023-02-28 12:34:00,The Rock Building Service,Cleaning Services,20 Carmody CT,South Boston,MA,2127,42.330698,-71.04922199999999,the rock building service,,False,4.0,1,Andrew,997.4434470009636
2016-03-02 00:00:00,2/12/24 11:06,2028-02-12 11:05:00,THE ROOF HUB,GENERAL CONTRACTOR,240 Eighth ST,South Boston,MA,2127,42.332507,-71.050253,the roof hub,,True,10.123287671232877,1,Andrew,1083.8878049998227
2024-06-17 16:01:00,,2028-06-17 15:46:00,THE SALON AT COMPASS BAY,SALON SERVICES,1380 Columbia RD,South Boston,MA,2127,42.330814,-71.04495700000001,the salon at compass bay,,True,1.821917808219178,1,Andrew,1484.220737998049
2015-07-13 00:00:00,1/5/21 11:30,2025-01-05 10:06:00,THE SPOT CLOTHING,RETAIL,380 Dorchester AV,South Boston,MA,2127,42.335367,-71.05682100000001,the spot clothing,,False,9.490410958904109,1,Andrew,671.8882169978933
2020-07-14 12:24:00,,2024-07-14 12:23:00,The Twins Enterprise,Online general merchandise and logistics,6 Mary Boyle WY,South Boston,MA,2127,42.33132,-71.05203599999999,the twins enterprise,,False,4.0,1,Andrew,753.888135000868
2020-11-24 11:10:00,,2024-11-24 14:01:00,The Upside Travel Company,Technolgy,543 Dorchester AV,South Boston,MA,2127,42.330704,-71.05712699999998,the upside travel company,,False,4.002739726027397,1,Andrew,119.77765800154458
2013-11-21 00:00:00,,2015-10-06 00:00:00,THE URBAN ART BAR,ART STUDIO/ BAR - CH BUS LOC 6/30/14,709 Broadway,South Boston,MA,2127,42.33542,-71.03700000000003,the urban art bar,,False,1.873972602739726,1,Andrew,2880.108230995692
2022-05-27 11:16:00,,2026-05-27 11:15:00,The Wig Bar,Retail,551 Dorchester AV,South Boston,MA,2127,42.330547,-71.05717099999998,the wig bar,,True,3.882191780821918,1,Andrew,97.44434700187688
2023-09-19 11:50:00,,2027-09-19 11:49:00,THE WINGWOMEN,Management Company,423 Broadway,South Boston,MA,2127,42.33652,-71.04773,the wingwomen,,True,2.5671232876712327,1,Broadway,1704.331628999703
2023-06-05 16:07:00,,2027-06-05 12:46:00,The Yahd,Studio Fitness,55 Fifth ST,South Boston,MA,2127,42.339616,-71.05586199999999,the yahd,,True,2.8575342465753426,1,Broadway,456.77732100098416
2019-07-16 16:30:00,6/26/23 16:28,2027-06-26 15:20:00,Thomas Park Place,Short-Term Rental,60 Thomas PK,South Boston,MA,2127,42.331959,-71.04555399999998,thomas park place,,True,6.747945205479452,1,Andrew,1545.109566001428
2016-01-19 00:00:00,1/9/24 14:39,2028-01-09 12:38:00,THOMAS W COX ELECTRIC CO,ELECTRICAL CONTRACTOR,765 Third ST,South Boston,MA,2127,42.33643,-71.02889099999999,thomas w cox electric co,,True,10.241095890410959,1,Broadway,3807.551748001279
2013-08-30 00:00:00,,2017-08-30 00:00:00,THREADS + MANE,ONLINE BLOG AND RETAIL,180 Gold ST,South Boston,MA,2127,42.337314,-71.05111999999997,threads  mane,,False,4.002739726027397,1,Broadway,1239.4432050034077
2024-07-03 13:59:00,,2028-07-03 13:57:00,THREADZ,Clothing Brand,622 Fifth ST,South Boston,MA,2127,42.334078,-71.03565600000002,threadz,,True,1.7780821917808218,1,Andrew,2880.330452997499
2022-01-04 15:19:00,,2026-01-04 15:17:00,Thrill Entertainment,Events Planning and Services,630 Broadway,South Boston,MA,2127,42.335744,-71.039243,thrill entertainment,,False,4.0,1,Andrew,2666.88622199954
2019-12-04 13:50:00,12/5/23 9:08,2027-12-05 09:00:00,Time Security,Computer Repair,1 Crowley-Rogers WY,South Boston,MA,2127,42.339819,-71.054641,time security,,True,6.361643835616438,1,Broadway,569.8883189996232
2017-06-13 10:45:00,5/21/21 12:40,2025-05-21 10:43:00,T-Mobile,Retail,471 Broadway,South Boston,MA,2127,42.33556,-71.0462,tmobile,,False,7.93972602739726,2,Andrew,1873.4425709998536
2021-05-14 13:41:00,,2025-05-14 11:00:00,T-Mobile,Retail,471 Broadway,South Boston,MA,2127,42.33556,-71.0462,tmobile,,False,4.0,2,Andrew,1873.4425709998536
2017-03-20 13:23:00,3/18/25 14:36,2029-03-18 14:34:00,Tolman Manufacturing & Supply,Sale of welding supplies,61 Dorchester ST,South Boston,MA,2127,42.336208,-71.04485399999999,tolman manufacturing  supply,,True,9.07123287671233,1,Broadway,2058.553497001451
2022-03-28 12:38:00,,2026-03-28 12:36:00,Tom Miller Demo,Project Manager,838 Second ST,South Boston,MA,2127,42.337545,-71.02978200000001,tom miller demo,,False,4.0,1,Broadway,3584.663081998743
2016-12-22 09:07:00,,,Top & Sons,Consulting,10 Monsignor Dennis F. O'Callaghan WY,South Boston,MA,2127,42.324557,-71.05355099999997,top  sons,,False,,1,JFK/UMass,551.332781995944
2023-12-12 13:35:00,,2027-12-12 13:33:00,Tranquility,Short Term Rental,27 Dexter ST,South Boston,MA,2127,42.330466,-71.05807099999998,tranquility,,True,2.336986301369863,1,Andrew,80.88880799867462
2020-03-03 12:17:00,,2024-03-03 12:16:00,Triad Agro Industrial,Food Manufacture/Marketing,0 Eighth ST,South Boston,MA,2127,42.33150212487375,-71.04068541550009,triad agro industrial,,False,4.0,1,Andrew,2035.2990062161389
2019-09-27 10:20:00,9/18/23 13:32,2027-09-18 11:46:00,TRIWELLNESS HOLISTIC CENTER,Holistic Health Center,699 Broadway,South Boston,MA,2127,42.335792,-71.03754900000001,triwellness holistic center,,True,6.5479452054794525,1,Andrew,2860.441583997976
2024-06-05 11:21:00,,2028-06-05 11:13:00,TROWEL TRADES SUPPLY,CONSTRUCTION MATERIALS,480 First ST,South Boston,MA,2127,42.338677,-71.04044299999998,trowel trades supply,,True,1.8547945205479452,1,Broadway,2274.331059002204
2021-07-16 13:02:00,6/26/25 10:31,2029-06-26 10:26:00,True Fitness,Health Club/Gym,323 Dorchester AV,South Boston,MA,2127,42.336913,-71.058135,true fitness,,True,4.745205479452054,1,Broadway,764.1103469987441
2018-03-12 12:01:00,,2022-03-12 12:00:00,T's Marine Co.,Mobile Marine Service,228 E ST,South Boston,MA,2127,42.335496,-71.052233,ts marine co,,False,4.0,1,Andrew,1195.9988039994073
2018-12-06 12:57:00,2/6/23 12:46,2027-02-06 12:40:00,TS Marketing,Marketing,46 Monsignor Dennis F. O'Callaghan WY,South Boston,MA,2127,42.325005,-71.05391900000001,ts marketing,,True,7.3561643835616435,1,JFK/UMass,641.9993579999327
2019-03-20 13:51:00,4/28/23 12:25,2027-04-28 11:21:00,Tudor Rentals,Short Term Rental,114 Tudor ST,South Boston,MA,2127,42.336372,-71.053065,tudor rentals,,True,7.071232876712329,1,Broadway,1127.9988719997712
2015-12-23 00:00:00,12/23/19 16:23,2023-12-23 13:30:00,TUDOR SALES,USED CAR SALES,209 Tudor ST,South Boston,MA,2127,42.33413,-71.04984300000001,tudor sales,,False,8.005479452054795,1,Andrew,1309.7764679987315
2024-01-30 12:53:00,,2028-01-30 12:51:00,ULTRA SUPPLY CO.,E-COMMERCE,846 Fifth ST,South Boston,MA,2127,42.334302,-71.02640300000002,ultra supply co,,True,2.202739726027397,1,Andrew,3933.329399997938
2015-12-23 00:00:00,12/5/19 14:08,2023-12-05 11:07:00,UNIQUE VERVE,SKINCARE SPA,205 Sixth ST,South Boston,MA,2127,42.33523,-71.05084499999998,unique verve,,False,7.956164383561644,1,Andrew,1320.66534600203
2026-01-30 08:58:00,,2030-01-30 08:57:00,United Cleaning Co,Cleaning Services,1550 Columbia RD,South Boston,MA,2127,42.330327,-71.03882099999998,united cleaning co,,True,0.2,1,Andrew,2111.886777001011
2013-07-22 00:00:00,3/11/26 15:04,2030-03-11 10:53:00,UNIVERSAL SCHILO,MULTISERVICE,205 Sixth ST,South Boston,MA,2127,42.33523,-71.05084499999998,universal schilo,,True,12.736986301369862,1,Andrew,1320.66534600203
2020-02-24 11:36:00,2/23/24 15:53,2028-02-23 15:52:00,VALLEY IQ,Online retail,246 Third ST,South Boston,MA,2127,42.338296,-71.04767300000003,valley iq,,True,6.136986301369863,1,Broadway,1513.3318199963942
2023-08-28 15:23:00,,2027-08-28 12:14:00,VAO Managements,STR,41 Telegraph ST,South Boston,MA,2127,42.332831,-71.04920900000002,vao managements,,True,2.627397260273973,1,Andrew,1235.887652997384
2013-01-04 00:00:00,,2013-06-18 00:00:00,VDA OF MA (VISITING DENTAL ASSOCIATES OF MA.),PUBLIC HEALTH DENTAL HYGIENE,348 Dorchester ST,South Boston,MA,2127,42.330492,-71.05452500000001,vda of ma visiting dental associates of ma,,False,0.4520547945205479,1,Andrew,385.3329479982019
2019-07-30 16:23:00,,2023-07-30 16:22:00,Vemi Apparell,Online Retail,51 Rev Richard A Burke ST,South Boston,MA,2127,42.330663,-71.050321,vemi apparell,,False,4.0,1,Andrew,871.4435730001283
2020-11-17 10:03:00,,2024-11-17 10:02:00,Verde Services,digital signage and pos installation and repair,10 Monsignor Dennis F. O'Callaghan WY,South Boston,MA,2127,42.324557,-71.05355099999997,verde services,,False,4.0,1,JFK/UMass,551.332781995944
2024-10-16 13:10:00,,2028-10-16 13:09:00,VFCeats,Restaurant,313 Old Colony AV,South Boston,MA,2127,42.329707,-71.05287099999998,vfceats,,True,1.4904109589041097,1,Andrew,581.2216410017994
2019-09-09 14:25:00,9/8/23 13:52,2027-09-08 12:14:00,View Of Boston,Short-Term Rental,508 Broadway,South Boston,MA,2127,42.33566,-71.04408999999998,view of boston,,True,6.597260273972603,1,Andrew,2118.997881001216
2014-07-25 00:00:00,5/4/18 10:31,2022-05-04 09:53:00,VIGO REMITTANCE,MONEY TRANSFER MACHINE,334 Eighth ST,South Boston,MA,2127,42.331325,-71.04758800000002,vigo remittance,,False,7.780821917808219,4,Andrew,1248.6654179974926
2014-07-25 00:00:00,5/4/18 11:26,2022-05-04 10:22:00,VIGO REMITTANCE,MONEY TRANSFER MACHINE,260 Eighth ST,South Boston,MA,2127,42.332263,-71.04992199999998,vigo remittance,,False,7.780821917808219,4,Andrew,1093.5544620014698
2014-07-25 00:00:00,5/4/18 10:37,2022-05-04 09:57:00,VIGO REMITTANCE,MONEY TRANSFER MACHINE,463 Broadway,South Boston,MA,2127,42.33561271913169,-71.03650826260878,vigo remittance,,False,7.780821917808219,4,Andrew,2956.15887971687
2022-09-08 13:59:00,,2026-09-08 13:58:00,Village Pizza & Grill,Fast Food,56 L ST,South Boston,MA,2127,42.336382,-71.035278,village pizza  grill,,True,3.5972602739726027,1,Broadway,3103.219118999245
2025-02-04 09:28:00,,2029-02-04 09:25:00,Vinyl Optics,Custom Signage & Decals,55 William T Morrissey BLVD,Dorchester,MA,2127,42.317769,-71.05016799999999,vinyl optics,,True,1.1863013698630136,1,JFK/UMass,523.5550320021273
2023-07-11 09:20:00,,2027-07-11 08:57:00,Visions Desi9n,Landscaping Services,16 General Lawrence J Logan WY,South Boston,MA,2127,42.32708,-71.05358999999999,visions desi9n,,True,2.758904109589041,1,Andrew,793.2214290010369
2024-01-29 13:27:00,,2028-01-29 11:43:00,Voter,Community Engagement,12 Mohawk ST,South Boston,MA,2127,42.328724,-71.05548699999997,voter,,True,2.2054794520547945,2,Andrew,399.7773780027868
2024-01-29 13:28:00,,2028-01-29 11:44:00,Vot-ER,Community Engagement,12 Mohawk ST,South Boston,MA,2127,42.328724,-71.05548699999997,voter,,True,2.2054794520547945,2,Andrew,399.7773780027868
2019-02-21 08:58:00,,2023-02-21 08:57:00,Waggin Tails,Pet Services/Walking,33 I ST,South Boston,MA,2127,42.336984,-71.04013500000002,waggin tails,,False,4.0,1,Broadway,2496.664169997457
2019-03-14 15:10:00,5/24/23 9:53,2027-05-24 09:43:00,Walgreens #17169,Retail Merchant,710 Broadway,South Boston,MA,2127,42.336172,-71.03651100000002,walgreens 17169,,True,7.087671232876712,1,Broadway,2989.5525659980617
2020-04-13 14:30:00,4/18/24 9:09,2028-04-18 09:06:00,Wave Collective,Marketing,11 Elkins ST,South Boston,MA,2127,42.339353,-71.03612900000002,wave collective,,True,6.002739726027397,1,Broadway,2678.552876997717
2026-01-30 13:07:00,,2030-01-30 13:05:00,WAY IN WAY OUT,Management Consulting,39 A ST,South Boston,MA,2127,42.341298,-71.05594200000002,way in way out,,True,0.2,1,Broadway,260.99973899789563
2020-12-22 10:46:00,12/16/24 16:05,2028-12-16 13:47:00,"WCB Associates Construction Consulting, Engineering and Surveying",Construction consulting,760 Eighth ST,South Boston,MA,2127,42.331703,-71.03094399999998,wcb associates construction consulting engineering and surveying,,True,5.30958904109589,1,Andrew,3139.9968600019192
2019-04-08 13:17:00,,2023-04-08 12:37:00,Werklehrer Education,Education,162 I ST,South Boston,MA,2127,42.33263,-71.03971000000001,werklehrer education,,False,4.0,1,Andrew,2268.9977309983
2016-11-14 12:15:00,5/20/21 10:05,2025-05-20 10:02:00,WEST BROADWAY FAMILY DENTAL,DENTAL OFFICE,385 Broadway,South Boston,MA,2127,42.33738,-71.04901000000001,west broadway family dental,,False,8.515068493150684,1,Broadway,1466.554088998441
2016-04-05 00:00:00,5/6/24 16:00,2028-05-06 11:36:00,WEST SEVENTH MINI MARKET,CONVENIENT STORE (SUNDLY GOODS,51 Seventh ST,South Boston,MA,2127,42.337068,-71.05542100000002,west seventh mini market,,True,10.03013698630137,1,Broadway,788.8880999969772
2025-09-23 10:18:00,,2029-09-23 10:17:00,Will Levesque Training,Personal Training,663 Broadway,South Boston,MA,2127,42.33543,-71.03800000000001,will levesque training,,True,0.5534246575342465,1,Andrew,2770.108340998672
2020-01-13 11:49:00,,2024-01-13 11:48:00,William Caron,Cleaning Services,506 Broadway,South Boston,MA,2127,42.335682,-71.04438700000003,william caron,,False,4.0,1,Andrew,2088.442355996254
2022-01-25 15:22:00,2/9/26 14:37,2030-02-09 12:56:00,WILSON BARBER SERVICES,Barber,397 Dorchester ST,South Boston,MA,2127,42.329978,-71.056669,wilson barber services,,True,4.2164383561643834,1,Andrew,129.11098200008595
2021-09-16 14:53:00,8/18/25 16:35,2029-08-18 16:14:00,Wink Eyecare,Optical/Optometry,647 Broadway,South Boston,MA,2127,42.33561271913169,-71.03650826260878,wink eyecare,,True,4.575342465753424,1,Andrew,2956.15887971687
2015-03-30 00:00:00,6/26/23 16:24,2027-06-26 15:02:00,WM. F. SPENCER FUNERAL SERVICE,FUNERAL SERVICE,575 Broadway,South Boston,MA,2127,42.33535,-71.04124000000002,wm f spencer funeral service,,True,11.04931506849315,1,Andrew,2401.219820997637
2014-11-20 00:00:00,11/10/22 10:24,2026-11-10 10:22:00,WORDEN HALL,RESTAURANT,22 Broadway,South Boston,MA,2127,42.3388345649572,-71.05089270276682,worden hall,,True,11.405479452054795,1,Broadway,1095.7469349163368
2023-06-16 14:40:00,,2027-06-16 14:23:00,X-celerate Consulting,Consulting Services,55 Woodward ST,South Boston,MA,2127,42.330624,-71.05557299999998,xcelerate consulting,,True,2.8273972602739725,1,Andrew,283.5552720017392
2019-11-01 11:53:00,,2023-11-01 11:53:00,XOTIC PRINTZ,T-SHIRT PRINTING,141 Broadway,South Boston,MA,2127,42.340727,-71.05420300000003,xotic printz,,False,4.002739726027397,1,Broadway,517.6661489964685
2021-03-02 13:13:00,,2025-03-02 13:11:00,Yves Boston,Gift Agency,371 Dorchester ST,South Boston,MA,2127,42.33041,-71.05577,yves boston,,False,4.0,1,Andrew,237.8886510001917
2023-10-31 15:47:00,,2027-10-31 15:46:00,YVONNE'S COMMERCIAL CLEANING SERVICES,Commercial cleaning,244 Eighth ST,South Boston,MA,2127,42.33246,-71.05017599999996,yvonnes commercial cleaning services,,True,2.452054794520548,1,Andrew,1087.2211350032492
2019-01-30 13:35:00,3/6/23 14:40,2027-03-06 12:48:00,11 Mortgage,Third Party Residential Loan Originator,44 School ST,Boston,MA,2108,42.357681,-71.05967800000002,11 mortgage,,True,7.205479452054795,1,Government Center,276.33305700260473
2018-06-06 14:19:00,,2022-06-06 14:18:00,1120Films,Films Production,333 Washington ST,Boston,MA,2108,42.356857,-71.05908,1120films,,False,4.0,1,Downtown Crossing,275.9997240010779
2024-09-13 10:39:00,,2028-09-13 10:37:00,116 Mt. Vernon #4,Short Term Rental,116 Mount Vernon ST,Boston,MA,2108,42.357714,-71.07001300000002,116 mt vernon 4,,True,1.5808219178082192,1,Charles/MGH,551.6661149982604
2021-11-19 13:41:00,11/14/25 13:00,2029-11-14 12:56:00,1928 Beacon Hill,Restaurant,97 Mount Vernon ST,Boston,MA,2108,42.358045,-71.06972100000002,1928 beacon hill,,True,4.4,1,Charles/MGH,547.3327859989375
2025-08-26 16:04:00,,2029-08-26 13:41:00,1ST TRIBAL LENDING,MORTAGE ORIGINATIONS AND SERVICING,44 School ST,Boston,MA,2108,42.357681,-71.05967800000002,1st tribal lending,,True,0.6301369863013698,1,Government Center,276.33305700260473
2015-05-26 00:00:00,5/23/19 16:13,2023-05-23 16:09:00,21ST AMENDMENT,TAVERN,150 Bowdoin ST,Boston,MA,2108,42.358267,-71.06262700000002,21st amendment,,False,7.997260273972603,1,Park Street,230.57754720238688
2019-11-29 15:27:00,4/22/24 15:44,2028-04-22 11:36:00,34 River St,Short Term Rental,34 River ST,Boston,MA,2108,42.357076,-71.07051100000001,34 river st,,True,6.375342465753425,1,Charles/MGH,567.2216549992504
2019-12-19 13:59:00,4/22/24 15:56,2028-04-22 11:32:00,"34 River St, Apt 2",Short Term Rental,34 River ST,Boston,MA,2108,42.357076,-71.07051100000001,34 river st apt 2,,True,6.32054794520548,1,Charles/MGH,567.2216549992504
2021-11-24 14:58:00,2/2/26 11:58,2030-02-02 11:53:00,4U Barber Shop,Barbershop,114 Blackstone ST,Boston,MA,2108,42.3618,-71.05676499999998,4u barber shop,,True,4.3863013698630136,1,Haymarket,305.1108060017916
2016-09-27 11:38:00,10/16/20 12:32,2024-10-16 12:30:00,7 Scope Entertainment,Entertainment,44 School ST,Boston,MA,2108,42.357681,-71.05967800000002,7 scope entertainment,,False,8.057534246575342,1,Government Center,276.33305700260473
2013-09-17 00:00:00,4/2/25 15:53,2029-04-02 15:47:00,75 CHESTNUT,RESTAURANT,75 Chestnut ST,Boston,MA,2108,42.356936,-71.07098000000002,75 chestnut,,True,12.580821917808219,1,Charles/MGH,530.6661359983843
2015-06-05 00:00:00,5/23/19 11:08,2023-05-23 11:03:00,7-ELEVEN #33392C,CONVENIENCE STORE,125 Tremont ST,Boston,MA,2108,42.3565,-71.06176499999998,7eleven 33392c,,False,7.96986301369863,1,Park Street,84.95547060119704
2019-12-18 12:41:00,,2023-12-18 12:40:00,7uiceshop.com,Marketing,27 School ST,Boston,MA,2108,42.357701,-71.05915199999998,7uiceshopcom,,False,4.0,1,Government Center,229.66643700121347
2025-03-31 16:48:00,,2029-03-31 15:35:00,A&O Shearman,Law Firm,1 Beacon ST,Boston,MA,2108,42.358449,-71.060833,ao shearman,,True,1.0356164383561643,1,Government Center,319.3330140006216
2016-07-27 11:21:00,7/18/25 14:13,2029-07-18 14:12:00,Abraham Jewelers,Jewelry Maker,333 Washington ST,Boston,MA,2108,42.356857,-71.05908,abraham jewelers,,True,9.717808219178082,1,Downtown Crossing,275.9997240010779
2023-02-24 10:56:00,,2027-02-24 10:03:00,ABS of FL.,Professional Employer Organization,45 School ST,Boston,MA,2108,42.358038,-71.05938800000001,abs of fl,,True,3.1342465753424658,1,Government Center,204.4442400017341
2025-10-29 16:08:00,,2029-10-29 13:34:00,Access Plus,Telecommunications Services,44 School ST,Boston,MA,2108,42.357681,-71.05967800000002,access plus,,True,0.4547945205479452,1,Government Center,276.33305700260473
2022-04-08 15:45:00,3/12/26 16:06,2030-03-12 13:26:00,Adam Travel,Travel and Tours,7 Marshall ST,Boston,MA,2108,42.361819,-71.05684100000002,adam travel,,True,4.016438356164383,1,Haymarket,294.5552609984411
2016-02-29 00:00:00,2/16/24 13:57,2028-02-16 11:37:00,ADCO DIAMOND,RETAIL,333 Washington ST,Boston,MA,2108,42.356857,-71.05908,adco diamond,,True,10.128767123287671,1,Downtown Crossing,275.9997240010779
2014-08-25 00:00:00,10/14/22 13:05,2026-10-14 11:43:00,ADELA'S HAIR STUDIO,HAIR SALON,92 Pinckney ST,Boston,MA,2108,42.358709,-71.07020999999997,adelas hair studio,,True,11.643835616438356,1,Charles/MGH,419.2218030034323
2022-05-31 14:45:00,,2026-05-31 14:41:00,Adriano Jewelry,Jewelry,333 Washington ST,Boston,MA,2108,42.356857,-71.05908,adriano jewelry,,True,3.871232876712329,1,Downtown Crossing,275.9997240010779
2024-07-01 13:52:00,,2028-07-01 13:42:00,ADVANCED CARGO,TRUCKING SERVICES,44 School ST,Boston,MA,2108,42.357681,-71.05967800000002,advanced cargo,,True,1.7835616438356163,1,Government Center,276.33305700260473
2025-11-24 11:52:00,,2029-11-24 11:41:00,AES,Engineering Firm,44 School ST,Boston,MA,2108,42.357681,-71.05967800000002,aes,,True,0.3835616438356164,1,Government Center,276.33305700260473
2020-07-17 14:46:00,,2024-07-17 12:01:00,Affinity Cellular,Resold Telecommunications,45 School ST,Boston,MA,2108,42.358038,-71.05938800000001,affinity cellular,,False,4.0,1,Government Center,204.4442400017341
2024-02-12 16:57:00,,2028-02-12 16:51:00,AffirmedRX PBC,Pharmacy Benefits Management,45 School ST,Boston,MA,2108,42.358038,-71.05938800000001,affirmedrx pbc,,True,2.1671232876712327,1,Government Center,204.4442400017341
2013-05-13 00:00:00,,2013-11-20 00:00:00,AFFORDABLE JEWELRY,JEWELRY,365 Washington ST,Boston,MA,2108,42.35654,-71.05944499999998,affordable jewelry,,False,0.5232876712328767,1,Downtown Crossing,200.22202200292028
2021-12-14 15:22:00,,2025-12-14 15:18:00,Affordable Long Distance,Telecommunications,18 Tremont ST,Boston,MA,2108,42.358831,-71.05967900000002,affordable long distance,,False,4.0,1,Government Center,148.66651800202987
2017-02-14 14:57:00,2/9/21 14:18,2025-02-09 14:16:00,Agathon Associates,Customs brokerage and Consulting,6 Beacon ST,Boston,MA,2108,42.358149,-71.06172300000003,agathon associates,,False,7.989041095890411,1,Park Street,272.8441715957814
2021-04-23 11:32:00,,2025-04-23 11:31:00,AGORA LENDING,MORTGAGE LENDER,45 School ST,Boston,MA,2108,42.358038,-71.05938800000001,agora lending,,False,4.0,1,Government Center,204.4442400017341
2021-05-25 13:43:00,,2025-05-25 13:42:00,AG-Valiant,hydroponic systems installations,44 School ST,Boston,MA,2108,42.357681,-71.05967800000002,agvaliant,,False,4.0,1,Government Center,276.33305700260473
2020-03-11 12:18:00,,2024-03-11 12:18:00,Ahead,resale of computer hard/software,45 School ST,Boston,MA,2108,42.358038,-71.05938800000001,ahead,,False,4.002739726027397,1,Government Center,204.4442400017341
2021-01-04 14:07:00,,2025-01-04 12:33:00,AHT Insurance,Insurance,44 School ST,Boston,MA,2108,42.357681,-71.05967800000002,aht insurance,,False,4.0,1,Government Center,276.33305700260473
2019-03-15 12:04:00,,2023-03-15 12:03:00,Airaware,Entertainment Services,44 School ST,Boston,MA,2108,42.357681,-71.05967800000002,airaware,,False,4.0,1,Government Center,276.33305700260473
2023-07-10 14:48:00,,2027-07-10 14:43:00,AirSculpt,cosmetic surgery,20 Ashburton PL,Boston,MA,2108,42.358878,-71.062501,airsculpt,,True,2.7616438356164386,1,Park Street,284.46638219975466
2019-04-23 14:15:00,,2023-04-23 10:45:00,Airstream Adventures Boston,Sales and Repair of RV and Trailers,44 School ST,Boston,MA,2108,42.357681,-71.05967800000002,airstream adventures boston,,False,4.0,1,Government Center,276.33305700260473
2022-02-16 15:16:00,3/3/26 11:21,2030-03-03 09:31:00,AIRTALK WIRELESS,TELECOM,44 School ST,Boston,MA,2108,42.357681,-71.05967800000002,airtalk wireless,,True,4.156164383561644,1,Government Center,276.33305700260473
2022-03-02 15:53:00,,2026-03-02 11:12:00,AK Associates,Telecommunications,44 School ST,Boston,MA,2108,42.357681,-71.05967800000002,ak associates,,False,4.0,1,Government Center,276.33305700260473
2025-11-28 12:15:00,,2029-11-28 11:28:00,All Choice Energy,Electric power Supplier,44 School ST,Boston,MA,2108,42.357681,-71.05967800000002,all choice energy,,True,0.3726027397260274,1,Government Center,276.33305700260473
2023-05-01 12:40:00,,2027-05-01 12:12:00,All Year Rehab,"Offices Of Physical, Occupational & Speech Therapists/Audiologists",44 School ST,Boston,MA,2108,42.357681,-71.05967800000002,all year rehab,,True,2.9534246575342467,1,Government Center,276.33305700260473
2015-02-23 00:00:00,3/1/19 14:18,2023-03-01 13:35:00,ALLEGRO CREDIT,SALES FINANCING,44 School ST,Boston,MA,2108,42.357681,-71.05967800000002,allegro credit,,False,8.021917808219179,1,Government Center,276.33305700260473
2021-02-12 10:52:00,2/13/25 12:17,2029-02-13 12:14:00,ALMA,restaurant management,15 Union ST,Boston,MA,2108,42.34513,-71.14796000000001,alma,,True,5.167123287671233,1,Sutherland Road,545.1105660006007
2019-04-25 15:44:00,,2023-04-25 15:31:00,Altus Corporate Risk,insurance,44 School ST,Boston,MA,2108,42.357681,-71.05967800000002,altus corporate risk,,False,4.0,1,Government Center,276.33305700260473
2020-08-24 13:12:00,,2024-08-24 12:16:00,America Online Mortgage,Mortgage,44 School ST,Boston,MA,2108,42.357681,-71.05967800000002,america online mortgage,,False,4.0,1,Government Center,276.33305700260473
2021-02-22 15:00:00,3/25/25 10:19,2028-12-16 12:56:00,American Petroleum Institute- Northeast Region,Trade Association,11 Beacon ST,Boston,MA,2108,42.358382,-71.06162499999999,american petroleum institute northeast region,,True,5.13972602739726,1,Park Street,309.621912600034
2025-01-16 09:02:00,,2029-01-16 08:56:00,America's Glory,Mortgage Lending and Servicing,44 School ST,Boston,MA,2108,42.357681,-71.05967800000002,americas glory,,True,1.2383561643835617,1,Government Center,276.33305700260473
2018-12-03 14:06:00,3/29/23 13:22,2027-03-29 11:03:00,Ameritrade Global Resources,Export Management Company,1 Boston PL,Boston,MA,2108,42.358537,-71.058381,ameritrade global resources,,True,7.364383561643836,1,State,135.999864000062
2017-12-28 11:42:00,12/9/25 10:44,2029-12-09 10:43:00,Amoroso Jewelers,Jewelry Store,333 Washington ST,Boston,MA,2108,42.356857,-71.05908,amoroso jewelers,,True,8.295890410958904,1,Downtown Crossing,275.9997240010779
2018-06-06 12:24:00,7/13/22 13:35,2026-08-16 13:35:00,AMP Fitness,gym/personal training,30 Court ST,Boston,MA,2108,42.359027,-71.05914100000001,amp fitness,,True,7.857534246575343,1,Government Center,83.55547199825787
2015-09-21 00:00:00,9/7/23 11:35,2027-09-07 11:32:00,AMPLIFIED IMPACT,CONSULTANT,128 Chestnut ST,Boston,MA,2108,42.356373,-71.07214799999997,amplified impact,,True,10.56986301369863,1,Charles/MGH,603.9993959971871
2018-12-06 14:46:00,,2022-12-06 14:26:00,AmWest,Mortgage Lending Services,44 School ST,Boston,MA,2108,42.357681,-71.05967800000002,amwest,,False,4.0,1,Government Center,276.33305700260473
2016-02-29 00:00:00,2/22/24 12:33,2028-02-22 11:31:00,AMY DANCZ VOICE STUDIO,MUSIC LESSONS,333 Washington ST,Boston,MA,2108,42.356857,-71.05908,amy dancz voice studio,,True,10.128767123287671,1,Downtown Crossing,275.9997240010779
2014-10-15 00:00:00,9/26/22 12:59,2026-09-26 11:25:00,ANAIS JEWELERS,JEWELRY,333 Washington ST,Boston,MA,2108,42.356857,-71.05908,anais jewelers,,True,11.504109589041096,1,Downtown Crossing,275.9997240010779
2023-12-14 14:01:00,,2027-12-14 13:55:00,ANCHORED TINY HOMES OF NEW ENGLAND,HOME CONSTRUCTION,44 School ST,Boston,MA,2108,42.357681,-71.05967800000002,anchored tiny homes of new england,,True,2.3315068493150686,1,Government Center,276.33305700260473
2022-12-05 10:07:00,,2026-12-05 09:50:00,Angle Mobile,Telecommunications,44 School ST,Boston,MA,2108,42.357681,-71.05967800000002,angle mobile,,True,3.356164383561644,1,Government Center,276.33305700260473
2014-01-10 00:00:00,12/7/21 11:41,2025-12-07 11:40:00,ANGLERS LOAN .,PAWN BROKER,333 Washington ST,Boston,MA,2108,42.356857,-71.05908,anglers loan,,False,11.915068493150685,1,Downtown Crossing,275.9997240010779
2026-02-24 16:18:00,,2030-02-24 16:16:00,AnuLife: Business Funding & Success Life Skills Consultants,Consulting Services,1 Washington MA,Boston,MA,2108,42.359466,-71.05834099999998,anulife business funding  success life skills consultants,,True,0.13150684931506848,1,Government Center,123.66654300119998
2025-11-25 12:04:00,,2029-11-25 11:03:00,Anzea,Fabric Distribution,45 School ST,Boston,MA,2108,42.358038,-71.05938800000001,anzea,,True,0.38082191780821917,1,Government Center,204.4442400017341
2018-05-24 14:34:00,,2022-05-24 14:33:00,AP Financial,Payment Processing,44 School ST,Boston,MA,2108,42.357681,-71.05967800000002,ap financial,,False,4.0,1,Government Center,276.33305700260473
2019-11-21 10:41:00,,2023-11-21 10:30:00,APCON SOLUTIONS FOR NETWORKS,Networking equipment,44 School ST,Boston,MA,2108,42.357681,-71.05967800000002,apcon solutions for networks,,False,4.0,1,Government Center,276.33305700260473
2023-03-17 12:50:00,,2027-03-17 11:48:00,Applied PEO,Professional Employer Organization,45 School ST,Boston,MA,2108,42.358038,-71.05938800000001,applied peo,,True,3.0767123287671234,1,Government Center,204.4442400017341
2019-12-23 14:27:00,,2023-12-23 14:21:00,AppraisalTek,Appraisal Management Company,44 School ST,Boston,MA,2108,42.357681,-71.05967800000002,appraisaltek,,False,4.0,1,Government Center,276.33305700260473
2015-12-30 00:00:00,12/23/19 14:12,2023-12-23 13:41:00,APRIL TRAVEL PROTECTION,TRAVEL INSURANCE PROVIDER,44 School ST,Boston,MA,2108,42.357681,-71.05967800000002,april travel protection,,False,7.986301369863014,1,Government Center,276.33305700260473
2021-02-24 13:55:00,2/3/25 17:01,2029-02-03 16:00:00,ARAZI FRYE DIAMONDS,DIAMOND WHOLESALE,333 Washington ST,Boston,MA,2108,42.356857,-71.05908,arazi frye diamonds,,True,5.134246575342465,1,Downtown Crossing,275.9997240010779
2024-07-08 14:56:00,,2028-07-08 14:54:00,Arbor Financial Group,Mortgage Origination,44 School ST,Boston,MA,2108,42.357681,-71.05967800000002,arbor financial group,,True,1.7643835616438357,1,Government Center,276.33305700260473
2025-11-25 12:04:00,,2029-11-25 11:05:00,Arc-Com,Fabric Distribution,45 School ST,Boston,MA,2108,42.358038,-71.05938800000001,arccom,,True,0.38082191780821917,1,Government Center,204.4442400017341
2025-12-23 11:27:00,,2029-12-23 11:25:00,Arrow Security,Security,45 School ST,Boston,MA,2108,42.358038,-71.05938800000001,arrow security,,True,0.3041095890410959,1,Government Center,204.4442400017341
2021-03-04 15:07:00,4/17/25 12:22,2029-04-17 12:20:00,Arthurs Sunoco,gas station,70 River ST,Boston,MA,2108,42.357989,-71.071008,arthurs sunoco,,True,5.112328767123287,1,Charles/MGH,410.5551449992603
2021-04-01 10:56:00,,2025-04-01 10:54:00,Asado Media,marketing agency,1 Washington MA,Boston,MA,2108,42.359466,-71.05834099999998,asado media,,False,4.0,1,Government Center,123.66654300119998
2025-07-28 10:00:00,,2029-07-28 09:53:00,Ash & Harbor,Healthcare Consulting,93 Beacon ST,Boston,MA,2108,42.355812,-71.07241599999998,ash  harbor,,True,0.7095890410958904,1,Arlington,603.6660629972391
2015-05-18 00:00:00,6/15/23 13:22,2027-06-15 13:18:00,ASHBURTON CAFE / METRO CATERING,RESTAURANT,1 Ashburton PL,Boston,MA,2108,42.359384,-71.06232499999999,ashburton cafe  metro catering,,True,10.915068493150685,1,Bowdoin,252.1108589982321
2024-11-29 15:37:00,,2028-11-29 15:29:00,At Home VMS,Appraisal Management Company,44 School ST,Boston,MA,2108,42.357681,-71.05967800000002,at home vms,,True,1.36986301369863,1,Government Center,276.33305700260473
2021-06-15 15:25:00,8/12/25 11:23,2029-08-12 10:52:00,Atlantis Operations East,"Rigging, Maintenance & Services",45 School ST,Boston,MA,2108,42.358038,-71.05938800000001,atlantis operations east,,True,4.83013698630137,1,Government Center,204.4442400017341
2025-09-15 09:02:00,,2029-09-15 08:55:00,AW Wireless,Mobile Communication,44 School ST,Boston,MA,2108,42.357681,-71.05967800000002,aw wireless,,True,0.5753424657534246,1,Government Center,276.33305700260473
2020-02-10 13:32:00,6/11/24 16:13,2028-06-11 11:23:00,B.C. Szerlip Insurance Agrency,Professional Liability Insurance,44 School ST,Boston,MA,2108,42.357681,-71.05967800000002,bc szerlip insurance agrency,,True,6.175342465753425,1,Government Center,276.33305700260473
2024-03-27 11:25:00,,2028-03-27 11:23:00,B.GOOD,Restaurant,227 Washington ST,Boston,MA,2108,42.358214,-71.05804999999998,bgood,,True,2.0465753424657533,1,State,135.11097599835875
2017-07-06 10:35:00,7/14/25 13:13,2029-07-14 13:11:00,Back Health Care,Massage,15 Court SQ,Boston,MA,2108,42.358242,-71.05865900000003,back health care,,True,8.775342465753425,1,State,199.66646700432293
2024-05-31 09:37:00,,2028-05-31 09:36:00,BANH MI OK,Take Out Restaurant,44 School ST,Boston,MA,2108,42.357681,-71.05967800000002,banh mi ok,,True,1.8684931506849316,1,Government Center,276.33305700260473
2018-07-16 14:06:00,9/1/22 14:08,2026-09-01 11:17:00,BARMAKIAN JEWELERS,JEWELRY,333 Washington ST,Boston,MA,2108,42.356857,-71.05908,barmakian jewelers,,True,7.747945205479452,1,Downtown Crossing,275.9997240010779
2024-04-30 12:35:00,,2028-04-30 12:26:00,Bastion Health,Medicine and Surgery,45 School ST,Boston,MA,2108,42.358038,-71.05938800000001,bastion health,,True,1.9534246575342467,1,Government Center,204.4442400017341
2024-12-23 15:15:00,,2028-12-23 13:55:00,BaxterPro,Insurance,44 School ST,Boston,MA,2108,42.357681,-71.05967800000002,baxterpro,,True,1.3041095890410959,1,Government Center,276.33305700260473
2023-01-20 15:33:00,,2027-01-20 11:55:00,Bayog Law,Law Firm,1 Washington MA,Boston,MA,2108,42.359466,-71.05834099999998,bayog law,,True,3.23013698630137,1,Government Center,123.66654300119998
2021-08-30 13:41:00,10/23/25 16:01,2029-10-23 14:05:00,Bayshore Mortgage Funding,Mortgage Originations,44 School ST,Boston,MA,2108,42.357681,-71.05967800000002,bayshore mortgage funding,,True,4.6219178082191785,1,Government Center,276.33305700260473
2016-07-11 09:08:00,,,Baystate Financial,Insurance & Financial,15 Court SQ,Boston,MA,2108,42.358242,-71.05865900000003,baystate financial,,False,,4,State,199.66646700432293
2024-08-14 15:07:00,,2028-08-14 15:05:00,BBand Communications,Consulting,10 Willow ST,Boston,MA,2108,42.357619,-71.068465,bband communications,,True,1.663013698630137,1,Charles/MGH,734.2214879999941
2018-10-09 14:05:00,1/17/23 14:12,2027-01-17 12:25:00,Be The Match Biotherapies,Cellular Therapy,44 School ST,Boston,MA,2108,42.357681,-71.05967800000002,be the match biotherapies,,True,7.515068493150685,1,Government Center,276.33305700260473
2019-07-16 14:50:00,,2023-07-16 14:10:00,Beach Road Weekend,Concert Promoter,45 School ST,Boston,MA,2108,42.358038,-71.05938800000001,beach road weekend,,False,4.0,1,Government Center,204.4442400017341
2022-09-07 12:55:00,,2026-09-07 12:52:00,Beacon Hill Hotel,Hotel & Restaurant,25 Charles ST,Boston,MA,2108,42.356937,-71.06965100000002,beacon hill hotel,,True,3.6,1,Charles/MGH,678.2215439976931
2016-02-11 00:00:00,2/6/24 9:59,2028-02-06 09:57:00,BEACON HILL SHOE REPAIR,SHOE REPAIR,126 Bowdoin ST,Boston,MA,2108,42.35874,-71.06276300000002,beacon hill shoe repair,,True,10.178082191780822,1,Park Street,298.2441462020752
2025-08-28 17:23:00,,2029-08-28 13:03:00,BEACON HILL SOLUTIONS GROUP,PROFESSIONAL STAFFING,20 Ashburton PL,Boston,MA,2108,42.358878,-71.062501,beacon hill solutions group,,True,0.6246575342465753,1,Park Street,284.46638219975466
2022-01-11 09:17:00,,2026-01-11 09:14:00,BEACON HILL STRETCH,Personal Training,100 Cambridge ST,Boston,MA,2108,42.360981,-71.06262400000003,beacon hill stretch,,False,4.0,1,Bowdoin,107.88878100234992
2016-02-04 00:00:00,3/27/24 13:46,2028-03-27 13:43:00,BEANTOWN PUB,RESTAURANT/PUB,100 Tremont ST,Boston,MA,2108,42.357141,-71.060877,beantown pub,,True,10.197260273972603,1,Downtown Crossing,252.77752500049644
2016-12-02 10:42:00,1/9/25 14:55,2029-01-09 14:53:00,Beauge's Tailoring,Tailoring,15 Court SQ,Boston,MA,2108,42.358242,-71.05865900000003,beauges tailoring,,True,9.367123287671232,1,State,199.66646700432293
2018-03-30 13:04:00,11/7/25 9:33,2029-11-07 09:26:00,Bebe Mursalin Leather Goods,Retail Hand Bags & Accessories,32 Province ST,Boston,MA,2108,42.356747,-71.06001100000003,bebe mursalin leather goods,,True,8.043835616438356,1,Downtown Crossing,160.33317299704865
2017-03-15 11:35:00,3/4/25 14:30,2029-03-04 14:28:00,Bedrosian Jewelry,Jewelry,333 Washington ST,Boston,MA,2108,42.356857,-71.05908,bedrosian jewelry,,True,9.084931506849315,1,Downtown Crossing,275.9997240010779
2014-11-10 00:00:00,9/29/22 14:05,2026-09-29 14:04:00,BELL IN HAND TAVERN,RESTAURANT/TAVERN,45 Union ST,Boston,MA,2108,42.361487,-71.05707799999999,bell in hand tavern,,True,11.432876712328767,1,Haymarket,305.1108060017916
2013-10-28 00:00:00,11/14/25 14:35,2029-11-14 11:50:00,BENCHMARK ROOF AND PAVEMENT CONSULTING,CONSULTING,44 School ST,Boston,MA,2108,42.357681,-71.05967800000002,benchmark roof and pavement consulting,,True,12.468493150684932,1,Government Center,276.33305700260473
2016-02-25 00:00:00,6/26/24 12:51,2028-06-26 12:49:00,BENEFIT COSMETICS,RETAIL COSMETICS LSALON SERVICES,31 Charles ST,Boston,MA,2108,42.357197,-71.06979100000001,benefit cosmetics,,True,10.139726027397261,1,Charles/MGH,633.7771439993755
2014-09-04 00:00:00,10/11/22 15:19,2026-10-11 13:53:00,BERKSHIRE (REAL ESTATE) GROUP,REAL ESTATE INVESTMENT,1 Beacon ST,Boston,MA,2108,42.358449,-71.060833,berkshire real estate group,,True,11.616438356164384,1,Government Center,319.3330140006216
2018-08-06 15:02:00,,2022-08-06 12:42:00,BERNARDS,JEWELRY WHOLESALER,333 Washington ST,Boston,MA,2108,42.356857,-71.05908,bernards,,False,4.0,2,Downtown Crossing,275.9997240010779
2022-08-11 14:26:00,,2026-08-11 12:26:00,BERNARD'S,JEWELRY WHOLESALER,333 Washington ST,Boston,MA,2108,42.356857,-71.05908,bernards,,True,3.673972602739726,2,Downtown Crossing,275.9997240010779
2022-08-01 09:45:00,,2026-08-01 09:32:00,Bernier Insurance Agency,Insurance Agency,44 School ST,Boston,MA,2108,42.357681,-71.05967800000002,bernier insurance agency,,True,3.7013698630136984,1,Government Center,276.33305700260473
2025-03-27 10:05:00,,2029-03-27 10:04:00,Bertucci's Pronto,Restaurant,18 Tremont ST,Boston,MA,2108,42.358831,-71.05967900000002,bertuccis pronto,,True,1.0465753424657533,1,Government Center,148.66651800202987
2019-07-11 14:39:00,,2023-07-11 14:38:00,Besnard Insurance,insurance,44 School ST,Boston,MA,2108,42.357681,-71.05967800000002,besnard insurance,,False,4.0,1,Government Center,276.33305700260473
2018-10-11 16:44:00,,2022-10-11 16:42:00,Better Sorts Social Club,Hotel/Restaurant,90 Tremont ST,Boston,MA,2108,42.35733,-71.06069300000001,better sorts social club,,False,4.0,2,Downtown Crossing,253.33308000146224
2022-12-14 10:59:00,,2026-12-14 10:54:00,Better Sorts Social Club,Restaurant,90 Tremont ST,Boston,MA,2108,42.35733,-71.06069300000001,better sorts social club,,True,3.3315068493150686,2,Downtown Crossing,253.33308000146224
2017-06-05 11:35:00,,,Beyond Wireless,telecom service,44 School ST,Boston,MA,2108,42.357681,-71.05967800000002,beyond wireless,,False,,1,Government Center,276.33305700260473
2018-12-19 12:01:00,,2022-12-19 11:47:00,Bigfoot Insurance,Insurance Sales / Marketing,44 School ST,Boston,MA,2108,42.357681,-71.05967800000002,bigfoot insurance,,False,4.0,1,Government Center,276.33305700260473
2014-07-01 00:00:00,,2014-10-02 00:00:00,BIGR.IO,TECHNICAL PLACEMENT/STAFFING,1 Boston PL,Boston,MA,2108,42.358537,-71.058381,bigrio,,False,0.2547945205479452,1,State,135.999864000062
2015-09-16 00:00:00,8/18/23 11:44,2027-08-18 11:42:00,BILANIAN JEWELERS,JEWELRY SALES & REPAIRS,333 Washington ST,Boston,MA,2108,42.356857,-71.05908,bilanian jewelers,,True,10.583561643835617,1,Downtown Crossing,275.9997240010779
2018-11-28 14:41:00,1/6/23 16:01,2027-01-06 15:59:00,BIN26 ENOTECA,RESTAURANT,26 Charles ST,Boston,MA,2108,42.356766,-71.06996900000001,bin26 enoteca,,True,7.3780821917808215,1,Arlington,643.110467997917
2024-09-13 13:03:00,,2028-09-13 12:59:00,Bio Restore,Health Care Services,100 Cambridge ST,Boston,MA,2108,42.360981,-71.06262400000003,bio restore,,True,1.5808219178082192,1,Bowdoin,107.88878100234992
2012-11-02 00:00:00,,2013-07-01 00:00:00,BISMARCK BAMFO & ASSOCIATES,PROCESS SERVER,46 Beacon ST,Boston,MA,2108,42.35685,-71.06727000000001,bismarck bamfo  associates,,False,0.6602739726027397,1,Park Street,589.0216332013699
2025-08-22 10:03:00,,2029-08-22 10:01:00,Bisson Law,Law Firm,40 Court ST,Boston,MA,2108,42.358932,-71.05927700000001,bisson law,,True,0.6410958904109589,1,Government Center,92.77768500102722
2021-07-28 09:46:00,7/21/25 13:22,2029-07-21 11:33:00,BITCOINX ATM,ATM MACHINE OPERATIONS,44 School ST,Boston,MA,2108,42.357681,-71.05967800000002,bitcoinx atm,,True,4.712328767123288,1,Government Center,276.33305700260473
2014-07-30 00:00:00,,2018-07-30 00:00:00,BLACKBIRD TECHNOLOGIES,TECHNOLOGY TRANSACTIONS,1 Boston PL,Boston,MA,2108,42.358537,-71.058381,blackbird technologies,,False,4.002739726027397,1,State,135.999864000062
2018-08-03 13:36:00,,2022-08-03 12:05:00,Blake & Associates,Law Office,45 School ST,Boston,MA,2108,42.358038,-71.05938800000001,blake  associates,,False,4.0,1,Government Center,204.4442400017341
2019-02-04 13:17:00,,2023-02-04 12:59:00,Blake Law,Law Firm,45 School ST,Boston,MA,2108,42.358038,-71.05938800000001,blake law,,False,4.0,1,Government Center,204.4442400017341
2022-01-19 15:15:00,1/21/26 15:41,2030-01-21 15:29:00,Blanket Insurance,Insurance Agency,44 School ST,Boston,MA,2108,42.357681,-71.05967800000002,blanket insurance,,True,4.232876712328767,1,Government Center,276.33305700260473
2024-02-23 14:36:00,,2028-02-23 10:52:00,Blueconnects,Telecom,44 School ST,Boston,MA,2108,42.357681,-71.05967800000002,blueconnects,,True,2.136986301369863,1,Government Center,276.33305700260473
2024-08-13 09:30:00,,2028-08-13 09:28:00,Bluedot Living,Magazine & Online Publishing,44 School ST,Boston,MA,2108,42.357681,-71.05967800000002,bluedot living,,True,1.6657534246575343,1,Government Center,276.33305700260473
2025-11-12 15:37:00,,2029-11-12 15:31:00,Blueprint Money Lab,Financial Services/Education Planning,93 Beacon ST,Boston,MA,2108,42.355812,-71.07241599999998,blueprint money lab,,True,0.41643835616438357,1,Arlington,603.6660629972391
2025-09-22 17:25:00,,2029-09-22 14:46:00,BluPrint Home Loans,mortgage lending,45 School ST,Boston,MA,2108,42.358038,-71.05938800000001,bluprint home loans,,True,0.5561643835616439,1,Government Center,204.4442400017341
2016-05-20 00:00:00,3/23/26 16:41,2030-03-23 16:23:00,BODYWAVES THERAPEUTIC MASSAGE,MASSAGE THERAPY,145 Hanover ST,Boston,MA,2108,42.361731,-71.05702300000002,bodywaves therapeutic massage,,True,9.906849315068493,1,Haymarket,284.1108269987576
2014-03-04 00:00:00,2/26/26 12:44,2030-02-26 12:42:00,BOGAN ASSOCIATES,FINANCIAL SERVICES,95 Chestnut ST,Boston,MA,2108,42.35675,-71.07193999999998,bogan associates,,True,12.12054794520548,1,Charles/MGH,538.9994609986609
2021-03-18 15:29:00,4/14/25 15:47,2029-04-14 14:24:00,bolt access,Insurance Agency,45 School ST,Boston,MA,2108,42.358038,-71.05938800000001,bolt access,,True,5.073972602739726,1,Government Center,204.4442400017341
2021-03-18 15:28:00,4/15/25 16:34,2029-04-15 16:34:00,bolt agency,Insurance Agency,45 School ST,Boston,MA,2108,42.358038,-71.05938800000001,bolt agency,,True,5.073972602739726,1,Government Center,204.4442400017341
2025-10-29 15:42:00,,2029-10-29 15:41:00,BOMBAY POP,Non-Alcoholic Beverages (Carbonated Soft Drinks),44 School ST,Boston,MA,2108,42.357681,-71.05967800000002,bombay pop,,True,0.4547945205479452,1,Government Center,276.33305700260473
2020-11-06 11:39:00,1/11/25 9:43,2029-01-08 09:43:00,Bon Appetit Creperie,farmers market vendors,100 Hanover ST,Boston,MA,2108,42.362123,-71.05754000000002,bon appetit creperie,,True,5.435616438356164,1,Haymarket,183.11092799875212
2024-01-11 15:55:00,,2028-01-11 15:54:00,Boost Journeys,Travel & Lifestyle Consulting,35 Beacon ST,Boston,MA,2108,42.357274,-71.065383,boost journeys,,True,2.254794520547945,1,Park Street,426.4662401996685
2024-06-05 11:44:00,,2028-06-05 11:40:00,Bosque Investigations,Private Investigator,55 Union ST,Boston,MA,2108,42.361607,-71.05713700000001,bosque investigations,,True,1.8547945205479452,1,Haymarket,285.22193699911026
2014-12-16 00:00:00,2/16/23 12:35,2027-02-16 12:32:00,BOSTON ATHENAEUM,NONPROFIT,8 Beacon ST,Boston,MA,2108,42.358134,-71.06177600000001,boston athenaeum,,True,11.334246575342465,1,Park Street,265.28862359827804
2023-06-15 14:36:00,,2027-06-15 14:34:00,BOSTON B LEAGUE,Recreation Sports & Leisure League,24 School ST,Boston,MA,2108,42.357337,-71.05895299999997,boston b league,,True,2.83013698630137,1,Government Center,292.22193000196376
2018-02-08 15:06:00,,2022-02-08 15:04:00,Boston Beauty Bar,Beauty Salon,333 Washington ST,Boston,MA,2108,42.356857,-71.05908,boston beauty bar,,False,4.0,1,Downtown Crossing,275.9997240010779
2019-08-16 16:04:00,,2023-08-16 16:02:00,Boston Beer Alley,Liquor Store,100 Hanover ST,Boston,MA,2108,42.362123,-71.05754000000002,boston beer alley,,False,4.0,1,Haymarket,183.11092799875212
2017-05-15 09:44:00,3/1/22 10:08,2026-03-01 10:07:00,Boston Beer League,Softball League,24 School ST,Boston,MA,2108,42.357337,-71.05895299999997,boston beer league,,False,8.8,1,Government Center,292.22193000196376
2017-01-04 12:34:00,2/13/26 12:12,2030-02-13 12:10:00,Boston Bijoux,Jewelry,333 Washington ST,Boston,MA,2108,42.356857,-71.05908,boston bijoux,,True,9.276712328767124,1,Downtown Crossing,275.9997240010779
2019-01-17 10:37:00,,2023-01-17 10:35:00,Boston Buyer's,Jewelry,333 Washington ST,Boston,MA,2108,42.356857,-71.05908,boston buyers,,False,4.0,1,Downtown Crossing,275.9997240010779
2018-05-10 14:52:00,3/11/26 11:02,2030-03-11 11:01:00,Boston Diamonds Studio,Jewelry Retail and Manufacture,333 Washington ST,Boston,MA,2108,42.356857,-71.05908,boston diamonds studio,,True,7.931506849315069,1,Downtown Crossing,275.9997240010779
2017-08-10 14:39:00,6/12/25 12:11,2029-06-12 12:08:00,Boston Estate Buyers,Jewelry,333 Washington ST,Boston,MA,2108,42.356857,-71.05908,boston estate buyers,,True,8.67945205479452,1,Downtown Crossing,275.9997240010779
2018-06-04 13:11:00,3/11/26 10:10,2030-03-11 10:07:00,Boston Fast Fix Jewelry Repair,Jewelry Repair,333 Washington ST,Boston,MA,2108,42.356857,-71.05908,boston fast fix jewelry repair,,True,7.863013698630137,1,Downtown Crossing,275.9997240010779
2016-03-02 00:00:00,1/23/24 12:07,2028-01-23 12:06:00,BOSTON HARBOR ACUPUNCTURE,ACUPUNCTURE,333 Washington ST,Boston,MA,2108,42.356857,-71.05908,boston harbor acupuncture,,True,10.123287671232877,1,Downtown Crossing,275.9997240010779
2020-04-24 13:06:00,,2024-04-24 13:03:00,Boston International Film Festival,Film exhibition,9 Hamilton PL,Boston,MA,2108,42.356296,-71.06144899999998,boston international film festival,,False,4.0,1,Park Street,119.3109918016175
2014-09-09 00:00:00,10/15/18 9:52,2022-10-15 09:52:00,BOSTON INVESTMENT & DEVELOPEMENT,REAL ESTATE DEVELOPMENT,84 Mount Vernon ST,Boston,MA,2108,42.357909,-71.06830200000002,boston investment  developement,,False,8.104109589041096,1,Charles/MGH,720.1103909985152
2013-11-26 00:00:00,10/24/25 11:43,2029-10-24 11:41:00,BOSTON JEWELERY & LOAN,PAWN BROKER,53 Bromfield ST,Boston,MA,2108,42.35702,-71.06069000000002,boston jewelery  loan,,True,12.389041095890411,1,Downtown Crossing,218.5553370024236
2015-06-23 00:00:00,4/22/24 12:08,2028-04-22 12:05:00,BOSTON JEWELS,JEWELRY STORE,23 School ST,Boston,MA,2108,42.357717,-71.05896100000001,boston jewels,,True,10.816438356164383,1,Government Center,249.1108619979115
2018-03-06 11:10:00,,2022-03-06 11:08:00,Boston Massage Therapeutics,Massage Therapy,15 Court SQ,Boston,MA,2108,42.358242,-71.05865900000003,boston massage therapeutics,,False,4.0,1,State,199.66646700432293
2021-02-02 10:02:00,,2025-02-02 10:01:00,Boston Medal of Honor Convention,Social Services Non-Profit,17 Court ST,Boston,MA,2108,42.359042,-71.05839200000003,boston medal of honor convention,,False,4.0,1,State,95.33323800325948
2014-12-03 00:00:00,9/15/22 8:20,2026-09-15 08:13:00,BOSTON NEWS CAFE,NEWSSTAND CAFE,28 State ST,Boston,MA,2108,42.359002,-71.05755299999998,boston news cafe,,True,11.36986301369863,1,State,7.666659001170316
2020-07-24 13:33:00,10/1/24 13:10,2028-10-01 12:19:00,Boston Partners,Investment Advisory,1 Beacon ST,Boston,MA,2108,42.358449,-71.060833,boston partners,,True,5.723287671232876,3,Government Center,319.3330140006216
2016-08-31 10:31:00,,,Boston Partners,Investment Advisory,1 Beacon ST,Boston,MA,2108,42.358449,-71.060833,boston partners,,False,,3,Government Center,319.3330140006216
2016-08-31 10:31:00,,,Boston Partners,Investment Advisory,1 Beacon ST,Boston,MA,2108,42.358449,-71.060833,boston partners,,False,,3,Government Center,319.3330140006216
2022-08-08 11:28:00,,2026-08-08 11:26:00,Boston Precious Jewelry,Retail Jewelry,35 Winter ST,Boston,MA,2108,42.356046,-71.06159200000002,boston precious jewelry,,True,3.682191780821918,1,Park Street,131.19986879765418
2016-06-21 16:05:00,7/30/24 14:47,2028-07-30 14:44:00,Boston Ring And Gem,Jewlry Retail,333 Washington ST,Boston,MA,2108,42.356857,-71.05908,boston ring and gem,,True,9.816438356164383,1,Downtown Crossing,275.9997240010779
2013-10-03 00:00:00,9/2/25 16:38,2029-09-02 14:04:00,BOSTON STONE GIFT SHOP,SOUVENIR SHOP,9 Marshall ST,Boston,MA,2108,42.36173,-71.05684300000001,boston stone gift shop,,True,12.536986301369863,1,Haymarket,304.2219179985094
2024-07-22 16:07:00,,2028-07-22 16:06:00,Boston Time Pieces,Jewelry Store,399 Washington ST,Boston,MA,2108,42.356019,-71.06009399999999,boston time pieces,,True,1.726027397260274,1,Downtown Crossing,70.22215200192059
2024-05-02 14:59:00,,2028-05-02 10:42:00,BOSTON UNIVERSITY INTERNAL MEDICINE ASSOCIATES,HEALTHCARE,1 Boston PL,Boston,MA,2108,42.358537,-71.058381,boston university internal medicine associates,,True,1.9479452054794522,1,State,135.999864000062
2026-01-27 14:30:00,,2030-01-27 14:30:00,Boston Village,Aging Services,11 Beacon ST,Boston,MA,2108,42.358382,-71.06162499999999,boston village,,True,0.20821917808219179,1,Park Street,309.621912600034
2025-07-03 12:05:00,,2029-07-03 12:02:00,BOSTON WATCH CLOCK REPAIR,Watch Repair,333 Washington ST,Boston,MA,2108,42.356857,-71.05908,boston watch clock repair,,True,0.7780821917808219,1,Downtown Crossing,275.9997240010779
2015-09-15 00:00:00,8/30/23 12:33,2027-08-30 11:03:00,BOSTONIAN TAILORING,TAILOR,34 Province ST,Boston,MA,2108,42.356997,-71.05981099999997,bostonian tailoring,,True,10.586301369863014,1,Downtown Crossing,210.3331230042349
2021-10-28 10:35:00,11/24/25 14:43,2029-11-24 14:39:00,BOSTONSPEAKS,Public Speaking Coaching Services,1 Washington Mall,Boston,MA,2108,42.359466,-71.05834099999998,bostonspeaks,,True,4.46027397260274,1,Government Center,123.66654300119998
2022-01-03 14:30:00,,2026-01-03 14:28:00,BOUVIER JEWELERS-BOSTON,Jeweler,333 Washington ST,Boston,MA,2108,42.356857,-71.05908,bouvier jewelersboston,,False,4.0,1,Downtown Crossing,275.9997240010779
2014-08-11 00:00:00,9/23/22 12:07,2026-09-23 11:23:00,BOVE & LANGA,LAW FIRM,10 Tremont ST,Boston,MA,2108,42.358822,-71.059575,bove  langa,,True,11.682191780821919,1,Government Center,138.1109729994689
2020-11-24 13:31:00,12/11/24 13:59,2028-12-11 11:29:00,BOX HOME LOANS,MORTGAGE LENDING,44 School ST,Boston,MA,2108,42.357681,-71.05967800000002,box home loans,,True,5.3863013698630136,1,Government Center,276.33305700260473
2016-03-11 00:00:00,3/30/23 13:26,2027-03-30 13:24:00,BOXAROO,AMUSEMENT,55 Court ST,Boston,MA,2108,42.359282,-71.05910599999999,boxaroo,,True,10.098630136986301,1,Government Center,59.11105200076226
2015-09-24 00:00:00,10/25/23 9:05,2027-10-25 09:04:00,BRAD KEIMACH ENGRAVING CO,WHOLESALE ENGRAVING,333 Washington ST,Boston,MA,2108,42.356857,-71.05908,brad keimach engraving co,,True,10.561643835616438,1,Downtown Crossing,275.9997240010779
2020-07-23 14:57:00,7/30/24 14:47,2028-07-30 14:45:00,BRAG,Jewlery,333 Washington ST,Boston,MA,2108,42.356857,-71.05908,brag,,True,5.726027397260274,1,Downtown Crossing,275.9997240010779
2019-03-01 10:52:00,,2023-03-01 10:50:00,Breeze Home Loans,Mortage Broker,44 School ST,Boston,MA,2108,42.357681,-71.05967800000002,breeze home loans,,False,4.0,1,Government Center,276.33305700260473
2020-01-13 14:03:00,,2024-01-13 12:42:00,Breeze Insurance,Insurance Agency Sales,44 School ST,Boston,MA,2108,42.357681,-71.05967800000002,breeze insurance,,False,4.0,1,Government Center,276.33305700260473
2019-03-20 09:56:00,,2023-03-20 09:55:00,Brewster Stratgic Advisory,Consulting,122 Bowdoin ST,Boston,MA,2108,42.358893,-71.06277599999999,brewster stratgic advisory,,False,4.0,1,Park Street,316.68857219892953
2019-11-13 14:51:00,,2023-11-13 13:52:00,Bright Horizons Family Solutions @ Beacon Hill,Child Care Services,100 Cambridge ST,Boston,MA,2108,42.360981,-71.06262400000003,bright horizons family solutions  beacon hill,,False,4.0,1,Bowdoin,107.88878100234992
2018-07-12 13:24:00,,2022-07-12 13:23:00,BRILL-CSM,Manufactured Bakery Goods,44 School ST,Boston,MA,2108,42.357681,-71.05967800000002,brism,,False,4.0,1,Government Center,276.33305700260473
2019-08-30 10:39:00,8/4/23 10:52,2027-08-04 10:51:00,Bromfield Estate & Jewerly Buyers,Jewerly Buyers,53 Bromfield ST,Boston,MA,2108,42.35702,-71.06069000000002,bromfield estate  jewerly buyers,,True,6.624657534246575,1,Downtown Crossing,218.5553370024236
2015-03-24 00:00:00,,2015-12-30 00:00:00,BROMFIELD NAILS,NAILS SALON,23 Bromfield ST,Boston,MA,2108,42.356747,-71.06001100000003,bromfield nails,,False,0.7698630136986301,2,Downtown Crossing,160.33317299704865
2015-12-30 00:00:00,4/8/24 15:05,2015-12-30 00:00:00,BROMFIELD NAILS,NAIL SALON,23 Bromfield ST,Boston,MA,2108,42.356747,-71.06001100000003,bromfield nails,,False,0.0,2,Downtown Crossing,160.33317299704865
2014-08-25 00:00:00,8/25/22 12:26,2026-08-25 10:41:00,BRUEGGER'S BAGEL,BAKERY,7 School ST,Boston,MA,2108,42.357544,-71.05857600000002,brueggers bagel,,True,11.643835616438356,1,State,267.9997320023281
2024-04-09 16:20:00,,2028-04-09 16:17:00,BTWI,Registered Investment Advisor,1 Beacon ST,Boston,MA,2108,42.358449,-71.060833,btwi,,True,2.010958904109589,1,Government Center,319.3330140006216
2019-01-23 15:51:00,2/14/23 15:23,2027-02-14 12:38:00,Buchanan & Associates,Government Relations Law Firm,100 Cambridge ST,Boston,MA,2108,42.360981,-71.06262400000003,buchanan  associates,,True,7.2246575342465755,1,Bowdoin,107.88878100234992
2022-09-01 13:55:00,,2026-09-01 13:09:00,BWA Massachusetts,Architecture Firm,44 School ST,Boston,MA,2108,42.357681,-71.05967800000002,bwa massachusetts,,True,3.6164383561643834,1,Government Center,276.33305700260473
2025-03-27 13:47:00,,2029-03-27 13:45:00,Cadex Receivables Control,Debt Collections,45 School ST,Boston,MA,2108,42.358038,-71.05938800000001,cadex receivables control,,True,1.0465753424657533,1,Government Center,204.4442400017341
2025-08-08 10:04:00,,2029-08-08 10:02:00,Candescent,Offering digital banking products,45 School ST,Boston,MA,2108,42.358038,-71.05938800000001,candescent,,True,0.6794520547945205,1,Government Center,204.4442400017341
2022-10-06 14:38:00,,2026-10-06 10:17:00,CAPITAL DIRECT MORTGAGE SERVICES,MORTGAGE LENDER,45 School ST,Boston,MA,2108,42.358038,-71.05938800000001,capital direct mortgage services,,True,3.5205479452054793,1,Government Center,204.4442400017341
2015-10-28 00:00:00,12/31/19 12:26,2023-12-31 10:59:00,CAPITAL ONE 360 CAFE,FINANCIAL INSTITUTION,129 Tremont ST,Boston,MA,2108,42.356282,-71.06199400000003,capital one 360 cafe,,False,8.180821917808219,2,Park Street,60.31105079662726
2013-09-27 00:00:00,8/19/25 16:45,2029-08-19 16:44:00,CAPITOL COFFEE HOUSE,BREAKFAST 81 LUNCH,122 Bowdoin ST,Boston,MA,2108,42.358893,-71.06277599999999,capitol coffee house,,True,12.553424657534247,1,Park Street,316.68857219892953
2015-02-19 00:00:00,2/4/19 11:46,2023-02-04 11:44:00,CARAT CONCIERGE,Fine Jewelry Store,333 Washington ST,Boston,MA,2108,42.356857,-71.05908,carat concierge,,False,7.964383561643835,1,Downtown Crossing,275.9997240010779
2017-04-28 15:43:00,11/1/22 14:41,2026-11-01 14:33:00,Carrie Nation,Restaurant,11 Beacon ST,Boston,MA,2108,42.358382,-71.06162499999999,carrie nation,,True,8.964383561643835,1,Park Street,309.621912600034
2020-12-18 14:10:00,,2024-12-18 13:10:00,Casana,health technology,44 School ST,Boston,MA,2108,42.357681,-71.05967800000002,casana,,False,4.0,1,Government Center,276.33305700260473
2022-08-31 15:12:00,,2026-08-31 15:10:00,CCA Health Massachusetts,Insurance,30 Winter ST,Boston,MA,2108,42.35573,-71.06158900000003,cca health massachusetts,,True,3.6191780821917807,1,Park Street,166.64427779658865
2018-05-11 14:06:00,4/29/22 12:26,2026-04-29 11:48:00,Certified AL Company,Auto Leasing,44 School ST,Boston,MA,2108,42.357681,-71.05967800000002,certified al company,,True,7.928767123287671,1,Government Center,276.33305700260473
2018-05-10 11:37:00,4/29/22 12:25,2026-04-29 11:41:00,Certified Automotive Lease,Auto Leasing,44 School ST,Boston,MA,2108,42.357681,-71.05967800000002,certified automotive lease,,True,7.931506849315069,1,Government Center,276.33305700260473
2025-06-05 11:29:00,,2029-06-05 11:28:00,Chakra Free Radio,Media,333 Washington ST,Boston,MA,2108,42.356857,-71.05908,chakra free radio,,True,0.8547945205479452,1,Downtown Crossing,275.9997240010779
2015-07-06 00:00:00,9/25/19 12:22,2023-09-25 11:48:00,CHAMPS #14100,RETAIL ATHLETIC FOOTWEAR,425 Washington ST,Boston,MA,2108,42.355722,-71.06053800000001,champs 14100,,False,8.227397260273973,1,Downtown Crossing,57.444387001022726
2022-04-21 14:08:00,,2026-04-21 14:05:00,ChangeFi,Finance and Lending,44 School ST,Boston,MA,2108,42.357681,-71.05967800000002,changefi,,True,3.9808219178082194,1,Government Center,276.33305700260473
2025-01-29 15:12:00,,2029-01-29 15:10:00,Charles River Careers,Career Coaching,40 Court ST,Boston,MA,2108,42.358932,-71.05927700000001,charles river careers,,True,1.2027397260273973,1,Government Center,92.77768500102722
2015-10-30 00:00:00,9/21/23 14:14,2027-09-21 11:27:00,CHARLES STREET SUPPLY CO,HARDWARE STORE,54 Charles ST,Boston,MA,2108,42.357432,-71.070313,charles street supply co,,True,10.463013698630137,1,Charles/MGH,549.6661170001519
2014-02-10 00:00:00,1/10/22 13:58,2026-01-10 13:57:00,CHARLEY'S PHILLY STEAKS,RESTAURANT,417 Washington ST,Boston,MA,2108,42.355796,-71.06034799999998,charleys philly steaks,,False,11.923287671232877,1,Downtown Crossing,44.55551099724742
2017-05-05 16:36:00,5/12/25 17:00,2029-05-12 12:31:00,Cheers,Restaurant/Pub,84 Beacon ST,Boston,MA,2108,42.356042,-71.07123999999999,cheers,,True,8.945205479452055,1,Arlington,498.5550569989289
2017-04-07 13:48:00,4/7/25 15:05,2029-04-07 11:57:00,Chesterfield Insurance,Insurance Agency,45 School ST,Boston,MA,2108,42.358038,-71.05938800000001,chesterfield insurance,,True,9.021917808219179,1,Government Center,204.4442400017341
2022-08-01 09:45:00,,2026-08-01 09:29:00,Choice Financial Group,Insurance Agency,44 School ST,Boston,MA,2108,42.357681,-71.05967800000002,choice financial group,,True,3.7013698630136984,1,Government Center,276.33305700260473
2022-08-01 09:45:00,,2026-08-01 09:36:00,Choice Insurance Agency,Insurance Agency,44 School ST,Boston,MA,2108,42.357681,-71.05967800000002,choice insurance agency,,True,3.7013698630136984,1,Government Center,276.33305700260473
2022-09-09 12:54:00,,2026-09-09 11:13:00,Choice Mortgage Group,Mortgage Lending Brokering,44 School ST,Boston,MA,2108,42.357681,-71.05967800000002,choice mortgage group,,True,3.5945205479452054,1,Government Center,276.33305700260473
2023-10-25 13:41:00,,2027-10-25 12:22:00,ChosenWireless,Telecommunications,44 School ST,Boston,MA,2108,42.357681,-71.05967800000002,chosenwireless,,True,2.4684931506849317,1,Government Center,276.33305700260473
2019-02-13 13:06:00,,2023-02-13 11:47:00,Christine's Fine Art Auctioneers,Auction Fine Art,44 School ST,Boston,MA,2108,42.357681,-71.05967800000002,christines fine art auctioneers,,False,4.0,1,Government Center,276.33305700260473
2023-02-01 14:44:00,,2027-02-01 14:38:00,"CHRISTOPHER A. IANNELLA JR, ESQ",Attorney,55 Court ST,Boston,MA,2108,42.359282,-71.05910599999999,christopher a iannella jr esq,,True,3.197260273972603,1,Government Center,59.11105200076226
2025-07-28 14:59:00,,2029-07-28 14:52:00,Churchill Management Group,Financial Services,201 Washington ST,Boston,MA,2108,42.358527,-71.058153,churchill management group,,True,0.7095890410958904,1,State,111.77766600042636
2025-07-28 15:00:00,,2029-07-28 14:50:00,Churchill Management Group at Focus Partners Wealth,Financial Services,201 Washington ST,Boston,MA,2108,42.358527,-71.058153,churchill management group at focus partners wealth,,True,0.7095890410958904,1,State,111.77766600042636
2025-11-18 09:34:00,,2029-11-18 09:33:00,Cici Nail & Lashes Spa,Spa,17 Winter ST,Boston,MA,2108,42.355864,-71.061215,cici nail  lashes spa,,True,0.4,1,Downtown Crossing,148.4442960002225
2024-03-26 10:18:00,,2028-03-26 10:14:00,Cindy's Corner,Coffee Shop,1 Ashburton PL,Boston,MA,2108,42.359384,-71.06232499999999,cindys corner,,True,2.0493150684931507,1,Bowdoin,252.1108589982321
2014-07-08 00:00:00,6/3/22 11:37,2026-06-03 11:33:00,CITADEL GROUP,ADMINISTRATIVE AND OPERATIONAL,28 State ST,Boston,MA,2108,42.359002,-71.05755299999998,citadel group,,True,11.775342465753425,2,State,7.666659001170316
2018-06-05 11:55:00,,2022-06-05 11:52:00,CITADEL GROUP,ADMIN AND OPERATIONAL SERVICES,28 State ST,Boston,MA,2108,42.359002,-71.05755299999998,citadel group,,False,4.0,2,State,7.666659001170316
2019-10-02 12:00:00,,2023-10-02 12:00:00,Citidental Boston,Dental Office,63 Court ST,Boston,MA,2108,42.359392,-71.059192,citidental boston,,False,4.002739726027397,1,Government Center,37.333295999691934
2024-02-27 15:21:00,,2028-02-27 15:08:00,City Wine Spirits & Smoke Shop,Liquor Store,40 Winter ST,Boston,MA,2108,42.355923,-71.06171699999999,city wine spirits  smoke shop,,True,2.126027397260274,1,Park Street,130.9776468013732
2018-08-21 10:22:00,,2022-08-21 10:21:00,Civic Financial,Financial Services,1 Beacon ST,Boston,MA,2108,42.358449,-71.060833,civic financial,,False,4.0,1,Government Center,319.3330140006216
2022-06-01 14:14:00,,2026-06-01 14:10:00,Clair,Social Fintech,44 School ST,Boston,MA,2108,42.357681,-71.05967800000002,clair,,True,3.8684931506849316,1,Government Center,276.33305700260473
2020-03-04 12:41:00,,2024-03-04 12:40:00,Clarfeld Citizens Private Wealth,Registered Investment Advisor,28 State ST,Boston,MA,2108,42.359002,-71.05755299999998,clarfeld citizens private wealth,,False,4.0,1,State,7.666659001170316
2024-09-16 10:24:00,,2028-09-16 10:20:00,Clasp,financial services,24 School ST,Boston,MA,2108,42.357337,-71.05895299999997,clasp,,True,1.5726027397260274,1,Government Center,292.22193000196376
2023-12-08 11:16:00,12/8/23 13:42,2027-12-08 11:19:00,ClassWallet,Licensing of a proprietary financial Technology.,1 Beacon ST,Boston,MA,2108,42.358449,-71.060833,classwallet,,True,2.347945205479452,1,Government Center,319.3330140006216
2021-07-20 14:08:00,,2025-07-20 14:07:00,Clay Technologies,Technology,44 School ST,Boston,MA,2108,42.357681,-71.05967800000002,clay technologies,,False,4.0,1,Government Center,276.33305700260473
2023-11-16 12:51:00,,2027-11-16 12:47:00,Clean Air USA,Duct Cleaning/HVAC,44 School ST,Boston,MA,2108,42.357681,-71.05967800000002,clean air usa,,True,2.408219178082192,1,Government Center,276.33305700260473
2020-02-06 13:44:00,,2024-02-06 11:50:00,Clean Sky Energy,Retail natural gas and electricity,44 School ST,Boston,MA,2108,42.357681,-71.05967800000002,clean sky energy,,False,4.0,1,Government Center,276.33305700260473
2026-02-19 15:53:00,,2030-02-19 13:47:00,Cleanest Restaurant Group,Restaurant Cleaning,44 School ST,Boston,MA,2108,42.357681,-71.05967800000002,cleanest restaurant group,,True,0.14520547945205478,1,Government Center,276.33305700260473
2020-02-06 13:46:00,1/31/24 11:22,2028-01-31 10:59:00,CleanSky Energy,Retail natural gas and electricity,44 School ST,Boston,MA,2108,42.357681,-71.05967800000002,cleansky energy,,True,6.186301369863013,1,Government Center,276.33305700260473
2023-07-05 12:18:00,,2027-07-05 12:09:00,Cliffco Mortgage Bankers,Mortgage Lending,44 School ST,Boston,MA,2108,42.357681,-71.05967800000002,cliffco mortgage bankers,,True,2.7753424657534245,1,Government Center,276.33305700260473
2021-08-13 13:02:00,8/7/25 14:56,2029-08-07 12:54:00,Clippinger Employment Law,law office,1 Boston PL,Boston,MA,2108,42.358537,-71.058381,clippinger employment law,,True,4.668493150684932,1,State,135.999864000062
2023-06-02 13:03:00,,2027-06-02 12:43:00,Clockworks Analytics,Software,45 School ST,Boston,MA,2108,42.358038,-71.05938800000001,clockworks analytics,,True,2.8657534246575342,1,Government Center,204.4442400017341
2023-07-05 12:18:00,,2027-07-05 12:14:00,Clout WMB,Mortgage Lending,44 School ST,Boston,MA,2108,42.357681,-71.05967800000002,clout wmb,,True,2.7753424657534245,1,Government Center,276.33305700260473
2020-07-17 14:45:00,,2024-07-17 12:36:00,Club Cellular,Resold Telecommunications,45 School ST,Boston,MA,2108,42.358038,-71.05938800000001,club cellular,,False,4.0,1,Government Center,204.4442400017341
2024-08-20 10:52:00,,2028-08-20 10:50:00,CM Law,Law Firm,44 School ST,Boston,MA,2108,42.357681,-71.05967800000002,cm law,,True,1.6465753424657534,1,Government Center,276.33305700260473
2020-08-10 14:44:00,8/22/24 16:57,2028-08-22 16:53:00,Cobu,Software Company,55 Court ST,Boston,MA,2108,42.359282,-71.05910599999999,cobu,,True,5.676712328767123,1,Government Center,59.11105200076226
2026-02-05 12:20:00,,2030-02-05 12:19:00,Cocobeet,Food Retail,100 City Hall PZ,Boston,MA,2108,42.359491,-71.05900500000001,cocobeet,,True,0.18356164383561643,1,Government Center,47.111063997900686
2020-02-11 13:33:00,,2024-02-11 13:17:00,Coldwell Banker Commercial Realty,Real Estate Brokerage,66 Beacon ST,Boston,MA,2108,42.3564,-71.06925999999999,coldwell banker commercial realty,,False,4.0,2,Arlington,681.2215410011717
2020-01-08 15:02:00,,2024-01-08 13:37:00,Coldwell Banker NRT,Real Estate Brokerage,66 Beacon ST,Boston,MA,2108,42.3564,-71.06925999999999,coldwell banker nrt,,False,4.0,3,Arlington,681.2215410011717
2025-08-29 13:38:00,,2029-08-29 13:09:00,Collegiate Mobile,wireless communications services,44 School ST,Boston,MA,2108,42.357681,-71.05967800000002,collegiate mobile,,True,0.6219178082191781,1,Government Center,276.33305700260473
2020-04-27 11:11:00,,2024-04-27 10:56:00,ComeHome,Real Estate Data Anaytics,44 School ST,Boston,MA,2108,42.357681,-71.05967800000002,comehome,,False,4.0,1,Government Center,276.33305700260473
2015-08-20 00:00:00,9/25/23 9:31,2027-09-25 09:21:00,COMMONWEALTH CARE ALLIANCE,HEALTH SERVICES,30 Winter ST,Boston,MA,2108,42.35573,-71.06158900000003,commonwealth care alliance,,True,10.657534246575343,1,Park Street,166.64427779658865
2017-11-30 14:49:00,11/19/25 12:55,2029-11-19 12:53:00,COMMONWEALTH CHILDREN'S CENTER,CHILD CARE CENTER,1 Ashburton PL,Boston,MA,2108,42.359384,-71.06232499999999,commonwealth childrens center,,True,8.372602739726027,1,Bowdoin,252.1108589982321
2023-04-07 11:54:00,,2027-04-07 11:52:00,Compass Tours,Tours,1 Washington MA,Boston,MA,2108,42.359466,-71.05834099999998,compass tours,,True,3.0191780821917806,1,Government Center,123.66654300119998
2018-05-02 12:05:00,6/15/22 15:19,2026-06-15 12:33:00,Concept2 Rowing,Sales Of Products,44 School ST,Boston,MA,2108,42.357681,-71.05967800000002,concept2 rowing,,True,7.953424657534247,1,Government Center,276.33305700260473
2023-05-05 14:41:00,,2027-05-05 14:38:00,Concora,Property Management,44 School ST,Boston,MA,2108,42.357681,-71.05967800000002,concora,,True,2.9424657534246577,1,Government Center,276.33305700260473
2025-02-27 16:28:00,,2029-02-27 13:59:00,Congruity Benefits Solutions,Insurance Agency,45 School ST,Boston,MA,2108,42.358038,-71.05938800000001,congruity benefits solutions,,True,1.1232876712328768,1,Government Center,204.4442400017341
2020-07-10 15:02:00,,2024-07-10 12:46:00,Connect Webbe Services,Cleaning & Maintenance,1 Washington MA,Boston,MA,2108,42.359466,-71.05834099999998,connect webbe services,,False,4.0,1,Government Center,123.66654300119998
2023-07-21 13:22:00,,2027-07-21 13:19:00,Connected Communities,Property Management,1 Washington Mall,Boston,MA,2108,42.359466,-71.05834099999998,connected communities,,True,2.7315068493150685,1,Government Center,123.66654300119998
2021-12-06 12:36:00,12/23/25 15:40,2029-12-23 15:22:00,ConsumerAffairs,Lead Generator,44 School ST,Boston,MA,2108,42.357681,-71.05967800000002,consumeraffairs,,True,4.353424657534247,1,Government Center,276.33305700260473
2023-07-18 09:36:00,,2027-07-18 09:31:00,Converge Insurance Service Solutions,General Underwriter,44 School ST,Boston,MA,2108,42.357681,-71.05967800000002,converge insurance service solutions,,True,2.73972602739726,1,Government Center,276.33305700260473
2020-04-21 13:05:00,4/1/24 14:44,2028-04-01 13:00:00,Coors Brewing Company,Manufacture And Sale OF Beverage Products,44 School ST,Boston,MA,2108,42.357681,-71.05967800000002,coors brewing company,,True,5.980821917808219,1,Government Center,276.33305700260473
2019-12-10 12:13:00,,2023-12-10 12:08:00,COR ADVANTAGE,SOFTWARE,45 School ST,Boston,MA,2108,42.358038,-71.05938800000001,cor advantage,,False,4.0,1,Government Center,204.4442400017341
2017-10-20 15:39:00,10/30/25 16:01,2029-10-30 12:57:00,Corporate Traveler,Travcel Agency,41 Winter ST,Boston,MA,2108,42.356085,-71.06167600000003,corporate traveler,,True,8.484931506849316,1,Park Street,117.53321579584258
2016-03-11 00:00:00,3/4/24 17:26,2028-03-04 12:14:00,COURT SQUARE CHIROPRACTIC,CHIROPRACTIC OFFICE,15 Court SQ,Boston,MA,2108,42.358242,-71.05865900000003,court square chiropractic,,True,10.098630136986301,1,State,199.66646700432293
2022-02-09 12:17:00,,2026-02-09 12:07:00,COVERPONY INSURANCE SERVICES,INSURANCE PRODUCER,45 School ST,Boston,MA,2108,42.358038,-71.05938800000001,coverpony insurance services,,False,4.0,1,Government Center,204.4442400017341
2025-03-27 13:47:00,,2029-03-27 13:43:00,CRC,Debt Collections,45 School ST,Boston,MA,2108,42.358038,-71.05938800000001,crc,,True,1.0465753424657533,1,Government Center,204.4442400017341
2022-04-12 12:40:00,,2026-04-12 12:05:00,Credit&Debt,Marketing and education related to finances,44 School ST,Boston,MA,2108,42.357681,-71.05967800000002,creditdebt,,False,4.0,1,Government Center,276.33305700260473
2024-08-05 12:42:00,,2028-08-05 12:39:00,CreditNinja,Consumer Financial Services,44 School ST,Boston,MA,2108,42.357681,-71.05967800000002,creditninja,,True,1.6876712328767123,1,Government Center,276.33305700260473
2023-12-01 12:34:00,,2027-12-01 11:47:00,Creemore Press,Publishing,1 Boston PL,Boston,MA,2108,42.358537,-71.058381,creemore press,,True,2.367123287671233,1,State,135.999864000062
2019-06-13 14:41:00,5/31/23 14:12,2027-05-31 10:55:00,CrossHarbor Senior Debt Income Fund,Commercial Real Estate Loans,1 Boston PL,Boston,MA,2108,42.358537,-71.058381,crossharbor senior debt ome fund,,True,6.838356164383562,1,State,135.999864000062
2023-11-15 14:49:00,,2027-11-15 14:00:00,CROWN HOME MORTGAGE,MORTGAGE ORIGINATION,44 School ST,Boston,MA,2108,42.357681,-71.05967800000002,crown home mortgage,,True,2.410958904109589,1,Government Center,276.33305700260473
2022-07-18 15:09:00,,2026-07-18 15:08:00,CRYSTAL ENERGY,RETAIL,53 Bromfield ST,Boston,MA,2108,42.35702,-71.06069000000002,crystal energy,,True,3.73972602739726,1,Downtown Crossing,218.5553370024236
2013-08-08 00:00:00,8/15/25 9:14,2029-08-15 07:39:00,CVS/PHARMACY #49,RETAIL PHARMACY,333 Washington ST,Boston,MA,2108,42.356857,-71.05908,cvspharmacy 49,,True,12.69041095890411,1,Downtown Crossing,275.9997240010779
2024-03-01 09:32:00,,2028-03-01 09:28:00,DANE & HOWE,Legal Services,44 School ST,Boston,MA,2108,42.357681,-71.05967800000002,dane  howe,,True,2.117808219178082,1,Government Center,276.33305700260473
2014-09-08 00:00:00,9/9/22 12:32,2026-09-09 12:30:00,DANIEL ARVESTIAN JEWELERS,JEWELRY MANUFACTORY,333 Washington ST,Boston,MA,2108,42.356857,-71.05908,daniel arvestian jewelers,,True,11.605479452054794,1,Downtown Crossing,275.9997240010779
2021-07-14 15:54:00,12/8/25 15:45,2029-12-08 13:29:00,DataStream Insurance,insurance agency,44 School ST,Boston,MA,2108,42.357681,-71.05967800000002,datastream insurance,,True,4.750684931506849,1,Government Center,276.33305700260473
2014-02-07 00:00:00,2/1/22 13:17,2026-02-01 11:49:00,DAVID ABBOTT FISHER,INVESTMENT,33 Branch ST,Boston,MA,2108,42.356922,-71.06820500000003,david abbott fisher,,False,11.991780821917809,1,Park Street,700.9104102038842
2019-08-16 15:12:00,7/14/23 9:19,2027-07-14 09:16:00,Davis Malm,Law Firm,1 Boston PL,Boston,MA,2108,42.358537,-71.058381,davis malm,,True,6.663013698630137,1,State,135.999864000062
2021-09-03 13:36:00,8/13/25 10:13,2029-08-13 10:09:00,Defiant Security,Wordpress Security,45 School ST,Boston,MA,2108,42.358038,-71.05938800000001,defiant security,,True,4.610958904109589,1,Government Center,204.4442400017341
2020-11-06 10:31:00,12/17/24 16:22,2028-12-17 15:59:00,Delaney Policy Group,consulting,10H Beacon ST,Boston,MA,2108,42.357754,-71.06233900000001,delaney policy group,,True,5.435616438356164,1,Park Street,160.51095059833668
2023-11-16 12:51:00,,2027-11-16 12:49:00,Delta Chimney Sweep,Chimney Services,44 School ST,Boston,MA,2108,42.357681,-71.05967800000002,delta chimney sweep,,True,2.408219178082192,1,Government Center,276.33305700260473
2022-02-25 16:06:00,2/24/26 10:08,2030-02-24 09:53:00,DeLuca's Market,Retail Grocery & Wine Cellar,11 Charles ST,Boston,MA,2108,42.35657,-71.06934999999999,delucas market,,True,4.131506849315069,2,Arlington,690.1104210008351
2020-07-31 14:09:00,9/16/24 16:20,2028-09-16 11:08:00,DentPro Insurance Agency,Insurance,44 School ST,Boston,MA,2108,42.357681,-71.05967800000002,dentpro insurance agency,,True,5.704109589041096,1,Government Center,276.33305700260473
2017-10-05 12:37:00,10/9/25 15:47,2029-10-09 15:36:00,DepositAccounts,Finanical Website,44 School ST,Boston,MA,2108,42.357681,-71.05967800000002,depositaccounts,,True,8.526027397260274,1,Government Center,276.33305700260473
2015-06-15 00:00:00,6/14/19 12:57,2023-06-14 12:49:00,DEPRISCO JEWELERS,RETAIL,333 Washington ST,Boston,MA,2108,42.356857,-71.05908,deprisco jewelers,,False,8.002739726027396,2,Downtown Crossing,275.9997240010779
2023-12-21 12:38:00,,2027-12-21 12:36:00,DEPRISCO JEWELERS,RETAIL JEWELRY,333 Washington ST,Boston,MA,2108,42.356857,-71.05908,deprisco jewelers,,True,2.3123287671232875,2,Downtown Crossing,275.9997240010779
2017-05-17 11:40:00,2/3/26 11:57,2030-02-03 11:49:00,Devlin's Restaurant,Restaurant,332 Washington ST,Boston,MA,2108,42.356751,-71.05881099999999,devlins restaurant,,True,8.912328767123288,1,Downtown Crossing,294.1108170019317
2015-03-09 00:00:00,6/2/23 13:04,2027-06-02 12:03:00,DIAMOND BARR JEWELERS,JEWELRY,333 Washington ST,Boston,MA,2108,42.356857,-71.05908,diamond barr jewelers,,True,11.106849315068493,1,Downtown Crossing,275.9997240010779
2023-10-12 13:41:00,,2027-10-12 13:28:00,Dig.,Restaurant,277 Washington ST,Boston,MA,2108,42.357586,-71.058314,dig,,True,2.504109589041096,2,State,234.2219879999752
2020-12-11 10:23:00,,2024-12-11 10:17:00,DigniFI,consumer lending for the auto industry,44 School ST,Boston,MA,2108,42.357681,-71.05967800000002,dignifi,,False,4.0,1,Government Center,276.33305700260473
2022-10-31 14:09:00,,2026-10-31 14:07:00,DIVINE WORXS O.N.E./360,ONLINE RETAIL,1 Washington MA,Boston,MA,2108,42.359466,-71.05834099999998,divine worxs one360,,True,3.452054794520548,1,Government Center,123.66654300119998
2020-01-29 11:55:00,,2024-01-29 11:51:00,Doggo,Direct To Consumer Seller Of Pet Insurance,44 School ST,Boston,MA,2108,42.357681,-71.05967800000002,doggo,,False,4.0,1,Government Center,276.33305700260473
2023-02-17 10:43:00,,2027-02-17 10:32:00,DOLEX,money services business,45 School ST,Boston,MA,2108,42.358038,-71.05938800000001,dolex,,True,3.1534246575342464,1,Government Center,204.4442400017341
2025-01-09 15:36:00,,2029-01-09 15:34:00,Don Johnson,Assistive Software Technology,24 School ST,Boston,MA,2108,42.357337,-71.05895299999997,don johnson,,True,1.2575342465753425,1,Government Center,292.22193000196376
2023-11-01 11:39:00,,2027-11-01 11:38:00,Douglas Chope,Short Term Rental,8 Byron ST,Boston,MA,2108,42.356461,-71.07069200000001,douglas chope,,True,2.4493150684931506,1,Arlington,528.8883599989252
2017-07-10 13:16:00,10/20/22 11:48,2026-10-20 11:43:00,Downtown Acupuncture,Acupuncture,15 Court SQ,Boston,MA,2108,42.358242,-71.05865900000003,downtown acupuncture,,True,8.764383561643836,1,State,199.66646700432293
2017-06-16 12:33:00,,2021-06-16 12:33:00,Downtown Dental Center,Dental,333 Washington ST,Boston,MA,2108,42.356857,-71.05908,downtown dental center,,False,4.002739726027397,1,Downtown Crossing,275.9997240010779
2021-03-17 13:22:00,,2025-03-17 09:56:00,Drew Water Technologies,Water Treatment License #AL-0038802,44 School ST,Boston,MA,2108,42.357681,-71.05967800000002,drew water technologies,,False,4.0,1,Government Center,276.33305700260473
2016-03-18 00:00:00,4/29/24 16:45,2028-04-29 11:15:00,DSW SHOE WAREHOUSE #29120,RETAIL SALES OF SHOES/ACCESSORIES,385 Washington ST,Boston,MA,2108,42.356195,-71.05989,dsw shoe warehouse 29120,,True,10.07945205479452,1,Downtown Crossing,112.44433200111166
2025-11-17 14:49:00,,2029-11-17 14:45:00,Dtwo AI,Saas,44 School ST,Boston,MA,2108,42.357681,-71.05967800000002,dtwo ai,,True,0.40273972602739727,1,Government Center,276.33305700260473
2016-03-02 00:00:00,,2020-03-02 00:00:00,DUESPAYMENT,PAYMENT SERVICE PROVIDER,44 School ST,Boston,MA,2108,42.357681,-71.05967800000002,duespayment,,False,4.002739726027397,1,Government Center,276.33305700260473
2014-06-30 00:00:00,1/20/23 16:03,2027-01-20 15:10:00,DUNKIN DONUTS,QUICK SERVICE RETAIL,235 Washington ST,Boston,MA,2108,42.358135,-71.058066,dunkin donuts,,True,11.797260273972602,17,State,145.66652100013027
2014-06-30 00:00:00,1/20/23 16:03,2027-01-20 14:42:00,DUNKIN DONUTS,QUICK SERVICE RETAIL,16 Tremont ST,Boston,MA,2108,42.359022,-71.05956100000003,dunkin donuts,,True,11.797260273972602,17,Government Center,114.3332190034481
2014-06-30 00:00:00,1/20/23 16:03,2027-01-20 15:08:00,DUNKIN DONUTS,QUICK SERVICE RETAIL,417 Washington ST,Boston,MA,2108,42.355796,-71.06034799999998,dunkin donuts,,True,11.797260273972602,17,Downtown Crossing,44.55551099724742
2023-01-20 16:03:00,,2027-01-20 13:15:00,Dunkin Donuts,Quick Service Retail,330 Washington ST,Boston,MA,2108,42.356805,-71.05876699999999,dunkin donuts,,True,3.23013698630137,17,Downtown Crossing,304.99969500207214
2023-01-20 16:03:00,,2027-01-20 14:47:00,Dunkin Donuts,Quick Service Retail,22 Beacon ST,Boston,MA,2108,42.357775,-71.06282499999998,dunkin donuts,,True,3.23013698630137,17,Park Street,197.9109131972287
2018-04-26 12:39:00,3/6/26 11:01,2030-03-06 10:00:00,Dunkin Donuts,Donut & Coffee Shop,20 North ST,Boston,MA,2108,42.360663,-71.05633499999999,dunkin donuts,,True,7.96986301369863,17,State,327.5552280011788
2023-03-27 13:15:00,,2027-03-27 12:45:00,Durapods,Installation of Pods,44 School ST,Boston,MA,2108,42.357681,-71.05967800000002,durapods,,True,3.0493150684931507,1,Government Center,276.33305700260473
2021-09-17 11:04:00,8/22/25 15:05,2029-08-22 14:57:00,Durty Nelly's,Restaurant/bar,108 Blackstone ST,Boston,MA,2108,42.361693,-71.05657200000002,durty nellys,,True,4.572602739726028,1,Haymarket,338.4441059981612
2022-03-08 11:09:00,2/26/26 12:30,2030-02-26 12:28:00,E Street Screening,Online Retail,100 City Hall PZ,Boston,MA,2108,42.359491,-71.05900500000001,e street screening,,True,4.101369863013699,1,Government Center,47.111063997900686
2018-04-18 13:19:00,,2022-04-18 12:15:00,E.K McConkey & Co. Insurance Agency,Insurance Agency,44 School ST,Boston,MA,2108,42.357681,-71.05967800000002,ek mcconkey  co insurance agency,,False,4.0,1,Government Center,276.33305700260473
2018-04-05 13:26:00,,2022-04-05 13:24:00,EAG Analytical Services,Analytical Testing/Engineering Consulting,44 School ST,Boston,MA,2108,42.357681,-71.05967800000002,eag analytical services,,False,4.0,1,Government Center,276.33305700260473
2024-01-09 11:21:00,,2028-01-09 11:19:00,EARLEY LAW GROUP INJURY LAWYERS,LAW FIRM,44 School ST,Boston,MA,2108,42.357681,-71.05967800000002,earley law group injury lawyers,,True,2.26027397260274,1,Government Center,276.33305700260473
2018-05-04 09:35:00,,2022-05-04 09:33:00,EASY BUY,SCRAP & REPAIR JEWELRY,333 Washington ST,Boston,MA,2108,42.356857,-71.05908,easy buy,,False,4.0,1,Downtown Crossing,275.9997240010779
2017-02-21 15:34:00,3/4/25 14:58,2029-03-04 14:54:00,EBG,Estate Jewelry,387 Washington ST,Boston,MA,2108,42.356169,-71.05991599999999,ebg,,True,9.145205479452056,1,Downtown Crossing,106.66656000227778
2019-10-18 13:46:00,,2023-10-18 13:45:00,EdgePark,Short-Term Rental,72 Beacon ST,Boston,MA,2108,42.35619,-71.07021099999997,edgepark,,False,4.0,1,Arlington,552.2216700023841
2025-04-02 11:55:00,,2029-04-02 11:53:00,EFI-Solutions,Manufacturing,45 School ST,Boston,MA,2108,42.358038,-71.05938800000001,efisolutions,,True,1.0301369863013699,1,Government Center,204.4442400017341
2024-07-30 11:52:00,,2028-07-30 11:51:00,EGO Convenience,Convenience Store,1 Boston PL,Boston,MA,2108,42.358537,-71.058381,ego convenience,,True,1.704109589041096,1,State,135.999864000062
2017-06-12 16:27:00,,,El Coco International,Hair Salon & Spa,24 North ST,Boston,MA,2108,42.360782,-71.05628899999999,el coco international,,False,,1,State,345.8885430006821
2023-06-22 12:04:00,,2027-06-22 10:55:00,Elevate Renewables,energy battery storage facilities,45 School ST,Boston,MA,2108,42.358038,-71.05938800000001,elevate renewables,,True,2.8109589041095893,1,Government Center,204.4442400017341
2025-01-29 15:18:00,,2029-01-29 15:17:00,ElevateByCC,Marketing and IT Services,2 Joy ST,Boston,MA,2108,42.357967,-71.06534099999999,elevatebycc,,True,1.2027397260273973,1,Park Street,498.799501199417
2018-06-29 13:27:00,,2022-06-29 12:42:00,Elevation Homecare Agency,Non Medical Homecare Agency,100 Cambridge ST,Boston,MA,2108,42.360981,-71.06262400000003,elevation homecare agency,,False,4.0,1,Bowdoin,107.88878100234992
2019-01-30 13:35:00,3/6/23 14:41,2027-03-06 12:45:00,Eleven Mortgage,Third Party Residential Loan Originator,44 School ST,Boston,MA,2108,42.357681,-71.05967800000002,eleven mortgage,,True,7.205479452054795,1,Government Center,276.33305700260473
2022-03-10 09:37:00,,2026-03-10 09:33:00,eMeta Funding,Mortgage Banker,44 School ST,Boston,MA,2108,42.357681,-71.05967800000002,emeta funding,,False,4.0,1,Government Center,276.33305700260473
2013-05-13 00:00:00,,2013-07-01 00:00:00,EMPOWER SCHOOLS,NONPROFIT ORGANIZATION,24 School ST,Boston,MA,2108,42.357337,-71.05895299999997,empower schools,,False,0.13424657534246576,1,Government Center,292.22193000196376
2023-10-13 16:01:00,,2027-10-13 15:58:00,Empowerment Expressions,Greeting cards,45 School ST,Boston,MA,2108,42.358038,-71.05938800000001,empowerment expressions,,True,2.5013698630136987,1,Government Center,204.4442400017341
2022-07-27 10:45:00,,2026-07-27 10:33:00,ENCORE,RENTAL OF AUDIO AND VISUAL EQUIPMENT,90 Tremont ST,Boston,MA,2108,42.35733,-71.06069300000001,encore,,True,3.7150684931506848,8,Downtown Crossing,253.33308000146224
2019-06-03 13:29:00,,2023-06-03 11:46:00,Endeavor Insurance Services,Insurance sales/marketing,44 School ST,Boston,MA,2108,42.357681,-71.05967800000002,endeavor insurance services,,False,4.0,1,Government Center,276.33305700260473
2018-09-18 13:02:00,,2022-09-18 12:57:00,ENERGYBOT,ONLINE ELECTRICITY MRKT,44 School ST,Boston,MA,2108,42.357681,-71.05967800000002,energybot,,False,4.0,1,Government Center,276.33305700260473
2024-06-25 15:38:00,,2028-06-25 11:53:00,Enerworld,Energy Broker,44 School ST,Boston,MA,2108,42.357681,-71.05967800000002,enerworld,,True,1.8,1,Government Center,276.33305700260473
2016-08-25 11:46:00,,,ENGIE Solar,Mortgage Lending,44 School ST,Boston,MA,2108,42.357681,-71.05967800000002,engie solar,,False,,1,Government Center,276.33305700260473
2023-06-15 14:11:00,,2027-06-15 14:04:00,Engine by MoneyLion,Marketplace platform for financial products and services.,44 School ST,Boston,MA,2108,42.357681,-71.05967800000002,engine by moneylion,,True,2.83013698630137,1,Government Center,276.33305700260473
2025-02-05 09:38:00,,2029-02-05 09:37:00,Enterprise Health,Computer Software Services,45 School ST,Boston,MA,2108,42.358038,-71.05938800000001,enterprise health,,True,1.1835616438356165,1,Government Center,204.4442400017341
2014-01-16 00:00:00,11/12/25 15:44,2029-11-12 15:34:00,ENTIRE CAR PROTECTION,Vehicle Protection Product Warranty,45 School ST,Boston,MA,2108,42.358038,-71.05938800000001,entire car protection,,True,12.24931506849315,1,Government Center,204.4442400017341
2015-06-10 00:00:00,10/3/23 15:40,2027-10-03 14:41:00,ENVIRONMENTAL RESOURCES MANAGEMENT (ERM),ENVIRONMENTAL CONSULTING,1 Beacon ST,Boston,MA,2108,42.358449,-71.060833,environmental resources management erm,,True,10.852054794520548,1,Government Center,319.3330140006216
2023-10-27 13:06:00,,2027-10-27 13:03:00,Envoyage,Travel Agency,41 Winter ST,Boston,MA,2108,42.356085,-71.06167600000003,envoyage,,True,2.463013698630137,1,Park Street,117.53321579584258
2015-03-16 00:00:00,3/15/19 12:32,2023-03-15 12:31:00,EOM NEWSSTAND,CONVENIENCE STORE,201 Washington ST,Boston,MA,2108,42.358527,-71.058153,eom newsstand,,False,8.002739726027396,2,State,111.77766600042636
2015-03-16 00:00:00,,2019-01-12 00:00:00,EOM NEWSSTAND,CONVENIENCE STORE,201 Washington ST,Boston,MA,2108,42.358527,-71.058153,eom newsstand,,False,3.83013698630137,2,State,111.77766600042636
2019-06-10 09:51:00,,2023-06-10 09:49:00,Eppley Court Reporting,Court Reporting Services,44 School ST,Boston,MA,2108,42.357681,-71.05967800000002,eppley court reporting,,False,4.0,1,Government Center,276.33305700260473
2021-02-18 12:57:00,3/21/25 15:55,2029-03-21 15:54:00,EPROTOCOL,INTERNET SOFTWARE SALES,44 School ST,Boston,MA,2108,42.357681,-71.05967800000002,eprotocol,,True,5.1506849315068495,1,Government Center,276.33305700260473
2018-10-16 09:31:00,,2022-10-16 09:30:00,Ernie Ray Music,Music Production,100 City Hall PZ,Boston,MA,2108,42.359491,-71.05900500000001,ernie ray music,,False,4.0,1,Government Center,47.111063997900686
2023-07-06 10:10:00,,2027-07-06 10:09:00,Estate Buyers Boston,Jewelry,333 Washington ST,Boston,MA,2108,42.356857,-71.05908,estate buyers boston,,True,2.7726027397260276,1,Downtown Crossing,275.9997240010779
2017-02-21 15:34:00,3/4/25 14:58,2029-03-04 14:53:00,Estate Buying Group,Estate Jewelry,387 Washington ST,Boston,MA,2108,42.356169,-71.05991599999999,estate buying group,,True,9.145205479452056,1,Downtown Crossing,106.66656000227778
2018-10-09 15:29:00,11/15/22 12:35,2026-11-15 12:31:00,Ether Dome Press,individual book publishing,25 Cedar ST,Boston,MA,2108,42.358559,-71.06966299999999,ether dome press,,True,7.515068493150685,1,Charles/MGH,496.66617000132936
2023-07-31 15:05:00,,2027-07-31 14:53:00,Evarts Tremaine,Independent Property and Casualty Insurance Broker,45 School ST,Boston,MA,2108,42.358038,-71.05938800000001,evarts tremaine,,True,2.7041095890410958,1,Government Center,204.4442400017341
2023-03-30 10:38:00,,2027-03-30 10:33:00,Everchron,Software Design,44 School ST,Boston,MA,2108,42.357681,-71.05967800000002,everchron,,True,3.041095890410959,1,Government Center,276.33305700260473
2024-07-10 16:13:00,,2028-07-10 14:12:00,Everest Funding,Mortgage Lender,44 School ST,Boston,MA,2108,42.357681,-71.05967800000002,everest funding,,True,1.7589041095890412,1,Government Center,276.33305700260473
2025-01-09 15:36:00,,2029-01-09 15:34:00,Everway,Assistive Software Technology,24 School ST,Boston,MA,2108,42.357337,-71.05895299999997,everway,,True,1.2575342465753425,1,Government Center,292.22193000196376
2025-11-07 11:15:00,,2029-11-07 11:14:00,Evolution Credit Short Duration Income Fund,Investing,28 State ST,Boston,MA,2108,42.359002,-71.05755299999998,evolution credit short duration ome fund,,True,0.4301369863013699,1,State,7.666659001170316
2023-09-13 11:03:00,,2027-09-13 10:55:00,EXPENSIFY,Financial Services,44 School ST,Boston,MA,2108,42.357681,-71.05967800000002,expensify,,True,2.5835616438356164,1,Government Center,276.33305700260473
2023-04-03 15:49:00,,2027-04-03 15:28:00,Experienced Jewelers,Jeweler,333 Washington ST,Boston,MA,2108,42.356857,-71.05908,experienced jewelers,,True,3.03013698630137,1,Downtown Crossing,275.9997240010779
2018-06-18 15:47:00,7/25/22 15:15,2026-07-25 10:51:00,EYEPROMISE,EYES CARE,44 School ST,Boston,MA,2108,42.357681,-71.05967800000002,eyepromise,,True,7.824657534246575,1,Government Center,276.33305700260473
2026-03-13 16:42:00,,2030-03-13 08:19:00,EZ Loans Group,mortgage broker/mortgage lender,44 School ST,Boston,MA,2108,42.357681,-71.05967800000002,ez loans group,,True,0.08493150684931507,1,Government Center,276.33305700260473
2022-06-01 13:54:00,,2026-06-01 11:14:00,ez2shop4insurance,Insurance,44 School ST,Boston,MA,2108,42.357681,-71.05967800000002,ez2shop4insurance,,True,3.8684931506849316,1,Government Center,276.33305700260473
2022-07-06 14:39:00,,2026-07-06 13:00:00,Fast Enterprises,Software Implementation Services,1 Winter PL,Boston,MA,2108,42.355542,-71.06136200000003,fast enterprises,,True,3.7726027397260276,1,Downtown Crossing,128.99987100352445
2023-08-23 09:32:00,,2027-08-23 09:21:00,FCM Meetings & Events,Travel Agency,41 Winter ST,Boston,MA,2108,42.356085,-71.06167600000003,fcm meetings  events,,True,2.6410958904109587,1,Park Street,117.53321579584258
2014-11-03 00:00:00,1/2/24 15:51,2028-01-02 15:34:00,FEDEX OFFICE & PRINT SERVICES #1061,FedEx Servces,125 Tremont ST,Boston,MA,2108,42.3565,-71.06176499999998,fedex office  print services 1061,,True,11.452054794520548,1,Park Street,84.95547060119704
2018-05-17 13:08:00,6/30/22 13:24,2026-06-30 12:19:00,FertileWell,Website/Retail,1 Boston PL,Boston,MA,2108,42.358537,-71.058381,fertilewell,,True,7.912328767123288,1,State,135.999864000062
2024-03-13 12:35:00,,2028-03-13 12:32:00,Fifteen Charles,Hair and Makeup Salon,15 Charles ST,Boston,MA,2108,42.35663,-71.06945400000001,fifteen charles,,True,2.084931506849315,1,Arlington,685.2215369989675
2019-07-24 13:28:00,,2023-07-24 13:27:00,Find The Pearls Travel,Travel & Life Style Blog,92 Beacon ST,Boston,MA,2108,42.355839,-71.072316,find the pearls travel,,False,4.0,1,Arlington,595.5549600003488
2016-02-08 00:00:00,1/16/24 11:09,2028-01-16 11:00:00,FINELINE PRINTING GROUP,COMMERCIAL PRINTING,44 School ST,Boston,MA,2108,42.357681,-71.05967800000002,fineline printing group,,True,10.186301369863013,1,Government Center,276.33305700260473
2022-12-19 15:58:00,,2026-12-19 12:23:00,First Health Insurance Group,insurance sale/marketing,44 School ST,Boston,MA,2108,42.357681,-71.05967800000002,first health insurance group,,True,3.317808219178082,1,Government Center,276.33305700260473
2014-08-04 00:00:00,7/20/18 14:14,2022-07-20 14:12:00,FITZGERALD IMPORTS,WHOLESALE JEWELRY,333 Washington ST,Boston,MA,2108,42.356857,-71.05908,fitzgerald imports,,False,7.964383561643835,1,Downtown Crossing,275.9997240010779
2022-11-16 15:42:00,,2026-11-16 15:15:00,Five Iron Golf,Virtual Golf Establishment,1 Washington Mall,Boston,MA,2108,42.359466,-71.05834099999998,five iron golf,,True,3.408219178082192,1,Government Center,123.66654300119998
2017-04-19 11:44:00,,,Fixsurance,Insurance,42 School ST,Boston,MA,2108,42.357697,-71.05965100000003,fixsurance,,False,,1,Government Center,271.5552840036146
2015-10-09 00:00:00,10/10/23 11:30,2027-10-10 11:22:00,FLAT OF THE HILL,,60 Charles ST,Boston,MA,2108,42.357508,-71.07033899999999,flat of the hill,,True,10.520547945205479,1,Charles/MGH,538.3327950011336
2024-03-11 12:14:00,,2028-03-11 12:13:00,FLS Boston Commons,Language Center,100 Cambridge ST,Boston,MA,2108,42.360981,-71.06262400000003,fls boston commons,,True,2.0904109589041098,1,Bowdoin,107.88878100234992
2025-03-31 10:26:00,,2029-03-31 10:20:00,Fluxwerx,Sale Representation,14 Beacon ST,Boston,MA,2108,42.357863,-71.06244800000002,fluxwerx,,True,1.0356164383561643,1,Park Street,165.79983420251023
2025-03-31 10:27:00,,2029-03-31 10:22:00,Fluxwerx Illumination,Sales Representation,14 Beacon ST,Boston,MA,2108,42.357863,-71.06244800000002,fluxwerx illumination,,True,1.0356164383561643,1,Park Street,165.79983420251023
2025-06-11 13:05:00,,2029-06-11 13:01:00,Focus Partners | Wealth,Financial Services,201 Washington ST,Boston,MA,2108,42.358527,-71.058153,focus partners  wealth,,True,0.8383561643835616,1,State,111.77766600042636
2025-03-05 10:52:00,,2029-03-05 10:38:00,Focus Partners Retirement Solutions,Financial Services,201 Washington ST,Boston,MA,2108,42.358527,-71.058153,focus partners retirement solutions,,True,1.106849315068493,1,State,111.77766600042636
2025-06-11 10:08:00,,2029-06-11 09:55:00,Focus Partners| Advisor Solutions,Financial Services,201 Washington ST,Boston,MA,2108,42.358527,-71.058153,focus partners advisor solutions,,True,0.8383561643835616,1,State,111.77766600042636
2025-06-11 10:07:00,,2029-06-11 10:00:00,Focus Partners| Institutional,Financial Services,201 Washington ST,Boston,MA,2108,42.358527,-71.058153,focus partners institutional,,True,0.8383561643835616,1,State,111.77766600042636
2016-04-19 00:00:00,3/27/20 12:04,2024-03-27 11:33:00,FOCUS POINTE GLOBAL,MARKET RESEARCH,18 Tremont ST,Boston,MA,2108,42.358831,-71.05967900000002,focus pointe global,,False,7.942465753424657,1,Government Center,148.66651800202987
2022-08-01 09:45:00,,2026-08-01 09:39:00,Fonner Insurance Agency,Insurance Agency,44 School ST,Boston,MA,2108,42.357681,-71.05967800000002,fonner insurance agency,,True,3.7013698630136984,1,Government Center,276.33305700260473
2015-07-06 00:00:00,4/30/24 16:12,2028-04-30 16:07:00,FOOT LOCKER #8777,RETAIL ATHLETIC FOOTWEAR,375 Washington ST,Boston,MA,2108,42.356337,-71.05976099999998,foot locker 8777,,True,10.780821917808218,1,Downtown Crossing,142.5554130032481
2025-12-24 12:14:00,,2029-12-24 11:17:00,Forest Specialty,Insurance Sales/Marketing,44 School ST,Boston,MA,2108,42.357681,-71.05967800000002,forest specialty,,True,0.3013698630136986,1,Government Center,276.33305700260473
2019-03-13 13:57:00,,2023-03-13 11:52:00,Four Winds Realty,Real Estate,51 Mount Vernon ST,Boston,MA,2108,42.358524,-71.06568300000004,four winds realty,,False,4.0,1,Park Street,598.6882902045961
2024-03-19 10:42:00,,2028-03-19 10:41:00,Frank's Last Stop,Snack Shop,3 Pemberton SQ,Boston,MA,2108,42.359214,-71.06111799999996,franks last stop,,True,2.0684931506849313,1,Government Center,265.9997339963247
2018-12-05 15:35:00,,2022-12-05 15:34:00,Freddy Famous,Fanancial & Legal Services,1 Boston PL,Boston,MA,2108,42.358537,-71.058381,freddy famous,,False,4.0,1,State,135.999864000062
2019-02-27 15:56:00,5/21/24 16:35,2028-05-21 16:33:00,Functionality,Laboratory Equipment Services,24 School ST,Boston,MA,2108,42.357337,-71.05895299999997,functionality,,True,7.1287671232876715,1,Government Center,292.22193000196376
2024-08-05 14:42:00,,2028-08-05 14:38:00,Fur Baby Pet Studio,Photography/Retail,59 Beacon ST,Boston,MA,2108,42.356637,-71.06859800000001,fur baby pet studio,,True,1.6876712328767123,1,Park Street,712.9103982012193
2021-12-01 12:44:00,,2025-12-01 12:43:00,Gabi And Company,Jewelers,333 Washington ST,Boston,MA,2108,42.356857,-71.05908,gabi and company,,False,4.0,1,Downtown Crossing,275.9997240010779
2024-11-01 13:45:00,,2028-11-01 13:44:00,"Gallivant, Ltd.",Travel Planning Services,35 Beacon ST,Boston,MA,2108,42.357274,-71.065383,gallivant ltd,,True,1.4465753424657535,1,Park Street,426.4662401996685
2014-06-10 00:00:00,8/26/22 14:49,2026-08-26 14:47:00,GARDEN HALAL RESTAURANT,RESTAURANT,90 Blackstone ST,Boston,MA,2108,42.361455,-71.05628100000001,garden halal restaurant,,True,11.852054794520548,1,Haymarket,397.22182499897553
2021-09-22 10:31:00,8/25/25 16:54,2029-08-25 15:43:00,GARY DRUG CO.,PHARMACY,59 Charles ST,Boston,MA,2108,42.357717,-71.07009399999998,gary drug co,,True,4.558904109589041,1,Charles/MGH,542.3327910020874
2015-02-25 00:00:00,5/3/23 10:50,2027-05-03 10:47:00,GAYLE P SNIDER INTERIORS,INTERIOR DESIGN,68 Chestnut ST,Boston,MA,2108,42.357013,-71.06928900000003,gayle p snider interiors,,True,11.139726027397261,1,Charles/MGH,709.9992899972005
2025-08-22 10:49:00,,2029-08-22 10:46:00,GCR Servicing Group,Dept of Education Student Loan Servicer,44 School ST,Boston,MA,2108,42.357681,-71.05967800000002,gcr servicing group,,True,0.6410958904109589,1,Government Center,276.33305700260473
2025-01-28 15:37:00,,2029-01-28 13:40:00,GEM Mortgage,Mortgage Lending,44 School ST,Boston,MA,2108,42.357681,-71.05967800000002,gem mortgage,,True,1.2054794520547945,1,Government Center,276.33305700260473
2024-08-22 12:37:00,,2028-08-22 12:35:00,GENUITY GEMS,Jewelry,333 Washington ST,Boston,MA,2108,42.356857,-71.05908,genuity gems,,True,1.641095890410959,1,Downtown Crossing,275.9997240010779
2025-09-15 09:31:00,,2029-09-15 09:30:00,George Howell Coffee,cafe,100 Hanover ST,Boston,MA,2108,42.362123,-71.05754000000002,george howell coffee,,True,0.5753424657534246,2,Haymarket,183.11092799875212
2020-06-12 14:58:00,6/13/24 16:12,2028-06-13 12:32:00,GHADA'S,Esthetician,333 Washington ST,Boston,MA,2108,42.356857,-71.05908,ghadas,,True,5.838356164383562,1,Downtown Crossing,275.9997240010779
2025-07-16 09:31:00,,2029-07-16 09:26:00,GIGS 4 U,Entertainment Services,44 School ST,Boston,MA,2108,42.357681,-71.05967800000002,gigs 4 u,,True,0.7424657534246575,1,Government Center,276.33305700260473
2013-12-20 00:00:00,,2017-12-20 00:00:00,GINSENG HEALING CENTER,MASSAGE PALOR,101 Tremont ST,Boston,MA,2108,42.357221,-71.061036,ginseng healing center,,False,4.002739726027397,2,Park Street,246.06642059944
2014-04-09 00:00:00,,2018-04-09 00:00:00,GINSENG HEALING CENTER,,101 Tremont ST,Boston,MA,2108,42.357221,-71.061036,ginseng healing center,,False,4.002739726027397,2,Park Street,246.06642059944
2023-04-21 11:18:00,,2027-04-21 11:17:00,GLAD,Public Interest Law Firm,18 Tremont ST,Boston,MA,2108,42.358831,-71.05967900000002,glad,,True,2.9808219178082194,1,Government Center,148.66651800202987
2024-05-13 13:32:00,,2028-05-13 13:22:00,GLOBAL GUARDIAN ADMINISTRATION,INDEPENDENT ADJUSTER,44 School ST,Boston,MA,2108,42.357681,-71.05967800000002,global guardian administration,,True,1.917808219178082,1,Government Center,276.33305700260473
2024-05-13 13:32:00,,2028-05-13 13:24:00,GLOBAL GUARDIAN CLAIMS,INDEPENDENT ADJUSTER,44 School ST,Boston,MA,2108,42.357681,-71.05967800000002,global guardian claims,,True,1.917808219178082,1,Government Center,276.33305700260473
2016-11-22 13:14:00,12/6/24 16:47,2028-12-06 16:45:00,Global Prior Art,Business Cunsulting Firm,21 Milk ST,Boston,MA,2108,42.356694,-71.05830300000002,global prior art,,True,9.394520547945206,1,State,332.11077900309846
2022-03-10 09:37:00,,2026-03-10 09:30:00,GMCC,MORTGAGE BANKER,44 School ST,Boston,MA,2108,42.357681,-71.05967800000002,gmcc,,False,4.0,1,Government Center,276.33305700260473
2018-09-18 13:24:00,8/11/22 14:34,2026-08-11 14:24:00,Gold Financial Services,Mortgage,44 School ST,Boston,MA,2108,42.357681,-71.05967800000002,gold financial services,,True,7.572602739726028,1,Government Center,276.33305700260473
2016-02-19 00:00:00,10/29/25 12:22,2029-10-29 12:21:00,GOLDCREST,JEWELER,333 Washington ST,Boston,MA,2108,42.356857,-71.05908,goldcrest,,True,10.156164383561643,1,Downtown Crossing,275.9997240010779
2022-09-12 13:44:00,,2026-09-12 13:43:00,Golden Bedroom,Online Retail,1 Washington Mall,Boston,MA,2108,42.359466,-71.05834099999998,golden bedroom,,True,3.5863013698630137,1,Government Center,123.66654300119998
2025-07-28 10:00:00,,2029-07-28 09:55:00,Golden Oak Strategies,Business Consulting,93 Beacon ST,Boston,MA,2108,42.355812,-71.07241599999998,golden oak strategies,,True,0.7095890410958904,1,Arlington,603.6660629972391
2025-11-12 15:37:00,,2029-11-12 15:35:00,Good Walk Hunting,Dog Walking Services,93 Beacon ST,Boston,MA,2108,42.355812,-71.07241599999998,good walk hunting,,True,0.41643835616438357,1,Arlington,603.6660629972391
2020-12-11 15:01:00,,2024-12-11 14:55:00,GOOD2GO,CAR RENTAL/SHARE,24 School ST,Boston,MA,2108,42.357337,-71.05895299999997,good2go,,False,4.0,1,Government Center,292.22193000196376
2020-08-06 10:07:00,,2024-08-06 10:05:00,Goodman Solutions,Field and maintenance services,44 School ST,Boston,MA,2108,42.357681,-71.05967800000002,goodman solutions,,False,4.0,1,Government Center,276.33305700260473
2024-09-16 13:23:00,,2028-09-16 13:21:00,Goodtimes Brands,Export Trading Company,1 Boston PL,Boston,MA,2108,42.358537,-71.058381,goodtimes brands,,True,1.5726027397260274,1,State,135.999864000062
2016-01-13 00:00:00,5/17/24 12:44,2028-05-17 12:40:00,GORDON & REES,LEGAL SERVICES,28 State ST,Boston,MA,2108,42.359002,-71.05755299999998,gordon  rees,,True,10.257534246575343,1,State,7.666659001170316
2019-06-17 13:50:00,,2023-06-17 13:37:00,Graham Machinery Group,Manufacturer,44 School ST,Boston,MA,2108,42.357681,-71.05967800000002,graham machinery group,,False,4.0,1,Government Center,276.33305700260473
2015-10-08 00:00:00,11/14/23 10:30,2027-11-14 10:27:00,GRAND GEMSTONE JEWELERY,JEWELERY,345 Washington ST,Boston,MA,2108,42.35671,-71.05923899999999,grand gemstone jewelery,,True,10.523287671232877,1,Downtown Crossing,241.99975800165447
2021-03-02 10:34:00,6/2/25 16:54,2029-06-02 12:47:00,GRECO,RESTAURANT,1 Milk ST,Boston,MA,2108,42.356769,-71.05863499999998,greco,,True,5.117808219178082,2,Downtown Crossing,315.6663510027736
2016-07-20 11:26:00,,2020-07-20 11:21:00,Green Room Boston,Hair Salon,40 River ST,Boston,MA,2108,42.357197,-71.07055100000002,green room boston,,False,4.0,2,Charles/MGH,549.3327839978355
2015-09-23 00:00:00,8/28/23 15:31,2027-08-28 15:30:00,GREEN ROOM BOSTON,HAIR SALON,40 River ST,Boston,MA,2108,42.357197,-71.07055100000002,green room boston,,True,10.564383561643835,2,Charles/MGH,549.3327839978355
2023-02-22 11:41:00,,2027-02-22 11:37:00,Green Tree Risk Partners,Insurance Agency Brokerage,44 School ST,Boston,MA,2108,42.357681,-71.05967800000002,green tree risk partners,,True,3.1397260273972605,1,Government Center,276.33305700260473
2022-02-28 13:27:00,,2026-02-28 13:20:00,Gusto Platform Massachusetts,Payroll & HR,44 School ST,Boston,MA,2108,42.357681,-71.05967800000002,gusto platform massachusetts,,False,4.0,1,Government Center,276.33305700260473
2024-04-04 14:37:00,,2028-04-04 14:34:00,GW & Wade at The Colony Group,Financial Services,201 Washington ST,Boston,MA,2108,42.358527,-71.058153,gw  wade at the colony group,,True,2.0246575342465754,1,State,111.77766600042636
2015-03-20 00:00:00,1/23/23 10:04,2027-01-23 10:02:00,H R JEWELERS,JEWELERY STORE,333 Washington ST,Boston,MA,2108,42.356857,-71.05908,h r jewelers,,True,11.076712328767123,1,Downtown Crossing,275.9997240010779
2021-01-29 14:44:00,,2025-01-29 14:40:00,Hadland Capital,investing,10 Otis PL,Boston,MA,2108,42.357038,-71.07246299999997,hadland capital,,False,4.0,1,Charles/MGH,565.1105459966856
2018-08-01 10:00:00,8/8/22 13:05,2026-08-08 13:04:00,Hairdo's By Drew,Mobile Hair Dresser,30 Cornhill,Boston,MA,2108,42.359501,-71.05831,hairdos by drew,,True,7.704109589041096,1,Government Center,123.22209899837463
2024-12-16 15:25:00,,2028-12-16 15:23:00,Halloran Associates,Consulting,130 Bowdoin ST,Boston,MA,2108,42.358632,-71.06272999999999,halloran associates,,True,1.3232876712328767,1,Park Street,282.5774951989972
2016-07-20 14:21:00,,,Hammond Residential Real Estate,,66 Beacon ST,Boston,MA,2108,42.3564,-71.06925999999999,hammond residential real estate,,False,,1,Arlington,681.2215410011717
2013-09-17 00:00:00,4/2/25 15:53,2029-04-02 15:47:00,HAMPSHIRE HOUSE,RESTAURANT/PUB,84 Beacon ST,Boston,MA,2108,42.356042,-71.07123999999999,hampshire house,,True,12.580821917808219,1,Arlington,498.5550569989289
2015-08-20 00:00:00,7/25/23 12:08,2027-07-25 12:06:00,HAPPY LEMON,FOOD COURT,417 Washington ST,Boston,MA,2108,42.355796,-71.06034799999998,happy lemon,,True,10.657534246575343,1,Downtown Crossing,44.55551099724742
2023-04-13 15:44:00,,2027-04-13 15:42:00,Happy Vui,Event Consult & Planning,1 Charles ST,Boston,MA,2108,42.356412,-71.06926799999997,happy vui,,True,3.0027397260273974,1,Arlington,681.6659850032074
2018-02-26 16:06:00,1/8/26 15:59,2030-01-08 15:16:00,Hartley Realty Group,Real Estate,1 Beacon ST,Boston,MA,2108,42.358449,-71.060833,hartley realty group,,True,8.131506849315068,1,Government Center,319.3330140006216
2024-06-21 13:04:00,,2028-06-21 13:00:00,HAULLA,IT SOLUTIONS,44 School ST,Boston,MA,2108,42.357681,-71.05967800000002,haulla,,True,1.810958904109589,1,Government Center,276.33305700260473
2024-01-25 13:13:00,,2028-01-25 12:56:00,Health Network One,Third Party Administrator,45 School ST,Boston,MA,2108,42.358038,-71.05938800000001,health network one,,True,2.2164383561643834,1,Government Center,204.4442400017341
2024-05-16 15:41:00,,2028-05-16 15:38:00,Hearth & Hug Bakery,Bakery,100 Hanover ST,Boston,MA,2108,42.362123,-71.05754000000002,hearth  hug bakery,,True,1.9095890410958904,1,Haymarket,183.11092799875212
2025-08-29 15:51:00,,2029-08-29 15:48:00,HeelsFunding,Professional Fundraiser and Business Consultant,1 Washington Mall,Boston,MA,2108,42.359466,-71.05834099999998,heelsfunding,,True,0.6219178082191781,1,Government Center,123.66654300119998
2023-05-17 12:53:00,,2027-05-17 12:50:00,Helium Mobile,Decentralized Tele-Communications Network,44 School ST,Boston,MA,2108,42.357681,-71.05967800000002,helium mobile,,True,2.9095890410958902,1,Government Center,276.33305700260473
2025-09-02 16:44:00,,2029-09-02 11:39:00,Helix Insurance Advisors,Insurance Sales Agency,44 School ST,Boston,MA,2108,42.357681,-71.05967800000002,helix insurance advisors,,True,0.6109589041095891,1,Government Center,276.33305700260473
2025-11-03 11:27:00,,2029-11-03 11:25:00,Hellium,Communications Network,44 School ST,Boston,MA,2108,42.357681,-71.05967800000002,hellium,,True,0.4410958904109589,1,Government Center,276.33305700260473
2017-05-12 11:05:00,,,Hello Mortgage,Mortgage Lending,44 School ST,Boston,MA,2108,42.357681,-71.05967800000002,hello mortgage,,False,,1,Government Center,276.33305700260473
2020-02-19 12:10:00,2/15/24 13:21,2028-02-15 11:18:00,Hellospoke,Telecommunications,45 School ST,Boston,MA,2108,42.358038,-71.05938800000001,hellospoke,,True,6.1506849315068495,1,Government Center,204.4442400017341
2014-01-16 00:00:00,,2018-01-16 00:00:00,HELP ME HOLLY,PERSONAL CONCIERGE SERVICE,45 Province ST,Boston,MA,2108,42.357198,-71.05994099999998,help me holly,,False,4.002739726027397,1,Downtown Crossing,218.2220040024757
2022-04-14 13:06:00,,2026-04-14 12:34:00,Helt Design,Architectural Services,44 School ST,Boston,MA,2108,42.357681,-71.05967800000002,helt design,,True,4.0,1,Government Center,276.33305700260473
2021-09-17 11:03:00,8/22/25 15:27,2029-08-22 00:00:00,Hennessy's of Boston,Restaurant/bar,25 Union ST,Boston,MA,2108,42.362913,-71.18710299999998,hennessys of boston,,True,4.572602739726028,1,Newton Centre,4253.551302002632
2020-09-10 14:31:00,10/17/24 14:13,2028-10-17 14:10:00,HEPBURN HOMES,REAL ESTATE INVESTMENT,35 Beacon ST,Boston,MA,2108,42.357274,-71.065383,hepburn homes,,True,5.5917808219178085,1,Park Street,426.4662401996685
2013-10-04 00:00:00,,2013-12-20 00:00:00,HERBAL HEALING CENTER,MESSAGE PALOR,101 Tremont ST,Boston,MA,2108,42.357221,-71.061036,herbal healing center,,False,0.21095890410958903,2,Park Street,246.06642059944
2013-10-04 00:00:00,,2013-12-20 00:00:00,HERBAL HEALING CENTER,MESSAGE PALOR,101 Tremont ST,Boston,MA,2108,42.357221,-71.061036,herbal healing center,,False,0.21095890410958903,2,Park Street,246.06642059944
2019-06-26 14:48:00,9/25/23 11:52,2027-09-25 11:49:00,Hercules Laundry,Route Operating Laundry,44 School ST,Boston,MA,2108,42.357681,-71.05967800000002,hercules laundry,,True,6.802739726027397,1,Government Center,276.33305700260473
2015-12-31 00:00:00,11/6/23 15:42,2027-11-06 12:50:00,HERITAGE MUSICAL INSTRUMENT AGENCY,INSURANCE SALES,44 School ST,Boston,MA,2108,42.357681,-71.05967800000002,heritage musical instrument agency,,True,10.293150684931506,1,Government Center,276.33305700260473
2022-09-20 15:05:00,,2026-09-20 15:02:00,HiARCHi Collaborative,Architectural Design,36 Province ST,Boston,MA,2108,42.356954,-71.05983100000003,hiarchi collaborative,,True,3.5643835616438357,1,Downtown Crossing,203.333129997434
2018-03-09 11:57:00,,2022-03-09 11:56:00,High Spot Deli,Restaurant,10 Beacon ST,Boston,MA,2108,42.358111,-71.061871,high spot deli,,False,4.0,1,Park Street,252.1775255998007
2025-08-06 11:57:00,,2029-08-06 11:50:00,HIGH TECH NAILS & SKIN SALON,Nail Shop,39 Bromfield ST,Boston,MA,2108,42.356907,-71.060381,high tech nails  skin salon,,True,0.684931506849315,1,Downtown Crossing,171.66649500080388
2016-09-26 10:57:00,,,Highball Lounge,Hotel/Lounge,90 Tremont ST,Boston,MA,2108,42.35733,-71.06069300000001,highball lounge,,False,,1,Downtown Crossing,253.33308000146224
2025-06-26 13:31:00,,2029-06-26 13:17:00,Highland Mortgage,Mortgage Broker / Lender,44 School ST,Boston,MA,2108,42.357681,-71.05967800000002,highland mortgage,,True,0.7972602739726027,1,Government Center,276.33305700260473
2019-12-10 12:13:00,,2023-12-10 12:11:00,HIGHSCOPE EDUCATIONAL RESEARCH,SOFTWARE,45 School ST,Boston,MA,2108,42.358038,-71.05938800000001,highscope educational research,,False,4.0,1,Government Center,204.4442400017341
2018-07-03 12:12:00,,2022-07-03 12:11:00,Hill Law,Law Firm,6 Beacon ST,Boston,MA,2108,42.358149,-71.06172300000003,hill law,,False,4.0,1,Park Street,272.8441715957814
2018-07-03 12:56:00,5/24/23 13:14,2027-05-24 13:12:00,Hindsight,Education Technology,100 Cambridge ST,Boston,MA,2108,42.360981,-71.06262400000003,hindsight,,True,7.7835616438356166,1,Bowdoin,107.88878100234992
2022-05-13 13:49:00,,2026-05-13 12:12:00,HISSHO SUSHI inside SUFFOLK UNIVERSITY -1 COURT,Wholesale Sushi Vendor,1 Court ST,Boston,MA,2108,42.358955,-71.058022,hissho sushi inside suffolk university 1 court,,True,3.9205479452054797,1,State,49.66661699934345
2022-05-13 13:48:00,,2026-05-13 12:15:00,HISSHO SUSHI inside SUFFOLK UNIVERSITY -SARGENT HALL,Wholesale Sushi Vendor,120 Tremont ST,Boston,MA,2108,42.356857,-71.060971,hissho sushi inside suffolk university sargent hall,,True,3.9205479452054797,1,Park Street,212.84423159963185
2018-09-26 11:45:00,,2022-09-26 11:43:00,HKTC,Entertainment Production,44 School ST,Boston,MA,2108,42.357681,-71.05967800000002,hktc,,False,4.0,1,Government Center,276.33305700260473
2024-10-28 11:25:00,,2028-10-28 11:24:00,HMA Mortgage,Mortgage Lending,45 School ST,Boston,MA,2108,42.358038,-71.05938800000001,hma mortgage,,True,1.4575342465753425,1,Government Center,204.4442400017341
2024-10-28 11:23:00,,2028-10-28 11:18:00,Holland Mortgage Advisors,Mortgage Lending,45 School ST,Boston,MA,2108,42.358038,-71.05938800000001,holland mortgage advisors,,True,1.4575342465753425,1,Government Center,204.4442400017341
2024-12-31 15:14:00,,2028-12-31 15:13:00,Holy Trinity Shop,E-Commerce,31 Brimmer ST,Boston,MA,2108,42.357822,-71.07215400000001,holy trinity shop,,True,1.2821917808219179,1,Charles/MGH,443.66622300171736
2022-06-01 13:59:00,,2026-06-01 11:10:00,Home and Auto Marketplace,Insurance,44 School ST,Boston,MA,2108,42.357681,-71.05967800000002,home and auto marketplace,,True,3.8684931506849316,1,Government Center,276.33305700260473
2018-10-25 15:07:00,,2022-10-25 14:55:00,Home Goods #832,Retail,350 Washington ST,Boston,MA,2108,42.356452,-71.059125,home goods 832,,False,4.0,1,Downtown Crossing,225.999774000997
2025-04-11 10:49:00,,2029-04-11 10:48:00,Home Instead,Home Care Agency,6 Beacon ST,Boston,MA,2108,42.358149,-71.06172300000003,home instead,,True,1.0054794520547945,1,Park Street,272.8441715957814
2023-07-12 13:46:00,,2027-07-12 12:50:00,homecoin.com,Real Estate,44 School ST,Boston,MA,2108,42.357681,-71.05967800000002,homecoom,,True,2.756164383561644,1,Government Center,276.33305700260473
2018-10-29 13:54:00,,2022-10-29 13:53:00,HomeFundlt,Mortgage Lender,44 School ST,Boston,MA,2108,42.357681,-71.05967800000002,homefundlt,,False,4.0,1,Government Center,276.33305700260473
2025-09-22 17:23:00,,2029-09-22 14:51:00,HOMESPIRE HOME LOANS,mortgage lending,45 School ST,Boston,MA,2108,42.358038,-71.05938800000001,homespire home loans,,True,0.5561643835616439,1,Government Center,204.4442400017341
2016-04-25 00:00:00,9/4/24 14:59,2028-09-04 14:57:00,HOMSY JEWELERS,RETAIL,333 Washington ST,Boston,MA,2108,42.356857,-71.05908,homsy jewelers,,True,9.975342465753425,1,Downtown Crossing,275.9997240010779
2013-03-08 00:00:00,,2017-03-08 00:00:00,HONG KONG MASSAGE & BODYWORKS,REFLEXOLOGY & BODYWORKS,333 Washington ST,Boston,MA,2108,42.356857,-71.05908,hong kong massage  bodyworks,,False,4.002739726027397,1,Downtown Crossing,275.9997240010779
2013-03-13 00:00:00,,2013-07-17 00:00:00,HONG KONG STYLE BODYWORK,REFLEXOLOGY & BODYWORK,333 Washington ST,Boston,MA,2108,42.356857,-71.05908,hong kong style bodywork,,False,0.3452054794520548,1,Downtown Crossing,275.9997240010779
2022-12-05 13:31:00,,2026-12-05 13:28:00,Hotel AKA Boston Common,Hospitality,90 Tremont ST,Boston,MA,2108,42.35733,-71.06069300000001,hotel aka boston common,,True,3.356164383561644,1,Downtown Crossing,253.33308000146224
2021-11-08 14:04:00,,2025-11-08 11:54:00,Hourglass Collaborative,Retail consulting publishing,24 School ST,Boston,MA,2108,42.357337,-71.05895299999997,hourglass collaborative,,False,4.0,1,Government Center,292.22193000196376
2024-04-11 11:55:00,,2028-04-11 11:54:00,House of Jewelry,Jewelry Store,345 Washington ST,Boston,MA,2108,42.35671,-71.05923899999999,house of jewelry,,True,2.0054794520547947,1,Downtown Crossing,241.99975800165447
2016-06-22 00:00:00,9/5/24 14:04,2028-09-05 14:02:00,HRAIR ZARGARIAN JEWELRY,JEWELRY,333 Washington ST,Boston,MA,2108,42.356857,-71.05908,hrair zargarian jewelry,,True,9.816438356164383,1,Downtown Crossing,275.9997240010779
2023-11-30 11:33:00,,2027-11-30 11:31:00,Hsuanyeh Realty,Real Estate Brokerage,11 Beacon ST,Boston,MA,2108,42.358382,-71.06162499999999,hsuanyeh realty,,True,2.3698630136986303,1,Park Street,309.621912600034
2017-07-11 13:20:00,10/26/22 12:07,2026-10-26 11:58:00,HUb Pub,Restaurant/Pub,18 Province ST,Boston,MA,2108,42.357172,-71.05965700000002,hub pub,,True,8.761643835616438,1,Downtown Crossing,246.88864199878512
2022-10-31 15:30:00,,2026-10-31 15:28:00,HUB TOWN TOURS,WALKING TOUR OPERATOR,7 Marshall ST,Boston,MA,2108,42.361819,-71.05684100000002,hub town tours,,True,3.452054794520548,1,Haymarket,294.5552609984411
2022-08-23 11:17:00,,2026-08-23 11:15:00,IANNELLA AND MUMMOLO,LAW OFFICES,55 Court ST,Boston,MA,2108,42.359282,-71.05910599999999,iannella and mummolo,,True,3.6410958904109587,1,Government Center,59.11105200076226
2022-01-26 15:58:00,1/9/26 15:47,2030-01-09 14:22:00,ICE Currency Services USA,Money Services Business,44 School ST,Boston,MA,2108,42.357681,-71.05967800000002,ice currency services usa,,True,4.213698630136986,1,Government Center,276.33305700260473
2026-01-16 14:07:00,,2030-01-16 14:05:00,Ideation Architects,Architecture Firm,44 School ST,Boston,MA,2108,42.357681,-71.05967800000002,ideation architects,,True,0.23835616438356164,1,Government Center,276.33305700260473
2023-10-18 14:42:00,,2027-10-18 14:40:00,Iftin Express,Money Transimitter,44 School ST,Boston,MA,2108,42.357681,-71.05967800000002,iftin express,,True,2.4876712328767123,1,Government Center,276.33305700260473
2020-01-06 14:16:00,1/8/24 13:33,2028-01-08 11:56:00,iHome Mortgage,Mortgage and Nonmortgage Loan Brokers,44 School ST,Boston,MA,2108,42.357681,-71.05967800000002,ihome mortgage,,True,6.271232876712329,1,Government Center,276.33305700260473
2025-07-03 13:20:00,,2029-07-03 12:51:00,IIS Insurance Agency,Insurance Sales/Marketing,44 School ST,Boston,MA,2108,42.357681,-71.05967800000002,iis insurance agency,,True,0.7780821917808219,1,Government Center,276.33305700260473
2025-07-07 13:48:00,,2029-07-07 13:45:00,illuno,Security Marketplace App,44 School ST,Boston,MA,2108,42.357681,-71.05967800000002,illuno,,True,0.7671232876712328,1,Government Center,276.33305700260473
2019-10-31 09:41:00,,2023-10-31 09:38:00,Imc North America,Healthcare Advertising,1 Boston PL,Boston,MA,2108,42.358537,-71.058381,imc north america,,False,4.0,1,State,135.999864000062
2013-12-03 00:00:00,12/20/21 14:56,2025-12-20 11:36:00,IMORTGAGE,RESIDENTIAL MORTGAGE LENDING - CH 227 SEC 5A,44 School ST,Boston,MA,2108,42.357681,-71.05967800000002,imortgage,,False,12.054794520547945,1,Government Center,276.33305700260473
2022-07-11 14:32:00,,2026-07-11 14:28:00,IMPACT VITALS,MEDICAL DEVICE AND WEARABLE TECHNOLOGY,1 Beacon ST,Boston,MA,2108,42.358449,-71.060833,impact vitals,,True,3.758904109589041,1,Government Center,319.3330140006216
2022-08-17 14:10:00,,2026-08-17 14:08:00,Impression Impact,Interior Design,21 Beacon ST,Boston,MA,2108,42.358209,-71.06238100000002,impression impact,,True,3.6575342465753424,1,Park Street,206.39979359774412
2018-04-26 14:06:00,,2022-04-26 13:15:00,INDOOR ENVIRONMENTAL SERVICES,ENERGY MANAGEMENT SERVICES,44 School ST,Boston,MA,2108,42.357681,-71.05967800000002,indoor environmental services,,False,4.0,1,Government Center,276.33305700260473
2023-02-23 13:43:00,,2027-02-23 13:41:00,Inicio Psychiatry,Mental Health Provider,1 Boston PL,Boston,MA,2108,42.358537,-71.058381,inicio psychiatry,,True,3.136986301369863,1,State,135.999864000062
2019-04-12 14:42:00,,2023-04-12 14:39:00,Innovative DOMEX Solutions,DEA Investigate Analysts,15 Sudbury ST,Boston,MA,2108,42.361377,-71.06005099999999,innovative domex solutions,,False,4.0,1,Bowdoin,221.99977800162213
2016-03-02 00:00:00,,2020-03-02 00:00:00,INNPAYMENT,PAYMENT SERVICE PROVIDER,44 School ST,Boston,MA,2108,42.357681,-71.05967800000002,innpayment,,False,4.002739726027397,1,Government Center,276.33305700260473
2019-05-08 14:41:00,,2023-05-08 12:21:00,Insomnia Cookies,Retail Bakery,61 Bromfield ST,Boston,MA,2108,42.357063,-71.06078100000002,insomnia cookies,,False,4.0,2,Downtown Crossing,233.4442110019389
2024-05-13 15:44:00,,2028-05-13 14:20:00,InSource Life and Annuity Sales,Insurance,44 School ST,Boston,MA,2108,42.357681,-71.05967800000002,insource life and annuity sales,,True,1.917808219178082,1,Government Center,276.33305700260473
2024-09-23 11:49:00,,2028-09-23 11:47:00,Inspire Placemaking Collective,Consulting Services,6 Beacon ST,Boston,MA,2108,42.358149,-71.06172300000003,inspire placemaking collective,,True,1.5534246575342465,1,Park Street,272.8441715957814
2018-02-12 16:15:00,5/17/22 14:33,2026-05-17 14:27:00,Instacart,Grocery Delivery Service,1 Bromfield ST,Boston,MA,2108,42.35655,-71.05967299999998,instacart,,True,8.169863013698631,1,Downtown Crossing,175.99982400328463
2013-10-15 00:00:00,8/28/25 17:29,2029-08-28 14:02:00,INSTITUTE FOR CLINICAL AND ECONOMIC REVIEW,NON-PROFIT,14 Beacon ST,Boston,MA,2108,42.357863,-71.06244800000002,institute for clinical and economic review,,True,12.504109589041096,1,Park Street,165.79983420251023
2018-04-03 12:15:00,,2022-04-03 12:13:00,INSURANCE SALES,INSURANCES SALES,44 School ST,Boston,MA,2108,42.357681,-71.05967800000002,insurance sales,,False,4.0,1,Government Center,276.33305700260473
2023-05-23 14:50:00,,2027-05-23 13:06:00,Insurepro,Insurance Sales/Marketing,44 School ST,Boston,MA,2108,42.357681,-71.05967800000002,insurepro,,True,2.893150684931507,1,Government Center,276.33305700260473
2023-10-03 13:53:00,,2027-10-03 12:50:00,Integra Insurance Services,Insurance Sales/Marketing,44 School ST,Boston,MA,2108,42.357681,-71.05967800000002,integra insurance services,,True,2.5287671232876714,1,Government Center,276.33305700260473
2016-01-12 00:00:00,2/5/24 8:38,2028-02-05 08:37:00,INTERNATIONAL EXCHANGE,JEWELRY WHOLESALE/RETAIL,333 Washington ST,Boston,MA,2108,42.356857,-71.05908,international exchange,,True,10.26027397260274,1,Downtown Crossing,275.9997240010779
2017-02-06 14:42:00,,,INTERNATIONAL INSTITUTE OF BOSTON,SOCIAL SERVICE AGENCY,1 Milk ST,Boston,MA,2108,42.356769,-71.05863499999998,international institute of boston,,False,,1,Downtown Crossing,315.6663510027736
2017-02-06 14:33:00,,,INTERNATIONAL INSTITUTE OF NEW ENGLAND,SOCIAL SERVICE AGENCY,1 Milk ST,Boston,MA,2108,42.356769,-71.05863499999998,international institute of new england,,False,,1,Downtown Crossing,315.6663510027736
2018-12-27 13:20:00,,2022-12-27 13:17:00,Interpretek,American Sign Language Interp,44 School ST,Boston,MA,2108,42.357681,-71.05967800000002,interpretek,,False,4.0,1,Government Center,276.33305700260473
2016-08-10 16:26:00,,2020-08-10 16:24:00,INTERTEXTUM,FILM,93 Beacon ST,Boston,MA,2108,42.355812,-71.07241599999998,intertextum,,False,4.0,1,Arlington,603.6660629972391
2023-06-01 09:36:00,,2027-06-01 09:30:00,INV USA,Wholesaler of LED drivers and related electronic components,45 School ST,Boston,MA,2108,42.358038,-71.05938800000001,inv usa,,True,2.8684931506849316,1,Government Center,204.4442400017341
2024-05-29 12:08:00,,2028-05-29 12:07:00,ISSUES MANAGEMENT GROUP,PUBLIC RELATIONS,30 Winter ST,Boston,MA,2108,42.35573,-71.06158900000003,issues management group,,True,1.873972602739726,1,Park Street,166.64427779658865
2024-11-15 12:30:00,,2028-11-15 12:29:00,ISTANBUL DONER BURRITO DOWNTOWN CROSSING,Fast Food Restaurant,417 Washington ST,Boston,MA,2108,42.355796,-71.06034799999998,istanbul doner burrito downtown crossing,,True,1.4082191780821918,1,Downtown Crossing,44.55551099724742
2018-01-22 12:23:00,12/15/25 16:25,2029-12-15 14:25:00,Ivy Direct,Residential Mortgage Lending,44 School ST,Boston,MA,2108,42.357681,-71.05967800000002,ivy direct,,True,8.227397260273973,1,Government Center,276.33305700260473
2016-08-08 13:04:00,9/10/24 12:17,2028-09-10 12:16:00,J & T Associates,Wholesale Gold Buyers,333 Washington ST,Boston,MA,2108,42.356857,-71.05908,j  t associates,,True,9.684931506849315,1,Downtown Crossing,275.9997240010779
2014-05-15 00:00:00,3/7/25 11:51,2029-03-07 11:38:00,J AND A JEWELRY,JEWELRY,345 Washington ST,Boston,MA,2108,42.35671,-71.05923899999999,j and a jewelry,,True,11.923287671232877,1,Downtown Crossing,241.99975800165447
2015-11-16 00:00:00,4/5/24 13:42,2028-04-05 13:41:00,J MCLAUGHLIN,RETAIL CLOTHING,34 Charles ST,Boston,MA,2108,42.35706,-71.07008100000002,j mclaughlin,,True,10.416438356164383,1,Charles/MGH,616.7771609988744
2022-09-29 13:57:00,,2026-09-29 13:35:00,J. T. MILLER COMPANY,INSURANCE AGENCY,44 School ST,Boston,MA,2108,42.357681,-71.05967800000002,j t miller company,,True,3.5397260273972604,1,Government Center,276.33305700260473
2018-06-04 16:10:00,,2022-06-04 15:26:00,j.s held,Construction Consulting,100 Cambridge ST,Boston,MA,2108,42.360981,-71.06262400000003,js held,,False,4.0,1,Bowdoin,107.88878100234992
2012-11-26 00:00:00,,2016-11-26 00:00:00,JAB STAB PRODUCTION,FILM PRODUCTION,101 Tremont ST,Boston,MA,2108,42.357221,-71.061036,jab stab production,,False,4.002739726027397,1,Park Street,246.06642059944
2018-08-27 11:09:00,,2022-08-27 11:08:00,JAC FINANCIAL,Financial,1 Beacon ST,Boston,MA,2108,42.358449,-71.060833,jac financial,,False,4.0,1,Government Center,319.3330140006216
2021-05-04 13:27:00,,2025-05-04 13:24:00,JACK & ANNIE'S,PACKAGED FOODS-GOODS,44 School ST,Boston,MA,2108,42.357681,-71.05967800000002,jack  annies,,False,4.0,1,Government Center,276.33305700260473
2019-09-24 11:52:00,,2023-09-24 09:50:00,Jack Doheny Company,Selling & renting various trucks,45 School ST,Boston,MA,2108,42.358038,-71.05938800000001,jack doheny company,,False,4.0,1,Government Center,204.4442400017341
2022-04-11 14:54:00,3/19/26 14:57,2030-03-19 14:54:00,James F. Franco Insurance Agency,Insurance Agency,44 School ST,Boston,MA,2108,42.357681,-71.05967800000002,james f franco insurance agency,,True,4.008219178082192,1,Government Center,276.33305700260473
2017-03-06 12:38:00,2/26/25 16:15,2029-02-26 15:06:00,JAMS ADR Services,Arbitration and Mediation Services,201 Washington ST,BOSTON,MA,2108,42.358527,-71.058153,jams adr services,,True,9.10958904109589,1,State,111.77766600042636
2019-09-04 12:41:00,,2023-09-04 12:40:00,Janet K. Hunkel,Short Term Rental,36 River ST,Boston,MA,2108,42.357118,-71.07053100000002,janet k hunkel,,False,4.0,1,Charles/MGH,560.3327729984849
2017-04-06 12:05:00,5/5/25 16:17,2029-05-05 16:08:00,JD CONSULTING,"PUBLIC RELATIONS, MARKTING",45 School ST,Boston,MA,2108,42.358038,-71.05938800000001,jd consulting,,True,9.024657534246575,1,Government Center,204.4442400017341
2024-08-01 15:19:00,,2028-08-01 15:18:00,Jennifer Rand Fine Art and Design,Art and Interior Design,44 Chestnut ST,Boston,MA,2108,42.357185,-71.068307,jennifer rand fine art and design,,True,1.6986301369863013,1,Park Street,741.4659252009673
2018-01-24 16:42:00,1/6/26 14:04,2030-01-06 14:02:00,Jewel Theory,Jewelry,333 Washington ST,Boston,MA,2108,42.356857,-71.05908,jewel theory,,True,8.221917808219178,1,Downtown Crossing,275.9997240010779
2024-08-08 14:39:00,,2028-08-08 14:37:00,Jewelry By James,Retail,333 Washington ST,Boston,MA,2108,42.356857,-71.05908,jewelry by james,,True,1.6794520547945206,1,Downtown Crossing,275.9997240010779
2024-05-30 13:22:00,,2028-05-30 13:20:00,Joel Schwartz Injury & Accident Lawyers,Law Firm,1 Washington MA,Boston,MA,2108,42.359466,-71.05834099999998,joel schwartz injury  accident lawyers,,True,1.8712328767123287,1,Government Center,123.66654300119998
2024-05-30 13:22:00,,2028-05-30 13:19:00,Joel Schwartz Injury & Accident Lawyers-Boston,Law Firm,1 Washington MA,Boston,MA,2108,42.359466,-71.05834099999998,joel schwartz injury  accident lawyersboston,,True,1.8712328767123287,1,Government Center,123.66654300119998
2018-04-11 16:37:00,7/29/22 15:06,2026-07-29 15:04:00,John F. Drewry Attorney At Law,Attorney,40 Court ST,Boston,MA,2108,42.358932,-71.05927700000001,john f drewry attorney at law,,True,8.01095890410959,1,Government Center,92.77768500102722
2021-08-18 12:58:00,,2025-08-18 12:57:00,Jonathan Diamond Designs,Interior Design,101 Mount Vernon ST,Boston,MA,2108,42.358026,-71.06987200000003,jonathan diamond designs,,False,4.0,1,Charles/MGH,532.6661339964927
2017-05-04 12:43:00,5/19/25 15:11,2029-05-19 11:54:00,JOSEPH D WALTERS INSURANCE,INSURANCE,44 School ST,Boston,MA,2108,42.357681,-71.05967800000002,joseph d walters insurance,,True,8.947945205479453,1,Government Center,276.33305700260473
2014-02-11 00:00:00,1/7/26 10:25,2030-01-07 10:24:00,JOSEPH GANN JEWELERS,RETAIL JEWELRY,387 Washington ST,Boston,MA,2108,42.356169,-71.05991599999999,joseph gann jewelers,,True,12.178082191780822,1,Downtown Crossing,106.66656000227778
2025-09-22 17:26:00,,2029-09-22 13:35:00,Journey Lending,mortgage lending,45 School ST,Boston,MA,2108,42.358038,-71.05938800000001,journey lending,,True,0.5561643835616439,2,Government Center,204.4442400017341
2024-01-03 10:51:00,,2028-01-03 10:23:00,Journey Lending,Mortgage Lending,45 School ST,Boston,MA,2108,42.358038,-71.05938800000001,journey lending,,True,2.276712328767123,2,Government Center,204.4442400017341
2019-02-11 15:18:00,1/30/23 15:16,2027-01-30 12:59:00,JP Morgan Chase Bank,Federally chartered financial instituation,425 Washington ST,Boston,MA,2108,42.355722,-71.06053800000001,jp morgan chase bank,,True,7.1726027397260275,1,Downtown Crossing,57.444387001022726
2025-06-25 10:09:00,,2029-06-25 10:06:00,JS WATCH CO,WATCH REPAIR,345 Washington ST,Boston,MA,2108,42.35671,-71.05923899999999,js watch co,,True,0.8,1,Downtown Crossing,241.99975800165447
2026-02-11 15:28:00,,2030-02-11 15:24:00,JTC Jewelry & Design,Jewelry,365 Washington ST,Boston,MA,2108,42.35654,-71.05944499999998,jtc jewelry  design,,True,0.16712328767123288,1,Downtown Crossing,200.22202200292028
2016-05-24 00:00:00,5/2/24 11:10,2028-05-02 11:09:00,K Q JEWELRY,JEWELRY,365 Washington ST,Boston,MA,2108,42.35654,-71.05944499999998,k q jewelry,,True,9.895890410958904,1,Downtown Crossing,200.22202200292028
2018-05-17 16:18:00,5/18/22 12:33,2026-05-18 12:31:00,Kala Thai Cookery,Restaurant,120 Blackstone ST,Boston,MA,2108,42.3618,-71.05676499999998,kala thai cookery,,True,7.912328767123288,1,Haymarket,305.1108060017916
2022-10-26 13:52:00,,2026-10-26 13:51:00,Kami Fine Jewelry,Custom Jewelry,333 Washington ST,Boston,MA,2108,42.356857,-71.05908,kami fine jewelry,,True,3.4657534246575343,1,Downtown Crossing,275.9997240010779
2023-10-05 11:52:00,,2027-10-05 11:50:00,Kaplan International Languages,Language School,11 Beacon ST,Boston,MA,2108,42.358382,-71.06162499999999,kaplan international languages,,True,2.5232876712328767,1,Park Street,309.621912600034
2021-09-21 11:59:00,,2025-09-21 11:58:00,KASHVI SHENAYA VARIETY,Convenience Store,8 Beacon ST,Boston,MA,2108,42.358134,-71.06177600000001,kashvi shenaya variety,,False,4.0,1,Park Street,265.28862359827804
2021-11-24 10:29:00,11/21/25 14:36,2029-11-21 12:05:00,Katherine Houston Porcelain,Art,101 Chestnut ST,Boston,MA,2108,42.356719,-71.07228199999997,katherine houston porcelain,,True,4.3863013698630136,1,Charles/MGH,580.4438639974472
2025-06-03 08:46:00,,2029-06-03 08:33:00,Kaufman Commerical,Insurance Sales and Marketing,44 School ST,Boston,MA,2108,42.357681,-71.05967800000002,kaufman commerical,,True,0.8602739726027397,1,Government Center,276.33305700260473
2023-10-31 11:51:00,,2027-10-31 11:48:00,KAYS CURRIES,Meal kit,100 Hanover ST,Boston,MA,2108,42.362123,-71.05754000000002,kays curries,,True,2.452054794520548,1,Haymarket,183.11092799875212
2024-05-08 13:07:00,,2028-05-08 10:46:00,KB Financial Partners,Licensed Insurance Agency,44 School ST,Boston,MA,2108,42.357681,-71.05967800000002,kb financial partners,,True,1.9315068493150684,1,Government Center,276.33305700260473
2025-08-05 16:27:00,,2029-08-05 15:36:00,Kb3 Advisors,Spa,44 School ST,Boston,MA,2108,42.357681,-71.05967800000002,kb3 advisors,,True,0.6876712328767123,1,Government Center,276.33305700260473
2021-02-12 12:59:00,3/19/25 11:00,2029-02-14 00:00:00,KC JEWELRY,jewelry,333 Washington ST,Boston,MA,2108,42.356857,-71.05908,kc jewelry,,True,5.167123287671233,1,Downtown Crossing,275.9997240010779
2023-03-13 13:27:00,,2027-03-13 12:56:00,Keller Home Loans,Mortgage Lending,44 School ST,Boston,MA,2108,42.357681,-71.05967800000002,keller home loans,,True,3.0876712328767124,1,Government Center,276.33305700260473
2017-02-28 13:14:00,6/25/21 14:20,2025-06-25 14:15:00,KELLER MORTGAGE,MORTGAGE ORIENTATION,45 School ST,Boston,MA,2108,42.358038,-71.05938800000001,keller mortgage,,False,8.326027397260274,1,Government Center,204.4442400017341
2014-11-19 00:00:00,1/10/23 11:11,2027-01-10 11:10:00,KEVORK'S FINE SETTTING,JEWELRY REPAIRS,333 Washington ST,Boston,MA,2108,42.356857,-71.05908,kevorks fine settting,,True,11.408219178082192,1,Downtown Crossing,275.9997240010779
2019-02-15 11:45:00,2/6/23 12:33,2027-02-06 12:32:00,KEY Discovery,Litigation Support,40 Court ST,Boston,MA,2108,42.358932,-71.05927700000001,key discovery,,True,7.161643835616438,1,Government Center,92.77768500102722
2016-07-19 09:39:00,8/24/22 8:47,2026-08-24 08:39:00,Key Works,Key Shop/Lottery/Cigarettes,235 Washington ST,Boston,MA,2108,42.358135,-71.058066,key works,,True,9.73972602739726,1,State,145.66652100013027
2025-02-27 09:43:00,,2029-02-27 09:30:00,Keyvoice.net,Communications,44 School ST,Boston,MA,2108,42.357681,-71.05967800000002,keyvoicenet,,True,1.1232876712328768,1,Government Center,276.33305700260473
2017-01-30 09:29:00,,,K-Horn's Jewelry,Jewelry,339 Washington ST,Boston,MA,2108,42.356779,-71.05916300000001,khorns jewelry,,False,,1,Downtown Crossing,258.11085299966294
2015-06-18 00:00:00,4/25/23 12:06,2027-04-25 12:04:00,KIM FOSTER ACUPUNCTURE,ACUPUNCTURE THERAPY,1 Walnut ST,Boston,MA,2108,42.35712,-71.06601,kim foster acupuncture,,True,10.830136986301369,1,Park Street,479.02174320119207
2021-07-12 11:13:00,,2025-07-12 11:10:00,Kimberlee Cortes Coaching,life coaching,1 Washington MA,Boston,MA,2108,42.359466,-71.05834099999998,kimberlee cortes coaching,,False,4.0,1,Government Center,123.66654300119998
2018-01-11 15:33:00,12/21/21 10:59,2025-12-21 10:11:00,KINDERCARE,CHILD DAY CARE,44 School ST,Boston,MA,2108,42.357681,-71.05967800000002,kindercare,,False,7.945205479452055,1,Government Center,276.33305700260473
2015-12-31 00:00:00,1/29/24 12:16,2028-01-29 12:14:00,KING FRAME,PICTURE FRAMING,4 Bromfield ST,Boston,MA,2108,42.356455,-71.05987600000003,king frame,,True,10.293150684931506,1,Downtown Crossing,142.8887459968801
2024-12-05 17:00:00,,2028-12-05 13:10:00,King III Emergency Communications,Emergency Communications,44 School ST,Boston,MA,2108,42.357681,-71.05967800000002,king iii emergency communications,,True,1.3534246575342466,1,Government Center,276.33305700260473
2020-02-04 12:14:00,,2024-02-04 10:54:00,Kings Insurance,"Insurance, Benefits, Education",44 School ST,Boston,MA,2108,42.357681,-71.05967800000002,kings insurance,,False,4.0,1,Government Center,276.33305700260473
2025-06-02 15:50:00,,2029-06-02 15:47:00,Kittelson & Associates,Corporation,1 Beacon ST,Boston,MA,2108,42.358449,-71.060833,kittelson  associates,,True,0.863013698630137,1,Government Center,319.3330140006216
2025-10-17 15:35:00,,2029-10-17 13:30:00,Koons Gas Measurement,Sales of Gas measurment and Regulation Equipment,44 School ST,Boston,MA,2108,42.357681,-71.05967800000002,koons gas measurement,,True,0.4876712328767123,1,Government Center,276.33305700260473
2023-10-25 10:22:00,,2027-10-25 10:19:00,Kopius,Software Development Services,45 School ST,Boston,MA,2108,42.358038,-71.05938800000001,kopius,,True,2.4684931506849317,1,Government Center,204.4442400017341
2017-02-03 11:54:00,10/24/25 14:03,2029-10-24 14:01:00,Kotoni Law Office,Legal Services,1 Boston PL,Boston,MA,2108,42.358537,-71.058381,kotoni law office,,True,9.194520547945206,1,State,135.999864000062
2015-01-12 00:00:00,4/10/23 14:14,2027-04-10 12:33:00,KOY,RESTAURANT,16 North ST,Boston,MA,2108,42.360621,-71.05638399999998,koy,,True,11.26027397260274,1,State,317.4441270022326
2015-01-05 00:00:00,4/22/25 9:57,2029-04-22 09:56:00,KUNG FU VIDEO AND DVD,RETAIL,365 Washington ST,Boston,MA,2108,42.35654,-71.05944499999998,kung fu video and dvd,,True,11.27945205479452,1,Downtown Crossing,200.22202200292028
2023-11-03 12:55:00,,2027-11-03 12:52:00,KZ BUILDERS,Real Estate Developer,10 Tremont ST,Boston,MA,2108,42.358822,-71.059575,kz builders,,True,2.4438356164383563,1,Government Center,138.1109729994689
2023-12-20 14:53:00,,2027-12-20 14:52:00,Lam's Jewelry,Jewelry Repair,333 Washington ST,Boston,MA,2108,42.356857,-71.05908,lams jewelry,,True,2.315068493150685,1,Downtown Crossing,275.9997240010779
2020-02-20 15:20:00,2/21/24 12:56,2028-02-21 11:54:00,Lathrop GPM,Law Firm,28 State ST,Boston,MA,2108,42.359002,-71.05755299999998,lathrop gpm,,True,6.147945205479452,1,State,7.666659001170316
2018-07-23 09:59:00,,2022-07-23 09:58:00,Law Of Pasta,Food Service,100 Hanover ST,Boston,MA,2108,42.362123,-71.05754000000002,law of pasta,,False,4.0,1,Haymarket,183.11092799875212
2015-01-12 00:00:00,12/15/22 11:11,2026-12-15 11:08:00,LAW OFFICE OF EDWARD ELIOT,LEGAL SERVICES,10 Tremont ST,Boston,MA,2108,42.358822,-71.059575,law office of edward eliot,,True,11.26027397260274,1,Government Center,138.1109729994689
2023-09-19 10:49:00,,2027-09-19 10:47:00,Law Office of Gayle S Ghiteman,Law Practice,6 Beacon ST,Boston,MA,2108,42.358149,-71.06172300000003,law office of gayle s ghiteman,,True,2.5671232876712327,1,Park Street,272.8441715957814
2019-07-30 15:40:00,9/21/23 14:11,2027-09-21 11:09:00,Law Office of Matthew W Peterson,Attorney,55 Union ST,Boston,MA,2108,42.361607,-71.05713700000001,law office of matthew w peterson,,True,6.7095890410958905,1,Haymarket,285.22193699911026
2020-03-26 14:01:00,5/22/24 12:54,2028-05-22 12:52:00,Law Office Of Natalia Kolyada,Law Firm,201 Washington ST,Boston,MA,2108,42.358527,-71.058153,law office of natalia kolyada,,True,6.052054794520548,1,State,111.77766600042636
2014-08-29 00:00:00,8/22/22 15:41,2026-08-22 12:23:00,LAW OFFICE OF STEPHANIE BIGGS,LAW OFFICE,37 Beacon ST,Boston,MA,2108,42.357256,-71.065696,law office of stephanie biggs,,True,11.632876712328768,1,Park Street,459.2439852005987
2018-02-05 11:53:00,2/2/26 14:13,2030-02-02 13:27:00,Law Office of Thomas R. Davis,Law Office,1 Boston PL,Boston,MA,2108,42.358537,-71.058381,law office of thomas r davis,,True,8.189041095890412,1,State,135.999864000062
2022-06-01 13:57:00,,2026-06-01 13:55:00,Law Offices of Marcel J. Murad,Law Office,6 Beacon ST,Boston,MA,2108,42.358149,-71.06172300000003,law offices of marcel j murad,,True,3.8684931506849316,1,Park Street,272.8441715957814
2020-11-27 12:57:00,4/30/25 10:25,2029-04-30 10:22:00,Law Offices of Stephen Neyman Criminal Lawyers,criminal defense law firm,10 Tremont ST,Boston,MA,2108,42.358822,-71.059575,law offices of stephen neyman criminal lawyers,,True,5.3780821917808215,1,Government Center,138.1109729994689
2016-05-09 00:00:00,3/5/25 11:00,2029-03-05 10:58:00,LAWRENCE'S JEWELRY DESIGN & REPAIR,JEWELRY DESIGN 81 REPAIR,333 Washington ST,Boston,MA,2108,42.356857,-71.05908,lawrences jewelry design  repair,,True,9.936986301369863,1,Downtown Crossing,275.9997240010779
2019-12-09 13:20:00,,2023-12-09 11:53:00,LCS Woburn Venture,Senior Living,45 School ST,Boston,MA,2108,42.358038,-71.05938800000001,lcs woburn venture,,False,4.0,1,Government Center,204.4442400017341
2022-05-06 13:01:00,,2026-05-06 11:55:00,LDWHOLESALE,RESIDENTIAL MORTGAGE LENDING,44 School ST,Boston,MA,2108,42.357681,-71.05967800000002,ldwholesale,,True,3.9397260273972603,1,Government Center,276.33305700260473
2021-01-28 13:28:00,3/7/25 15:28,2029-03-07 15:26:00,Le Paris Flower Market,Florist,1 Washington MA,Boston,MA,2108,42.359466,-71.05834099999998,le paris flower market,,True,5.208219178082191,1,Government Center,123.66654300119998
2018-12-27 09:45:00,,2022-12-27 09:43:00,LEbowitz-Aberly Family Foundation,Foreign Non -Profit,44 School ST,Boston,MA,2108,42.357681,-71.05967800000002,lebowitzaberly family foundation,,False,4.0,1,Government Center,276.33305700260473
2020-03-11 10:01:00,,2024-03-11 09:56:00,Legacy Financial Group,Financial Advisor,1 Beacon ST,Boston,MA,2108,42.358449,-71.060833,legacy financial group,,False,4.0,1,Government Center,319.3330140006216
2019-05-21 14:57:00,,2023-05-21 14:03:00,LENDEDU,Insurance Sales/ Marketing,44 School ST,Boston,MA,2108,42.357681,-71.05967800000002,lendedu,,False,4.0,1,Government Center,276.33305700260473
2020-10-21 11:32:00,1/6/25 16:11,2029-01-06 12:06:00,Level Debt,Financial Services,44 School ST,Boston,MA,2108,42.357681,-71.05967800000002,level debt,,True,5.47945205479452,1,Government Center,276.33305700260473
2020-02-24 14:02:00,3/20/24 15:39,2028-03-20 15:34:00,Level Lending,Consumer Lending,44 School ST,Boston,MA,2108,42.357681,-71.05967800000002,level lending,,True,6.136986301369863,1,Government Center,276.33305700260473
2022-06-10 12:42:00,,2026-06-10 12:34:00,LEXITAS,"COURT REPORTING, TRANSCRIPTION AND RECORDS",44 School ST,Boston,MA,2108,42.357681,-71.05967800000002,lexitas,,True,3.8438356164383563,1,Government Center,276.33305700260473
2023-07-17 15:39:00,,2027-07-17 15:38:00,LEXRIA,Software,72 Mount Vernon ST,Boston,MA,2108,42.357997,-71.067771,lexria,,True,2.7424657534246575,1,Charles/MGH,769.3325640013492
2017-10-20 15:39:00,10/30/25 16:01,2029-10-30 13:01:00,Liberty Travel,Travcel Agency,41 Winter ST,Boston,MA,2108,42.356085,-71.06167600000003,liberty travel,,True,8.484931506849316,1,Park Street,117.53321579584258
2024-05-20 14:15:00,,2028-05-20 08:18:00,LibertyPay,Money Service Business,44 School ST,Boston,MA,2108,42.357681,-71.05967800000002,libertypay,,True,1.8986301369863015,1,Government Center,276.33305700260473
2024-05-30 14:27:00,,2028-05-30 14:25:00,Lighthouse Wealth Advisory,Wealth Management,1 Beacon ST,Boston,MA,2108,42.358449,-71.060833,lighthouse wealth advisory,,True,1.8712328767123287,1,Government Center,319.3330140006216
2026-03-25 13:14:00,,2030-03-25 13:11:00,LightReach,A Clean Technology Transaction Marketplace,45 School ST,Boston,MA,2108,42.358038,-71.05938800000001,lightreach,,True,0.052054794520547946,1,Government Center,204.4442400017341
2022-10-18 13:11:00,,2026-10-18 13:09:00,Lightspeed Deliveries,Delivery Services,1 Washington MA,Boston,MA,2108,42.359466,-71.05834099999998,lightspeed deliveries,,True,3.4876712328767123,1,Government Center,123.66654300119998
2022-09-06 14:35:00,,2026-09-06 14:11:00,Limit,Insurance Sales/Marketing,44 School ST,Boston,MA,2108,42.357681,-71.05967800000002,limit,,True,3.6027397260273974,1,Government Center,276.33305700260473
2014-04-07 00:00:00,4/4/22 14:00,2026-04-04 12:11:00,LINENS ON THE HILL,RETAIL,52 Charles ST,Boston,MA,2108,42.357397,-71.07027099999999,linens on the hill,,False,12.0,1,Charles/MGH,558.2216640014465
2016-02-22 00:00:00,2/21/20 14:49,2024-02-21 14:47:00,LIONHILL II ASSOCIATES,MANAGEMENT CONSULTANCY,50 Pinckney ST,Boston,MA,2108,42.384221,-71.08182199999999,lionhill ii associates,,False,8.002739726027396,1,Sullivan Square,563.7772139984729
2022-06-23 11:13:00,,2026-06-23 11:11:00,Livian Mortgage,Mortgage Origination,45 School ST,Boston,MA,2108,42.358038,-71.05938800000001,livian mortgage,,True,3.808219178082192,1,Government Center,204.4442400017341
2024-07-31 16:49:00,,2028-07-31 09:03:00,LLH Healthcare,Insurance,44 School ST,Boston,MA,2108,42.357681,-71.05967800000002,llh healthcare,,True,1.7013698630136986,1,Government Center,276.33305700260473
2023-10-23 10:00:00,,2027-10-23 09:57:00,LND Technical Services,Electrical Engineering,44 School ST,Boston,MA,2108,42.357681,-71.05967800000002,lnd technical services,,True,2.473972602739726,1,Government Center,276.33305700260473
2019-07-23 14:54:00,,2023-07-23 14:26:00,Loan Surfer,Mortgage Lending Services,10 School ST,Boston,MA,2108,42.35733,-71.05898000000002,loan surfer,,False,4.0,1,Government Center,289.9997099973109
2018-03-12 12:48:00,3/12/26 16:10,2030-03-12 12:55:00,LOANDEPOT,RESIDENTIAL MORT LENDING,44 School ST,Boston,MA,2108,42.357681,-71.05967800000002,loandepot,,True,8.093150684931507,1,Government Center,276.33305700260473
2018-03-12 12:49:00,3/12/26 16:08,2030-03-12 13:00:00,LOANDEPOT.com,RESIDENTIAL MORT LENDING,44 School ST,Boston,MA,2108,42.357681,-71.05967800000002,loandepotcom,,True,8.093150684931507,1,Government Center,276.33305700260473
2020-12-16 16:30:00,1/7/25 15:28,2029-01-07 15:27:00,loanosity,Unsecured Personal Loans,45 School ST,Boston,MA,2108,42.358038,-71.05938800000001,loanosity,,True,5.326027397260274,1,Government Center,204.4442400017341
2018-10-18 14:32:00,,2022-10-18 14:31:00,LoanSnap,Mortgage Lender/Broker,44 School ST,Boston,MA,2108,42.357681,-71.05967800000002,loansnap,,False,4.0,1,Government Center,276.33305700260473
2025-09-23 16:25:00,,2029-09-23 16:22:00,LogicomUSA,Broaband/ Communication Information,44 School ST,Boston,MA,2108,42.357681,-71.05967800000002,logicomusa,,True,0.5534246575342465,2,Government Center,276.33305700260473
2025-07-25 09:20:00,,2029-07-25 09:16:00,LogicomUSA,Communications,44 School ST,Boston,MA,2108,42.357681,-71.05967800000002,logicomusa,,True,0.7178082191780822,2,Government Center,276.33305700260473
2021-07-21 13:26:00,,2025-07-21 10:06:00,Long Home Products,home improvement,44 School ST,Boston,MA,2108,42.357681,-71.05967800000002,long home products,,False,4.0,1,Government Center,276.33305700260473
2022-10-31 13:49:00,,2026-10-31 12:11:00,Long View Leadership,Coaching,80 Beacon ST,Boston,MA,2108,42.356058,-71.07092699999998,long view leadership,,True,3.452054794520548,1,Arlington,465.5550899977702
2015-09-24 00:00:00,11/22/19 16:23,2023-11-22 16:22:00,LOUISBURG PROPERTIES,REAL ESTATE,112 Pinckney ST,Boston,MA,2108,42.35865,-71.072021,louisburg properties,,False,8.167123287671233,1,Charles/MGH,336.8885520012991
2023-03-28 12:27:00,,2027-03-28 12:24:00,Loyal Nine,Restaurant,17 Union ST,Boston,MA,2108,42.34515,-71.14803,loyal nine,,True,3.0465753424657533,1,Sutherland Road,555.1105559998274
2019-04-16 15:52:00,2/9/23 15:56,2027-02-09 15:49:00,LRS Healthcare,Nurse Staffing,44 School ST,Boston,MA,2108,42.357681,-71.05967800000002,lrs healthcare,,True,6.997260273972603,1,Government Center,276.33305700260473
2022-06-13 10:42:00,,2026-06-13 10:38:00,Lucia's Consulting Services,Consulting Services,1 Washington MA,Boston,MA,2108,42.359466,-71.05834099999998,lucias consulting services,,True,3.835616438356164,1,Government Center,123.66654300119998
2024-11-27 14:39:00,,2028-11-27 14:36:00,Lugless,Travel Services,24 School ST,Boston,MA,2108,42.357337,-71.05895299999997,lugless,,True,1.3753424657534246,2,Government Center,292.22193000196376
2020-08-12 13:28:00,,2024-08-12 11:12:00,LugLess,Travel Services,1 Beacon ST,Boston,MA,2108,42.358449,-71.060833,lugless,,False,4.0,2,Government Center,319.3330140006216
2025-03-31 10:26:00,,2029-03-31 10:17:00,Lumca,Sale Representation,14 Beacon ST,Boston,MA,2108,42.357863,-71.06244800000002,lumca,,True,1.0356164383561643,1,Park Street,165.79983420251023
2025-03-31 10:26:00,,2029-03-31 10:22:00,Lumenpulse,Sale Representation,14 Beacon ST,Boston,MA,2108,42.357863,-71.06244800000002,lumenpulse,,True,1.0356164383561643,1,Park Street,165.79983420251023
2025-01-23 14:45:00,,2029-01-23 11:59:00,Lumion,Software as a Service,44 School ST,Boston,MA,2108,42.357681,-71.05967800000002,lumion,,True,1.2191780821917808,1,Government Center,276.33305700260473
2021-09-07 15:06:00,9/26/25 12:21,2029-09-26 12:19:00,Lunavii,livery,1 Washington MA,Boston,MA,2108,42.359466,-71.05834099999998,lunavii,,True,4.6,1,Government Center,123.66654300119998
2022-09-16 13:23:00,,2026-09-16 13:23:00,LUXURY BY LUNDUN,Jewelry,345 Washington ST,Boston,MA,2108,42.35671,-71.05923899999999,luxury by lundun,,True,3.5753424657534247,1,Downtown Crossing,241.99975800165447
2020-02-28 16:21:00,,2024-02-28 16:17:00,Luxury Matchmaking Services,Matchmaking services,100 Cambridge ST,Boston,MA,2108,42.360981,-71.06262400000003,luxury matchmaking services,,False,4.0,1,Bowdoin,107.88878100234992
2020-06-05 15:23:00,9/16/24 16:14,2028-09-16 13:29:00,Lyon's Money Transfer,Money transmitter,44 School ST,Boston,MA,2108,42.357681,-71.05967800000002,lyons money transfer,,True,5.857534246575343,1,Government Center,276.33305700260473
2018-02-28 15:05:00,4/28/22 15:40,2026-04-28 11:30:00,Lyra Administrative Services,Third Party Administrator,44 School ST,Boston,MA,2108,42.357681,-71.05967800000002,lyra administrative services,,True,8.126027397260273,1,Government Center,276.33305700260473
2019-01-29 13:53:00,,2023-01-29 13:51:00,M Sushi Cafe,Cafe,24 Tremont ST,Boston,MA,2108,42.358799,-71.05965100000003,m sushi cafe,,False,4.0,1,Government Center,149.11096200406575
2014-09-22 00:00:00,10/19/22 15:17,2026-10-19 14:58:00,M&R STRATEGIC SERVICES,BUSINESS SERVICES/CONSULTING,9 Hamilton PL,Boston,MA,2108,42.356296,-71.06144899999998,mr strategic services,,True,11.567123287671233,1,Park Street,119.3109918016175
2023-07-27 11:40:00,,2027-07-27 11:33:00,M3 TECHNOLOGY INSURANCE SERVICES,INSURANCE SALES,44 School ST,Boston,MA,2108,42.357681,-71.05967800000002,m3 technology insurance services,,True,2.7150684931506848,1,Government Center,276.33305700260473
2017-10-05 12:46:00,10/9/25 15:45,2029-10-09 15:31:00,MagnifyMoney,Finanical Website,44 School ST,Boston,MA,2108,42.357681,-71.05967800000002,magnifymoney,,True,8.526027397260274,1,Government Center,276.33305700260473
2025-01-02 12:24:00,,2029-01-02 12:23:00,Maid Relief Cleaning Services,House Cleaning,44 School ST,Boston,MA,2108,42.357681,-71.05967800000002,maid relief cleaning services,,True,1.2767123287671234,1,Government Center,276.33305700260473
2025-09-22 17:28:00,,2029-09-22 13:00:00,Main Street Home Loans,mortgage lending,45 School ST,Boston,MA,2108,42.358038,-71.05938800000001,main street home loans,,True,0.5561643835616439,1,Government Center,204.4442400017341
2021-02-23 13:44:00,,2025-02-23 13:38:00,Make Manage Grow Money,sales & marketing consulting and personal financial mentoring,1 Washington MA,Boston,MA,2108,42.359466,-71.05834099999998,make manage grow money,,False,4.0,1,Government Center,123.66654300119998
2015-10-06 00:00:00,8/18/23 10:22,2027-08-18 10:22:00,MANHATTAN JEWELERY,JEWELERY STORE,345 Washington ST,Boston,MA,2108,42.35671,-71.05923899999999,manhattan jewelery,,True,10.528767123287672,1,Downtown Crossing,241.99975800165447
2024-07-16 14:51:00,,2028-07-16 14:48:00,Maola,sales,44 School ST,Boston,MA,2108,42.357681,-71.05967800000002,maola,,True,1.7424657534246575,1,Government Center,276.33305700260473
2016-02-22 00:00:00,6/18/24 13:08,2028-06-18 11:33:00,MARGARET O'LEARY,RETAIL WOMENS APPAREL,49 Charles ST,Boston,MA,2108,42.357519,-71.06996300000003,margaret oleary,,True,10.147945205479452,1,Charles/MGH,578.8883099966376
2024-02-29 13:30:00,,2028-02-29 13:25:00,MARIE ROSE,Hair styling,37 Charles ST,Boston,MA,2108,42.357286,-71.06982399999998,marie rose,,True,2.1205479452054794,1,Charles/MGH,620.2216020020204
2022-06-30 15:40:00,,2026-06-30 15:35:00,Marigold Health,Technology,55 Court ST,Boston,MA,2108,42.359282,-71.05910599999999,marigold health,,True,3.789041095890411,1,Government Center,59.11105200076226
2022-04-19 09:45:00,,2026-04-19 09:37:00,"MARK D. COOPER, ATTORNEY AT LAW",LAW OFFICE,45 School ST,Boston,MA,2108,42.358038,-71.05938800000001,mark d cooper attorney at law,,True,3.9863013698630136,1,Government Center,204.4442400017341
2015-05-04 00:00:00,5/2/23 11:56,2027-04-27 00:00:00,MARKAR JEWELERS,BENCH JEWELER,333 Washington ST,Boston,MA,2108,42.356857,-71.05908,markar jewelers,,True,10.953424657534246,1,Downtown Crossing,275.9997240010779
2013-08-28 00:00:00,10/22/25 12:22,2029-10-22 12:20:00,MARSHALLS #660,RETAIL,350 Washington ST,Boston,MA,2108,42.356452,-71.059125,marshalls 660,,True,12.635616438356164,1,Downtown Crossing,225.999774000997
2024-04-25 12:34:00,,2028-04-25 12:27:00,MASS RETIRES,Non-Profit,11 Beacon ST,Boston,MA,2108,42.358382,-71.06162499999999,mass retires,,True,1.9671232876712328,1,Park Street,309.621912600034
2016-02-12 00:00:00,4/9/20 10:12,2024-02-10 00:00:00,MASSACHUSETTS PETROLEUM COUNCIL,TRADE ASSOCIATION,11 Beacon ST,Boston,MA,2108,42.358382,-71.06162499999999,massachusetts petroleum council,,False,8.0,1,Park Street,309.621912600034
2018-08-16 13:24:00,9/20/22 13:10,2026-09-20 13:10:00,Massachusetts Workforce Association,Association,40 Court ST,Boston,MA,2108,42.358932,-71.05927700000001,massachusetts workforce association,,True,7.663013698630137,1,Government Center,92.77768500102722
2018-01-19 15:09:00,2/18/26 15:15,2030-02-18 15:14:00,Massage Therapy of Boston,Massage Therapy,55 Court ST,Boston,MA,2108,42.359282,-71.05910599999999,massage therapy of boston,,True,8.235616438356164,1,Government Center,59.11105200076226
2014-11-25 00:00:00,10/3/22 13:59,2026-10-03 13:56:00,MAST RESTAURANT & DRINKERY,RESTAURANT,45 Province ST,Boston,MA,2108,42.357198,-71.05994099999998,mast restaurant  drinkery,,True,11.391780821917807,1,Downtown Crossing,218.2220040024757
2026-03-16 15:01:00,,2030-03-16 15:00:00,Matcha & Me Massage Studio,Massage Therapy,55 Court ST,Boston,MA,2108,42.359282,-71.05910599999999,matcha  me massage studio,,True,0.07671232876712329,1,Government Center,59.11105200076226
2019-11-29 15:44:00,12/27/23 14:37,2027-12-27 14:36:00,Maura Greene Law Group,Law Firm,6 Beacon ST,Boston,MA,2108,42.358149,-71.06172300000003,maura greene law group,,True,6.375342465753425,1,Park Street,272.8441715957814
2017-09-14 14:27:00,12/9/21 12:50,2025-12-09 12:38:00,MAVENCARE,HOME CARE SERVICES,1 Beacon ST,Boston,MA,2108,42.358449,-71.060833,mavencare,,False,8.238356164383562,1,Government Center,319.3330140006216
2019-03-25 15:41:00,,2023-03-25 12:08:00,Maxi Money Services,Money Transmitter,44 School ST,Boston,MA,2108,42.357681,-71.05967800000002,maxi money services,,False,4.0,1,Government Center,276.33305700260473
2019-03-25 15:41:00,,2023-03-25 12:07:00,Maxi-MS,Money Transmitter,44 School ST,Boston,MA,2108,42.357681,-71.05967800000002,maxims,,False,4.0,1,Government Center,276.33305700260473
2023-10-26 13:48:00,,2027-10-26 13:46:00,MaxiSend,Money Transmitter,44 School ST,Boston,MA,2108,42.357681,-71.05967800000002,maxisend,,True,2.4657534246575343,1,Government Center,276.33305700260473
2023-05-02 15:54:00,,2027-05-02 15:51:00,Maxsip Tel,Telecom,44 School ST,Boston,MA,2108,42.357681,-71.05967800000002,maxsip tel,,True,2.9506849315068493,1,Government Center,276.33305700260473
2024-03-04 10:07:00,,2028-03-04 08:12:00,Maxsip Telecom,Telecom,44 School ST,Boston,MA,2108,42.357681,-71.05967800000002,maxsip telecom,,True,2.1095890410958904,1,Government Center,276.33305700260473
2018-12-14 13:26:00,,2022-12-14 11:56:00,MBOC Home Loans,Real Estate Finance,44 School ST,Boston,MA,2108,42.357681,-71.05967800000002,mboc home loans,,False,4.0,1,Government Center,276.33305700260473
2024-01-09 13:22:00,,2028-01-09 13:16:00,McClure,Engineering Services,44 School ST,Boston,MA,2108,42.357681,-71.05967800000002,mcclure,,True,2.26027397260274,1,Government Center,276.33305700260473
2024-11-05 16:55:00,,2028-11-05 16:53:00,MCG,Consulting,24 School ST,Boston,MA,2108,42.357337,-71.05895299999997,mcg,,True,1.4356164383561645,1,Government Center,292.22193000196376
2019-07-05 14:25:00,6/28/23 15:56,2027-06-28 15:11:00,McGlinchey Stafford,Law Firm,1 Beacon ST,Boston,MA,2108,42.358449,-71.060833,mcglhey stafford,,True,6.778082191780822,1,Government Center,319.3330140006216
2015-08-28 00:00:00,7/7/23 13:39,2027-07-07 13:33:00,MCGLONE MORTGAGE GROUP,MORTGAGE LENDER,44 School ST,Boston,MA,2108,42.357681,-71.05967800000002,mcglone mortgage group,,True,10.635616438356164,1,Government Center,276.33305700260473
2018-08-27 16:28:00,8/16/22 12:17,2026-08-16 10:33:00,MCGOWAN COROPORATE REAL ESTATE ADVISORS,COMMERCIAL REAL ESTATE BROKER,44 School ST,Boston,MA,2108,42.357681,-71.05967800000002,mcgowan coroporate real estate advisors,,True,7.632876712328767,1,Government Center,276.33305700260473
2024-10-29 16:18:00,,2028-10-29 16:15:00,McGrath Private Client Insurance Services,Insurance Sales and Marketing,44 School ST,Boston,MA,2108,42.357681,-71.05967800000002,mcgrath private client insurance services,,True,1.4547945205479451,1,Government Center,276.33305700260473
2018-09-04 14:50:00,,2022-09-04 14:49:00,McGuirk Management,Personal Organization Service,122 Bowdoin ST,Boston,MA,2108,42.358893,-71.06277599999999,mcguirk management,,False,4.0,1,Park Street,316.68857219892953
2016-10-03 11:38:00,9/30/24 14:44,2028-09-30 11:28:00,MCLANE LAW,LAW FIRM,45 School ST,Boston,MA,2108,42.358038,-71.05938800000001,mclane law,,True,9.531506849315068,1,Government Center,204.4442400017341
2016-10-03 11:43:00,9/30/24 14:19,2028-09-30 11:32:00,MCLANE MIDDLETON,LAW FIRM,45 School ST,Boston,MA,2108,42.358038,-71.05938800000001,mclane middleton,,True,9.531506849315068,1,Government Center,204.4442400017341
2019-02-01 14:32:00,2/9/23 14:04,2027-02-09 13:28:00,MCM Capital Solutions,Mortgage Lender / Broker,44 School ST,Boston,MA,2108,42.357681,-71.05967800000002,mcm capital solutions,,True,7.2,1,Government Center,276.33305700260473
2018-04-20 14:27:00,,2022-04-20 14:22:00,MCM Mortgage Lenders,Mortgage Lender/Broker,44 School ST,Boston,MA,2108,42.357681,-71.05967800000002,mcm mortgage lenders,,False,4.0,1,Government Center,276.33305700260473
2019-10-08 11:20:00,,2023-10-08 10:54:00,Meadowbrook Financial,Mortgage Banker,44 School ST,Boston,MA,2108,42.357681,-71.05967800000002,meadowbrook financial,,False,4.0,1,Government Center,276.33305700260473
2026-03-02 13:30:00,,2030-03-02 13:26:00,Measured Miles Travel,Travel Advisor,20 Lime ST,Boston,MA,2108,42.357128,-71.0711,measured miles travel,,True,0.11506849315068493,1,Charles/MGH,495.9995039998546
2025-10-02 14:01:00,,2029-10-02 12:45:00,Medalist RX,Pharmacy Benefit Manager,44 School ST,Boston,MA,2108,42.357681,-71.05967800000002,medalist rx,,True,0.5287671232876713,1,Government Center,276.33305700260473
2015-10-05 00:00:00,10/9/19 13:50,2023-10-09 13:49:00,MEDICAL RECORDS ONLINE,MEDICAL RECORDS PROCESSING,45 School ST,Boston,MA,2108,42.358038,-71.05938800000001,medical records online,,False,8.016438356164384,1,Government Center,204.4442400017341
2021-01-26 12:28:00,,2025-01-26 12:27:00,Mei Illustrations,art and design,1 Washington MA,Boston,MA,2108,42.359466,-71.05834099999998,mei illustrations,,False,4.0,1,Government Center,123.66654300119998
2022-05-19 11:31:00,,2026-05-19 11:27:00,mello,Residential Mortgage Lending,44 School ST,Boston,MA,2108,42.357681,-71.05967800000002,mello,,True,3.904109589041096,1,Government Center,276.33305700260473
2019-01-18 11:46:00,,2023-01-18 11:39:00,Mellon,Asset Management,1 Boston PL,Boston,MA,2108,42.358537,-71.058381,mellon,,False,4.0,1,State,135.999864000062
2022-11-07 12:16:00,,2026-11-07 12:15:00,Melly Media Co,Social Media Marketing and Branding,1 Washington MA,Boston,MA,2108,42.359466,-71.05834099999998,melly media co,,True,3.4328767123287673,1,Government Center,123.66654300119998
2023-06-23 12:35:00,,2027-06-23 12:29:00,Melon,Payment Services,44 School ST,Boston,MA,2108,42.357681,-71.05967800000002,melon,,True,2.808219178082192,1,Government Center,276.33305700260473
2023-06-23 12:35:00,,2027-06-23 12:26:00,Melon Pay,Payment Services,44 School ST,Boston,MA,2108,42.357681,-71.05967800000002,melon pay,,True,2.808219178082192,1,Government Center,276.33305700260473
2019-05-13 12:41:00,,2023-05-13 12:14:00,Melwood Global,Strategic Communications,8 Beacon ST,Boston,MA,2108,42.358134,-71.06177600000001,melwood global,,False,4.0,1,Park Street,265.28862359827804
2018-12-19 11:05:00,11/29/22 10:36,2026-11-29 10:35:00,Mentor Foundry,Startup Consulting,4 Cedar ST,Boston,MA,2108,42.357406,-71.06939899999998,mentor foundry,,True,7.32054794520548,1,Charles/MGH,654.1104570033033
2025-07-09 13:56:00,,2029-07-09 12:07:00,MEP,Mortgage Lending,44 School ST,Boston,MA,2108,42.357681,-71.05967800000002,mep,,True,0.7616438356164383,1,Government Center,276.33305700260473
2023-02-01 15:37:00,,2027-02-01 15:30:00,Merlin Asset Management,Investment Management,1 Boston PL,Boston,MA,2108,42.358537,-71.058381,merlin asset management,,True,3.197260273972603,1,State,135.999864000062
2021-10-04 14:30:00,,2025-10-04 11:20:00,Metasure,Insurance Sales/Marketing,44 School ST,Boston,MA,2108,42.357681,-71.05967800000002,metasure,,False,4.0,1,Government Center,276.33305700260473
2021-10-07 14:00:00,7/28/25 17:21,2029-07-28 14:48:00,METRO ELEVATOR,ELEVATOR MAINTENANCE,44 School ST,Boston,MA,2108,42.357681,-71.05967800000002,metro elevator,,True,4.517808219178082,1,Government Center,276.33305700260473
2022-11-21 15:38:00,,2026-11-21 13:40:00,MGI RISK ADVISORS,INSURANCE SALES/MARKETING,44 School ST,Boston,MA,2108,42.357681,-71.05967800000002,mgi risk advisors,,True,3.3945205479452056,1,Government Center,276.33305700260473
2014-03-07 00:00:00,3/9/26 16:14,2030-01-30 16:14:00,MH JEWELERS,DIAMOND SETTING &REPAIRS,333 Washington ST,Boston,MA,2108,42.356857,-71.05908,mh jewelers,,True,12.112328767123287,1,Downtown Crossing,275.9997240010779
2021-07-12 12:02:00,7/21/25 13:21,2029-07-21 11:16:00,MHH Insurance Agency,Insurance Sales/Marketing,44 School ST,Boston,MA,2108,42.357681,-71.05967800000002,mhh insurance agency,,True,4.756164383561644,1,Government Center,276.33305700260473
2024-01-24 13:20:00,,2028-01-24 13:19:00,Michael R. Goggin Law,Law Firm,100 Cambridge ST,Boston,MA,2108,42.360981,-71.06262400000003,michael r goggin law,,True,2.219178082191781,1,Bowdoin,107.88878100234992
2018-06-26 12:49:00,,2022-06-26 12:48:00,Mike Setter,Jewelry,333 Washington ST,Boston,MA,2108,42.356857,-71.05908,mike setter,,False,4.0,1,Downtown Crossing,275.9997240010779
2015-05-21 00:00:00,,2016-01-25 00:00:00,MILLENNIUM BOSTONIAN HOTEL,HOTEL,26 North ST,Boston,MA,2108,42.36270734749609,-71.05406271108973,millennium bostonian hotel,,False,0.6821917808219178,1,Haymarket,504.54854147144
2020-04-21 13:05:00,4/1/24 14:44,2028-04-01 13:03:00,Miller Brewing Company,Manufacture And Sale OF Beverage Products,44 School ST,Boston,MA,2108,42.357681,-71.05967800000002,miller brewing company,,True,5.980821917808219,1,Government Center,276.33305700260473
2015-04-09 00:00:00,3/20/19 12:34,2023-03-20 12:33:00,MILLION DOLLAR MARYS SMOKE SHOP,SMOKE SHOP,36 Province ST,Boston,MA,2108,42.356954,-71.05983100000003,million dollar marys smoke shop,,False,7.950684931506849,2,Downtown Crossing,203.333129997434
2015-04-09 00:00:00,,2016-10-23 00:00:00,MILLION DOLLAR MARYS SMOKE SHOP,RETAIL,36 Province ST,Boston,MA,2108,42.356954,-71.05983100000003,million dollar marys smoke shop,,False,1.5424657534246575,2,Downtown Crossing,203.333129997434
2014-05-01 00:00:00,,2015-04-17 00:00:00,MIMI'S FINE JEWELRY,JEWELRY RETAIL,339 Washington ST,Boston,MA,2108,42.356779,-71.05916300000001,mimis fine jewelry,,False,0.9616438356164384,1,Downtown Crossing,258.11085299966294
2024-11-13 14:06:00,,2028-11-13 14:01:00,MindGlow Health Medical Group NJ,Licensed Professional Medical Services,45 School ST,Boston,MA,2108,42.358038,-71.05938800000001,mindglow health medical group nj,,True,1.4136986301369863,1,Government Center,204.4442400017341
2023-11-20 15:47:00,,2027-11-20 15:31:00,MMR Consulting Solutions,Management Consulting,44 School ST,Boston,MA,2108,42.357681,-71.05967800000002,mmr consulting solutions,,True,2.3972602739726026,1,Government Center,276.33305700260473
2023-02-01 11:44:00,,2027-02-01 11:43:00,Mo' Rockin Fusion,Restaurant,100 Hanover ST,Boston,MA,2108,42.362123,-71.05754000000002,mo rockin fusion,,True,3.197260273972603,1,Haymarket,183.11092799875212
2019-10-11 11:59:00,,2023-10-11 11:58:00,MOMENTUM CAPITAL SOLAR FUNDING,Solar Leasing,45 School ST,Boston,MA,2108,42.358038,-71.05938800000001,momentum capital solar funding,,False,4.0,1,Government Center,204.4442400017341
2019-04-09 11:52:00,,2023-04-09 11:51:00,Money Mentors,Credit Consulting,44 School ST,Boston,MA,2108,42.357681,-71.05967800000002,money mentors,,False,4.0,1,Government Center,276.33305700260473
2018-06-26 16:13:00,12/28/22 12:07,2026-12-28 11:52:00,Money2anywhere,Money Transmitter,44 School ST,Boston,MA,2108,42.357681,-71.05967800000002,money2anywhere,,True,7.802739726027397,1,Government Center,276.33305700260473
2022-05-10 12:18:00,,2026-05-10 11:27:00,MoneyFit by DRS,Debt Adjusters,45 School ST,Boston,MA,2108,42.358038,-71.05938800000001,moneyfit by drs,,True,3.9287671232876713,1,Government Center,204.4442400017341
2020-10-29 10:53:00,10/16/24 10:48,2028-10-16 10:45:00,Monument Financial Group,financial planning/wealth management,1 Beacon ST,Boston,MA,2108,42.358449,-71.060833,monument financial group,,True,5.457534246575342,1,Government Center,319.3330140006216
2025-11-18 14:40:00,,2029-11-18 14:38:00,MOO BEACON HILL,Restaurant,15 Beacon ST,Boston,MA,2108,42.358387,-71.06194900000003,moo beacon hill,,True,0.4,1,Park Street,274.1775035963625
2025-01-16 10:44:00,,2029-01-16 10:42:00,Morningdew Workshop,Wood Manufacturing,68 Chestnut ST,Boston,MA,2108,42.357013,-71.06928900000003,morningdew workshop,,True,1.2383561643835617,1,Charles/MGH,709.9992899972005
2019-06-17 16:30:00,,2023-06-17 16:23:00,Morphisec,corporation,11 Beacon ST,Boston,MA,2108,42.358382,-71.06162499999999,morphisec,,False,4.0,1,Park Street,309.621912600034
2025-07-09 13:55:00,,2029-07-09 12:09:00,Mortgage Equity Partners,Mortgage Lending,44 School ST,Boston,MA,2108,42.357681,-71.05967800000002,mortgage equity partners,,True,0.7616438356164383,1,Government Center,276.33305700260473
2021-10-14 10:20:00,10/8/25 14:21,2029-10-08 14:16:00,Mother Juice,Restaurant,100 Hanover ST,Boston,MA,2108,42.362123,-71.05754000000002,mother juice,,True,4.498630136986302,2,Haymarket,183.11092799875212
2020-07-20 14:34:00,,2024-07-20 12:26:00,Motive Power Consulting,Consulting,44 School ST,Boston,MA,2108,42.357681,-71.05967800000002,motive power consulting,,False,4.0,1,Government Center,276.33305700260473
2025-08-29 13:44:00,,2029-08-29 13:11:00,Moxee,wireless communications services,44 School ST,Boston,MA,2108,42.357681,-71.05967800000002,moxee,,True,0.6219178082191781,1,Government Center,276.33305700260473
2017-04-10 10:57:00,,,Moxie,Retail Sales,51 Charles ST,Boston,MA,2108,42.357559,-71.06998399999998,moxie,,False,,1,Charles/MGH,572.110539002697
2017-08-29 08:30:00,6/30/23 12:28,2027-06-30 12:28:00,Mr. Gourmet,Mobile Concessions,0 Boston Common,Boston,MA,2108,42.35853729999999,-71.05838119999999,mr gourmet,,True,8.627397260273973,1,State,135.98875289993214
2016-03-23 00:00:00,2/6/24 12:00,2028-02-06 10:02:00,MRS ASSOCIATES,DEBT COLLECTION AGENCY,44 School ST,Boston,MA,2108,42.357681,-71.05967800000002,mrs associates,,True,10.065753424657535,1,Government Center,276.33305700260473
2022-11-08 13:33:00,,2026-11-08 13:11:00,Mt. Diablo Insurance Brokers,Insurance Agency Sales And Marketing License # 0F27222,44 School ST,Boston,MA,2108,42.357681,-71.05967800000002,mt diablo insurance brokers,,True,3.43013698630137,1,Government Center,276.33305700260473
2019-08-29 16:13:00,,2023-08-29 16:12:00,MTG IT Professionals,Telecommunication Services,44 School ST,Boston,MA,2108,42.357681,-71.05967800000002,mtg it professionals,,False,4.0,1,Government Center,276.33305700260473
2015-12-11 00:00:00,11/27/19 12:47,2023-11-27 12:10:00,MUNRO INSURANCE,INSURANCE SALES,44 School ST,Boston,MA,2108,42.357681,-71.05967800000002,munro insurance,,False,7.967123287671233,1,Government Center,276.33305700260473
2024-02-16 11:52:00,,2028-02-16 11:50:00,Mutual of Omaha Mortgage,Mortgage Lending,44 School ST,Boston,MA,2108,42.357681,-71.05967800000002,mutual of omaha mortgage,,True,2.1561643835616437,2,Government Center,276.33305700260473
2018-10-03 11:34:00,,2022-10-03 11:34:00,Mutual of Omaha Mortgage,Mortgage Lending,44 School ST,Boston,MA,2108,42.357681,-71.05967800000002,mutual of omaha mortgage,,False,4.002739726027397,2,Government Center,276.33305700260473
2020-03-17 10:37:00,8/15/24 14:20,2028-08-15 11:10:00,Mutual of Omaha Reverse Mortgage,Mortgage lending,44 School ST,Boston,MA,2108,42.357681,-71.05967800000002,mutual of omaha reverse mortgage,,True,6.076712328767123,1,Government Center,276.33305700260473
2019-07-16 14:50:00,,2023-07-16 14:10:00,MV Concert Series,Concert Promoter,45 School ST,Boston,MA,2108,42.358038,-71.05938800000001,mv concert series,,False,4.0,1,Government Center,204.4442400017341
2024-09-04 12:22:00,,2028-09-04 10:51:00,My Equity Direct,Mortgage Lender,45 School ST,Boston,MA,2108,42.358038,-71.05938800000001,my equity direct,,True,1.6054794520547946,1,Government Center,204.4442400017341
2022-10-14 15:12:00,,2026-10-14 14:33:00,My Mortgage Lender,Mortgage Lending and brokering,44 School ST,Boston,MA,2108,42.357681,-71.05967800000002,my mortgage lender,,True,3.4986301369863013,1,Government Center,276.33305700260473
2023-05-24 13:14:00,,2027-05-24 13:11:00,MyMentor,Education Technology,100 Cambridge ST,Boston,MA,2108,42.360981,-71.06262400000003,mymentor,,True,2.8904109589041096,1,Bowdoin,107.88878100234992
2018-08-30 11:51:00,,2022-08-30 11:50:00,myTomorrows,Technology,1 Beacon ST,Boston,MA,2108,42.358449,-71.060833,mytomorrows,,False,4.0,1,Government Center,319.3330140006216
2025-01-09 15:36:00,,2029-01-09 15:32:00,n2y,Assistive Software Technology,24 School ST,Boston,MA,2108,42.357337,-71.05895299999997,n2y,,True,1.2575342465753425,1,Government Center,292.22193000196376
2025-09-22 12:54:00,,2029-09-22 12:52:00,NAF Insurance,Insurance Agency,44 School ST,Boston,MA,2108,42.357681,-71.05967800000002,naf insurance,,True,0.5561643835616439,1,Government Center,276.33305700260473
2022-08-11 14:22:00,,2026-08-11 13:43:00,Napier Law Office,Law Office,6 Beacon ST,Boston,MA,2108,42.358149,-71.06172300000003,napier law office,,True,3.673972602739726,1,Park Street,272.8441715957814
2018-07-02 15:20:00,6/15/22 15:42,2026-06-15 11:00:00,National Pleasant Valley,Facilities Management,44 School ST,Boston,MA,2108,42.357681,-71.05967800000002,national pleasant valley,,True,7.786301369863014,1,Government Center,276.33305700260473
2021-03-01 15:06:00,2/24/25 16:23,2029-02-24 12:05:00,Nations Insurance Solutions,Insurance Sales/Marketing,44 School ST,Boston,MA,2108,42.357681,-71.05967800000002,nations insurance solutions,,True,5.120547945205479,1,Government Center,276.33305700260473
2019-05-31 13:15:00,,2023-05-31 13:13:00,Nationwide Acceptance,Consumer Sale Finance,44 School ST,Boston,MA,2108,42.357681,-71.05967800000002,nationwide acceptance,,False,4.0,1,Government Center,276.33305700260473
2020-10-02 10:25:00,4/10/25 13:23,2029-04-10 11:59:00,Nava Partners Insurance Solutions,insurance benefits brokerage,44 School ST,Boston,MA,2108,42.357681,-71.05967800000002,nava partners insurance solutions,,True,5.531506849315068,1,Government Center,276.33305700260473
2023-03-31 13:29:00,,2027-03-31 12:07:00,Navan Group,Technology Services,44 School ST,Boston,MA,2108,42.357681,-71.05967800000002,navan group,,True,3.0383561643835617,1,Government Center,276.33305700260473
2019-01-14 10:54:00,,2023-01-14 10:52:00,Naysa Construction,Property Investments,1 Beacon ST,Boston,MA,2108,42.358449,-71.060833,naysa construction,,False,4.0,1,Government Center,319.3330140006216
2022-03-30 14:11:00,,2026-03-30 10:26:00,NBBJ LP,Architecture design planning,1 Beacon ST,Boston,MA,2108,42.358449,-71.060833,nbbj lp,,False,4.0,1,Government Center,319.3330140006216
2019-12-26 14:53:00,2/6/24 10:34,2028-02-06 10:31:00,Neem Medical Spa,Full Service Salon/Bar,24 North ST,Boston,MA,2108,42.360782,-71.05628899999999,neem medical spa,,True,6.301369863013699,1,State,345.8885430006821
2022-10-26 10:24:00,,2026-10-26 10:10:00,Neil Brenton Arts & Entertainment,Insurance Agency,44 School ST,Boston,MA,2108,42.357681,-71.05967800000002,neil brenton arts  entertainment,,True,3.4657534246575343,1,Government Center,276.33305700260473
2023-10-31 15:23:00,,2027-10-31 12:45:00,Nerdy Diva,"Consulting (Design, Tech)",24 School ST,Boston,MA,2108,42.357337,-71.05895299999997,nerdy diva,,True,2.452054794520548,1,Government Center,292.22193000196376
2017-12-27 11:29:00,12/23/21 9:57,2025-12-23 09:55:00,NESG Insurance Mergers & Acquisition Brokerage,Business Consultancy,41 Winter ST,Boston,MA,2108,42.356085,-71.06167600000003,nesg insurance mergers  acquisition brokerage,,False,7.991780821917808,1,Park Street,117.53321579584258
2022-04-05 15:55:00,,2026-04-05 15:50:00,NETTWERK MUSIC,MUSIC INDUSTRY-LABEL,44 School ST,Boston,MA,2108,42.357681,-71.05967800000002,nettwerk music,,False,4.0,1,Government Center,276.33305700260473
2018-02-16 09:44:00,3/18/22 12:45,2026-03-18 12:24:00,New Canaan Group,Financial Services,1 Boston PL,Boston,MA,2108,42.358537,-71.058381,new canaan group,,False,8.087671232876712,1,State,135.999864000062
2019-11-21 09:21:00,,2023-11-21 09:19:00,New England Blood,Supplier of Blood and blood products as well conducting blood drives,28 State ST,Boston,MA,2108,42.359002,-71.05755299999998,new england blood,,False,4.0,1,State,7.666659001170316
2015-09-21 00:00:00,9/11/23 11:39,2027-09-11 11:37:00,NEW ENGLAND CENTER AND HOME FOR VETERANS,NON PROFIT SOCIAL SERVICES,17 Court ST,Boston,MA,2108,42.359042,-71.05839200000003,new england center and home for veterans,,True,10.56986301369863,1,State,95.33323800325948
2022-08-11 11:21:00,,2026-08-11 11:19:00,New England Flooring,Flooring Installation,1 Washington MA,Boston,MA,2108,42.359466,-71.05834099999998,new england flooring,,True,3.673972602739726,1,Government Center,123.66654300119998
2024-03-19 15:37:00,,2028-03-19 15:09:00,New England Outdoor Lighting,Installation of holiday lighting,45 School ST,Boston,MA,2108,42.358038,-71.05938800000001,new england outdoor lighting,,True,2.0684931506849313,1,Government Center,204.4442400017341
2024-02-12 14:32:00,,2028-02-12 14:25:00,New York Blood Center Enterprises,Non Profit Blood Center,28 State ST,Boston,MA,2108,42.359002,-71.05755299999998,new york blood center enterprises,,True,2.1671232876712327,1,State,7.666659001170316
2018-10-22 14:40:00,10/21/22 15:39,2026-10-21 13:26:00,NEWDAY HOME LOANS,MORTGAGE LENDING,44 School ST,Boston,MA,2108,42.357681,-71.05967800000002,newday home loans,,True,7.47945205479452,1,Government Center,276.33305700260473
2018-10-22 14:40:00,10/21/22 15:39,2026-10-21 13:22:00,NEWDAY USA,MORTGAGE LENDING,44 School ST,Boston,MA,2108,42.357681,-71.05967800000002,newday usa,,True,7.47945205479452,1,Government Center,276.33305700260473
2020-12-31 12:39:00,12/31/24 15:35,2028-12-31 15:22:00,Newfi,residential mortgage lending,44 School ST,Boston,MA,2108,42.357681,-71.05967800000002,newfi,,True,5.284931506849315,1,Government Center,276.33305700260473
2025-03-19 11:16:00,,2029-03-19 11:13:00,Newfi Capital Partners,Residential Mortgage Lending,44 School ST,Boston,MA,2108,42.357681,-71.05967800000002,newfi capital partners,,True,1.0684931506849316,1,Government Center,276.33305700260473
2020-12-31 12:39:00,12/31/24 15:35,2028-12-31 15:22:00,Newfi Lending,residential mortgage lending,44 School ST,Boston,MA,2108,42.357681,-71.05967800000002,newfi lending,,True,5.284931506849315,1,Government Center,276.33305700260473
2020-12-31 12:39:00,12/31/24 15:35,2028-12-31 15:23:00,Newfi Wholesale,residential mortgage lending,44 School ST,Boston,MA,2108,42.357681,-71.05967800000002,newfi wholesale,,True,5.284931506849315,1,Government Center,276.33305700260473
2019-03-21 12:22:00,,2023-03-21 12:20:00,Next Step Test Preparation,Test Preparation,44 School ST,Boston,MA,2108,42.357681,-71.05967800000002,next step test preparation,,False,4.0,1,Government Center,276.33305700260473
2018-12-26 13:40:00,,2022-12-26 12:01:00,NFS Advantage Insurance Agency,Insurance Sales/Marketing,44 School ST,Boston,MA,2108,42.357681,-71.05967800000002,nfs advantage insurance agency,,False,4.0,1,Government Center,276.33305700260473
2025-09-09 16:16:00,,2029-09-09 16:14:00,Ninawa Zero Waste Clothes,Zero Waste Clothes,12 Marshall ST,Boston,MA,2108,42.361478,-71.056896,ninawa zero waste clothes,,True,0.5917808219178082,1,Haymarket,326.3330070011066
2025-08-19 14:11:00,,2029-08-19 14:09:00,Nine,Restaurant,9 Park ST,Boston,MA,2108,42.357641,-71.062906,nine,,True,0.6493150684931507,1,Park Street,192.0220302002544
2016-09-26 10:59:00,,,Nine Zero Hotel,Hotel,90 Tremont ST,Boston,MA,2108,42.35733,-71.06069300000001,nine zero hotel,,False,,1,Downtown Crossing,253.33308000146224
2019-04-25 12:09:00,,2023-04-25 10:37:00,NITCO Equipment Compant,Rental of Industrial Equipment,44 School ST,Boston,MA,2108,42.357681,-71.05967800000002,nitco equipment compant,,False,4.0,1,Government Center,276.33305700260473
2023-09-13 14:51:00,,2027-09-13 13:32:00,NITEL,telecom,44 School ST,Boston,MA,2108,42.357681,-71.05967800000002,nitel,,True,2.5835616438356164,1,Government Center,276.33305700260473
2022-11-18 13:27:00,,2026-11-18 13:15:00,NOF AMERICA Nichiyu,Sales of chemical products,1 Beacon ST,Boston,MA,2108,42.358449,-71.060833,nof america nichiyu,,True,3.4027397260273973,1,Government Center,319.3330140006216
2021-05-03 15:34:00,,2025-05-03 14:20:00,Northeast Maintenance Services Group,office cleaning service,44 School ST,Boston,MA,2108,42.357681,-71.05967800000002,northeast maintenance services group,,False,4.0,1,Government Center,276.33305700260473
2024-05-16 15:06:00,,2028-05-16 15:03:00,NorthStar Mortgage Advisors,Mortgage and Finance,44 School ST,Boston,MA,2108,42.357681,-71.05967800000002,northstar mortgage advisors,,True,1.9095890410958904,1,Government Center,276.33305700260473
2018-05-01 14:16:00,,2022-05-01 13:23:00,Northwestern Mutual Boston- Downtown,Insurance & Investments,1 Beacon ST,Boston,MA,2108,42.358449,-71.060833,northwestern mutual boston downtown,,False,4.0,1,Government Center,319.3330140006216
2021-12-29 13:28:00,,2025-12-29 13:27:00,Notary Plus 3,Notary Services,1 Washington MA,Boston,MA,2108,42.359466,-71.05834099999998,notary plus 3,,False,4.0,1,Government Center,123.66654300119998
2022-10-27 09:19:00,,2026-10-27 09:14:00,Nuts Factory,Food Retail,62 Charles ST,Boston,MA,2108,42.357566,-71.07036399999998,nuts factory,,True,3.463013698630137,2,Charles/MGH,529.1105820023117
2024-02-12 14:31:00,,2028-02-12 14:28:00,NYBCe,Non Profit Blood Center,28 State ST,Boston,MA,2108,42.359002,-71.05755299999998,nybce,,True,2.1671232876712327,1,State,7.666659001170316
2018-11-20 14:12:00,,2022-11-20 14:11:00,Ocean State Innovations,Providing Textile Solutions,28 State ST,Boston,MA,2108,42.359002,-71.05755299999998,ocean state innovations,,False,4.0,1,State,7.666659001170316
2013-09-23 00:00:00,9/9/25 13:20,2029-09-09 12:25:00,"OGLETREE, DEAKINS, NASH, SMOAK & STEWART",LEGAL SERVICES,1 Boston PL,Boston,MA,2108,42.358537,-71.058381,ogletree deakins nash smoak  stewart,,True,12.564383561643835,1,State,135.999864000062
2026-01-12 12:43:00,,2030-01-12 12:41:00,Old Corner Christmas,Retail,11 School ST,Boston,MA,2108,42.357608,-71.05866100000003,old corner christmas,,True,0.2493150684931507,1,State,270.3330630035424
2016-01-25 00:00:00,2/22/24 9:55,2028-02-22 09:51:00,OLIN CHLOR ALKALI PRODUCTS,CHEMICAL MANUFACTURING,18 Tremont ST,Boston,MA,2108,42.358831,-71.05967900000002,olin chlor alkali products,,True,10.224657534246575,1,Government Center,148.66651800202987
2023-03-08 09:50:00,,2027-03-08 09:45:00,OMNI PARKER HOUSE,HOTEL,60 School ST,Boston,MA,2108,42.357837,-71.06023600000003,omni parker house,,True,3.1013698630136988,1,Downtown Crossing,258.8886300040152
2015-08-06 00:00:00,10/22/19 12:37,2023-10-22 10:55:00,ONE GIG,RETAIL,1 Bromfield ST,Boston,MA,2108,42.35655,-71.05967299999998,one gig,,False,8.216438356164383,1,Downtown Crossing,175.99982400328463
2022-04-11 15:22:00,,2026-04-11 15:20:00,One Scott Alley,Short Term Rental,1 Scott AL,Boston,MA,2108,42.334317,-71.031901,one scott alley,,False,4.0,1,Andrew,3324.107786998936
2022-09-29 10:42:00,,2026-09-29 10:39:00,One Trust Home Loans,Residential Mortgage,44 School ST,Boston,MA,2108,42.357681,-71.05967800000002,one trust home loans,,True,3.5397260273972604,1,Government Center,276.33305700260473
2019-01-23 11:08:00,3/16/23 11:50,2027-03-16 11:43:00,O'Neill & Associates,Professional Services-Public Affirs & Governm. Relations,18 Tremont ST,Boston,MA,2108,42.358831,-71.05967900000002,oneill  associates,,True,7.2246575342465755,1,Government Center,148.66651800202987
2023-01-05 09:09:00,,2027-01-05 09:05:00,O'NEILL-GOLDMAN GROUP,Communications Firm,11 Beacon ST,Boston,MA,2108,42.358382,-71.06162499999999,oneillgoldman group,,True,3.271232876712329,1,Park Street,309.621912600034
2024-03-21 14:38:00,,2028-03-21 14:33:00,Open Systems Security Americas,IT Security Services,44 School ST,Boston,MA,2108,42.357681,-71.05967800000002,open systems security americas,,True,2.063013698630137,1,Government Center,276.33305700260473
2021-02-04 12:32:00,,2025-02-04 12:29:00,Optise,telecommunications,1 Boston PL,Boston,MA,2108,42.358537,-71.058381,optise,,False,4.0,1,State,135.999864000062
2020-09-29 13:53:00,9/20/24 10:56,2028-09-20 10:42:00,Origin Mortgage,Mortgage,45 School ST,Boston,MA,2108,42.358038,-71.05938800000001,origin mortgage,,True,5.53972602739726,1,Government Center,204.4442400017341
2018-01-18 12:20:00,2/2/22 16:07,2026-02-02 10:12:00,Orion Lending,Mortgage Lending,44 School ST,Boston,MA,2108,42.357681,-71.05967800000002,orion lending,,False,8.043835616438356,1,Government Center,276.33305700260473
2015-09-02 00:00:00,10/4/23 11:03,2027-10-04 11:00:00,ORPHEUM THEATER,THEATER,1 Hamilton PL,Boston,MA,2108,42.356232,-71.06081,orpheum theater,,True,10.621917808219179,1,Downtown Crossing,144.33318900033862
2025-10-31 14:40:00,,2029-10-31 14:35:00,OSTRA,Restaurant,1 Charles ST,Boston,MA,2108,42.356412,-71.06926799999997,ostra,,True,0.44931506849315067,1,Arlington,681.6659850032074
2022-02-15 10:52:00,,2026-02-15 10:41:00,OTTO ENVIRONMENTAL SYSTEMS,SALES/SERVICE OF TRASH CARTS,1 Winter ST,Boston,MA,2108,42.35559,-71.06052999999997,otto environmental systems,,False,4.0,1,Downtown Crossing,41.88884699687468
2023-02-17 14:34:00,,2027-02-17 14:33:00,OUU Cosmetics,Online Skin and Hair Products,1 Washington MA,Boston,MA,2108,42.359466,-71.05834099999998,ouu cosmetics,,True,3.1534246575342464,1,Government Center,123.66654300119998
2019-01-04 12:29:00,1/5/23 13:55,2027-01-05 13:48:00,Own Up,Mortgage Brokerage,21 Union ST,Boston,MA,2108,42.345377,-71.14808099999999,own up,,True,7.276712328767124,1,Sutherland Road,585.9994139984211
2019-03-07 09:58:00,4/27/23 14:53,2027-04-27 14:50:00,P.A.W. Foundation,Charity,22 Pinckney ST,Boston,MA,2108,42.358755,-71.06603000000001,paw foundation,,True,7.1068493150684935,1,Park Street,662.910448201928
2025-03-31 10:26:00,,2029-03-31 10:20:00,Paco Lighting,Sales Representation,14 Beacon ST,Boston,MA,2108,42.357863,-71.06244800000002,paco lighting,,True,1.0356164383561643,1,Park Street,165.79983420251023
2025-08-29 13:45:00,,2029-08-29 13:16:00,Panda Mobile,wireless communications services,44 School ST,Boston,MA,2108,42.357681,-71.05967800000002,panda mobile,,True,0.6219178082191781,1,Government Center,276.33305700260473
2016-02-19 00:00:00,4/4/24 16:04,2028-04-04 11:10:00,PARADIGM LIFE,INSURANCE SALES AND MARKETING,44 School ST,Boston,MA,2108,42.357681,-71.05967800000002,paradigm life,,True,10.156164383561643,1,Government Center,276.33305700260473
2022-10-19 13:29:00,,2026-10-19 13:27:00,Parative,Software Development,41 Winter ST,Boston,MA,2108,42.356085,-71.06167600000003,parative,,True,3.484931506849315,1,Park Street,117.53321579584258
2016-03-02 00:00:00,,2020-03-02 00:00:00,PARISHPAY,PAYMENT SERVICE PROVIDER,44 School ST,Boston,MA,2108,42.357681,-71.05967800000002,parishpay,,False,4.002739726027397,1,Government Center,276.33305700260473
2015-05-15 00:00:00,7/27/23 9:53,2027-07-27 09:51:00,PARKERS RESTAURANT,RESTAURANT,60 School ST,Boston,MA,2108,42.357837,-71.06023600000003,parkers restaurant,,True,10.923287671232877,1,Downtown Crossing,258.8886300040152
2020-08-21 13:21:00,10/31/24 16:22,2028-10-31 12:29:00,PARKHURST LAW OFFICES,LAW FIRM,1 Boston PL,Boston,MA,2108,42.358537,-71.058381,parkhurst law offices,,True,5.646575342465753,1,State,135.999864000062
2018-04-20 14:27:00,,2022-04-20 14:23:00,Patriot Lending,Mortgage Lender/Broker,44 School ST,Boston,MA,2108,42.357681,-71.05967800000002,patriot lending,,False,4.0,1,Government Center,276.33305700260473
2021-02-12 10:22:00,4/9/25 15:35,2029-04-09 15:34:00,Paula Stookey Insurance,Insurance,67 Mount Vernon ST,Boston,MA,2108,42.358602,-71.06659100000002,paula stookey insurance,,True,5.167123287671233,1,Park Street,708.2437362019486
2019-06-27 13:18:00,,2023-06-27 10:53:00,PayQwick,Money Transmission,44 School ST,Boston,MA,2108,42.357681,-71.05967800000002,payqwick,,False,4.0,1,Government Center,276.33305700260473
2024-09-27 11:28:00,,2028-09-27 11:15:00,PaySii,Fintech MSB Serving in the Remittance Area,44 School ST,Boston,MA,2108,42.357681,-71.05967800000002,paysii,,True,1.5424657534246575,1,Government Center,276.33305700260473
2026-03-13 16:41:00,,2030-03-13 08:15:00,PCM Lending,Mortgages,44 School ST,Boston,MA,2108,42.357681,-71.05967800000002,pcm lending,,True,0.08493150684931507,1,Government Center,276.33305700260473
2025-10-02 14:01:00,,2029-10-02 12:49:00,PDC Rx,Pharmacy Benefit Manager,44 School ST,Boston,MA,2108,42.357681,-71.05967800000002,pdc rx,,True,0.5287671232876713,1,Government Center,276.33305700260473
2023-03-21 14:36:00,,2027-03-21 12:05:00,PDM,Installation of Pods,44 School ST,Boston,MA,2108,42.357681,-71.05967800000002,pdm,,True,3.0657534246575344,1,Government Center,276.33305700260473
2014-12-04 00:00:00,1/24/19 12:56,2023-01-24 11:43:00,PEARLMAN LEGAL ENTERPRISES,LAW OFFICE,1 Boston PL,Boston,MA,2108,42.358537,-71.058381,pearlman legal enterprises,,False,8.145205479452056,1,State,135.999864000062
2012-10-11 00:00:00,,2016-10-11 00:00:00,PEDRO'S TACOS,SMALL TAKE-OUT RESTAURANT,55 Bromfield ST,Boston,MA,2108,42.356991,-71.06069300000001,pedros tacos,,False,4.002739726027397,3,Downtown Crossing,215.6664510018224
2016-02-02 00:00:00,,2020-02-02 00:00:00,PEDRO'S TACOS,WITHDRAWN (2/2/16),55 Bromfield ST,Boston,MA,2108,42.356991,-71.06069300000001,pedros tacos,,False,4.002739726027397,3,Downtown Crossing,215.6664510018224
2017-03-21 12:10:00,,,Pedro's Tacos,Restaurant,55 Bromfield ST,Boston,MA,2108,42.356991,-71.06069300000001,pedros tacos,,False,,3,Downtown Crossing,215.6664510018224
2015-04-21 00:00:00,4/26/23 15:47,2027-04-26 15:39:00,PEG PROPERTIES MANAGEMENT,REAL ESTATE,22 Brimmer ST,Boston,MA,2108,42.358133,-71.071551,peg properties management,,True,10.98904109589041,1,Charles/MGH,344.444099999592
2023-08-01 09:43:00,,2027-08-01 09:39:00,Peka Hohete Travel,Travel Agency,7 Marshall ST,Boston,MA,2108,42.361819,-71.05684100000002,peka hohete travel,,True,2.7013698630136984,1,Haymarket,294.5552609984411
2015-03-03 00:00:00,2/13/23 13:29,2027-02-13 13:26:00,PENTHOUSE PROPERTIES,REAL ESTATE,10 Franklin ST,Boston,MA,2108,42.35621,-71.05908,penthouse properties,,True,11.123287671232877,1,Downtown Crossing,204.1109070009967
2018-12-19 12:00:00,2/16/23 15:11,2027-02-16 15:03:00,Pet Benefit Solutions,Insurance Sales / Marketing,44 School ST,Boston,MA,2108,42.357681,-71.05967800000002,pet benefit solutions,,True,7.32054794520548,1,Government Center,276.33305700260473
2023-03-03 14:50:00,,2027-03-03 14:28:00,PGA Tour Superstore,Specialty Retail Golf & Tennis,1 Washington MA,Boston,MA,2108,42.359466,-71.05834099999998,pga tour superstore,,True,3.115068493150685,1,Government Center,123.66654300119998
2024-05-03 16:07:00,,2028-05-03 16:06:00,Phil-Am Insurance Agency,Insurance agency brokerage,100 Cambridge ST,Boston,MA,2108,42.360981,-71.06262400000003,philam insurance agency,,True,1.9452054794520548,1,Bowdoin,107.88878100234992
2021-07-15 15:12:00,,2025-07-15 15:11:00,Pilent,executive producer services,44 School ST,Boston,MA,2108,42.357681,-71.05967800000002,pilent,,False,4.0,1,Government Center,276.33305700260473
2021-05-21 12:31:00,5/29/25 11:34,2029-05-29 11:23:00,PISCES MASS BUSINESS SERVICES,OPERATIONS MANAGEMENT,45 School ST,Boston,MA,2108,42.358038,-71.05938800000001,pisces mass business services,,True,4.898630136986301,1,Government Center,204.4442400017341
2014-05-14 00:00:00,3/11/26 11:02,2030-03-11 11:00:00,PLATINUM STUDIO BY Z,JEWELRY RETAIL AND MANUFACTURING,333 Washington ST,Boston,MA,2108,42.356857,-71.05908,platinum studio by z,,True,11.926027397260274,1,Downtown Crossing,275.9997240010779
2019-01-15 13:31:00,,2023-01-15 13:30:00,Player One Amusement Group,Arcade Amusement Machines,44 School ST,Boston,MA,2108,42.357681,-71.05967800000002,player one amusement group,,False,4.0,1,Government Center,276.33305700260473
2021-03-05 13:09:00,3/14/25 16:19,2029-03-14 16:17:00,Pokadot APL,Consultant,45 School ST,Boston,MA,2108,42.358038,-71.05938800000001,pokadot apl,,True,5.109589041095891,1,Government Center,204.4442400017341
2025-08-29 13:43:00,,2029-08-29 13:15:00,Polar Mobile,wireless communications services,44 School ST,Boston,MA,2108,42.357681,-71.05967800000002,polar mobile,,True,0.6219178082191781,1,Government Center,276.33305700260473
2016-04-13 00:00:00,4/13/20 14:18,2024-04-13 13:09:00,PONTUAL MONEY TRANSFER,MONEY TRANSMITTER,44 School ST,Boston,MA,2108,42.357681,-71.05967800000002,pontual money transfer,,False,8.005479452054795,1,Government Center,276.33305700260473
2019-06-03 15:43:00,7/19/23 14:28,2027-07-19 14:24:00,Power 10 Advisory Partners,Financial & Insurance Planning,1 Beacon ST,Boston,MA,2108,42.358449,-71.060833,power 10 advisory partners,,True,6.865753424657535,1,Government Center,319.3330140006216
2025-08-04 17:07:00,,2029-08-04 17:06:00,POWERCAP FUNDING,mortgage lending service,44 School ST,Boston,MA,2108,42.357681,-71.05967800000002,powercap funding,,True,0.6904109589041096,1,Government Center,276.33305700260473
2025-01-23 16:17:00,,2029-01-23 16:13:00,PowerPay Home Loans,Financial Services / Mortgage Lending,44 School ST,Boston,MA,2108,42.357681,-71.05967800000002,powerpay home loans,,True,1.2191780821917808,1,Government Center,276.33305700260473
2022-04-27 14:56:00,,2026-04-27 11:00:00,Prairie Land Professional Services,Engineering Consulting Services,45 School ST,Boston,MA,2108,42.358038,-71.05938800000001,prairie land professional services,,True,3.9643835616438357,1,Government Center,204.4442400017341
2022-06-10 12:40:00,,2026-06-10 12:31:00,PRECISION CORPORATE SERVICES,REGISTERED AGENT SERVICES,44 School ST,Boston,MA,2108,42.357681,-71.05967800000002,precision corporate services,,True,3.8438356164383563,1,Government Center,276.33305700260473
2020-01-14 14:42:00,,2024-01-14 14:41:00,PRECISION HEALTH ECONOMICS & OUTCOMES RESEARCH,Life Science Speciality Services,101 Tremont ST,Boston,MA,2108,42.357221,-71.061036,precision health economics  outcomes research,,False,4.0,1,Park Street,246.06642059944
2018-03-02 13:31:00,2/13/26 13:17,2030-02-13 12:41:00,PRECISION PROFESSIONAL INSTALLERS,MILLWORK INSTALATION,44 School ST,Boston,MA,2108,42.357681,-71.05967800000002,precision professional installers,,True,8.12054794520548,1,Government Center,276.33305700260473
2019-09-11 14:50:00,,2023-09-11 14:49:00,Precision Xtract,Life Science Specialty Services,101 Tremont ST,Boston,MA,2108,42.357221,-71.061036,precision xtract,,False,4.0,1,Park Street,246.06642059944
2024-03-19 15:37:00,,2028-03-19 15:17:00,Premier Lighting of New England,Installation of holiday lighting,45 School ST,Boston,MA,2108,42.358038,-71.05938800000001,premier lighting of new england,,True,2.0684931506849313,1,Government Center,204.4442400017341
2026-01-29 13:29:00,,2030-01-29 13:09:00,Premium Prep,College Counseling,44 School ST,Boston,MA,2108,42.357681,-71.05967800000002,premium prep,,True,0.20273972602739726,1,Government Center,276.33305700260473
2026-01-29 13:30:00,,2030-01-29 13:12:00,Premium Prep College Counseling,College Counseling,44 School ST,Boston,MA,2108,42.357681,-71.05967800000002,premium prep college counseling,,True,0.20273972602739726,1,Government Center,276.33305700260473
2018-06-22 12:21:00,6/2/22 13:36,2026-06-02 10:35:00,Presley Law,Arbitrator,1 Boston PL,Boston,MA,2108,42.358537,-71.058381,presley law,,True,7.813698630136987,1,State,135.999864000062
2023-12-08 15:12:00,,2027-12-08 15:09:00,PRIMO WATER NORTH AMERICA,BOTTLED WATER PROVIDER,44 School ST,Boston,MA,2108,42.357681,-71.05967800000002,primo water north america,,True,2.347945205479452,1,Government Center,276.33305700260473
2022-06-09 15:22:00,,2026-06-09 15:16:00,Prince Parker & Associates,Collection Agency,45 School ST,Boston,MA,2108,42.358038,-71.05938800000001,pre parker  associates,,True,3.8465753424657536,1,Government Center,204.4442400017341
2023-12-29 15:27:00,,2027-12-29 11:57:00,Principle Lending,Mortgage Origination,44 School ST,Boston,MA,2108,42.357681,-71.05967800000002,priple lending,,True,2.2904109589041095,1,Government Center,276.33305700260473
2023-06-02 10:51:00,,2027-06-02 08:56:00,Private Client Insurance,Insurance Sales/Marketing,44 School ST,Boston,MA,2108,42.357681,-71.05967800000002,private client insurance,,True,2.8657534246575342,1,Government Center,276.33305700260473
2025-12-01 16:14:00,,2029-12-01 15:49:00,Proact PBM,Pharmacy Benefit Manager,44 School ST,Boston,MA,2108,42.357681,-71.05967800000002,proact pbm,,True,0.3643835616438356,1,Government Center,276.33305700260473
2021-08-26 14:51:00,8/27/25 14:23,2029-08-27 14:03:00,Professional Credit Service,Third Party Debt Collection,44 School ST,Boston,MA,2108,42.357681,-71.05967800000002,professional credit service,,True,4.632876712328767,1,Government Center,276.33305700260473
2017-08-24 13:37:00,3/9/22 11:26,2026-03-09 11:22:00,PROFESSIONAL PHYSICAL THERAPY,PHYSICAL THERAPY,44 School ST,Boston,MA,2108,42.357681,-71.05967800000002,professional physical therapy,,False,8.542465753424658,1,Government Center,276.33305700260473
2014-04-29 00:00:00,5/1/18 14:18,2022-05-01 13:05:00,PROJECT R & R RELEASE AND RESTITUTION FOR CHIMPANZEES IN US,NOT FOR PROFIT,333 Washington ST,Boston,MA,2108,42.356857,-71.05908,project r  r release and restitution for chimpanzees in us,,False,8.01095890410959,1,Downtown Crossing,275.9997240010779
2024-01-22 14:17:00,,2028-01-22 12:36:00,Project Solutions International,Property Management,44 School ST,Boston,MA,2108,42.357681,-71.05967800000002,project solutions international,,True,2.2246575342465755,1,Government Center,276.33305700260473
2024-12-18 10:06:00,,2028-12-18 09:43:00,Prosper Network,Marketing Services,44 School ST,Boston,MA,2108,42.357681,-71.05967800000002,prosper network,,True,1.3178082191780822,1,Government Center,276.33305700260473
2014-06-09 00:00:00,6/18/18 13:58,2022-06-18 12:21:00,PSAV PRESENTATION SERVICES #3552,RENTAL OF AUDIO VISUAL EQUIPME,26 North ST,Boston,MA,2108,42.36270734749609,-71.05406271108973,psav presentation services 3552,,False,8.03013698630137,1,Haymarket,504.54854147144
2023-09-28 14:27:00,,2027-09-28 14:03:00,PURE FINANCE GROUP,INDIRECT HOME IMPROVEMENT LENDING,45 School ST,Boston,MA,2108,42.358038,-71.05938800000001,pure finance group,,True,2.5424657534246577,1,Government Center,204.4442400017341
2018-08-31 15:12:00,,2022-08-31 15:12:00,Purpleheart Cafe,Cafe,25 Sudbury ST,Boston,MA,2108,42.361337,-71.05936099999997,purpleheart cafe,,False,4.002739726027397,1,Government Center,197.5553579970211
2015-05-29 00:00:00,3/22/23 13:39,2027-03-22 13:38:00,QMEDIC,MEDICAL ALERT DEVICE,44 School ST,Boston,MA,2108,42.357681,-71.05967800000002,qmedic,,True,10.884931506849314,1,Government Center,276.33305700260473
2021-08-26 16:13:00,11/20/25 9:38,2029-11-10 00:00:00,Q's Nuts,retail specialty food,100 Hanover ST,Boston,MA,2108,42.362123,-71.05754000000002,qs nuts,,True,4.632876712328767,1,Haymarket,183.11092799875212
2016-03-14 00:00:00,3/2/20 12:39,2024-03-02 11:54:00,R + D ALBERT,PEARL AND BEAD STRINGING,333 Washington ST,Boston,MA,2108,42.356857,-71.05908,r  d albert,,False,7.972602739726027,1,Downtown Crossing,275.9997240010779
2018-05-14 12:49:00,,2022-05-14 12:41:00,R+DI,Marketing and Consulting,100 Cambridge ST,Boston,MA,2108,42.360981,-71.06262400000003,rdi,,False,4.0,2,Bowdoin,107.88878100234992
2025-09-05 13:55:00,,2029-09-05 13:28:00,Rago Insurance Agency,Insurance Agency,44 School ST,Boston,MA,2108,42.357681,-71.05967800000002,rago insurance agency,,True,0.6027397260273972,1,Government Center,276.33305700260473
2017-05-10 15:21:00,,,Ramirez Immigration Law,Legal Services,6 Beacon ST,Boston,MA,2108,42.358149,-71.06172300000003,ramirez immigration law,,False,,1,Park Street,272.8441715957814
2018-11-19 14:12:00,,2022-11-19 13:38:00,RAY'S CARPENTRY & HOME IMPROVEMENT,CONTRACTOR,44 School ST,Boston,MA,2108,42.357681,-71.05967800000002,rays carpentry  home improvement,,False,4.0,1,Government Center,276.33305700260473
2015-01-26 00:00:00,12/1/22 11:08,2026-12-01 11:08:00,RAY'S TOBACCO,CONVENIENCE STORE,57 Court ST,Boston,MA,2108,42.359307,-71.05904099999998,rays tobacco,,True,11.221917808219178,1,Government Center,63.55549200138349
2018-05-14 12:49:00,,2022-05-14 12:40:00,RDI,Marketing and Consulting,100 Cambridge ST,Boston,MA,2108,42.360981,-71.06262400000003,rdi,,False,4.0,2,Bowdoin,107.88878100234992
2018-05-14 12:49:00,,2022-05-14 12:43:00,RDI - Research Data Insights,Marketing and Consulting,100 Cambridge ST,Boston,MA,2108,42.360981,-71.06262400000003,rdi  research data insights,,False,4.0,1,Bowdoin,107.88878100234992
2023-04-03 14:00:00,,2027-04-03 13:07:00,Rebion,medical device company,100 Cambridge ST,Boston,MA,2108,42.360981,-71.06262400000003,rebion,,True,3.03013698630137,1,Bowdoin,107.88878100234992
2023-06-06 12:21:00,,2027-06-06 12:18:00,Recycling & Waste Equipment Division,Industrial Manufacturer of Recycling Equipment,44 School ST,Boston,MA,2108,42.357681,-71.05967800000002,recycling  waste equipment division,,True,2.8547945205479452,1,Government Center,276.33305700260473
2021-09-09 13:30:00,8/22/25 13:03,2029-08-22 12:13:00,Red Apple Farm,Retail Stall @ Boston Public Market,100 Hanover ST,Boston,MA,2108,42.362123,-71.05754000000002,red apple farm,,True,4.594520547945206,1,Haymarket,183.11092799875212
2022-02-25 15:42:00,,2026-02-25 10:28:00,Refresh Physical Therapy,Physical Therapy Services,45 School ST,Boston,MA,2108,42.358038,-71.05938800000001,refresh physical therapy,,False,4.0,1,Government Center,204.4442400017341
2017-01-18 12:03:00,,,REGENCY MORTGAGE,CREATE MORTGAGES,44 School ST,Boston,MA,2108,42.357681,-71.05967800000002,regency mortgage,,False,,1,Government Center,276.33305700260473
2018-07-05 11:35:00,,2022-07-05 11:28:00,RELM Wireless,Wireless,44 School ST,Boston,MA,2108,42.357681,-71.05967800000002,relm wireless,,False,4.0,1,Government Center,276.33305700260473
2018-06-26 16:04:00,12/28/22 12:08,2026-12-28 11:51:00,remit2india,Money Transmitter,44 School ST,Boston,MA,2108,42.357681,-71.05967800000002,remit2india,,True,7.802739726027397,1,Government Center,276.33305700260473
2022-08-23 14:11:00,,2026-08-23 10:28:00,ReNew Debt Relief,Debt Settlement,45 School ST,Boston,MA,2108,42.358038,-71.05938800000001,renew debt relief,,True,3.6410958904109587,1,Government Center,204.4442400017341
2016-03-02 00:00:00,,2020-03-02 00:00:00,RENTPAYMENT,PAYMENT SERVICE PROVIDER,44 School ST,Boston,MA,2108,42.357681,-71.05967800000002,rentpayment,,False,4.002739726027397,1,Government Center,276.33305700260473
2018-05-14 12:49:00,,2022-05-14 12:39:00,Research and Data Insights,Marketing and Consulting,100 Cambridge ST,Boston,MA,2108,42.360981,-71.06262400000003,research and data insights,,False,4.0,1,Bowdoin,107.88878100234992
2018-05-14 12:49:00,,2022-05-14 12:44:00,Research Data Insights,Marketing and Consulting,100 Cambridge ST,Boston,MA,2108,42.360981,-71.06262400000003,research data insights,,False,4.0,1,Bowdoin,107.88878100234992
2018-05-14 12:49:00,,2022-05-14 12:38:00,Research+Data Insights,Marketing and Consulting,100 Cambridge ST,Boston,MA,2108,42.360981,-71.06262400000003,researchdata insights,,False,4.0,1,Bowdoin,107.88878100234992
2021-12-07 12:36:00,,2025-12-07 12:29:00,RESICORRESPONDENT,MORTGAGE LENDER,44 School ST,Boston,MA,2108,42.357681,-71.05967800000002,resicorrespondent,,False,4.0,1,Government Center,276.33305700260473
2023-05-16 13:46:00,,2027-05-16 13:43:00,RethinkingDebt.org,Debt Adjuster,44 School ST,Boston,MA,2108,42.357681,-71.05967800000002,rethinkingdebtorg,,True,2.9123287671232876,1,Government Center,276.33305700260473
2021-05-17 15:29:00,6/12/25 14:46,2029-06-12 10:40:00,Revecore,Medical Account biling,45 School ST,Boston,MA,2108,42.358038,-71.05938800000001,revecore,,True,4.909589041095891,1,Government Center,204.4442400017341
2024-04-24 16:03:00,,2028-04-24 13:48:00,RFx Anatomical Solutions,Provide anatomical specimens and solutions,44 School ST,Boston,MA,2108,42.357681,-71.05967800000002,rfx anatomical solutions,,True,1.9698630136986301,1,Government Center,276.33305700260473
2019-04-29 12:41:00,,2023-04-29 12:41:00,Rhode Island Blood Center,Supplier of Blood & Blood Products/Blood Drives,28 State ST,Boston,MA,2108,42.359002,-71.05755299999998,rhode island blood center,,False,4.002739726027397,1,State,7.666659001170316
2019-03-18 09:31:00,4/24/23 13:57,2027-04-24 11:11:00,Richard Gray Cabinetmaker,Cabinetmaking,37 Beacon ST,Boston,MA,2108,42.357256,-71.065696,richard gray cabinetmaker,,True,7.076712328767123,1,Park Street,459.2439852005987
2021-03-22 15:15:00,6/2/25 11:00,2029-06-02 10:58:00,Rightpoint,Global Experience Agency,1 Beacon ST,Boston,MA,2108,42.358449,-71.060833,rightpoint,,True,5.063013698630137,1,Government Center,319.3330140006216
2017-01-18 12:00:00,,,RMC WHOLESALE,MORTGAGE LENDING,44 School ST,Boston,MA,2108,42.357681,-71.05967800000002,rmc wholesale,,False,,1,Government Center,276.33305700260473
2021-06-25 14:01:00,,2025-06-25 13:40:00,RMP,Collection Agency,45 School ST,Boston,MA,2108,42.358038,-71.05938800000001,rmp,,False,4.0,1,Government Center,204.4442400017341
2016-03-30 00:00:00,2/25/20 16:11,2024-02-25 14:15:00,ROADVANTAGE BG,PROVIDES PRODUCTS AND SERVICES,44 School ST,Boston,MA,2108,42.357681,-71.05967800000002,roadvantage bg,,False,7.912328767123288,1,Government Center,276.33305700260473
2024-11-06 16:09:00,,2028-11-06 16:08:00,RockData,Data Solutions Consulting,24 School ST,Boston,MA,2108,42.357337,-71.05895299999997,rockdata,,True,1.4328767123287671,1,Government Center,292.22193000196376
2015-10-23 00:00:00,9/28/23 13:28,2027-09-28 11:31:00,ROCKLAND TRUST LEASING,EQUIPMENT LEASE FINANCING,44 School ST,Boston,MA,2108,42.357681,-71.05967800000002,rockland trust leasing,,True,10.482191780821918,1,Government Center,276.33305700260473
2013-09-11 00:00:00,7/31/25 14:33,2029-07-31 14:30:00,ROMANOVSKY LAW OFFICES,LEGAL SERVICES,12 Marshall ST,Boston,MA,2108,42.361478,-71.056896,romanovsky law offices,,True,12.597260273972603,1,Haymarket,326.3330070011066
2015-03-13 00:00:00,6/30/23 15:57,2027-06-30 11:22:00,ROOMESCAPERS,SOCIAL ENTERTAINMENT,7 Marshall ST,Boston,MA,2108,42.361819,-71.05684100000002,roomescapers,,True,11.095890410958905,2,Haymarket,294.5552609984411
2019-02-26 10:51:00,,2023-02-26 10:49:00,RoomEscapers,Social Entertainment,3 School ST,Boston,MA,2108,42.357524,-71.05846600000001,roomescapers,,False,4.0,2,State,257.99974200152246
2023-08-24 09:21:00,,2027-08-24 09:18:00,Roupen's Setting,Diamond Setting,333 Washington ST,Boston,MA,2108,42.356857,-71.05908,roupens setting,,True,2.638356164383562,1,Downtown Crossing,275.9997240010779
2019-09-06 14:42:00,,2023-09-06 14:39:00,Roxanne's,Restaurant,6 Beacon ST,Boston,MA,2108,42.358149,-71.06172300000003,roxannes,,False,4.0,1,Park Street,272.8441715957814
2019-01-24 14:40:00,,2023-01-24 13:44:00,Roy Mark Cruthird,Trust Management,3 Pemberton SQ,Boston,MA,2108,42.359214,-71.06111799999996,roy mark cruthird,,False,4.0,1,Government Center,265.9997339963247
2019-01-24 14:41:00,,2023-01-24 13:41:00,Roy Mark Cruthird II,Trust Management,3 Pemberton SQ,Boston,MA,2108,42.359214,-71.06111799999996,roy mark cruthird ii,,False,4.0,1,Government Center,265.9997339963247
2015-11-23 00:00:00,10/25/23 13:37,2027-10-25 11:54:00,ROYAL THAI CONSULATE OF THAILAND,HONORARY CONSULATE OF THAILAND,41 Union ST,Boston,MA,2108,42.361271,-71.05689100000001,royal thai consulate of thailand,,True,10.397260273972602,1,State,333.33299999922315
2023-01-13 10:51:00,,2027-01-13 10:49:00,RSJB Consulting,Consulting Services,0 Beacon ST,Boston,MA,2108,42.346561487403456,-71.10672699909975,rsjb consulting,,True,3.249315068493151,1,Saint Mary's Street,110.38747891388442
2016-07-14 14:16:00,7/17/20 14:38,2024-07-17 12:41:00,RUTH'S CHRIS STEAK HOUSE,RESTAURANT,45 School ST,Boston,MA,2108,42.358038,-71.05938800000001,ruths chris steak house,,False,8.01095890410959,1,Government Center,204.4442400017341
2024-08-12 17:02:00,,2028-08-12 16:58:00,Ruth's Chris Steakhouse #7332,Full-Services Restaurant,45 School ST,Boston,MA,2108,42.358038,-71.05938800000001,ruths chris steakhouse 7332,,True,1.6684931506849314,1,Government Center,204.4442400017341
2019-03-25 13:36:00,,2023-03-25 13:35:00,RVI Planning + Landscape Architecture,Land Planning and Landscapie Architechture,45 School ST,Boston,MA,2108,42.358038,-71.05938800000001,rvi planning  landscape architecture,,False,4.0,1,Government Center,204.4442400017341
2026-03-02 14:24:00,,2030-03-02 14:23:00,Ryo Hotta,Education Consulting,100 Cambridge ST,Boston,MA,2108,42.360981,-71.06262400000003,ryo hotta,,True,0.11506849315068493,1,Bowdoin,107.88878100234992
2025-03-03 12:19:00,,2029-03-03 12:05:00,Sage Mortgage,Residential Mortgage Lender/Servicer,44 School ST,Boston,MA,2108,42.357681,-71.05967800000002,sage mortgage,,True,1.1123287671232878,1,Government Center,276.33305700260473
2021-08-19 10:39:00,7/18/25 15:45,2029-07-18 15:42:00,Salsa's Mexican Grill,Restaurant,417 Washington ST,Boston,MA,2108,42.355796,-71.06034799999998,salsas mexican grill,,True,4.652054794520548,1,Downtown Crossing,44.55551099724742
2017-10-16 15:31:00,9/12/25 9:50,2029-09-12 09:49:00,Sam LaGrassa's,Restaurant,27 Province ST,Boston,MA,2108,42.357057,-71.06017099999997,sam lagrassas,,True,8.495890410958904,1,Downtown Crossing,176.99982300391784
2022-12-22 14:22:00,,2026-12-22 14:21:00,Sandz Carribean Music Festival,Entertainment,1 Washington MA,Boston,MA,2108,42.359466,-71.05834099999998,sandz carribean music festival,,True,3.3095890410958906,1,Government Center,123.66654300119998
2025-04-22 14:13:00,,2029-04-22 12:59:00,Sara Campbell,Women's Retail Clothing,84 Chestnut ST,Boston,MA,2108,42.35686,-71.07015000000001,sara campbell,,True,0.9753424657534246,1,Charles/MGH,631.3327019992313
2014-09-22 00:00:00,8/10/22 14:25,2026-08-10 11:38:00,SARKU JAPAN,PANESE F AST FOOD RETAIL,417 Washington ST,Boston,MA,2108,42.355796,-71.06034799999998,sarku japan,,True,11.567123287671233,1,Downtown Crossing,44.55551099724742
2022-12-09 15:12:00,,2026-12-09 12:33:00,Sarver Wireless,Telecommunications,44 School ST,Boston,MA,2108,42.357681,-71.05967800000002,sarver wireless,,True,3.345205479452055,1,Government Center,276.33305700260473
2016-04-11 00:00:00,3/21/24 14:10,2028-03-21 14:08:00,SAUS BOSTON,RESTAURANT,33 Union ST,Boston,MA,2108,42.362902,-71.18755899999996,saus boston,,True,10.013698630136986,1,Newton Centre,4201.662465004162
2023-10-05 11:11:00,,2027-10-05 11:08:00,Savi Home Loans,Residential Mortgage,44 School ST,Boston,MA,2108,42.357681,-71.05967800000002,savi home loans,,True,2.5232876712328767,1,Government Center,276.33305700260473
2025-12-01 14:37:00,,2029-12-01 14:36:00,Scholars,Resturant,25 School ST,Boston,MA,2108,42.357664,-71.059008,scholars,,True,0.3643835616438356,1,Government Center,249.7775279985968
2025-07-21 16:40:00,,2029-07-21 16:16:00,School Street CoffeeHouse,Retail Gift Shop,60 School ST,Boston,MA,2108,42.357837,-71.06023600000003,school street coffeehouse,,True,0.7287671232876712,2,Downtown Crossing,258.8886300040152
2020-09-15 13:17:00,9/17/24 16:07,2028-09-17 13:58:00,School Street Coffeehouse,Retail gift shop,60 School ST,Boston,MA,2108,42.357837,-71.06023600000003,school street coffeehouse,,True,5.578082191780822,2,Downtown Crossing,258.8886300040152
2019-06-28 14:09:00,6/9/23 11:46,2027-06-09 11:10:00,Sconset Wealth Management,Wealth Management,1 Beacon ST,Boston,MA,2108,42.358449,-71.060833,sconset wealth management,,True,6.7972602739726025,1,Government Center,319.3330140006216
2023-08-23 09:32:00,,2027-08-23 09:24:00,Scott Dunn,Travel Agency,41 Winter ST,Boston,MA,2108,42.356085,-71.06167600000003,scott dunn,,True,2.6410958904109587,1,Park Street,117.53321579584258
2020-01-22 13:40:00,,2024-01-22 13:38:00,Scott Horsley,Short-Term Rental,39 Chestnut ST,Boston,MA,2108,42.357465,-71.06838900000002,scott horsley,,False,4.0,1,Charles/MGH,759.7770179978424
2025-05-14 11:18:00,,2029-05-14 11:16:00,Security First Financial,Mortgage Lending,44 School ST,Boston,MA,2108,42.357681,-71.05967800000002,security first financial,,True,0.915068493150685,1,Government Center,276.33305700260473
2024-02-14 11:05:00,,2028-02-14 10:49:00,SELECT JEWELERS,Jewelry Repair,333 Washington ST,Boston,MA,2108,42.356857,-71.05908,select jewelers,,True,2.1616438356164385,1,Downtown Crossing,275.9997240010779
2021-08-20 14:16:00,11/24/25 14:54,2029-11-24 14:52:00,Sentionix,Consulting And Computer Resale,15 Court SQ,Boston,MA,2108,42.358242,-71.05865900000003,sentionix,,True,4.64931506849315,1,State,199.66646700432293
2018-06-18 14:52:00,2/14/23 15:00,2027-02-14 14:59:00,Serge's Fine Jewelry,Jewelry Sales,333 Washington ST,Boston,MA,2108,42.356857,-71.05908,serges fine jewelry,,True,7.824657534246575,1,Downtown Crossing,275.9997240010779
2016-04-12 00:00:00,8/8/24 12:24,2028-08-08 12:23:00,SERJEO,JEWELRY AND REPAIR,333 Washington ST,Boston,MA,2108,42.356857,-71.05908,serjeo,,True,10.01095890410959,1,Downtown Crossing,275.9997240010779
2026-01-23 14:35:00,,2030-01-23 14:33:00,Shake Shack,Restaurant,322 Washington ST,Boston,MA,2108,42.356845,-71.058695,shake shack,,True,0.2191780821917808,1,Downtown Crossing,317.4441270006536
2016-12-27 10:52:00,2/29/24 15:46,2028-02-29 14:58:00,Shirinian Bros,diamond setting,333 Washington ST,Boston,MA,2108,42.356857,-71.05908,shirinian bros,,True,9.2986301369863,1,Downtown Crossing,275.9997240010779
2015-07-21 00:00:00,7/5/23 15:25,2027-07-05 15:24:00,SHOMALI & RICHMOND OPTOMETRISTS,Eye Doctor Office,18 Tremont ST,Boston,MA,2108,42.358831,-71.05967900000002,shomali  richmond optometrists,,True,10.73972602739726,1,Government Center,148.66651800202987
2025-07-28 10:00:00,,2029-07-28 09:57:00,Shortt Stuff Studios,Multimedia,93 Beacon ST,Boston,MA,2108,42.355812,-71.07241599999998,shortt stuff studios,,True,0.7095890410958904,1,Arlington,603.6660629972391
2014-04-23 00:00:00,3/28/18 12:39,2022-03-28 12:39:00,SIDEBAR FOOD & SPIRITS,RESTAURANT AND BAR,4 Bromfield ST,Boston,MA,2108,42.356455,-71.05987600000003,sidebar food  spirits,,False,7.934246575342466,1,Downtown Crossing,142.8887459968801
2024-10-23 16:38:00,,2028-10-23 16:37:00,Sight Sphere,Career Consulting and Coaching Services,45 Province ST,Boston,MA,2108,42.357198,-71.05994099999998,sight sphere,,True,1.4712328767123288,1,Downtown Crossing,218.2220040024757
2016-07-12 16:05:00,,,Silvertone Bar & Grill,Restaurant,69 Bromfield ST,Boston,MA,2108,42.357123,-71.06092799999999,silvertone bar  grill,,False,,1,Park Street,247.1775306005821
2021-05-25 13:43:00,,2025-05-25 13:39:00,SIMPLIST,MORTGAGE LENDING,44 School ST,Boston,MA,2108,42.357681,-71.05967800000002,simplist,,False,4.0,1,Government Center,276.33305700260473
2017-04-03 14:19:00,4/2/21 14:00,2025-04-02 09:31:00,SingleCare Administrators,Insurance,44 School ST,Boston,MA,2108,42.357681,-71.05967800000002,singlecare administrators,,False,8.0,1,Government Center,276.33305700260473
2019-06-07 09:25:00,6/6/23 13:52,2027-06-06 13:50:00,Sirius Bijoux,Jewelry,333 Washington ST,Boston,MA,2108,42.356857,-71.05908,sirius bijoux,,True,6.854794520547945,1,Downtown Crossing,275.9997240010779
2018-03-16 10:16:00,3/4/26 10:44,2030-03-04 10:42:00,Skin Mastery,Skin Care,100 Cambridge ST,Boston,MA,2108,42.360981,-71.06262400000003,skin mastery,,True,8.082191780821917,1,Bowdoin,107.88878100234992
2016-04-11 00:00:00,7/12/24 15:55,2028-07-12 15:54:00,SKYLIGHT JEWELERS,JEWELRY & ART,44 School ST,Boston,MA,2108,42.357681,-71.05967800000002,skylight jewelers,,True,10.013698630136986,1,Government Center,276.33305700260473
2025-11-17 14:33:00,,2029-11-17 10:11:00,Skywire Networks,Telecommunications,44 School ST,Boston,MA,2108,42.357681,-71.05967800000002,skywire networks,,True,0.40273972602739727,1,Government Center,276.33305700260473
2021-02-25 14:55:00,,2025-02-25 14:31:00,SLOANE PARTNERS,CONSULTANT,152 Mount Vernon ST,Boston,MA,2108,42.35741,-71.07156099999997,sloane partners,,False,4.0,1,Charles/MGH,425.888462996864
2018-11-20 12:12:00,,2022-11-20 11:41:00,Smile Software,Software,44 School ST,Boston,MA,2108,42.357681,-71.05967800000002,smile software,,False,4.0,1,Government Center,276.33305700260473
2017-12-19 11:52:00,12/12/25 16:04,2029-12-12 14:15:00,SnapCap,Financial Website,44 School ST,Boston,MA,2108,42.357681,-71.05967800000002,snapcap,,True,8.32054794520548,1,Government Center,276.33305700260473
2022-09-09 13:29:00,,2026-09-09 12:57:00,Sodexo Live!,Food & Beverage Provider,1 Hamilton PL,Boston,MA,2108,42.356232,-71.06081,sodexo live,,True,3.5945205479452054,1,Downtown Crossing,144.33318900033862
2023-03-13 13:56:00,,2027-03-13 13:22:00,Solaris Diagnostics,Diagnostic Lab Services,45 School ST,Boston,MA,2108,42.358038,-71.05938800000001,solaris diagnostics,,True,3.0876712328767124,1,Government Center,204.4442400017341
2022-12-05 14:00:00,,2026-12-05 12:45:00,Solve Mortgage,Financial Services / Mortgage Lending,44 School ST,Boston,MA,2108,42.357681,-71.05967800000002,solve mortgage,,True,3.356164383561644,1,Government Center,276.33305700260473
2022-08-24 14:56:00,,2026-08-24 14:55:00,Soothing Soul Soothing Souls,Wellness Center,1 Washington Mall,Boston,MA,2108,42.359466,-71.05834099999998,soothing soul soothing souls,,True,3.638356164383562,1,Government Center,123.66654300119998
2025-09-24 15:09:00,,2029-09-24 15:06:00,Sound Planning Communications,"Audio, video lighting integrator",45 School ST,Boston,MA,2108,42.358038,-71.05938800000001,sound planning communications,,True,0.5506849315068493,1,Government Center,204.4442400017341
2025-01-29 15:18:00,,2029-01-29 15:17:00,SpeechByCC,Speech Therapy Services,2 Joy ST,Boston,MA,2108,42.357967,-71.06534099999999,speechbycc,,True,1.2027397260273973,1,Park Street,498.799501199417
2024-10-24 15:13:00,,2028-10-24 15:12:00,Splash Sports,Fantasy sports contest operator,44 School ST,Boston,MA,2108,42.357681,-71.05967800000002,splash sports,,True,1.4684931506849315,1,Government Center,276.33305700260473
2022-08-17 14:37:00,,2026-08-17 11:20:00,Sponsor Motion,Consulting,55 Court ST,Boston,MA,2108,42.359282,-71.05910599999999,sponsor motion,,True,3.6575342465753424,1,Government Center,59.11105200076226
2019-06-25 10:09:00,,2023-06-25 10:06:00,Sproutt,Insurance Producer,45 School ST,Boston,MA,2108,42.358038,-71.05938800000001,sproutt,,False,4.0,1,Government Center,204.4442400017341
2013-10-21 00:00:00,8/5/25 15:54,2029-08-05 15:18:00,SSC,UNIFORMED SECURITY SERVICES,44 School ST,Boston,MA,2108,42.357681,-71.05967800000002,ssc,,True,12.487671232876712,1,Government Center,276.33305700260473
2025-01-07 12:59:00,,2029-01-07 12:43:00,Stack Mobile,Communications,44 School ST,Boston,MA,2108,42.357681,-71.05967800000002,stack mobile,,True,1.263013698630137,1,Government Center,276.33305700260473
2023-09-07 14:45:00,,2027-09-07 14:43:00,Stadium & Facility Evaluation (SAFE),Stadium and Facility Evaluation,44 School ST,Boston,MA,2108,42.357681,-71.05967800000002,stadium  facility evaluation safe,,True,2.6,1,Government Center,276.33305700260473
2020-03-11 11:07:00,4/25/24 11:35,2028-04-25 11:33:00,Stage and Screen Travel Services,Travel Agency,41 Winter ST,Boston,MA,2108,42.356085,-71.06167600000003,stage and screen travel services,,True,6.093150684931507,1,Park Street,117.53321579584258
2015-08-28 00:00:00,9/18/23 12:38,2027-09-18 11:31:00,STAPLES THE OFFICE SUPERSTORE,RETAIL OFTLCE SUPPLIES,1 Washington ST,Boston,MA,2108,42.359197,-71.05787399999997,staples the office superstore,,True,10.635616438356164,1,State,54.99994499693096
2014-07-15 00:00:00,9/1/22 13:42,2026-09-01 12:41:00,STARBUCKS COFFEE #801,RETAIL/CAFE,65 Beacon ST,Boston,MA,2108,42.35642,-71.06920200000002,starbucks coffee 801,,True,11.756164383561643,1,Arlington,689.8881989974487
2014-07-15 00:00:00,9/1/22 13:42,2026-09-01 12:54:00,STARBUCKS COFFEE #883,RETAIL/CAFE,63 Court ST,Boston,MA,2108,42.359392,-71.059192,starbucks coffee 883,,True,11.756164383561643,1,Government Center,37.333295999691934
2015-08-28 00:00:00,8/8/19 15:54,2023-08-08 11:07:00,STAY ALFRED,Hotel and Short-Term Rentals,44 School ST,Boston,MA,2108,42.357681,-71.05967800000002,stay alfred,,False,7.950684931506849,1,Government Center,276.33305700260473
2017-06-20 12:30:00,8/8/24 12:33,2028-08-08 12:33:00,Stepanian Jewelers,Jewelry and Repair,333 Washington ST,Boston,MA,2108,42.356857,-71.05908,stepanian jewelers,,True,8.819178082191781,1,Downtown Crossing,275.9997240010779
2020-11-27 12:57:00,4/30/25 10:25,2029-04-30 10:21:00,Stephen Neyman Boston Criminal Lawyer,criminal defense law firm,10 Tremont ST,Boston,MA,2108,42.358822,-71.059575,stephen neyman boston criminal lawyer,,True,5.3780821917808215,1,Government Center,138.1109729994689
2020-11-27 12:57:00,4/30/25 10:25,2029-04-30 10:23:00,Stephen Neyman Criminal Lawyer,criminal defense law firm,10 Tremont ST,Boston,MA,2108,42.358822,-71.059575,stephen neyman criminal lawyer,,True,5.3780821917808215,1,Government Center,138.1109729994689
2024-02-21 14:14:00,,2028-02-21 14:08:00,Steve Setting,Jewelry Shop,333 Washington ST,Boston,MA,2108,42.356857,-71.05908,steve setting,,True,2.1424657534246574,1,Downtown Crossing,275.9997240010779
2024-08-13 12:40:00,,2028-08-13 12:37:00,Steven A. Tolman Recovery Fund,NON-PROFIT,8 Beacon ST,Boston,MA,2108,42.358134,-71.06177600000001,steven a tolman recovery fund,,True,1.6657534246575343,1,Park Street,265.28862359827804
2025-11-25 12:04:00,,2029-11-25 11:19:00,Stinson,Fabric Distribution,45 School ST,Boston,MA,2108,42.358038,-71.05938800000001,stinson,,True,0.38082191780821917,1,Government Center,204.4442400017341
2022-09-13 15:46:00,,2026-09-13 15:44:00,Stone Declicatessen,Food Service,100 Blackstone ST,Boston,MA,2108,42.361579,-71.05644899999999,stone declicatessen,,True,3.5835616438356164,1,Haymarket,364.7774130019407
2020-09-23 12:41:00,,2024-09-23 11:42:00,Stratus,Ambulatory Diagnostics Testing,44 School ST,Boston,MA,2108,42.357681,-71.05967800000002,stratus,,False,4.0,2,Government Center,276.33305700260473
2020-04-09 14:15:00,,2024-04-09 09:31:00,Stratus,ambulatory diagnostic testing,44 School ST,Boston,MA,2108,42.357681,-71.05967800000002,stratus,,False,4.0,2,Government Center,276.33305700260473
2025-09-05 13:14:00,,2029-09-05 11:08:00,Strike,Consumer Finance,44 School ST,Boston,MA,2108,42.357681,-71.05967800000002,strike,,True,0.6027397260273972,1,Government Center,276.33305700260473
2026-02-18 12:17:00,,2030-02-18 12:16:00,Strike Lending,Lending Services,44 School ST,Boston,MA,2108,42.357681,-71.05967800000002,strike lending,,True,0.14794520547945206,1,Government Center,276.33305700260473
2018-10-19 12:04:00,10/17/22 15:40,2026-10-17 13:30:00,Student Loan Hero,Financial Website,44 School ST,Boston,MA,2108,42.357681,-71.05967800000002,student loan hero,,True,7.487671232876712,1,Government Center,276.33305700260473
2014-12-11 00:00:00,10/26/22 14:58,2026-10-26 14:57:00,STUDIO DRAW,ARCHITECTURAL FIRM,330 Washington ST,Boston,MA,2108,42.356805,-71.05876699999999,studio draw,,True,11.347945205479451,1,Downtown Crossing,304.99969500207214
2017-01-27 12:38:00,,,STUDIO52,,52 Province ST,Boston,MA,2108,42.356789,-71.060001,studio52,,False,,1,Downtown Crossing,166.11094500061947
2019-08-08 12:05:00,,2023-08-08 12:03:00,Sub Rosa Productions,Production,44 School ST,Boston,MA,2108,42.357681,-71.05967800000002,sub rosa productions,,False,4.0,1,Government Center,276.33305700260473
2023-08-08 14:40:00,,2027-08-08 14:38:00,SubAgent,Real Estate Brokerage leasing software,55 Court ST,Boston,MA,2108,42.359282,-71.05910599999999,subagent,,True,2.682191780821918,1,Government Center,59.11105200076226
2024-07-09 13:57:00,,2028-07-09 13:55:00,Subway,Sub Shop,417 Washington ST,Boston,MA,2108,42.355796,-71.06034799999998,subway,,True,1.7616438356164383,4,Downtown Crossing,44.55551099724742
2014-06-13 00:00:00,6/21/22 14:30,2026-06-21 12:14:00,SUBWAY,SUB SHOP,417 Washington ST,Boston,MA,2108,42.355796,-71.06034799999998,subway,,True,11.843835616438357,4,Downtown Crossing,44.55551099724742
2014-02-12 00:00:00,2/3/26 13:56,2030-02-03 13:55:00,SUFFOLK DENTAL GROUP,GENERAL DENTISTRY,128A Tremont ST,Boston,MA,2108,42.356362,-71.061917,suffolk dental group,,True,12.175342465753424,1,Park Street,59.97771780062681
2025-11-20 13:01:00,,2029-11-20 12:43:00,Sukoon Finance,Mortgage Lending,44 School ST,Boston,MA,2108,42.357681,-71.05967800000002,sukoon finance,,True,0.39452054794520547,1,Government Center,276.33305700260473
2014-09-05 00:00:00,8/8/24 11:23,2028-08-08 11:22:00,SULGRAVE NEWS,CONVENIENCE STORE,413 Washington ST,Boston,MA,2108,42.355872,-71.06025199999999,sulgrave news,,True,11.613698630136986,1,Downtown Crossing,42.33329099891053
2016-07-19 13:51:00,9/16/24 13:22,2028-09-16 13:21:00,SUPERIOR DIAMOND SETTING,JEWELRY STORE,333 Washington ST,Boston,MA,2108,42.356857,-71.05908,superior diamond setting,,True,9.73972602739726,1,Downtown Crossing,275.9997240010779
2023-07-25 15:07:00,,2027-07-25 12:44:00,Supreme Team Lending,Mortgage Origination,44 School ST,Boston,MA,2108,42.357681,-71.05967800000002,supreme team lending,,True,2.7205479452054795,1,Government Center,276.33305700260473
2023-10-13 16:00:00,,2027-10-13 15:57:00,SW Consulting,Domestic Violence Consulting,45 School ST,Boston,MA,2108,42.358038,-71.05938800000001,sw consulting,,True,2.5013698630136987,1,Government Center,204.4442400017341
2016-08-15 15:01:00,,,Swan Jewelry,Jewelry,345 Washington ST,Boston,MA,2108,42.35671,-71.05923899999999,swan jewelry,,False,,1,Downtown Crossing,241.99975800165447
2013-12-02 00:00:00,10/10/25 16:17,2029-10-10 14:03:00,SWARTZ & SWARTZ,LAW FIRM,10 Marshall ST,Boston,MA,2108,42.361637,-71.05682100000001,swartz  swartz,,True,12.372602739726027,1,Haymarket,316.9996829986178
2016-04-21 00:00:00,6/12/25 11:59,2029-06-12 11:57:00,SWEET RICKEY,FILM PRODUCTION,33 Union ST,Boston,MA,2108,42.362902,-71.18755899999996,sweet rickey,,True,9.986301369863014,1,Newton Centre,4201.662465004162
2015-08-10 00:00:00,9/11/23 15:02,2027-09-11 15:01:00,SWEETGREEN WASHINGTON + SCHOOL,FAST CASUAL RESTAURANT,13 School ST,Boston,MA,2108,42.357616,-71.05880100000002,sweetgreen washington  school,,True,10.684931506849315,1,Government Center,278.1108329973268
2023-07-05 12:18:00,,2027-07-05 12:06:00,Swish Capital,Mortgage Lending,44 School ST,Boston,MA,2108,42.357681,-71.05967800000002,swish capital,,True,2.7753424657534245,1,Government Center,276.33305700260473
2025-05-06 15:50:00,,2029-05-06 15:48:00,Taco Azul,Restaurant,21 Beacon ST,Boston,MA,2108,42.358209,-71.06238100000002,taco azul,,True,0.936986301369863,1,Park Street,206.39979359774412
2018-06-07 10:41:00,6/29/22 11:24,2026-06-29 11:23:00,TacTile,Industrial Design,45 School ST,Boston,MA,2108,42.358038,-71.05938800000001,tactile,,True,7.854794520547945,1,Government Center,204.4442400017341
2021-07-13 10:12:00,6/13/25 14:35,2029-06-13 14:34:00,Tali Jewelry,Jewelry,345 Washington ST,Boston,MA,2108,42.35671,-71.05923899999999,tali jewelry,,True,4.7534246575342465,1,Downtown Crossing,241.99975800165447
2024-05-03 15:16:00,,2028-05-03 15:14:00,Taqueria Los Compadres Mexico Food,Restaurant,26 Province ST,Boston,MA,2108,42.357173,-71.05965100000003,taqueria los compadres mexico food,,True,1.9452054794520548,1,Downtown Crossing,247.6664189976109
2020-09-21 12:26:00,10/9/24 16:50,2028-10-09 16:38:00,Target Store T-3363,Retail Sales,100 Cambridge ST,Boston,MA,2108,42.360981,-71.06262400000003,target store t3363,,True,5.561643835616438,1,Bowdoin,107.88878100234992
2023-06-28 16:10:00,,2027-06-28 15:57:00,Tatte Bakery + Cafe,Bakery and Cafe,1 Boston PL,Boston,MA,2108,42.358537,-71.058381,tatte bakery  cafe,,True,2.7945205479452055,3,State,135.999864000062
2025-09-04 16:11:00,,2029-09-04 15:58:00,TBC Communications,Telecommunications and Cloud Services,45 School ST,Boston,MA,2108,42.358038,-71.05938800000001,tbc communications,,True,0.6054794520547945,1,Government Center,204.4442400017341
2025-03-21 11:53:00,,2029-03-21 11:37:00,TBF Insurance,The Sale Of Insurance as an Insurance Agency,44 School ST,Boston,MA,2108,42.357681,-71.05967800000002,tbf insurance,,True,1.063013698630137,1,Government Center,276.33305700260473
2026-02-13 11:51:00,,2030-02-13 11:50:00,TCC Solutions,Provides Technology Solutions and Professional Services,44 School ST,Boston,MA,2108,42.357681,-71.05967800000002,tcc solutions,,True,0.16164383561643836,1,Government Center,276.33305700260473
2023-02-16 09:47:00,,2027-02-16 09:39:00,TEAMWORK MANAGEMENT,SOFTWARE SPECIALIST,45 Bromfield ST,Boston,MA,2108,42.356928,-71.06052899999997,teamwork management,,True,3.1561643835616437,1,Downtown Crossing,190.4442539976061
2022-06-28 13:35:00,,2026-06-28 13:31:00,TECHSOL LIFE SCIENCES,GLOBAL TECHNOLOGY SERVICE PROVIDER,44 School ST,Boston,MA,2108,42.357681,-71.05967800000002,techsol life sciences,,True,3.7945205479452055,1,Government Center,276.33305700260473
2025-05-15 16:23:00,,2029-05-15 16:08:00,TELCO CELLULAR,Telecommunications,44 School ST,Boston,MA,2108,42.357681,-71.05967800000002,telco cellular,,True,0.9123287671232877,1,Government Center,276.33305700260473
2015-11-12 00:00:00,11/8/19 11:38,2023-11-08 10:40:00,TEN-X,REAL ESTATE RELATED SERVICES,44 School ST,Boston,MA,2108,42.357681,-71.05967800000002,tenx,,False,7.994520547945205,1,Government Center,276.33305700260473
2015-04-07 00:00:00,5/15/23 14:50,2027-05-15 14:48:00,THE ALLEY BAR,BAR/NIGHT CLUB,14 Pi AL,Boston,MA,2108,42.358109,-71.058716,the alley bar,,True,11.027397260273972,1,State,220.77755700076048
2022-05-27 12:15:00,,2026-05-27 12:12:00,The Black Bostonian,Professional & Support Services,1 Washington MA,Boston,MA,2108,42.359466,-71.05834099999998,the black bostonian,,True,3.882191780821918,1,Government Center,123.66654300119998
2015-01-14 00:00:00,12/1/22 13:26,2026-12-01 11:04:00,THE BOLLARD GROUP,FINIANCIAL INVESTMENT FIRM,1 Joy ST,Boston,MA,2108,42.357624,-71.06539499999997,the bollard group,,True,11.254794520547945,1,Park Street,466.6884221968036
2019-12-30 11:38:00,2/21/24 15:19,2028-02-21 15:17:00,The Boston Threading,eyebrow threading,333 Washington ST,Boston,MA,2108,42.356857,-71.05908,the boston threading,,True,6.2904109589041095,1,Downtown Crossing,275.9997240010779
2016-01-25 00:00:00,2/26/24 14:02,2028-02-26 14:00:00,THE BOSTONIAN BOSTON - A MILLENNIUM HOTEL,HOTEL,26 North ST,Boston,MA,2108,42.36270734749609,-71.05406271108973,the bostonian boston  a millennium hotel,,True,10.224657534246575,1,Haymarket,504.54854147144
2013-03-14 00:00:00,,2014-06-30 00:00:00,THE CHILDREN'S PLACE #960,RETAIL CHILDREN'S CLOTHING,349 Washington ST,Boston,MA,2108,42.3565,-71.05950999999999,the childrens place 960,,False,1.295890410958904,1,Downtown Crossing,188.5553670015856
2019-06-17 12:26:00,5/24/23 10:19,2027-05-24 10:08:00,The Diamond Spot,Retail and Second Had Dealer,333 Washington ST,Boston,MA,2108,42.356857,-71.05908,the diamond spot,,True,6.8273972602739725,1,Downtown Crossing,275.9997240010779
2022-06-22 10:19:00,,2026-06-22 10:17:00,The Dubliner,Bar & Restaurant,6 Beacon ST,Boston,MA,2108,42.358149,-71.06172300000003,the dubliner,,True,3.8109589041095893,1,Park Street,272.8441715957814
